
*** Running vivado
    with args -log Top_Student.vds -m64 -product Vivado -mode batch -messageDb vivado.pb -notrace -source Top_Student.tcl


****** Vivado v2018.2 (64-bit)
  **** SW Build 2258646 on Thu Jun 14 20:03:12 MDT 2018
  **** IP Build 2256618 on Thu Jun 14 22:10:49 MDT 2018
    ** Copyright 1986-2018 Xilinx, Inc. All Rights Reserved.

source Top_Student.tcl -notrace
Command: synth_design -top Top_Student -part xc7a35tcpg236-1
Starting synth_design
Attempting to get a license for feature 'Synthesis' and/or device 'xc7a35t'
INFO: [Common 17-349] Got license for feature 'Synthesis' and/or device 'xc7a35t'
INFO: Launching helper process for spawning children vivado processes
INFO: Helper process launched with PID 53020 
---------------------------------------------------------------------------------
Starting RTL Elaboration : Time (s): cpu = 00:00:02 ; elapsed = 00:00:02 . Memory (MB): peak = 389.277 ; gain = 103.480
---------------------------------------------------------------------------------
INFO: [Synth 8-6157] synthesizing module 'Top_Student' [C:/Users/rkoh2/OneDrive/Desktop/Personal/EE2026_Final_2/S3_09_RYAN KOH_SEAN LEE_YAO XIANG_YI YANG_Archive.xpr/forryannyy/forryannyy.srcs/sources_1/new/Top_Student.v:3]
	Parameter MODE_OFF bound to: 2'b00 
	Parameter MODE_WELCOME bound to: 2'b01 
	Parameter MODE_CALCULATOR bound to: 2'b10 
	Parameter MODE_GRAPHER bound to: 2'b11 
INFO: [Synth 8-6157] synthesizing module 'display_handler' [C:/Users/rkoh2/OneDrive/Desktop/Personal/EE2026_Final_2/S3_09_RYAN KOH_SEAN LEE_YAO XIANG_YI YANG_Archive.xpr/forryannyy/forryannyy.srcs/sources_1/new/display_handler.v:3]
INFO: [Synth 8-6157] synthesizing module 'flexible_timer' [C:/Users/rkoh2/OneDrive/Desktop/Personal/EE2026_Final_2/S3_09_RYAN KOH_SEAN LEE_YAO XIANG_YI YANG_Archive.xpr/forryannyy/forryannyy.srcs/sources_1/new/flexible_timer.v:3]
	Parameter BASYS_CLOCK bound to: 100000000 - type: integer 
INFO: [Synth 8-6155] done synthesizing module 'flexible_timer' (1#1) [C:/Users/rkoh2/OneDrive/Desktop/Personal/EE2026_Final_2/S3_09_RYAN KOH_SEAN LEE_YAO XIANG_YI YANG_Archive.xpr/forryannyy/forryannyy.srcs/sources_1/new/flexible_timer.v:3]
INFO: [Synth 8-6157] synthesizing module 'Oled_Display' [C:/Users/rkoh2/OneDrive/Desktop/Personal/EE2026_Final_2/S3_09_RYAN KOH_SEAN LEE_YAO XIANG_YI YANG_Archive.xpr/forryannyy/forryannyy.srcs/sources_1/imports/Desktop/Oled_Display.v:36]
	Parameter Width bound to: 96 - type: integer 
	Parameter Height bound to: 64 - type: integer 
	Parameter PixelCount bound to: 6144 - type: integer 
	Parameter PixelCountWidth bound to: 13 - type: integer 
	Parameter ClkFreq bound to: 6250000 - type: integer 
	Parameter FrameFreq bound to: 60 - type: integer 
	Parameter FrameDiv bound to: 104166 - type: integer 
	Parameter FrameDivWidth bound to: 17 - type: integer 
	Parameter PowerDelay bound to: 20 - type: integer 
	Parameter ResetDelay bound to: 3 - type: integer 
	Parameter VccEnDelay bound to: 20 - type: integer 
	Parameter StartupCompleteDelay bound to: 100 - type: integer 
	Parameter MaxDelay bound to: 100 - type: integer 
	Parameter MaxDelayCount bound to: 625000 - type: integer 
	Parameter StateCount bound to: 32 - type: integer 
	Parameter StateWidth bound to: 5 - type: integer 
	Parameter PowerUp bound to: 5'b00000 
	Parameter Reset bound to: 5'b00001 
	Parameter ReleaseReset bound to: 5'b00011 
	Parameter EnableDriver bound to: 5'b00010 
	Parameter DisplayOff bound to: 5'b00110 
	Parameter SetRemapDisplayFormat bound to: 5'b00111 
	Parameter SetStartLine bound to: 5'b00101 
	Parameter SetOffset bound to: 5'b00100 
	Parameter SetNormalDisplay bound to: 5'b01100 
	Parameter SetMultiplexRatio bound to: 5'b01101 
	Parameter SetMasterConfiguration bound to: 5'b01111 
	Parameter DisablePowerSave bound to: 5'b01110 
	Parameter SetPhaseAdjust bound to: 5'b01010 
	Parameter SetDisplayClock bound to: 5'b01011 
	Parameter SetSecondPrechargeA bound to: 5'b01001 
	Parameter SetSecondPrechargeB bound to: 5'b01000 
	Parameter SetSecondPrechargeC bound to: 5'b11000 
	Parameter SetPrechargeLevel bound to: 5'b11001 
	Parameter SetVCOMH bound to: 5'b11011 
	Parameter SetMasterCurrent bound to: 5'b11010 
	Parameter SetContrastA bound to: 5'b11110 
	Parameter SetContrastB bound to: 5'b11111 
	Parameter SetContrastC bound to: 5'b11101 
	Parameter DisableScrolling bound to: 5'b11100 
	Parameter ClearScreen bound to: 5'b10100 
	Parameter VccEn bound to: 5'b10101 
	Parameter DisplayOn bound to: 5'b10111 
	Parameter PrepareNextFrame bound to: 5'b10110 
	Parameter SetColAddress bound to: 5'b10010 
	Parameter SetRowAddress bound to: 5'b10011 
	Parameter WaitNextFrame bound to: 5'b10001 
	Parameter SendPixel bound to: 5'b10000 
	Parameter SpiCommandMaxWidth bound to: 40 - type: integer 
	Parameter SpiCommandBitCountWidth bound to: 6 - type: integer 
INFO: [Synth 8-226] default block is never used [C:/Users/rkoh2/OneDrive/Desktop/Personal/EE2026_Final_2/S3_09_RYAN KOH_SEAN LEE_YAO XIANG_YI YANG_Archive.xpr/forryannyy/forryannyy.srcs/sources_1/imports/Desktop/Oled_Display.v:123]
INFO: [Synth 8-226] default block is never used [C:/Users/rkoh2/OneDrive/Desktop/Personal/EE2026_Final_2/S3_09_RYAN KOH_SEAN LEE_YAO XIANG_YI YANG_Archive.xpr/forryannyy/forryannyy.srcs/sources_1/imports/Desktop/Oled_Display.v:198]
WARNING: [Synth 8-693] zero replication count - replication ignored [C:/Users/rkoh2/OneDrive/Desktop/Personal/EE2026_Final_2/S3_09_RYAN KOH_SEAN LEE_YAO XIANG_YI YANG_Archive.xpr/forryannyy/forryannyy.srcs/sources_1/imports/Desktop/Oled_Display.v:346]
INFO: [Synth 8-6155] done synthesizing module 'Oled_Display' (2#1) [C:/Users/rkoh2/OneDrive/Desktop/Personal/EE2026_Final_2/S3_09_RYAN KOH_SEAN LEE_YAO XIANG_YI YANG_Archive.xpr/forryannyy/forryannyy.srcs/sources_1/imports/Desktop/Oled_Display.v:36]
WARNING: [Synth 8-350] instance 'oled_display_inst' of module 'Oled_Display' requires 14 connections, but only 10 given [C:/Users/rkoh2/OneDrive/Desktop/Personal/EE2026_Final_2/S3_09_RYAN KOH_SEAN LEE_YAO XIANG_YI YANG_Archive.xpr/forryannyy/forryannyy.srcs/sources_1/new/display_handler.v:22]
INFO: [Synth 8-6157] synthesizing module 'vga_sync' [C:/Users/rkoh2/OneDrive/Desktop/Personal/EE2026_Final_2/S3_09_RYAN KOH_SEAN LEE_YAO XIANG_YI YANG_Archive.xpr/forryannyy/forryannyy.srcs/sources_1/new/vga_sync.v:1]
	Parameter H_DISPLAY bound to: 640 - type: integer 
	Parameter H_L_BORDER bound to: 48 - type: integer 
	Parameter H_R_BORDER bound to: 16 - type: integer 
	Parameter H_RETRACE bound to: 96 - type: integer 
	Parameter H_MAX bound to: 799 - type: integer 
	Parameter START_H_RETRACE bound to: 656 - type: integer 
	Parameter END_H_RETRACE bound to: 751 - type: integer 
	Parameter V_DISPLAY bound to: 480 - type: integer 
	Parameter V_T_BORDER bound to: 10 - type: integer 
	Parameter V_B_BORDER bound to: 33 - type: integer 
	Parameter V_RETRACE bound to: 2 - type: integer 
	Parameter V_MAX bound to: 524 - type: integer 
	Parameter START_V_RETRACE bound to: 513 - type: integer 
	Parameter END_V_RETRACE bound to: 514 - type: integer 
INFO: [Synth 8-6155] done synthesizing module 'vga_sync' (3#1) [C:/Users/rkoh2/OneDrive/Desktop/Personal/EE2026_Final_2/S3_09_RYAN KOH_SEAN LEE_YAO XIANG_YI YANG_Archive.xpr/forryannyy/forryannyy.srcs/sources_1/new/vga_sync.v:1]
INFO: [Synth 8-6155] done synthesizing module 'display_handler' (4#1) [C:/Users/rkoh2/OneDrive/Desktop/Personal/EE2026_Final_2/S3_09_RYAN KOH_SEAN LEE_YAO XIANG_YI YANG_Archive.xpr/forryannyy/forryannyy.srcs/sources_1/new/display_handler.v:3]
INFO: [Synth 8-6157] synthesizing module 'button_debouncer_array' [C:/Users/rkoh2/OneDrive/Desktop/Personal/EE2026_Final_2/S3_09_RYAN KOH_SEAN LEE_YAO XIANG_YI YANG_Archive.xpr/forryannyy/forryannyy.srcs/sources_1/new/debouncer.v:50]
INFO: [Synth 8-6157] synthesizing module 'debouncer' [C:/Users/rkoh2/OneDrive/Desktop/Personal/EE2026_Final_2/S3_09_RYAN KOH_SEAN LEE_YAO XIANG_YI YANG_Archive.xpr/forryannyy/forryannyy.srcs/sources_1/new/debouncer.v:3]
	Parameter DEBOUNCE_COUNT bound to: 4999999 - type: integer 
INFO: [Synth 8-6155] done synthesizing module 'debouncer' (5#1) [C:/Users/rkoh2/OneDrive/Desktop/Personal/EE2026_Final_2/S3_09_RYAN KOH_SEAN LEE_YAO XIANG_YI YANG_Archive.xpr/forryannyy/forryannyy.srcs/sources_1/new/debouncer.v:3]
INFO: [Synth 8-6155] done synthesizing module 'button_debouncer_array' (6#1) [C:/Users/rkoh2/OneDrive/Desktop/Personal/EE2026_Final_2/S3_09_RYAN KOH_SEAN LEE_YAO XIANG_YI YANG_Archive.xpr/forryannyy/forryannyy.srcs/sources_1/new/debouncer.v:50]
INFO: [Synth 8-6157] synthesizing module 'sw_debouncer_posedge' [C:/Users/rkoh2/OneDrive/Desktop/Personal/EE2026_Final_2/S3_09_RYAN KOH_SEAN LEE_YAO XIANG_YI YANG_Archive.xpr/forryannyy/forryannyy.srcs/sources_1/new/sw_debouncer.v:3]
	Parameter DEBOUNCE_COUNT bound to: 500000 - type: integer 
INFO: [Synth 8-6155] done synthesizing module 'sw_debouncer_posedge' (7#1) [C:/Users/rkoh2/OneDrive/Desktop/Personal/EE2026_Final_2/S3_09_RYAN KOH_SEAN LEE_YAO XIANG_YI YANG_Archive.xpr/forryannyy/forryannyy.srcs/sources_1/new/sw_debouncer.v:3]
INFO: [Synth 8-6157] synthesizing module 'oled_keypad' [C:/Users/rkoh2/OneDrive/Desktop/Personal/EE2026_Final_2/S3_09_RYAN KOH_SEAN LEE_YAO XIANG_YI YANG_Archive.xpr/forryannyy/forryannyy.srcs/sources_1/new/oled_keypad.v:3]
	Parameter OLED_WIDTH bound to: 96 - type: integer 
	Parameter OLED_HEIGHT bound to: 64 - type: integer 
	Parameter INPUT_Y_START bound to: 0 - type: integer 
	Parameter INPUT_Y_END bound to: 7 - type: integer 
	Parameter KEYPAD_Y_START bound to: 12 - type: integer 
	Parameter PAGE_NUMBERS bound to: 2'b00 
	Parameter PAGE_FUNCTIONS bound to: 2'b01 
	Parameter PAGE_VARIABLES bound to: 2'b10 
	Parameter WHITE bound to: 16'b1111111111111111 
	Parameter BLACK bound to: 16'b0000000000000000 
	Parameter PAGE1_ROWS bound to: 4 - type: integer 
	Parameter PAGE1_COLS bound to: 5 - type: integer 
	Parameter PAGE1_CELL_WIDTH bound to: 19 - type: integer 
	Parameter PAGE1_CELL_HEIGHT bound to: 13 - type: integer 
	Parameter PAGE1_X_START bound to: 0 - type: integer 
	Parameter PAGE2_ROWS bound to: 3 - type: integer 
	Parameter PAGE2_COLS bound to: 3 - type: integer 
	Parameter PAGE2_CELL_WIDTH bound to: 32 - type: integer 
	Parameter PAGE2_CELL_HEIGHT bound to: 17 - type: integer 
	Parameter PAGE2_X_START bound to: 0 - type: integer 
	Parameter PAGE3_ROWS bound to: 1 - type: integer 
	Parameter PAGE3_COLS bound to: 1 - type: integer 
	Parameter PAGE3_CELL_WIDTH bound to: 32 - type: integer 
	Parameter PAGE3_CELL_HEIGHT bound to: 17 - type: integer 
	Parameter PAGE3_X_START bound to: 0 - type: integer 
	Parameter CHAR_SQRT bound to: 8'b11111011 
	Parameter CHAR_PI bound to: 8'b11100011 
	Parameter KEY_0 bound to: 5'b00000 
	Parameter KEY_1 bound to: 5'b00001 
	Parameter KEY_2 bound to: 5'b00010 
	Parameter KEY_3 bound to: 5'b00011 
	Parameter KEY_4 bound to: 5'b00100 
	Parameter KEY_5 bound to: 5'b00101 
	Parameter KEY_6 bound to: 5'b00110 
	Parameter KEY_7 bound to: 5'b00111 
	Parameter KEY_8 bound to: 5'b01000 
	Parameter KEY_9 bound to: 5'b01001 
	Parameter KEY_ADD bound to: 5'b01010 
	Parameter KEY_SUB bound to: 5'b01011 
	Parameter KEY_MUL bound to: 5'b01100 
	Parameter KEY_DIV bound to: 5'b01101 
	Parameter KEY_POW bound to: 5'b01110 
	Parameter KEY_SIN bound to: 5'b01111 
	Parameter KEY_COS bound to: 5'b10000 
	Parameter KEY_TAN bound to: 5'b10001 
	Parameter KEY_LN bound to: 5'b10010 
	Parameter KEY_SQRT bound to: 5'b10011 
	Parameter KEY_PI bound to: 5'b10100 
	Parameter KEY_E bound to: 5'b10101 
	Parameter KEY_DOT bound to: 5'b10110 
	Parameter KEY_EQUAL bound to: 5'b10111 
	Parameter KEY_CLEAR bound to: 5'b11000 
	Parameter KEY_LPAREN bound to: 5'b11001 
	Parameter KEY_RPAREN bound to: 5'b11010 
	Parameter KEY_DELETE bound to: 5'b11011 
	Parameter KEY_FACTORIAL bound to: 5'b11100 
	Parameter KEY_X bound to: 5'b11101 
INFO: [Synth 8-155] case statement is not full and has no default [C:/Users/rkoh2/OneDrive/Desktop/Personal/EE2026_Final_2/S3_09_RYAN KOH_SEAN LEE_YAO XIANG_YI YANG_Archive.xpr/forryannyy/forryannyy.srcs/sources_1/new/oled_keypad.v:426]
INFO: [Synth 8-6157] synthesizing module 'blk_mem_gen_font' [C:/Users/rkoh2/OneDrive/Desktop/Personal/EE2026_Final_2/S3_09_RYAN KOH_SEAN LEE_YAO XIANG_YI YANG_Archive.xpr/forryannyy/forryannyy.runs/synth_1/.Xil/Vivado-66952-LAPTOP-TABE59UT/realtime/blk_mem_gen_font_stub.v:6]
INFO: [Synth 8-6155] done synthesizing module 'blk_mem_gen_font' (8#1) [C:/Users/rkoh2/OneDrive/Desktop/Personal/EE2026_Final_2/S3_09_RYAN KOH_SEAN LEE_YAO XIANG_YI YANG_Archive.xpr/forryannyy/forryannyy.runs/synth_1/.Xil/Vivado-66952-LAPTOP-TABE59UT/realtime/blk_mem_gen_font_stub.v:6]
INFO: [Synth 8-4471] merging register 'vga_output_complete_reg' into 'vga_output_valid_reg' [C:/Users/rkoh2/OneDrive/Desktop/Personal/EE2026_Final_2/S3_09_RYAN KOH_SEAN LEE_YAO XIANG_YI YANG_Archive.xpr/forryannyy/forryannyy.srcs/sources_1/new/oled_keypad.v:120]
WARNING: [Synth 8-6014] Unused sequential element vga_output_complete_reg was removed.  [C:/Users/rkoh2/OneDrive/Desktop/Personal/EE2026_Final_2/S3_09_RYAN KOH_SEAN LEE_YAO XIANG_YI YANG_Archive.xpr/forryannyy/forryannyy.srcs/sources_1/new/oled_keypad.v:120]
INFO: [Synth 8-6155] done synthesizing module 'oled_keypad' (9#1) [C:/Users/rkoh2/OneDrive/Desktop/Personal/EE2026_Final_2/S3_09_RYAN KOH_SEAN LEE_YAO XIANG_YI YANG_Archive.xpr/forryannyy/forryannyy.srcs/sources_1/new/oled_keypad.v:3]
WARNING: [Synth 8-350] instance 'shared_keypad_inst' of module 'oled_keypad' requires 16 connections, but only 11 given [C:/Users/rkoh2/OneDrive/Desktop/Personal/EE2026_Final_2/S3_09_RYAN KOH_SEAN LEE_YAO XIANG_YI YANG_Archive.xpr/forryannyy/forryannyy.srcs/sources_1/new/Top_Student.v:195]
INFO: [Synth 8-6157] synthesizing module 'key_to_ascii_converter' [C:/Users/rkoh2/OneDrive/Desktop/Personal/EE2026_Final_2/S3_09_RYAN KOH_SEAN LEE_YAO XIANG_YI YANG_Archive.xpr/forryannyy/forryannyy.srcs/sources_1/new/key_to_ascii_convertor.v:3]
	Parameter KEY_0 bound to: 5'b00000 
	Parameter KEY_1 bound to: 5'b00001 
	Parameter KEY_2 bound to: 5'b00010 
	Parameter KEY_3 bound to: 5'b00011 
	Parameter KEY_4 bound to: 5'b00100 
	Parameter KEY_5 bound to: 5'b00101 
	Parameter KEY_6 bound to: 5'b00110 
	Parameter KEY_7 bound to: 5'b00111 
	Parameter KEY_8 bound to: 5'b01000 
	Parameter KEY_9 bound to: 5'b01001 
	Parameter KEY_ADD bound to: 5'b01010 
	Parameter KEY_SUB bound to: 5'b01011 
	Parameter KEY_MUL bound to: 5'b01100 
	Parameter KEY_DIV bound to: 5'b01101 
	Parameter KEY_POW bound to: 5'b01110 
	Parameter KEY_SIN bound to: 5'b01111 
	Parameter KEY_COS bound to: 5'b10000 
	Parameter KEY_TAN bound to: 5'b10001 
	Parameter KEY_LN bound to: 5'b10010 
	Parameter KEY_SQRT bound to: 5'b10011 
	Parameter KEY_PI bound to: 5'b10100 
	Parameter KEY_E bound to: 5'b10101 
	Parameter KEY_DOT bound to: 5'b10110 
	Parameter KEY_EQUAL bound to: 5'b10111 
	Parameter KEY_CLEAR bound to: 5'b11000 
	Parameter KEY_LPAREN bound to: 5'b11001 
	Parameter KEY_RPAREN bound to: 5'b11010 
	Parameter KEY_DELETE bound to: 5'b11011 
	Parameter KEY_FACTORIAL bound to: 5'b11100 
	Parameter KEY_X bound to: 5'b11101 
INFO: [Synth 8-6155] done synthesizing module 'key_to_ascii_converter' (10#1) [C:/Users/rkoh2/OneDrive/Desktop/Personal/EE2026_Final_2/S3_09_RYAN KOH_SEAN LEE_YAO XIANG_YI YANG_Archive.xpr/forryannyy/forryannyy.srcs/sources_1/new/key_to_ascii_convertor.v:3]
INFO: [Synth 8-6157] synthesizing module 'shared_equation_buffer' [C:/Users/rkoh2/OneDrive/Desktop/Personal/EE2026_Final_2/S3_09_RYAN KOH_SEAN LEE_YAO XIANG_YI YANG_Archive.xpr/forryannyy/forryannyy.srcs/sources_1/new/shared_equation_buffer.v:3]
	Parameter STATE_IDLE bound to: 3'b000 
	Parameter STATE_WRITE_1 bound to: 3'b001 
	Parameter STATE_WRITE_2 bound to: 3'b010 
	Parameter STATE_WRITE_3 bound to: 3'b011 
	Parameter STATE_DELETE_CHECK bound to: 3'b100 
WARNING: [Synth 8-6014] Unused sequential element grapher_submode_reg_reg was removed.  [C:/Users/rkoh2/OneDrive/Desktop/Personal/EE2026_Final_2/S3_09_RYAN KOH_SEAN LEE_YAO XIANG_YI YANG_Archive.xpr/forryannyy/forryannyy.srcs/sources_1/new/shared_equation_buffer.v:51]
WARNING: [Synth 8-6014] Unused sequential element chars_written_reg was removed.  [C:/Users/rkoh2/OneDrive/Desktop/Personal/EE2026_Final_2/S3_09_RYAN KOH_SEAN LEE_YAO XIANG_YI YANG_Archive.xpr/forryannyy/forryannyy.srcs/sources_1/new/shared_equation_buffer.v:97]
INFO: [Synth 8-6155] done synthesizing module 'shared_equation_buffer' (11#1) [C:/Users/rkoh2/OneDrive/Desktop/Personal/EE2026_Final_2/S3_09_RYAN KOH_SEAN LEE_YAO XIANG_YI YANG_Archive.xpr/forryannyy/forryannyy.srcs/sources_1/new/shared_equation_buffer.v:3]
INFO: [Synth 8-6157] synthesizing module 'off_module' [C:/Users/rkoh2/OneDrive/Desktop/Personal/EE2026_Final_2/S3_09_RYAN KOH_SEAN LEE_YAO XIANG_YI YANG_Archive.xpr/forryannyy/forryannyy.srcs/sources_1/new/off_module.v:3]
INFO: [Synth 8-6155] done synthesizing module 'off_module' (12#1) [C:/Users/rkoh2/OneDrive/Desktop/Personal/EE2026_Final_2/S3_09_RYAN KOH_SEAN LEE_YAO XIANG_YI YANG_Archive.xpr/forryannyy/forryannyy.srcs/sources_1/new/off_module.v:3]
INFO: [Synth 8-6157] synthesizing module 'welcome_mode_module' [C:/Users/rkoh2/OneDrive/Desktop/Personal/EE2026_Final_2/S3_09_RYAN KOH_SEAN LEE_YAO XIANG_YI YANG_Archive.xpr/forryannyy/forryannyy.srcs/sources_1/new/welcome_mode_module.v:3]
	Parameter MODE_WELCOME bound to: 2'b01 
INFO: [Synth 8-6157] synthesizing module 'welcome_drawer_oled' [C:/Users/rkoh2/OneDrive/Desktop/Personal/EE2026_Final_2/S3_09_RYAN KOH_SEAN LEE_YAO XIANG_YI YANG_Archive.xpr/forryannyy/forryannyy.srcs/sources_1/new/welcome_drawer_oled.v:3]
INFO: [Synth 8-6155] done synthesizing module 'welcome_drawer_oled' (13#1) [C:/Users/rkoh2/OneDrive/Desktop/Personal/EE2026_Final_2/S3_09_RYAN KOH_SEAN LEE_YAO XIANG_YI YANG_Archive.xpr/forryannyy/forryannyy.srcs/sources_1/new/welcome_drawer_oled.v:3]
INFO: [Synth 8-6157] synthesizing module 'welcome_drawer_vga' [C:/Users/rkoh2/OneDrive/Desktop/Personal/EE2026_Final_2/S3_09_RYAN KOH_SEAN LEE_YAO XIANG_YI YANG_Archive.xpr/forryannyy/forryannyy.srcs/sources_1/new/welcome_drawer_vga.v:3]
	Parameter MODE_WELCOME bound to: 2'b01 
	Parameter H_RES bound to: 640 - type: integer 
	Parameter V_RES bound to: 480 - type: integer 
	Parameter FONT_WIDTH bound to: 8 - type: integer 
	Parameter FONT_HEIGHT bound to: 8 - type: integer 
	Parameter CHAR_COUNT_ROW_1 bound to: 6 - type: integer 
	Parameter X_START_ROW_1 bound to: 296 - type: integer 
	Parameter Y_START_ROW_1 bound to: 208 - type: integer 
	Parameter CHAR_COUNT_ROW_2 bound to: 10 - type: integer 
	Parameter X_START_ROW_2 bound to: 280 - type: integer 
	Parameter Y_START_ROW_2 bound to: 224 - type: integer 
	Parameter CHAR_COUNT_ROW_3 bound to: 10 - type: integer 
	Parameter X_START_ROW_3 bound to: 280 - type: integer 
	Parameter Y_START_ROW_3 bound to: 272 - type: integer 
	Parameter CHAR_COUNT_ROW_4 bound to: 7 - type: integer 
	Parameter X_START_ROW_4 bound to: 292 - type: integer 
	Parameter Y_START_ROW_4 bound to: 308 - type: integer 
	Parameter SELECTION_COLOR bound to: 12'b000000000000 
	Parameter SELECTION_BG_COLOR bound to: 12'b111111111111 
	Parameter TEXT_COLOR bound to: 12'b111111111111 
	Parameter BG_COLOR bound to: 12'b000000000000 
WARNING: [Synth 8-6014] Unused sequential element char_index_reg_reg was removed.  [C:/Users/rkoh2/OneDrive/Desktop/Personal/EE2026_Final_2/S3_09_RYAN KOH_SEAN LEE_YAO XIANG_YI YANG_Archive.xpr/forryannyy/forryannyy.srcs/sources_1/new/welcome_drawer_vga.v:174]
INFO: [Synth 8-6155] done synthesizing module 'welcome_drawer_vga' (14#1) [C:/Users/rkoh2/OneDrive/Desktop/Personal/EE2026_Final_2/S3_09_RYAN KOH_SEAN LEE_YAO XIANG_YI YANG_Archive.xpr/forryannyy/forryannyy.srcs/sources_1/new/welcome_drawer_vga.v:3]
INFO: [Synth 8-6155] done synthesizing module 'welcome_mode_module' (15#1) [C:/Users/rkoh2/OneDrive/Desktop/Personal/EE2026_Final_2/S3_09_RYAN KOH_SEAN LEE_YAO XIANG_YI YANG_Archive.xpr/forryannyy/forryannyy.srcs/sources_1/new/welcome_mode_module.v:3]
WARNING: [Synth 8-350] instance 'welcome_mode_module_inst' of module 'welcome_mode_module' requires 12 connections, but only 11 given [C:/Users/rkoh2/OneDrive/Desktop/Personal/EE2026_Final_2/S3_09_RYAN KOH_SEAN LEE_YAO XIANG_YI YANG_Archive.xpr/forryannyy/forryannyy.srcs/sources_1/new/Top_Student.v:262]
INFO: [Synth 8-6157] synthesizing module 'grapher_module_slim' [C:/Users/rkoh2/OneDrive/Desktop/Personal/EE2026_Final_2/S3_09_RYAN KOH_SEAN LEE_YAO XIANG_YI YANG_Archive.xpr/forryannyy/forryannyy.srcs/sources_1/new/grapher_mode.v:3]
INFO: [Synth 8-6157] synthesizing module 'number_parser' [C:/Users/rkoh2/OneDrive/Desktop/Personal/EE2026_Final_2/S3_09_RYAN KOH_SEAN LEE_YAO XIANG_YI YANG_Archive.xpr/forryannyy/forryannyy.srcs/sources_1/new/number_parser.v:3]
	Parameter ERR_NONE bound to: 2'b00 
	Parameter ERR_SYNTAX bound to: 2'b01 
	Parameter ERR_OVERFLOW bound to: 2'b10 
INFO: [Synth 8-6155] done synthesizing module 'number_parser' (16#1) [C:/Users/rkoh2/OneDrive/Desktop/Personal/EE2026_Final_2/S3_09_RYAN KOH_SEAN LEE_YAO XIANG_YI YANG_Archive.xpr/forryannyy/forryannyy.srcs/sources_1/new/number_parser.v:3]
INFO: [Synth 8-6157] synthesizing module 'graph_type_selector' [C:/Users/rkoh2/OneDrive/Desktop/Personal/EE2026_Final_2/S3_09_RYAN KOH_SEAN LEE_YAO XIANG_YI YANG_Archive.xpr/forryannyy/forryannyy.srcs/sources_1/new/graph_select_screen.v:3]
	Parameter MODE_GRAPHER bound to: 2'b11 
	Parameter FONT_WIDTH bound to: 8 - type: integer 
	Parameter FONT_HEIGHT bound to: 8 - type: integer 
	Parameter CHAR_COUNT_TITLE bound to: 17 - type: integer 
	Parameter X_START_TITLE bound to: 264 - type: integer 
	Parameter Y_START_TITLE bound to: 180 - type: integer 
	Parameter CHAR_COUNT_LINEAR bound to: 6 - type: integer 
	Parameter X_START_LINEAR bound to: 296 - type: integer 
	Parameter Y_START_LINEAR bound to: 220 - type: integer 
	Parameter CHAR_COUNT_QUADRATIC bound to: 9 - type: integer 
	Parameter X_START_QUADRATIC bound to: 279 - type: integer 
	Parameter Y_START_QUADRATIC bound to: 250 - type: integer 
	Parameter CHAR_COUNT_CUBIC bound to: 5 - type: integer 
	Parameter X_START_CUBIC bound to: 300 - type: integer 
	Parameter Y_START_CUBIC bound to: 280 - type: integer 
	Parameter CHAR_COUNT_SIN bound to: 3 - type: integer 
	Parameter X_START_SIN bound to: 308 - type: integer 
	Parameter Y_START_SIN bound to: 310 - type: integer 
	Parameter CHAR_COUNT_COS bound to: 3 - type: integer 
	Parameter X_START_COS bound to: 308 - type: integer 
	Parameter Y_START_COS bound to: 340 - type: integer 
	Parameter CHAR_COUNT_TAN bound to: 3 - type: integer 
	Parameter X_START_TAN bound to: 308 - type: integer 
	Parameter Y_START_TAN bound to: 370 - type: integer 
	Parameter CHAR_COUNT_EXP bound to: 11 - type: integer 
	Parameter X_START_EXP bound to: 275 - type: integer 
	Parameter Y_START_EXP bound to: 400 - type: integer 
	Parameter CHAR_COUNT_LN bound to: 11 - type: integer 
	Parameter X_START_LN bound to: 275 - type: integer 
	Parameter Y_START_LN bound to: 430 - type: integer 
	Parameter TEXT_COLOR bound to: 12'b111111111111 
	Parameter BG_COLOR bound to: 12'b000000000000 
INFO: [Synth 8-6157] synthesizing module 'menu_selector' [C:/Users/rkoh2/OneDrive/Desktop/Personal/EE2026_Final_2/S3_09_RYAN KOH_SEAN LEE_YAO XIANG_YI YANG_Archive.xpr/forryannyy/forryannyy.srcs/sources_1/new/graph_input_module.v:22]
INFO: [Synth 8-6155] done synthesizing module 'menu_selector' (17#1) [C:/Users/rkoh2/OneDrive/Desktop/Personal/EE2026_Final_2/S3_09_RYAN KOH_SEAN LEE_YAO XIANG_YI YANG_Archive.xpr/forryannyy/forryannyy.srcs/sources_1/new/graph_input_module.v:22]
WARNING: [Synth 8-6014] Unused sequential element char_index_reg_reg was removed.  [C:/Users/rkoh2/OneDrive/Desktop/Personal/EE2026_Final_2/S3_09_RYAN KOH_SEAN LEE_YAO XIANG_YI YANG_Archive.xpr/forryannyy/forryannyy.srcs/sources_1/new/graph_select_screen.v:292]
INFO: [Synth 8-6155] done synthesizing module 'graph_type_selector' (18#1) [C:/Users/rkoh2/OneDrive/Desktop/Personal/EE2026_Final_2/S3_09_RYAN KOH_SEAN LEE_YAO XIANG_YI YANG_Archive.xpr/forryannyy/forryannyy.srcs/sources_1/new/graph_select_screen.v:3]
INFO: [Synth 8-6157] synthesizing module 'equation_parser' [C:/Users/rkoh2/OneDrive/Desktop/Personal/EE2026_Final_2/S3_09_RYAN KOH_SEAN LEE_YAO XIANG_YI YANG_Archive.xpr/forryannyy/forryannyy.srcs/sources_1/new/equation_parser.v:3]
	Parameter GRAPH_LINEAR bound to: 3'b000 
	Parameter GRAPH_QUADRATIC bound to: 3'b001 
	Parameter GRAPH_CUBIC bound to: 3'b010 
	Parameter GRAPH_SIN bound to: 3'b011 
	Parameter GRAPH_COS bound to: 3'b100 
	Parameter GRAPH_TAN bound to: 3'b101 
	Parameter GRAPH_EXP bound to: 3'b110 
	Parameter GRAPH_LN bound to: 3'b111 
	Parameter ERR_NONE bound to: 2'b00 
	Parameter ERR_SYNTAX bound to: 2'b01 
	Parameter ERR_UNSUPPORTED bound to: 2'b10 
	Parameter STATE_IDLE bound to: 4'b0000 
	Parameter STATE_CHECK_FUNCTION bound to: 4'b0001 
	Parameter STATE_PARSE_SIGN bound to: 4'b0010 
	Parameter STATE_PARSE_COEFF bound to: 4'b0011 
	Parameter STATE_PARSE_X bound to: 4'b0100 
	Parameter STATE_CHECK_POWER bound to: 4'b0101 
	Parameter STATE_PARSE_POW_CHAR bound to: 4'b0110 
	Parameter STATE_PARSE_POW_DIGIT bound to: 4'b0111 
	Parameter STATE_STORE_TERM bound to: 4'b1000 
	Parameter STATE_COMPLETE bound to: 4'b1001 
WARNING: [Synth 8-6014] Unused sequential element has_x_reg was removed.  [C:/Users/rkoh2/OneDrive/Desktop/Personal/EE2026_Final_2/S3_09_RYAN KOH_SEAN LEE_YAO XIANG_YI YANG_Archive.xpr/forryannyy/forryannyy.srcs/sources_1/new/equation_parser.v:106]
INFO: [Synth 8-6155] done synthesizing module 'equation_parser' (19#1) [C:/Users/rkoh2/OneDrive/Desktop/Personal/EE2026_Final_2/S3_09_RYAN KOH_SEAN LEE_YAO XIANG_YI YANG_Archive.xpr/forryannyy/forryannyy.srcs/sources_1/new/equation_parser.v:3]
INFO: [Synth 8-155] case statement is not full and has no default [C:/Users/rkoh2/OneDrive/Desktop/Personal/EE2026_Final_2/S3_09_RYAN KOH_SEAN LEE_YAO XIANG_YI YANG_Archive.xpr/forryannyy/forryannyy.srcs/sources_1/new/grapher_mode.v:145]
INFO: [Synth 8-6157] synthesizing module 'random_9bit_signed' [C:/Users/rkoh2/OneDrive/Desktop/Personal/EE2026_Final_2/S3_09_RYAN KOH_SEAN LEE_YAO XIANG_YI YANG_Archive.xpr/forryannyy/forryannyy.srcs/sources_1/new/pseudo_random_gen.v:3]
INFO: [Synth 8-6155] done synthesizing module 'random_9bit_signed' (20#1) [C:/Users/rkoh2/OneDrive/Desktop/Personal/EE2026_Final_2/S3_09_RYAN KOH_SEAN LEE_YAO XIANG_YI YANG_Archive.xpr/forryannyy/forryannyy.srcs/sources_1/new/pseudo_random_gen.v:3]
INFO: [Synth 8-6157] synthesizing module 'parameter_input' [C:/Users/rkoh2/OneDrive/Desktop/Personal/EE2026_Final_2/S3_09_RYAN KOH_SEAN LEE_YAO XIANG_YI YANG_Archive.xpr/forryannyy/forryannyy.srcs/sources_1/new/parameter_input.v:3]
INFO: [Synth 8-226] default block is never used [C:/Users/rkoh2/OneDrive/Desktop/Personal/EE2026_Final_2/S3_09_RYAN KOH_SEAN LEE_YAO XIANG_YI YANG_Archive.xpr/forryannyy/forryannyy.srcs/sources_1/new/parameter_input.v:49]
INFO: [Synth 8-226] default block is never used [C:/Users/rkoh2/OneDrive/Desktop/Personal/EE2026_Final_2/S3_09_RYAN KOH_SEAN LEE_YAO XIANG_YI YANG_Archive.xpr/forryannyy/forryannyy.srcs/sources_1/new/parameter_input.v:81]
INFO: [Synth 8-155] case statement is not full and has no default [C:/Users/rkoh2/OneDrive/Desktop/Personal/EE2026_Final_2/S3_09_RYAN KOH_SEAN LEE_YAO XIANG_YI YANG_Archive.xpr/forryannyy/forryannyy.srcs/sources_1/new/parameter_input.v:82]
INFO: [Synth 8-155] case statement is not full and has no default [C:/Users/rkoh2/OneDrive/Desktop/Personal/EE2026_Final_2/S3_09_RYAN KOH_SEAN LEE_YAO XIANG_YI YANG_Archive.xpr/forryannyy/forryannyy.srcs/sources_1/new/parameter_input.v:86]
INFO: [Synth 8-6155] done synthesizing module 'parameter_input' (21#1) [C:/Users/rkoh2/OneDrive/Desktop/Personal/EE2026_Final_2/S3_09_RYAN KOH_SEAN LEE_YAO XIANG_YI YANG_Archive.xpr/forryannyy/forryannyy.srcs/sources_1/new/parameter_input.v:3]
INFO: [Synth 8-6157] synthesizing module 'graph_renderer' [C:/Users/rkoh2/OneDrive/Desktop/Personal/EE2026_Final_2/S3_09_RYAN KOH_SEAN LEE_YAO XIANG_YI YANG_Archive.xpr/forryannyy/forryannyy.srcs/sources_1/new/quadratic_graph.v:3]
	Parameter S_IDLE bound to: 2'b00 
	Parameter S_SEARCH bound to: 2'b01 
	Parameter S_SUPPRESS bound to: 2'b10 
	Parameter DEAD_ZONE bound to: 10 - type: integer 
	Parameter BOX_RADIUS bound to: 2 - type: integer 
INFO: [Synth 8-226] default block is never used [C:/Users/rkoh2/OneDrive/Desktop/Personal/EE2026_Final_2/S3_09_RYAN KOH_SEAN LEE_YAO XIANG_YI YANG_Archive.xpr/forryannyy/forryannyy.srcs/sources_1/new/quadratic_graph.v:67]
INFO: [Synth 8-226] default block is never used [C:/Users/rkoh2/OneDrive/Desktop/Personal/EE2026_Final_2/S3_09_RYAN KOH_SEAN LEE_YAO XIANG_YI YANG_Archive.xpr/forryannyy/forryannyy.srcs/sources_1/new/quadratic_graph.v:84]
INFO: [Synth 8-6157] synthesizing module 'cubic_graph' [C:/Users/rkoh2/OneDrive/Desktop/Personal/EE2026_Final_2/S3_09_RYAN KOH_SEAN LEE_YAO XIANG_YI YANG_Archive.xpr/forryannyy/forryannyy.srcs/sources_1/new/quadratic_graph.v:337]
INFO: [Synth 8-226] default block is never used [C:/Users/rkoh2/OneDrive/Desktop/Personal/EE2026_Final_2/S3_09_RYAN KOH_SEAN LEE_YAO XIANG_YI YANG_Archive.xpr/forryannyy/forryannyy.srcs/sources_1/new/quadratic_graph.v:487]
INFO: [Synth 8-6155] done synthesizing module 'cubic_graph' (22#1) [C:/Users/rkoh2/OneDrive/Desktop/Personal/EE2026_Final_2/S3_09_RYAN KOH_SEAN LEE_YAO XIANG_YI YANG_Archive.xpr/forryannyy/forryannyy.srcs/sources_1/new/quadratic_graph.v:337]
INFO: [Synth 8-6157] synthesizing module 'sincos_graph' [C:/Users/rkoh2/OneDrive/Desktop/Personal/EE2026_Final_2/S3_09_RYAN KOH_SEAN LEE_YAO XIANG_YI YANG_Archive.xpr/forryannyy/forryannyy.srcs/sources_1/new/quadratic_graph.v:508]
INFO: [Synth 8-5534] Detected attribute (* rom_style = "block" *) [C:/Users/rkoh2/OneDrive/Desktop/Personal/EE2026_Final_2/S3_09_RYAN KOH_SEAN LEE_YAO XIANG_YI YANG_Archive.xpr/forryannyy/forryannyy.srcs/sources_1/new/quadratic_graph.v:522]
INFO: [Synth 8-3876] $readmem data file 'sin_table_ver_two.mem' is read successfully [C:/Users/rkoh2/OneDrive/Desktop/Personal/EE2026_Final_2/S3_09_RYAN KOH_SEAN LEE_YAO XIANG_YI YANG_Archive.xpr/forryannyy/forryannyy.srcs/sources_1/new/quadratic_graph.v:524]
INFO: [Synth 8-226] default block is never used [C:/Users/rkoh2/OneDrive/Desktop/Personal/EE2026_Final_2/S3_09_RYAN KOH_SEAN LEE_YAO XIANG_YI YANG_Archive.xpr/forryannyy/forryannyy.srcs/sources_1/new/quadratic_graph.v:650]
INFO: [Synth 8-6155] done synthesizing module 'sincos_graph' (23#1) [C:/Users/rkoh2/OneDrive/Desktop/Personal/EE2026_Final_2/S3_09_RYAN KOH_SEAN LEE_YAO XIANG_YI YANG_Archive.xpr/forryannyy/forryannyy.srcs/sources_1/new/quadratic_graph.v:508]
INFO: [Synth 8-6157] synthesizing module 'tan_graph' [C:/Users/rkoh2/OneDrive/Desktop/Personal/EE2026_Final_2/S3_09_RYAN KOH_SEAN LEE_YAO XIANG_YI YANG_Archive.xpr/forryannyy/forryannyy.srcs/sources_1/new/quadratic_graph.v:671]
INFO: [Synth 8-5534] Detected attribute (* rom_style = "block" *) [C:/Users/rkoh2/OneDrive/Desktop/Personal/EE2026_Final_2/S3_09_RYAN KOH_SEAN LEE_YAO XIANG_YI YANG_Archive.xpr/forryannyy/forryannyy.srcs/sources_1/new/quadratic_graph.v:684]
INFO: [Synth 8-3876] $readmem data file 'tan_table_ver_two.mem' is read successfully [C:/Users/rkoh2/OneDrive/Desktop/Personal/EE2026_Final_2/S3_09_RYAN KOH_SEAN LEE_YAO XIANG_YI YANG_Archive.xpr/forryannyy/forryannyy.srcs/sources_1/new/quadratic_graph.v:686]
INFO: [Synth 8-226] default block is never used [C:/Users/rkoh2/OneDrive/Desktop/Personal/EE2026_Final_2/S3_09_RYAN KOH_SEAN LEE_YAO XIANG_YI YANG_Archive.xpr/forryannyy/forryannyy.srcs/sources_1/new/quadratic_graph.v:822]
INFO: [Synth 8-6155] done synthesizing module 'tan_graph' (24#1) [C:/Users/rkoh2/OneDrive/Desktop/Personal/EE2026_Final_2/S3_09_RYAN KOH_SEAN LEE_YAO XIANG_YI YANG_Archive.xpr/forryannyy/forryannyy.srcs/sources_1/new/quadratic_graph.v:671]
INFO: [Synth 8-6157] synthesizing module 'exp_graph' [C:/Users/rkoh2/OneDrive/Desktop/Personal/EE2026_Final_2/S3_09_RYAN KOH_SEAN LEE_YAO XIANG_YI YANG_Archive.xpr/forryannyy/forryannyy.srcs/sources_1/new/quadratic_graph.v:843]
INFO: [Synth 8-5534] Detected attribute (* rom_style = "block" *) [C:/Users/rkoh2/OneDrive/Desktop/Personal/EE2026_Final_2/S3_09_RYAN KOH_SEAN LEE_YAO XIANG_YI YANG_Archive.xpr/forryannyy/forryannyy.srcs/sources_1/new/quadratic_graph.v:856]
INFO: [Synth 8-3876] $readmem data file 'exp_table.mem' is read successfully [C:/Users/rkoh2/OneDrive/Desktop/Personal/EE2026_Final_2/S3_09_RYAN KOH_SEAN LEE_YAO XIANG_YI YANG_Archive.xpr/forryannyy/forryannyy.srcs/sources_1/new/quadratic_graph.v:858]
INFO: [Synth 8-226] default block is never used [C:/Users/rkoh2/OneDrive/Desktop/Personal/EE2026_Final_2/S3_09_RYAN KOH_SEAN LEE_YAO XIANG_YI YANG_Archive.xpr/forryannyy/forryannyy.srcs/sources_1/new/quadratic_graph.v:975]
INFO: [Synth 8-6155] done synthesizing module 'exp_graph' (25#1) [C:/Users/rkoh2/OneDrive/Desktop/Personal/EE2026_Final_2/S3_09_RYAN KOH_SEAN LEE_YAO XIANG_YI YANG_Archive.xpr/forryannyy/forryannyy.srcs/sources_1/new/quadratic_graph.v:843]
INFO: [Synth 8-6157] synthesizing module 'ln_graph' [C:/Users/rkoh2/OneDrive/Desktop/Personal/EE2026_Final_2/S3_09_RYAN KOH_SEAN LEE_YAO XIANG_YI YANG_Archive.xpr/forryannyy/forryannyy.srcs/sources_1/new/quadratic_graph.v:996]
INFO: [Synth 8-5534] Detected attribute (* rom_style = "block" *) [C:/Users/rkoh2/OneDrive/Desktop/Personal/EE2026_Final_2/S3_09_RYAN KOH_SEAN LEE_YAO XIANG_YI YANG_Archive.xpr/forryannyy/forryannyy.srcs/sources_1/new/quadratic_graph.v:1009]
INFO: [Synth 8-3876] $readmem data file 'ln_table.mem' is read successfully [C:/Users/rkoh2/OneDrive/Desktop/Personal/EE2026_Final_2/S3_09_RYAN KOH_SEAN LEE_YAO XIANG_YI YANG_Archive.xpr/forryannyy/forryannyy.srcs/sources_1/new/quadratic_graph.v:1011]
INFO: [Synth 8-226] default block is never used [C:/Users/rkoh2/OneDrive/Desktop/Personal/EE2026_Final_2/S3_09_RYAN KOH_SEAN LEE_YAO XIANG_YI YANG_Archive.xpr/forryannyy/forryannyy.srcs/sources_1/new/quadratic_graph.v:1127]
INFO: [Synth 8-6155] done synthesizing module 'ln_graph' (26#1) [C:/Users/rkoh2/OneDrive/Desktop/Personal/EE2026_Final_2/S3_09_RYAN KOH_SEAN LEE_YAO XIANG_YI YANG_Archive.xpr/forryannyy/forryannyy.srcs/sources_1/new/quadratic_graph.v:996]
INFO: [Synth 8-226] default block is never used [C:/Users/rkoh2/OneDrive/Desktop/Personal/EE2026_Final_2/S3_09_RYAN KOH_SEAN LEE_YAO XIANG_YI YANG_Archive.xpr/forryannyy/forryannyy.srcs/sources_1/new/quadratic_graph.v:121]
INFO: [Synth 8-226] default block is never used [C:/Users/rkoh2/OneDrive/Desktop/Personal/EE2026_Final_2/S3_09_RYAN KOH_SEAN LEE_YAO XIANG_YI YANG_Archive.xpr/forryannyy/forryannyy.srcs/sources_1/new/quadratic_graph.v:133]
INFO: [Synth 8-155] case statement is not full and has no default [C:/Users/rkoh2/OneDrive/Desktop/Personal/EE2026_Final_2/S3_09_RYAN KOH_SEAN LEE_YAO XIANG_YI YANG_Archive.xpr/forryannyy/forryannyy.srcs/sources_1/new/quadratic_graph.v:286]
INFO: [Synth 8-6155] done synthesizing module 'graph_renderer' (27#1) [C:/Users/rkoh2/OneDrive/Desktop/Personal/EE2026_Final_2/S3_09_RYAN KOH_SEAN LEE_YAO XIANG_YI YANG_Archive.xpr/forryannyy/forryannyy.srcs/sources_1/new/quadratic_graph.v:3]
WARNING: [Synth 8-350] instance 'graph_renderer_inst' of module 'graph_renderer' requires 44 connections, but only 43 given [C:/Users/rkoh2/OneDrive/Desktop/Personal/EE2026_Final_2/S3_09_RYAN KOH_SEAN LEE_YAO XIANG_YI YANG_Archive.xpr/forryannyy/forryannyy.srcs/sources_1/new/grapher_mode.v:314]
INFO: [Synth 8-6157] synthesizing module 'grapher_screen_oled' [C:/Users/rkoh2/OneDrive/Desktop/Personal/EE2026_Final_2/S3_09_RYAN KOH_SEAN LEE_YAO XIANG_YI YANG_Archive.xpr/forryannyy/forryannyy.srcs/sources_1/new/grapher_screen_oled.v:3]
	Parameter WIDTH bound to: 96 - type: integer 
	Parameter HEIGHT bound to: 64 - type: integer 
	Parameter WHITE bound to: 16'b1111111111111111 
	Parameter BLACK bound to: 16'b0000000000000000 
	Parameter RED bound to: 16'b1111100000000000 
	Parameter YELLOW bound to: 16'b1111111111100000 
	Parameter GREEN bound to: 16'b0000011111100000 
	Parameter LINE1_Y bound to: 6'b001111 
	Parameter LINE2_Y bound to: 6'b011011 
	Parameter LINE3_Y bound to: 6'b100111 
	Parameter LINE4_Y bound to: 6'b110011 
INFO: [Synth 8-6157] synthesizing module 'draw_parameter_line' [C:/Users/rkoh2/OneDrive/Desktop/Personal/EE2026_Final_2/S3_09_RYAN KOH_SEAN LEE_YAO XIANG_YI YANG_Archive.xpr/forryannyy/forryannyy.srcs/sources_1/new/grapher_screen_oled.v:535]
	Parameter LINE_Y bound to: 6'b001111 
	Parameter NAME_X bound to: 7'b0000010 
	Parameter COLON_X bound to: 7'b0011000 
	Parameter SIGN_X bound to: 7'b0100100 
	Parameter HUND_X bound to: 7'b0110000 
	Parameter TENS_X bound to: 7'b0111100 
	Parameter ONES_X bound to: 7'b1001000 
INFO: [Synth 8-6155] done synthesizing module 'draw_parameter_line' (28#1) [C:/Users/rkoh2/OneDrive/Desktop/Personal/EE2026_Final_2/S3_09_RYAN KOH_SEAN LEE_YAO XIANG_YI YANG_Archive.xpr/forryannyy/forryannyy.srcs/sources_1/new/grapher_screen_oled.v:535]
INFO: [Synth 8-6157] synthesizing module 'draw_parameter_line__parameterized0' [C:/Users/rkoh2/OneDrive/Desktop/Personal/EE2026_Final_2/S3_09_RYAN KOH_SEAN LEE_YAO XIANG_YI YANG_Archive.xpr/forryannyy/forryannyy.srcs/sources_1/new/grapher_screen_oled.v:535]
	Parameter LINE_Y bound to: 6'b011011 
	Parameter NAME_X bound to: 7'b0000010 
	Parameter COLON_X bound to: 7'b0011000 
	Parameter SIGN_X bound to: 7'b0100100 
	Parameter HUND_X bound to: 7'b0110000 
	Parameter TENS_X bound to: 7'b0111100 
	Parameter ONES_X bound to: 7'b1001000 
INFO: [Synth 8-6155] done synthesizing module 'draw_parameter_line__parameterized0' (28#1) [C:/Users/rkoh2/OneDrive/Desktop/Personal/EE2026_Final_2/S3_09_RYAN KOH_SEAN LEE_YAO XIANG_YI YANG_Archive.xpr/forryannyy/forryannyy.srcs/sources_1/new/grapher_screen_oled.v:535]
INFO: [Synth 8-6157] synthesizing module 'draw_parameter_line__parameterized1' [C:/Users/rkoh2/OneDrive/Desktop/Personal/EE2026_Final_2/S3_09_RYAN KOH_SEAN LEE_YAO XIANG_YI YANG_Archive.xpr/forryannyy/forryannyy.srcs/sources_1/new/grapher_screen_oled.v:535]
	Parameter LINE_Y bound to: 6'b100111 
	Parameter NAME_X bound to: 7'b0000010 
	Parameter COLON_X bound to: 7'b0011000 
	Parameter SIGN_X bound to: 7'b0100100 
	Parameter HUND_X bound to: 7'b0110000 
	Parameter TENS_X bound to: 7'b0111100 
	Parameter ONES_X bound to: 7'b1001000 
INFO: [Synth 8-6155] done synthesizing module 'draw_parameter_line__parameterized1' (28#1) [C:/Users/rkoh2/OneDrive/Desktop/Personal/EE2026_Final_2/S3_09_RYAN KOH_SEAN LEE_YAO XIANG_YI YANG_Archive.xpr/forryannyy/forryannyy.srcs/sources_1/new/grapher_screen_oled.v:535]
INFO: [Synth 8-6157] synthesizing module 'draw_parameter_line__parameterized2' [C:/Users/rkoh2/OneDrive/Desktop/Personal/EE2026_Final_2/S3_09_RYAN KOH_SEAN LEE_YAO XIANG_YI YANG_Archive.xpr/forryannyy/forryannyy.srcs/sources_1/new/grapher_screen_oled.v:535]
	Parameter LINE_Y bound to: 6'b110011 
	Parameter NAME_X bound to: 7'b0000010 
	Parameter COLON_X bound to: 7'b0011000 
	Parameter SIGN_X bound to: 7'b0100100 
	Parameter HUND_X bound to: 7'b0110000 
	Parameter TENS_X bound to: 7'b0111100 
	Parameter ONES_X bound to: 7'b1001000 
INFO: [Synth 8-6155] done synthesizing module 'draw_parameter_line__parameterized2' (28#1) [C:/Users/rkoh2/OneDrive/Desktop/Personal/EE2026_Final_2/S3_09_RYAN KOH_SEAN LEE_YAO XIANG_YI YANG_Archive.xpr/forryannyy/forryannyy.srcs/sources_1/new/grapher_screen_oled.v:535]
INFO: [Synth 8-6155] done synthesizing module 'grapher_screen_oled' (29#1) [C:/Users/rkoh2/OneDrive/Desktop/Personal/EE2026_Final_2/S3_09_RYAN KOH_SEAN LEE_YAO XIANG_YI YANG_Archive.xpr/forryannyy/forryannyy.srcs/sources_1/new/grapher_screen_oled.v:3]
WARNING: [Synth 8-6014] Unused sequential element graph_count_reg was removed.  [C:/Users/rkoh2/OneDrive/Desktop/Personal/EE2026_Final_2/S3_09_RYAN KOH_SEAN LEE_YAO XIANG_YI YANG_Archive.xpr/forryannyy/forryannyy.srcs/sources_1/new/grapher_mode.v:128]
INFO: [Synth 8-6155] done synthesizing module 'grapher_module_slim' (30#1) [C:/Users/rkoh2/OneDrive/Desktop/Personal/EE2026_Final_2/S3_09_RYAN KOH_SEAN LEE_YAO XIANG_YI YANG_Archive.xpr/forryannyy/forryannyy.srcs/sources_1/new/grapher_mode.v:3]
INFO: [Synth 8-6157] synthesizing module 'calc_mode_top' [C:/Users/rkoh2/OneDrive/Desktop/Personal/EE2026_Final_2/S3_09_RYAN KOH_SEAN LEE_YAO XIANG_YI YANG_Archive.xpr/forryannyy/forryannyy.srcs/sources_1/new/calc_mode_top.v:3]
	Parameter MODE_CALCULATOR bound to: 2'b10 
INFO: [Synth 8-6157] synthesizing module 'eh_stream_capture' [C:/Users/rkoh2/OneDrive/Desktop/Personal/EE2026_Final_2/S3_09_RYAN KOH_SEAN LEE_YAO XIANG_YI YANG_Archive.xpr/forryannyy/forryannyy.srcs/sources_1/new/eh_stream_capture.v:4]
	Parameter MAXN bound to: 32 - type: integer 
INFO: [Synth 8-6155] done synthesizing module 'eh_stream_capture' (31#1) [C:/Users/rkoh2/OneDrive/Desktop/Personal/EE2026_Final_2/S3_09_RYAN KOH_SEAN LEE_YAO XIANG_YI YANG_Archive.xpr/forryannyy/forryannyy.srcs/sources_1/new/eh_stream_capture.v:4]
INFO: [Synth 8-6157] synthesizing module 'error_handling' [C:/Users/rkoh2/OneDrive/Desktop/Personal/EE2026_Final_2/S3_09_RYAN KOH_SEAN LEE_YAO XIANG_YI YANG_Archive.xpr/forryannyy/forryannyy.srcs/sources_1/new/error_handling.v:5]
	Parameter MAXN bound to: 32 - type: integer 
	Parameter CH_NULL bound to: 8'b00000000 
	Parameter CH_SPACE bound to: 8'b00100000 
	Parameter CH_PLUS bound to: 8'b00101011 
	Parameter CH_MINUS bound to: 8'b00101101 
	Parameter CH_STAR bound to: 8'b00101010 
	Parameter CH_SLASH bound to: 8'b00101111 
	Parameter CH_CARET bound to: 8'b01011110 
	Parameter CH_LPAR bound to: 8'b00101000 
	Parameter CH_RPAR bound to: 8'b00101001 
	Parameter CH_DOT bound to: 8'b00101110 
	Parameter CH_0 bound to: 8'b00110000 
	Parameter CH_9 bound to: 8'b00111001 
	Parameter ERR_NONE bound to: 4'b0000 
	Parameter E_EMPTY bound to: 4'b0001 
	Parameter E_SEQ bound to: 4'b0010 
	Parameter E_PAREN bound to: 4'b0011 
	Parameter E_NUMFMT bound to: 4'b0100 
	Parameter E_DIV0 bound to: 4'b0101 
	Parameter E_RANGE_IN bound to: 4'b0110 
	Parameter ST_IDLE bound to: 2'b00 
	Parameter ST_SCAN bound to: 2'b01 
	Parameter ST_FIN bound to: 2'b10 
	Parameter RHS_IDLE bound to: 2'b00 
	Parameter RHS_SKIP bound to: 2'b01 
	Parameter RHS_LIT bound to: 2'b10 
	Parameter RHS_DONE bound to: 2'b11 
WARNING: [Synth 8-6090] variable 'c' is written by both blocking and non-blocking assignments, entire logic could be removed [C:/Users/rkoh2/OneDrive/Desktop/Personal/EE2026_Final_2/S3_09_RYAN KOH_SEAN LEE_YAO XIANG_YI YANG_Archive.xpr/forryannyy/forryannyy.srcs/sources_1/new/error_handling.v:325]
INFO: [Synth 8-155] case statement is not full and has no default [C:/Users/rkoh2/OneDrive/Desktop/Personal/EE2026_Final_2/S3_09_RYAN KOH_SEAN LEE_YAO XIANG_YI YANG_Archive.xpr/forryannyy/forryannyy.srcs/sources_1/new/error_handling.v:267]
WARNING: [Synth 8-6014] Unused sequential element skip_range_check_reg was removed.  [C:/Users/rkoh2/OneDrive/Desktop/Personal/EE2026_Final_2/S3_09_RYAN KOH_SEAN LEE_YAO XIANG_YI YANG_Archive.xpr/forryannyy/forryannyy.srcs/sources_1/new/error_handling.v:188]
WARNING: [Synth 8-5788] Register c_reg in module error_handling is has both Set and reset with same priority. This may cause simulation mismatches. Consider rewriting code  [C:/Users/rkoh2/OneDrive/Desktop/Personal/EE2026_Final_2/S3_09_RYAN KOH_SEAN LEE_YAO XIANG_YI YANG_Archive.xpr/forryannyy/forryannyy.srcs/sources_1/new/error_handling.v:231]
INFO: [Synth 8-6155] done synthesizing module 'error_handling' (32#1) [C:/Users/rkoh2/OneDrive/Desktop/Personal/EE2026_Final_2/S3_09_RYAN KOH_SEAN LEE_YAO XIANG_YI YANG_Archive.xpr/forryannyy/forryannyy.srcs/sources_1/new/error_handling.v:5]
INFO: [Synth 8-6157] synthesizing module 'expr_execute_no_check' [C:/Users/rkoh2/OneDrive/Desktop/Personal/EE2026_Final_2/S3_09_RYAN KOH_SEAN LEE_YAO XIANG_YI YANG_Archive.xpr/forryannyy/forryannyy.srcs/sources_1/new/expr_execute_no_check.v:6]
	Parameter MAXN bound to: 32 - type: integer 
INFO: [Synth 8-6157] synthesizing module 'precedence_eval' [C:/Users/rkoh2/OneDrive/Desktop/Personal/EE2026_Final_2/S3_09_RYAN KOH_SEAN LEE_YAO XIANG_YI YANG_Archive.xpr/forryannyy/forryannyy.srcs/sources_1/new/precedence_eval.v:4]
	Parameter MAXN bound to: 32 - type: integer 
	Parameter OP_ADD bound to: 0 - type: integer 
	Parameter OP_SUB bound to: 1 - type: integer 
	Parameter OP_MUL bound to: 2 - type: integer 
	Parameter OP_DIV bound to: 3 - type: integer 
	Parameter OP_POW bound to: 4 - type: integer 
	Parameter OP_LOG2 bound to: 5 - type: integer 
	Parameter OP_SIN bound to: 6 - type: integer 
	Parameter OP_COS bound to: 7 - type: integer 
	Parameter OP_TAN bound to: 8 - type: integer 
	Parameter Q168_PI bound to: 25'sb0000000000000001100100100 
	Parameter Q168_E bound to: 25'sb0000000000000001010111000 
	Parameter Q168_HALF bound to: 25'sb0000000000000000010000000 
	Parameter TOK_PI bound to: 8'b11100011 
	Parameter TOK_SQRT bound to: 8'b11111011 
	Parameter CH_LP bound to: 8'b00101000 
	Parameter CH_RP bound to: 8'b00101001 
	Parameter S_IDLE bound to: 5'b00000 
	Parameter S_DET bound to: 5'b00001 
	Parameter S_SCAN1 bound to: 5'b00010 
	Parameter S_SIGA bound to: 5'b00011 
	Parameter S_READA bound to: 5'b00100 
	Parameter S_READA_FR bound to: 5'b00101 
	Parameter S_READOP bound to: 5'b00110 
	Parameter S_SIGB bound to: 5'b00111 
	Parameter S_READB bound to: 5'b01000 
	Parameter S_READB_FR bound to: 5'b01001 
	Parameter S_U_SKIP bound to: 5'b01010 
	Parameter S_U_READ bound to: 5'b01011 
	Parameter S_U_FRAC bound to: 5'b01100 
	Parameter S_ISSUE1 bound to: 5'b01101 
	Parameter S_WAIT1 bound to: 5'b01110 
	Parameter S_ISSUE2 bound to: 5'b01111 
	Parameter S_WAIT2 bound to: 5'b10000 
	Parameter S_DONE bound to: 5'b10001 
INFO: [Synth 8-155] case statement is not full and has no default [C:/Users/rkoh2/OneDrive/Desktop/Personal/EE2026_Final_2/S3_09_RYAN KOH_SEAN LEE_YAO XIANG_YI YANG_Archive.xpr/forryannyy/forryannyy.srcs/sources_1/new/precedence_eval.v:220]
INFO: [Synth 8-155] case statement is not full and has no default [C:/Users/rkoh2/OneDrive/Desktop/Personal/EE2026_Final_2/S3_09_RYAN KOH_SEAN LEE_YAO XIANG_YI YANG_Archive.xpr/forryannyy/forryannyy.srcs/sources_1/new/precedence_eval.v:187]
WARNING: [Synth 8-6014] Unused sequential element tmp_val_reg was removed.  [C:/Users/rkoh2/OneDrive/Desktop/Personal/EE2026_Final_2/S3_09_RYAN KOH_SEAN LEE_YAO XIANG_YI YANG_Archive.xpr/forryannyy/forryannyy.srcs/sources_1/new/precedence_eval.v:182]
INFO: [Synth 8-6155] done synthesizing module 'precedence_eval' (33#1) [C:/Users/rkoh2/OneDrive/Desktop/Personal/EE2026_Final_2/S3_09_RYAN KOH_SEAN LEE_YAO XIANG_YI YANG_Archive.xpr/forryannyy/forryannyy.srcs/sources_1/new/precedence_eval.v:4]
INFO: [Synth 8-6157] synthesizing module 'team_alu_bridge' [C:/Users/rkoh2/OneDrive/Desktop/Personal/EE2026_Final_2/S3_09_RYAN KOH_SEAN LEE_YAO XIANG_YI YANG_Archive.xpr/forryannyy/forryannyy.srcs/sources_1/new/team_alu_bridge.v:4]
	Parameter OP_ADD bound to: 0 - type: integer 
	Parameter OP_SUB bound to: 1 - type: integer 
	Parameter OP_MUL bound to: 2 - type: integer 
	Parameter OP_DIV bound to: 3 - type: integer 
	Parameter OP_POW bound to: 4 - type: integer 
	Parameter OP_LOG2 bound to: 5 - type: integer 
	Parameter OP_SIN bound to: 6 - type: integer 
	Parameter OP_COS bound to: 7 - type: integer 
	Parameter OP_TAN bound to: 8 - type: integer 
	Parameter OP_LN bound to: 9 - type: integer 
	Parameter Q168_LN2 bound to: 25'sb0000000000000000010110001 
	Parameter S_IDLE bound to: 2'b00 
	Parameter S_RUN bound to: 2'b01 
	Parameter S_LATCH bound to: 2'b10 
	Parameter S_PULSE bound to: 2'b11 
INFO: [Synth 8-6157] synthesizing module 'adder_module' [C:/Users/rkoh2/OneDrive/Desktop/Personal/EE2026_Final_2/S3_09_RYAN KOH_SEAN LEE_YAO XIANG_YI YANG_Archive.xpr/forryannyy/forryannyy.srcs/sources_1/imports/new/adder_module.v:4]
INFO: [Synth 8-6157] synthesizing module 'full_adder' [C:/Users/rkoh2/OneDrive/Desktop/Personal/EE2026_Final_2/S3_09_RYAN KOH_SEAN LEE_YAO XIANG_YI YANG_Archive.xpr/forryannyy/forryannyy.srcs/sources_1/imports/new/adder_module.v:36]
INFO: [Synth 8-6155] done synthesizing module 'full_adder' (34#1) [C:/Users/rkoh2/OneDrive/Desktop/Personal/EE2026_Final_2/S3_09_RYAN KOH_SEAN LEE_YAO XIANG_YI YANG_Archive.xpr/forryannyy/forryannyy.srcs/sources_1/imports/new/adder_module.v:36]
INFO: [Synth 8-6155] done synthesizing module 'adder_module' (35#1) [C:/Users/rkoh2/OneDrive/Desktop/Personal/EE2026_Final_2/S3_09_RYAN KOH_SEAN LEE_YAO XIANG_YI YANG_Archive.xpr/forryannyy/forryannyy.srcs/sources_1/imports/new/adder_module.v:4]
INFO: [Synth 8-6157] synthesizing module 'multiply_module' [C:/Users/rkoh2/OneDrive/Desktop/Personal/EE2026_Final_2/S3_09_RYAN KOH_SEAN LEE_YAO XIANG_YI YANG_Archive.xpr/forryannyy/forryannyy.srcs/sources_1/imports/new/multiply_module.v:4]
	Parameter IDLE bound to: 3'b000 
	Parameter SETUP bound to: 3'b001 
	Parameter CALCULATE bound to: 3'b010 
	Parameter WAIT_ACCUMULATE bound to: 3'b011 
	Parameter ACCUMULATE bound to: 3'b100 
	Parameter WAIT_DONE bound to: 3'b101 
	Parameter DONE bound to: 3'b110 
INFO: [Synth 8-6157] synthesizing module 'twos_complement_to_sign_magnitude' [C:/Users/rkoh2/OneDrive/Desktop/Personal/EE2026_Final_2/S3_09_RYAN KOH_SEAN LEE_YAO XIANG_YI YANG_Archive.xpr/forryannyy/forryannyy.srcs/sources_1/imports/new/converter.v:3]
INFO: [Synth 8-6155] done synthesizing module 'twos_complement_to_sign_magnitude' (36#1) [C:/Users/rkoh2/OneDrive/Desktop/Personal/EE2026_Final_2/S3_09_RYAN KOH_SEAN LEE_YAO XIANG_YI YANG_Archive.xpr/forryannyy/forryannyy.srcs/sources_1/imports/new/converter.v:3]
INFO: [Synth 8-6157] synthesizing module 'adder50' [C:/Users/rkoh2/OneDrive/Desktop/Personal/EE2026_Final_2/S3_09_RYAN KOH_SEAN LEE_YAO XIANG_YI YANG_Archive.xpr/forryannyy/forryannyy.srcs/sources_1/imports/new/multiply_module.v:138]
INFO: [Synth 8-6155] done synthesizing module 'adder50' (37#1) [C:/Users/rkoh2/OneDrive/Desktop/Personal/EE2026_Final_2/S3_09_RYAN KOH_SEAN LEE_YAO XIANG_YI YANG_Archive.xpr/forryannyy/forryannyy.srcs/sources_1/imports/new/multiply_module.v:138]
INFO: [Synth 8-6157] synthesizing module 'sign_magnitude_to_twos_complement' [C:/Users/rkoh2/OneDrive/Desktop/Personal/EE2026_Final_2/S3_09_RYAN KOH_SEAN LEE_YAO XIANG_YI YANG_Archive.xpr/forryannyy/forryannyy.srcs/sources_1/imports/new/converter.v:22]
INFO: [Synth 8-6155] done synthesizing module 'sign_magnitude_to_twos_complement' (38#1) [C:/Users/rkoh2/OneDrive/Desktop/Personal/EE2026_Final_2/S3_09_RYAN KOH_SEAN LEE_YAO XIANG_YI YANG_Archive.xpr/forryannyy/forryannyy.srcs/sources_1/imports/new/converter.v:22]
INFO: [Synth 8-155] case statement is not full and has no default [C:/Users/rkoh2/OneDrive/Desktop/Personal/EE2026_Final_2/S3_09_RYAN KOH_SEAN LEE_YAO XIANG_YI YANG_Archive.xpr/forryannyy/forryannyy.srcs/sources_1/imports/new/multiply_module.v:73]
WARNING: [Synth 8-5788] Register num1_val_reg in module multiply_module is has both Set and reset with same priority. This may cause simulation mismatches. Consider rewriting code  [C:/Users/rkoh2/OneDrive/Desktop/Personal/EE2026_Final_2/S3_09_RYAN KOH_SEAN LEE_YAO XIANG_YI YANG_Archive.xpr/forryannyy/forryannyy.srcs/sources_1/imports/new/multiply_module.v:84]
WARNING: [Synth 8-5788] Register num2_val_reg in module multiply_module is has both Set and reset with same priority. This may cause simulation mismatches. Consider rewriting code  [C:/Users/rkoh2/OneDrive/Desktop/Personal/EE2026_Final_2/S3_09_RYAN KOH_SEAN LEE_YAO XIANG_YI YANG_Archive.xpr/forryannyy/forryannyy.srcs/sources_1/imports/new/multiply_module.v:85]
WARNING: [Synth 8-5788] Register overflow_calc_reg in module multiply_module is has both Set and reset with same priority. This may cause simulation mismatches. Consider rewriting code  [C:/Users/rkoh2/OneDrive/Desktop/Personal/EE2026_Final_2/S3_09_RYAN KOH_SEAN LEE_YAO XIANG_YI YANG_Archive.xpr/forryannyy/forryannyy.srcs/sources_1/imports/new/multiply_module.v:89]
INFO: [Synth 8-6155] done synthesizing module 'multiply_module' (39#1) [C:/Users/rkoh2/OneDrive/Desktop/Personal/EE2026_Final_2/S3_09_RYAN KOH_SEAN LEE_YAO XIANG_YI YANG_Archive.xpr/forryannyy/forryannyy.srcs/sources_1/imports/new/multiply_module.v:4]
INFO: [Synth 8-6157] synthesizing module 'divider_module' [C:/Users/rkoh2/OneDrive/Desktop/Personal/EE2026_Final_2/S3_09_RYAN KOH_SEAN LEE_YAO XIANG_YI YANG_Archive.xpr/forryannyy/forryannyy.srcs/sources_1/imports/new/divide_module.v:3]
	Parameter IDLE bound to: 3'b000 
	Parameter SETUP bound to: 3'b001 
	Parameter CALCULATION bound to: 3'b010 
	Parameter DONE_STATE bound to: 3'b011 
INFO: [Synth 8-155] case statement is not full and has no default [C:/Users/rkoh2/OneDrive/Desktop/Personal/EE2026_Final_2/S3_09_RYAN KOH_SEAN LEE_YAO XIANG_YI YANG_Archive.xpr/forryannyy/forryannyy.srcs/sources_1/imports/new/divide_module.v:72]
WARNING: [Synth 8-6014] Unused sequential element new_remainder_reg was removed.  [C:/Users/rkoh2/OneDrive/Desktop/Personal/EE2026_Final_2/S3_09_RYAN KOH_SEAN LEE_YAO XIANG_YI YANG_Archive.xpr/forryannyy/forryannyy.srcs/sources_1/imports/new/divide_module.v:114]
WARNING: [Synth 8-6014] Unused sequential element new_quotient_reg was removed.  [C:/Users/rkoh2/OneDrive/Desktop/Personal/EE2026_Final_2/S3_09_RYAN KOH_SEAN LEE_YAO XIANG_YI YANG_Archive.xpr/forryannyy/forryannyy.srcs/sources_1/imports/new/divide_module.v:115]
INFO: [Synth 8-6155] done synthesizing module 'divider_module' (40#1) [C:/Users/rkoh2/OneDrive/Desktop/Personal/EE2026_Final_2/S3_09_RYAN KOH_SEAN LEE_YAO XIANG_YI YANG_Archive.xpr/forryannyy/forryannyy.srcs/sources_1/imports/new/divide_module.v:3]
INFO: [Synth 8-6157] synthesizing module 'power_module' [C:/Users/rkoh2/OneDrive/Desktop/Personal/EE2026_Final_2/S3_09_RYAN KOH_SEAN LEE_YAO XIANG_YI YANG_Archive.xpr/forryannyy/forryannyy.srcs/sources_1/imports/new/power_module.v:3]
	Parameter IDLE bound to: 3'b000 
	Parameter COMPUTE_LOG bound to: 3'b001 
	Parameter WAIT_LOG bound to: 3'b010 
	Parameter MULTIPLY bound to: 3'b011 
	Parameter WAIT_MULTIPLY bound to: 3'b100 
	Parameter COMPUTE_POW2 bound to: 3'b101 
	Parameter WAIT_POW2 bound to: 3'b110 
	Parameter DONE_STATE bound to: 3'b111 
INFO: [Synth 8-6157] synthesizing module 'log2_module' [C:/Users/rkoh2/OneDrive/Desktop/Personal/EE2026_Final_2/S3_09_RYAN KOH_SEAN LEE_YAO XIANG_YI YANG_Archive.xpr/forryannyy/forryannyy.srcs/sources_1/imports/new/log2_module.v:3]
	Parameter IDLE bound to: 3'b000 
	Parameter FIND_MSB bound to: 3'b001 
	Parameter SET_ROM_ADDR bound to: 3'b010 
	Parameter WAIT_ROM bound to: 3'b011 
	Parameter COMPUTE_RESULT bound to: 3'b100 
	Parameter DONE_STATE bound to: 3'b101 
INFO: [Synth 8-6157] synthesizing module 'blk_mem_gen_log2_12bit' [C:/Users/rkoh2/OneDrive/Desktop/Personal/EE2026_Final_2/S3_09_RYAN KOH_SEAN LEE_YAO XIANG_YI YANG_Archive.xpr/forryannyy/forryannyy.runs/synth_1/.Xil/Vivado-66952-LAPTOP-TABE59UT/realtime/blk_mem_gen_log2_12bit_stub.v:6]
INFO: [Synth 8-6155] done synthesizing module 'blk_mem_gen_log2_12bit' (41#1) [C:/Users/rkoh2/OneDrive/Desktop/Personal/EE2026_Final_2/S3_09_RYAN KOH_SEAN LEE_YAO XIANG_YI YANG_Archive.xpr/forryannyy/forryannyy.runs/synth_1/.Xil/Vivado-66952-LAPTOP-TABE59UT/realtime/blk_mem_gen_log2_12bit_stub.v:6]
INFO: [Synth 8-155] case statement is not full and has no default [C:/Users/rkoh2/OneDrive/Desktop/Personal/EE2026_Final_2/S3_09_RYAN KOH_SEAN LEE_YAO XIANG_YI YANG_Archive.xpr/forryannyy/forryannyy.srcs/sources_1/imports/new/log2_module.v:65]
WARNING: [Synth 8-6014] Unused sequential element rom_addr_reg_reg was removed.  [C:/Users/rkoh2/OneDrive/Desktop/Personal/EE2026_Final_2/S3_09_RYAN KOH_SEAN LEE_YAO XIANG_YI YANG_Archive.xpr/forryannyy/forryannyy.srcs/sources_1/imports/new/log2_module.v:62]
WARNING: [Synth 8-5788] Register integer_part_reg in module log2_module is has both Set and reset with same priority. This may cause simulation mismatches. Consider rewriting code  [C:/Users/rkoh2/OneDrive/Desktop/Personal/EE2026_Final_2/S3_09_RYAN KOH_SEAN LEE_YAO XIANG_YI YANG_Archive.xpr/forryannyy/forryannyy.srcs/sources_1/imports/new/log2_module.v:85]
INFO: [Synth 8-6155] done synthesizing module 'log2_module' (42#1) [C:/Users/rkoh2/OneDrive/Desktop/Personal/EE2026_Final_2/S3_09_RYAN KOH_SEAN LEE_YAO XIANG_YI YANG_Archive.xpr/forryannyy/forryannyy.srcs/sources_1/imports/new/log2_module.v:3]
INFO: [Synth 8-6157] synthesizing module 'pow2_module' [C:/Users/rkoh2/OneDrive/Desktop/Personal/EE2026_Final_2/S3_09_RYAN KOH_SEAN LEE_YAO XIANG_YI YANG_Archive.xpr/forryannyy/forryannyy.srcs/sources_1/imports/new/power_module.v:186]
	Parameter IDLE bound to: 3'b000 
	Parameter CONVERT bound to: 3'b001 
	Parameter SPLIT_PARTS bound to: 3'b010 
	Parameter SET_ROM_ADDR bound to: 3'b011 
	Parameter WAIT_ROM bound to: 3'b100 
	Parameter COMPUTE_RESULT bound to: 3'b101 
	Parameter DONE_STATE bound to: 3'b110 
INFO: [Synth 8-6157] synthesizing module 'blk_mem_gen_pow2' [C:/Users/rkoh2/OneDrive/Desktop/Personal/EE2026_Final_2/S3_09_RYAN KOH_SEAN LEE_YAO XIANG_YI YANG_Archive.xpr/forryannyy/forryannyy.runs/synth_1/.Xil/Vivado-66952-LAPTOP-TABE59UT/realtime/blk_mem_gen_pow2_stub.v:6]
INFO: [Synth 8-6155] done synthesizing module 'blk_mem_gen_pow2' (43#1) [C:/Users/rkoh2/OneDrive/Desktop/Personal/EE2026_Final_2/S3_09_RYAN KOH_SEAN LEE_YAO XIANG_YI YANG_Archive.xpr/forryannyy/forryannyy.runs/synth_1/.Xil/Vivado-66952-LAPTOP-TABE59UT/realtime/blk_mem_gen_pow2_stub.v:6]
INFO: [Synth 8-155] case statement is not full and has no default [C:/Users/rkoh2/OneDrive/Desktop/Personal/EE2026_Final_2/S3_09_RYAN KOH_SEAN LEE_YAO XIANG_YI YANG_Archive.xpr/forryannyy/forryannyy.srcs/sources_1/imports/new/power_module.v:243]
WARNING: [Synth 8-6014] Unused sequential element base_val_reg was removed.  [C:/Users/rkoh2/OneDrive/Desktop/Personal/EE2026_Final_2/S3_09_RYAN KOH_SEAN LEE_YAO XIANG_YI YANG_Archive.xpr/forryannyy/forryannyy.srcs/sources_1/imports/new/power_module.v:297]
WARNING: [Synth 8-6014] Unused sequential element shifted_val_reg was removed.  [C:/Users/rkoh2/OneDrive/Desktop/Personal/EE2026_Final_2/S3_09_RYAN KOH_SEAN LEE_YAO XIANG_YI YANG_Archive.xpr/forryannyy/forryannyy.srcs/sources_1/imports/new/power_module.v:299]
INFO: [Synth 8-6155] done synthesizing module 'pow2_module' (44#1) [C:/Users/rkoh2/OneDrive/Desktop/Personal/EE2026_Final_2/S3_09_RYAN KOH_SEAN LEE_YAO XIANG_YI YANG_Archive.xpr/forryannyy/forryannyy.srcs/sources_1/imports/new/power_module.v:186]
INFO: [Synth 8-155] case statement is not full and has no default [C:/Users/rkoh2/OneDrive/Desktop/Personal/EE2026_Final_2/S3_09_RYAN KOH_SEAN LEE_YAO XIANG_YI YANG_Archive.xpr/forryannyy/forryannyy.srcs/sources_1/imports/new/power_module.v:81]
WARNING: [Synth 8-5788] Register log2_input_reg in module power_module is has both Set and reset with same priority. This may cause simulation mismatches. Consider rewriting code  [C:/Users/rkoh2/OneDrive/Desktop/Personal/EE2026_Final_2/S3_09_RYAN KOH_SEAN LEE_YAO XIANG_YI YANG_Archive.xpr/forryannyy/forryannyy.srcs/sources_1/imports/new/power_module.v:43]
INFO: [Synth 8-6155] done synthesizing module 'power_module' (45#1) [C:/Users/rkoh2/OneDrive/Desktop/Personal/EE2026_Final_2/S3_09_RYAN KOH_SEAN LEE_YAO XIANG_YI YANG_Archive.xpr/forryannyy/forryannyy.srcs/sources_1/imports/new/power_module.v:3]
INFO: [Synth 8-6157] synthesizing module 'trigo_module' [C:/Users/rkoh2/OneDrive/Desktop/Personal/EE2026_Final_2/S3_09_RYAN KOH_SEAN LEE_YAO XIANG_YI YANG_Archive.xpr/forryannyy/forryannyy.srcs/sources_1/imports/new/trigo_module.v:3]
	Parameter IDLE bound to: 2'b00 
	Parameter COMPUTE_CORDIC bound to: 2'b01 
	Parameter COMPUTE_TAN bound to: 2'b10 
	Parameter DONE bound to: 2'b11 
	Parameter overflow_threshold bound to: 25'sb0000000001001011000000000 
INFO: [Synth 8-6157] synthesizing module 'angle_preprocessor' [C:/Users/rkoh2/OneDrive/Desktop/Personal/EE2026_Final_2/S3_09_RYAN KOH_SEAN LEE_YAO XIANG_YI YANG_Archive.xpr/forryannyy/forryannyy.srcs/sources_1/imports/new/trigo_module.v:128]
	Parameter PI bound to: 25'sb0001100100100001111110111 
	Parameter PI_2 bound to: 25'sb0000110010010000111111011 
	Parameter TWO_PI bound to: 25'sb0011001001000011111101101 
	Parameter TWO_PI_16_8 bound to: 25'sb0000000000000011001001000 
INFO: [Synth 8-6155] done synthesizing module 'angle_preprocessor' (46#1) [C:/Users/rkoh2/OneDrive/Desktop/Personal/EE2026_Final_2/S3_09_RYAN KOH_SEAN LEE_YAO XIANG_YI YANG_Archive.xpr/forryannyy/forryannyy.srcs/sources_1/imports/new/trigo_module.v:128]
INFO: [Synth 8-6157] synthesizing module 'CORDIC_trigo_module' [C:/Users/rkoh2/OneDrive/Desktop/Personal/EE2026_Final_2/S3_09_RYAN KOH_SEAN LEE_YAO XIANG_YI YANG_Archive.xpr/forryannyy/forryannyy.srcs/sources_1/imports/new/trigo_module.v:168]
	Parameter K_FACTOR_4_20 bound to: 25'sb0000010011011011101001110 
	Parameter ITER bound to: 16 - type: integer 
	Parameter SETUP bound to: 2'b00 
	Parameter COMPUTE bound to: 2'b01 
	Parameter ADJUST bound to: 2'b10 
	Parameter DONE_STATE bound to: 2'b11 
WARNING: [Synth 8-6014] Unused sequential element x_next_reg was removed.  [C:/Users/rkoh2/OneDrive/Desktop/Personal/EE2026_Final_2/S3_09_RYAN KOH_SEAN LEE_YAO XIANG_YI YANG_Archive.xpr/forryannyy/forryannyy.srcs/sources_1/imports/new/trigo_module.v:233]
WARNING: [Synth 8-6014] Unused sequential element y_next_reg was removed.  [C:/Users/rkoh2/OneDrive/Desktop/Personal/EE2026_Final_2/S3_09_RYAN KOH_SEAN LEE_YAO XIANG_YI YANG_Archive.xpr/forryannyy/forryannyy.srcs/sources_1/imports/new/trigo_module.v:234]
WARNING: [Synth 8-6014] Unused sequential element z_next_reg was removed.  [C:/Users/rkoh2/OneDrive/Desktop/Personal/EE2026_Final_2/S3_09_RYAN KOH_SEAN LEE_YAO XIANG_YI YANG_Archive.xpr/forryannyy/forryannyy.srcs/sources_1/imports/new/trigo_module.v:235]
WARNING: [Synth 8-5788] Register x_reg in module CORDIC_trigo_module is has both Set and reset with same priority. This may cause simulation mismatches. Consider rewriting code  [C:/Users/rkoh2/OneDrive/Desktop/Personal/EE2026_Final_2/S3_09_RYAN KOH_SEAN LEE_YAO XIANG_YI YANG_Archive.xpr/forryannyy/forryannyy.srcs/sources_1/imports/new/trigo_module.v:224]
WARNING: [Synth 8-5788] Register y_reg in module CORDIC_trigo_module is has both Set and reset with same priority. This may cause simulation mismatches. Consider rewriting code  [C:/Users/rkoh2/OneDrive/Desktop/Personal/EE2026_Final_2/S3_09_RYAN KOH_SEAN LEE_YAO XIANG_YI YANG_Archive.xpr/forryannyy/forryannyy.srcs/sources_1/imports/new/trigo_module.v:225]
WARNING: [Synth 8-5788] Register z_reg in module CORDIC_trigo_module is has both Set and reset with same priority. This may cause simulation mismatches. Consider rewriting code  [C:/Users/rkoh2/OneDrive/Desktop/Personal/EE2026_Final_2/S3_09_RYAN KOH_SEAN LEE_YAO XIANG_YI YANG_Archive.xpr/forryannyy/forryannyy.srcs/sources_1/imports/new/trigo_module.v:226]
WARNING: [Synth 8-5788] Register sin_out_reg in module CORDIC_trigo_module is has both Set and reset with same priority. This may cause simulation mismatches. Consider rewriting code  [C:/Users/rkoh2/OneDrive/Desktop/Personal/EE2026_Final_2/S3_09_RYAN KOH_SEAN LEE_YAO XIANG_YI YANG_Archive.xpr/forryannyy/forryannyy.srcs/sources_1/imports/new/trigo_module.v:254]
WARNING: [Synth 8-5788] Register cos_out_reg in module CORDIC_trigo_module is has both Set and reset with same priority. This may cause simulation mismatches. Consider rewriting code  [C:/Users/rkoh2/OneDrive/Desktop/Personal/EE2026_Final_2/S3_09_RYAN KOH_SEAN LEE_YAO XIANG_YI YANG_Archive.xpr/forryannyy/forryannyy.srcs/sources_1/imports/new/trigo_module.v:255]
INFO: [Synth 8-6155] done synthesizing module 'CORDIC_trigo_module' (47#1) [C:/Users/rkoh2/OneDrive/Desktop/Personal/EE2026_Final_2/S3_09_RYAN KOH_SEAN LEE_YAO XIANG_YI YANG_Archive.xpr/forryannyy/forryannyy.srcs/sources_1/imports/new/trigo_module.v:168]
INFO: [Synth 8-6155] done synthesizing module 'trigo_module' (48#1) [C:/Users/rkoh2/OneDrive/Desktop/Personal/EE2026_Final_2/S3_09_RYAN KOH_SEAN LEE_YAO XIANG_YI YANG_Archive.xpr/forryannyy/forryannyy.srcs/sources_1/imports/new/trigo_module.v:3]
INFO: [Synth 8-6155] done synthesizing module 'team_alu_bridge' (49#1) [C:/Users/rkoh2/OneDrive/Desktop/Personal/EE2026_Final_2/S3_09_RYAN KOH_SEAN LEE_YAO XIANG_YI YANG_Archive.xpr/forryannyy/forryannyy.srcs/sources_1/new/team_alu_bridge.v:4]
INFO: [Synth 8-6155] done synthesizing module 'expr_execute_no_check' (50#1) [C:/Users/rkoh2/OneDrive/Desktop/Personal/EE2026_Final_2/S3_09_RYAN KOH_SEAN LEE_YAO XIANG_YI YANG_Archive.xpr/forryannyy/forryannyy.srcs/sources_1/new/expr_execute_no_check.v:6]
INFO: [Synth 8-6157] synthesizing module 'sevenseg_driver' [C:/Users/rkoh2/OneDrive/Desktop/Personal/EE2026_Final_2/S3_09_RYAN KOH_SEAN LEE_YAO XIANG_YI YANG_Archive.xpr/forryannyy/forryannyy.srcs/sources_1/new/sevenseg_driver.v:3]
INFO: [Synth 8-226] default block is never used [C:/Users/rkoh2/OneDrive/Desktop/Personal/EE2026_Final_2/S3_09_RYAN KOH_SEAN LEE_YAO XIANG_YI YANG_Archive.xpr/forryannyy/forryannyy.srcs/sources_1/new/sevenseg_driver.v:33]
INFO: [Synth 8-226] default block is never used [C:/Users/rkoh2/OneDrive/Desktop/Personal/EE2026_Final_2/S3_09_RYAN KOH_SEAN LEE_YAO XIANG_YI YANG_Archive.xpr/forryannyy/forryannyy.srcs/sources_1/new/sevenseg_driver.v:83]
INFO: [Synth 8-226] default block is never used [C:/Users/rkoh2/OneDrive/Desktop/Personal/EE2026_Final_2/S3_09_RYAN KOH_SEAN LEE_YAO XIANG_YI YANG_Archive.xpr/forryannyy/forryannyy.srcs/sources_1/new/sevenseg_driver.v:53]
INFO: [Synth 8-6155] done synthesizing module 'sevenseg_driver' (51#1) [C:/Users/rkoh2/OneDrive/Desktop/Personal/EE2026_Final_2/S3_09_RYAN KOH_SEAN LEE_YAO XIANG_YI YANG_Archive.xpr/forryannyy/forryannyy.srcs/sources_1/new/sevenseg_driver.v:3]
INFO: [Synth 8-6157] synthesizing module 'calculator_mode_output_drawer' [C:/Users/rkoh2/OneDrive/Desktop/Personal/EE2026_Final_2/S3_09_RYAN KOH_SEAN LEE_YAO XIANG_YI YANG_Archive.xpr/forryannyy/forryannyy.srcs/sources_1/new/calculator_mode_output_drawer.v:9]
	Parameter MODE_CALCULATOR bound to: 2'b10 
	Parameter FONT_WIDTH bound to: 8 - type: integer 
	Parameter FONT_HEIGHT bound to: 8 - type: integer 
	Parameter TEXT_COLOR bound to: 12'b111111111111 
	Parameter BG_COLOR bound to: 12'b000000000000 
	Parameter INPUT_BOX_Y_START bound to: 140 - type: integer 
	Parameter INPUT_BOX_Y_END bound to: 180 - type: integer 
	Parameter INPUT_BOX_X_START bound to: 10 - type: integer 
	Parameter INPUT_BOX_X_END bound to: 630 - type: integer 
	Parameter INPUT_TEXT_START_X bound to: 15 - type: integer 
	Parameter INPUT_TEXT_START_Y bound to: 156 - type: integer 
	Parameter RESET_MSG_LEN bound to: 17 - type: integer 
	Parameter RESET_MSG_WIDTH bound to: 136 - type: integer 
	Parameter RESET_MSG_X bound to: 252 - type: integer 
	Parameter RESET_MSG_Y bound to: 156 - type: integer 
	Parameter ANSWER_LABEL_Y bound to: 305 - type: integer 
	Parameter OUTPUT_BOX_Y_START bound to: 320 - type: integer 
	Parameter OUTPUT_BOX_Y_END bound to: 360 - type: integer 
	Parameter OUTPUT_BOX_X_START bound to: 10 - type: integer 
	Parameter OUTPUT_BOX_X_END bound to: 630 - type: integer 
	Parameter OUTPUT_TEXT_START_X bound to: 240 - type: integer 
	Parameter OUTPUT_TEXT_START_Y bound to: 336 - type: integer 
	Parameter MAX_DIGITS bound to: 12 - type: integer 
	Parameter ANSWER_LABEL_X bound to: 15 - type: integer 
WARNING: [Synth 8-6014] Unused sequential element output_char_index_reg_reg was removed.  [C:/Users/rkoh2/OneDrive/Desktop/Personal/EE2026_Final_2/S3_09_RYAN KOH_SEAN LEE_YAO XIANG_YI YANG_Archive.xpr/forryannyy/forryannyy.srcs/sources_1/new/calculator_mode_output_drawer.v:512]
INFO: [Synth 8-6155] done synthesizing module 'calculator_mode_output_drawer' (52#1) [C:/Users/rkoh2/OneDrive/Desktop/Personal/EE2026_Final_2/S3_09_RYAN KOH_SEAN LEE_YAO XIANG_YI YANG_Archive.xpr/forryannyy/forryannyy.srcs/sources_1/new/calculator_mode_output_drawer.v:9]
WARNING: [Synth 8-6014] Unused sequential element eh_err_pos_l_reg was removed.  [C:/Users/rkoh2/OneDrive/Desktop/Personal/EE2026_Final_2/S3_09_RYAN KOH_SEAN LEE_YAO XIANG_YI YANG_Archive.xpr/forryannyy/forryannyy.srcs/sources_1/new/calc_mode_top.v:127]
INFO: [Synth 8-6155] done synthesizing module 'calc_mode_top' (53#1) [C:/Users/rkoh2/OneDrive/Desktop/Personal/EE2026_Final_2/S3_09_RYAN KOH_SEAN LEE_YAO XIANG_YI YANG_Archive.xpr/forryannyy/forryannyy.srcs/sources_1/new/calc_mode_top.v:3]
INFO: [Synth 8-6155] done synthesizing module 'Top_Student' (54#1) [C:/Users/rkoh2/OneDrive/Desktop/Personal/EE2026_Final_2/S3_09_RYAN KOH_SEAN LEE_YAO XIANG_YI YANG_Archive.xpr/forryannyy/forryannyy.srcs/sources_1/new/Top_Student.v:3]
WARNING: [Synth 8-3331] design expr_execute_no_check has unconnected port chk_done
WARNING: [Synth 8-3331] design expr_execute_no_check has unconnected port chk_err_any
WARNING: [Synth 8-3331] design calc_mode_top has unconnected port led[13]
WARNING: [Synth 8-3331] design calc_mode_top has unconnected port led[12]
WARNING: [Synth 8-3331] design calc_mode_top has unconnected port led[11]
WARNING: [Synth 8-3331] design calc_mode_top has unconnected port led[10]
WARNING: [Synth 8-3331] design calc_mode_top has unconnected port led[4]
WARNING: [Synth 8-3331] design calc_mode_top has unconnected port led[3]
WARNING: [Synth 8-3331] design calc_mode_top has unconnected port led[2]
WARNING: [Synth 8-3331] design calc_mode_top has unconnected port led[1]
WARNING: [Synth 8-3331] design calc_mode_top has unconnected port led[0]
WARNING: [Synth 8-3331] design calc_mode_top has unconnected port input_system_enable
WARNING: [Synth 8-3331] design calc_mode_top has unconnected port jc_pixel_index[12]
WARNING: [Synth 8-3331] design calc_mode_top has unconnected port jc_pixel_index[11]
WARNING: [Synth 8-3331] design calc_mode_top has unconnected port jc_pixel_index[10]
WARNING: [Synth 8-3331] design calc_mode_top has unconnected port jc_pixel_index[9]
WARNING: [Synth 8-3331] design calc_mode_top has unconnected port jc_pixel_index[8]
WARNING: [Synth 8-3331] design calc_mode_top has unconnected port jc_pixel_index[7]
WARNING: [Synth 8-3331] design calc_mode_top has unconnected port jc_pixel_index[6]
WARNING: [Synth 8-3331] design calc_mode_top has unconnected port jc_pixel_index[5]
WARNING: [Synth 8-3331] design calc_mode_top has unconnected port jc_pixel_index[4]
WARNING: [Synth 8-3331] design calc_mode_top has unconnected port jc_pixel_index[3]
WARNING: [Synth 8-3331] design calc_mode_top has unconnected port jc_pixel_index[2]
WARNING: [Synth 8-3331] design calc_mode_top has unconnected port jc_pixel_index[1]
WARNING: [Synth 8-3331] design calc_mode_top has unconnected port jc_pixel_index[0]
WARNING: [Synth 8-3331] design calc_mode_top has unconnected port sw[15]
WARNING: [Synth 8-3331] design calc_mode_top has unconnected port sw[14]
WARNING: [Synth 8-3331] design calc_mode_top has unconnected port sw[13]
WARNING: [Synth 8-3331] design calc_mode_top has unconnected port sw[12]
WARNING: [Synth 8-3331] design calc_mode_top has unconnected port sw[11]
WARNING: [Synth 8-3331] design calc_mode_top has unconnected port sw[10]
WARNING: [Synth 8-3331] design calc_mode_top has unconnected port sw[9]
WARNING: [Synth 8-3331] design calc_mode_top has unconnected port sw[8]
WARNING: [Synth 8-3331] design calc_mode_top has unconnected port sw[7]
WARNING: [Synth 8-3331] design calc_mode_top has unconnected port sw[6]
WARNING: [Synth 8-3331] design calc_mode_top has unconnected port sw[5]
WARNING: [Synth 8-3331] design calc_mode_top has unconnected port sw[4]
WARNING: [Synth 8-3331] design calc_mode_top has unconnected port sw[3]
WARNING: [Synth 8-3331] design calc_mode_top has unconnected port sw[2]
WARNING: [Synth 8-3331] design calc_mode_top has unconnected port sw[1]
WARNING: [Synth 8-3331] design calc_mode_top has unconnected port sw[0]
WARNING: [Synth 8-3331] design draw_parameter_line__parameterized2 has unconnected port is_active
WARNING: [Synth 8-3331] design draw_parameter_line__parameterized1 has unconnected port is_active
WARNING: [Synth 8-3331] design draw_parameter_line__parameterized0 has unconnected port is_active
WARNING: [Synth 8-3331] design draw_parameter_line has unconnected port is_active
WARNING: [Synth 8-3331] design grapher_module_slim has unconnected port sw[15]
WARNING: [Synth 8-3331] design grapher_module_slim has unconnected port sw[13]
WARNING: [Synth 8-3331] design grapher_module_slim has unconnected port sw[12]
WARNING: [Synth 8-3331] design grapher_module_slim has unconnected port sw[11]
WARNING: [Synth 8-3331] design grapher_module_slim has unconnected port sw[10]
WARNING: [Synth 8-3331] design grapher_module_slim has unconnected port sw[9]
WARNING: [Synth 8-3331] design grapher_module_slim has unconnected port sw[8]
WARNING: [Synth 8-3331] design grapher_module_slim has unconnected port sw[7]
WARNING: [Synth 8-3331] design grapher_module_slim has unconnected port sw[6]
WARNING: [Synth 8-3331] design grapher_module_slim has unconnected port sw[5]
WARNING: [Synth 8-3331] design grapher_module_slim has unconnected port sw[4]
WARNING: [Synth 8-3331] design grapher_module_slim has unconnected port sw[1]
WARNING: [Synth 8-3331] design grapher_module_slim has unconnected port sw[0]
WARNING: [Synth 8-3331] design welcome_drawer_vga has unconnected port btn[3]
WARNING: [Synth 8-3331] design welcome_drawer_vga has unconnected port btn[2]
WARNING: [Synth 8-3331] design welcome_drawer_oled has unconnected port pixel_index[12]
WARNING: [Synth 8-3331] design welcome_drawer_oled has unconnected port pixel_index[11]
WARNING: [Synth 8-3331] design welcome_drawer_oled has unconnected port pixel_index[10]
WARNING: [Synth 8-3331] design welcome_drawer_oled has unconnected port pixel_index[9]
WARNING: [Synth 8-3331] design welcome_drawer_oled has unconnected port pixel_index[8]
WARNING: [Synth 8-3331] design welcome_drawer_oled has unconnected port pixel_index[7]
WARNING: [Synth 8-3331] design welcome_drawer_oled has unconnected port pixel_index[6]
WARNING: [Synth 8-3331] design welcome_drawer_oled has unconnected port pixel_index[5]
WARNING: [Synth 8-3331] design welcome_drawer_oled has unconnected port pixel_index[4]
WARNING: [Synth 8-3331] design welcome_drawer_oled has unconnected port pixel_index[3]
WARNING: [Synth 8-3331] design welcome_drawer_oled has unconnected port pixel_index[2]
WARNING: [Synth 8-3331] design welcome_drawer_oled has unconnected port pixel_index[1]
WARNING: [Synth 8-3331] design welcome_drawer_oled has unconnected port pixel_index[0]
WARNING: [Synth 8-3331] design welcome_mode_module has unconnected port sw[15]
WARNING: [Synth 8-3331] design welcome_mode_module has unconnected port sw[14]
WARNING: [Synth 8-3331] design welcome_mode_module has unconnected port sw[13]
WARNING: [Synth 8-3331] design welcome_mode_module has unconnected port sw[12]
WARNING: [Synth 8-3331] design welcome_mode_module has unconnected port sw[11]
WARNING: [Synth 8-3331] design welcome_mode_module has unconnected port sw[10]
WARNING: [Synth 8-3331] design welcome_mode_module has unconnected port sw[9]
WARNING: [Synth 8-3331] design welcome_mode_module has unconnected port sw[8]
WARNING: [Synth 8-3331] design welcome_mode_module has unconnected port sw[7]
WARNING: [Synth 8-3331] design welcome_mode_module has unconnected port sw[6]
WARNING: [Synth 8-3331] design welcome_mode_module has unconnected port sw[5]
WARNING: [Synth 8-3331] design welcome_mode_module has unconnected port sw[4]
WARNING: [Synth 8-3331] design welcome_mode_module has unconnected port sw[3]
WARNING: [Synth 8-3331] design welcome_mode_module has unconnected port sw[2]
WARNING: [Synth 8-3331] design welcome_mode_module has unconnected port sw[1]
WARNING: [Synth 8-3331] design welcome_mode_module has unconnected port sw[0]
WARNING: [Synth 8-3331] design shared_equation_buffer has unconnected port grapher_submode
WARNING: [Synth 8-3331] design oled_keypad has unconnected port shared_symbol_count[3]
WARNING: [Synth 8-3331] design oled_keypad has unconnected port shared_symbol_count[2]
WARNING: [Synth 8-3331] design oled_keypad has unconnected port shared_symbol_count[1]
WARNING: [Synth 8-3331] design oled_keypad has unconnected port shared_symbol_count[0]
WARNING: [Synth 8-3331] design display_handler has unconnected port JB[2]
WARNING: [Synth 8-3331] design Top_Student has unconnected port PS2Clk
WARNING: [Synth 8-3331] design Top_Student has unconnected port PS2Data
---------------------------------------------------------------------------------
Finished RTL Elaboration : Time (s): cpu = 00:00:07 ; elapsed = 00:00:08 . Memory (MB): peak = 572.715 ; gain = 286.918
---------------------------------------------------------------------------------

Report Check Netlist: 
+------+------------------+-------+---------+-------+------------------+
|      |Item              |Errors |Warnings |Status |Description       |
+------+------------------+-------+---------+-------+------------------+
|1     |multi_driven_nets |      0|        0|Passed |Multi driven nets |
+------+------------------+-------+---------+-------+------------------+
WARNING: [Synth 8-3295] tying undriven pin oled_display_inst:reset to constant 0 [C:/Users/rkoh2/OneDrive/Desktop/Personal/EE2026_Final_2/S3_09_RYAN KOH_SEAN LEE_YAO XIANG_YI YANG_Archive.xpr/forryannyy/forryannyy.srcs/sources_1/new/display_handler.v:22]
WARNING: [Synth 8-3295] tying undriven pin graph_renderer_inst:reset to constant 0 [C:/Users/rkoh2/OneDrive/Desktop/Personal/EE2026_Final_2/S3_09_RYAN KOH_SEAN LEE_YAO XIANG_YI YANG_Archive.xpr/forryannyy/forryannyy.srcs/sources_1/new/grapher_mode.v:314]
WARNING: [Synth 8-3295] tying undriven pin shared_keypad_inst:vga_buffer_full to constant 0 [C:/Users/rkoh2/OneDrive/Desktop/Personal/EE2026_Final_2/S3_09_RYAN KOH_SEAN LEE_YAO XIANG_YI YANG_Archive.xpr/forryannyy/forryannyy.srcs/sources_1/new/Top_Student.v:195]
---------------------------------------------------------------------------------
Start Handling Custom Attributes
---------------------------------------------------------------------------------
---------------------------------------------------------------------------------
Finished Handling Custom Attributes : Time (s): cpu = 00:00:09 ; elapsed = 00:00:10 . Memory (MB): peak = 572.715 ; gain = 286.918
---------------------------------------------------------------------------------
---------------------------------------------------------------------------------
Finished RTL Optimization Phase 1 : Time (s): cpu = 00:00:09 ; elapsed = 00:00:10 . Memory (MB): peak = 572.715 ; gain = 286.918
---------------------------------------------------------------------------------
INFO: [Device 21-403] Loading part xc7a35tcpg236-1
INFO: [Project 1-570] Preparing netlist for logic optimization

Processing XDC Constraints
Initializing timing engine
Parsing XDC File [c:/Users/rkoh2/OneDrive/Desktop/Personal/EE2026_Final_2/S3_09_RYAN KOH_SEAN LEE_YAO XIANG_YI YANG_Archive.xpr/forryannyy/forryannyy.srcs/sources_1/ip/blk_mem_gen_font/blk_mem_gen_font/blk_mem_gen_font_in_context.xdc] for cell 'shared_keypad_inst/font_rom'
Finished Parsing XDC File [c:/Users/rkoh2/OneDrive/Desktop/Personal/EE2026_Final_2/S3_09_RYAN KOH_SEAN LEE_YAO XIANG_YI YANG_Archive.xpr/forryannyy/forryannyy.srcs/sources_1/ip/blk_mem_gen_font/blk_mem_gen_font/blk_mem_gen_font_in_context.xdc] for cell 'shared_keypad_inst/font_rom'
Parsing XDC File [c:/Users/rkoh2/OneDrive/Desktop/Personal/EE2026_Final_2/S3_09_RYAN KOH_SEAN LEE_YAO XIANG_YI YANG_Archive.xpr/forryannyy/forryannyy.srcs/sources_1/ip/blk_mem_gen_font/blk_mem_gen_font/blk_mem_gen_font_in_context.xdc] for cell 'welcome_mode_module_inst/welcome_drawer_vga_inst/font_rom_inst'
Finished Parsing XDC File [c:/Users/rkoh2/OneDrive/Desktop/Personal/EE2026_Final_2/S3_09_RYAN KOH_SEAN LEE_YAO XIANG_YI YANG_Archive.xpr/forryannyy/forryannyy.srcs/sources_1/ip/blk_mem_gen_font/blk_mem_gen_font/blk_mem_gen_font_in_context.xdc] for cell 'welcome_mode_module_inst/welcome_drawer_vga_inst/font_rom_inst'
Parsing XDC File [c:/Users/rkoh2/OneDrive/Desktop/Personal/EE2026_Final_2/S3_09_RYAN KOH_SEAN LEE_YAO XIANG_YI YANG_Archive.xpr/forryannyy/forryannyy.srcs/sources_1/ip/blk_mem_gen_font/blk_mem_gen_font/blk_mem_gen_font_in_context.xdc] for cell 'grapher_module_inst/graph_type_selector_inst/font_rom_inst'
Finished Parsing XDC File [c:/Users/rkoh2/OneDrive/Desktop/Personal/EE2026_Final_2/S3_09_RYAN KOH_SEAN LEE_YAO XIANG_YI YANG_Archive.xpr/forryannyy/forryannyy.srcs/sources_1/ip/blk_mem_gen_font/blk_mem_gen_font/blk_mem_gen_font_in_context.xdc] for cell 'grapher_module_inst/graph_type_selector_inst/font_rom_inst'
Parsing XDC File [c:/Users/rkoh2/OneDrive/Desktop/Personal/EE2026_Final_2/S3_09_RYAN KOH_SEAN LEE_YAO XIANG_YI YANG_Archive.xpr/forryannyy/forryannyy.srcs/sources_1/ip/blk_mem_gen_font/blk_mem_gen_font/blk_mem_gen_font_in_context.xdc] for cell 'calc_mode_top_inst/vga_drawer/reset_font_rom'
Finished Parsing XDC File [c:/Users/rkoh2/OneDrive/Desktop/Personal/EE2026_Final_2/S3_09_RYAN KOH_SEAN LEE_YAO XIANG_YI YANG_Archive.xpr/forryannyy/forryannyy.srcs/sources_1/ip/blk_mem_gen_font/blk_mem_gen_font/blk_mem_gen_font_in_context.xdc] for cell 'calc_mode_top_inst/vga_drawer/reset_font_rom'
Parsing XDC File [c:/Users/rkoh2/OneDrive/Desktop/Personal/EE2026_Final_2/S3_09_RYAN KOH_SEAN LEE_YAO XIANG_YI YANG_Archive.xpr/forryannyy/forryannyy.srcs/sources_1/ip/blk_mem_gen_font/blk_mem_gen_font/blk_mem_gen_font_in_context.xdc] for cell 'calc_mode_top_inst/vga_drawer/input_font_rom'
Finished Parsing XDC File [c:/Users/rkoh2/OneDrive/Desktop/Personal/EE2026_Final_2/S3_09_RYAN KOH_SEAN LEE_YAO XIANG_YI YANG_Archive.xpr/forryannyy/forryannyy.srcs/sources_1/ip/blk_mem_gen_font/blk_mem_gen_font/blk_mem_gen_font_in_context.xdc] for cell 'calc_mode_top_inst/vga_drawer/input_font_rom'
Parsing XDC File [c:/Users/rkoh2/OneDrive/Desktop/Personal/EE2026_Final_2/S3_09_RYAN KOH_SEAN LEE_YAO XIANG_YI YANG_Archive.xpr/forryannyy/forryannyy.srcs/sources_1/ip/blk_mem_gen_font/blk_mem_gen_font/blk_mem_gen_font_in_context.xdc] for cell 'calc_mode_top_inst/vga_drawer/output_font_rom'
Finished Parsing XDC File [c:/Users/rkoh2/OneDrive/Desktop/Personal/EE2026_Final_2/S3_09_RYAN KOH_SEAN LEE_YAO XIANG_YI YANG_Archive.xpr/forryannyy/forryannyy.srcs/sources_1/ip/blk_mem_gen_font/blk_mem_gen_font/blk_mem_gen_font_in_context.xdc] for cell 'calc_mode_top_inst/vga_drawer/output_font_rom'
Parsing XDC File [c:/Users/rkoh2/OneDrive/Desktop/Personal/EE2026_Final_2/S3_09_RYAN KOH_SEAN LEE_YAO XIANG_YI YANG_Archive.xpr/forryannyy/forryannyy.srcs/sources_1/ip/blk_mem_gen_font/blk_mem_gen_font/blk_mem_gen_font_in_context.xdc] for cell 'calc_mode_top_inst/vga_drawer/label_font_rom'
Finished Parsing XDC File [c:/Users/rkoh2/OneDrive/Desktop/Personal/EE2026_Final_2/S3_09_RYAN KOH_SEAN LEE_YAO XIANG_YI YANG_Archive.xpr/forryannyy/forryannyy.srcs/sources_1/ip/blk_mem_gen_font/blk_mem_gen_font/blk_mem_gen_font_in_context.xdc] for cell 'calc_mode_top_inst/vga_drawer/label_font_rom'
Parsing XDC File [c:/Users/rkoh2/OneDrive/Desktop/Personal/EE2026_Final_2/S3_09_RYAN KOH_SEAN LEE_YAO XIANG_YI YANG_Archive.xpr/forryannyy/forryannyy.srcs/sources_1/ip/blk_mem_gen_pow2/blk_mem_gen_pow2/blk_mem_gen_pow2_in_context.xdc] for cell 'calc_mode_top_inst/u_exec/u_alu/u_pow/pow2_inst/pow2_rom'
Finished Parsing XDC File [c:/Users/rkoh2/OneDrive/Desktop/Personal/EE2026_Final_2/S3_09_RYAN KOH_SEAN LEE_YAO XIANG_YI YANG_Archive.xpr/forryannyy/forryannyy.srcs/sources_1/ip/blk_mem_gen_pow2/blk_mem_gen_pow2/blk_mem_gen_pow2_in_context.xdc] for cell 'calc_mode_top_inst/u_exec/u_alu/u_pow/pow2_inst/pow2_rom'
Parsing XDC File [c:/Users/rkoh2/OneDrive/Desktop/Personal/EE2026_Final_2/S3_09_RYAN KOH_SEAN LEE_YAO XIANG_YI YANG_Archive.xpr/forryannyy/forryannyy.srcs/sources_1/ip/blk_mem_gen_log2_12bit/blk_mem_gen_log2_12bit/blk_mem_gen_log2_12bit_in_context.xdc] for cell 'calc_mode_top_inst/u_exec/u_alu/u_pow/log2_inst/rom_inst'
Finished Parsing XDC File [c:/Users/rkoh2/OneDrive/Desktop/Personal/EE2026_Final_2/S3_09_RYAN KOH_SEAN LEE_YAO XIANG_YI YANG_Archive.xpr/forryannyy/forryannyy.srcs/sources_1/ip/blk_mem_gen_log2_12bit/blk_mem_gen_log2_12bit/blk_mem_gen_log2_12bit_in_context.xdc] for cell 'calc_mode_top_inst/u_exec/u_alu/u_pow/log2_inst/rom_inst'
Parsing XDC File [c:/Users/rkoh2/OneDrive/Desktop/Personal/EE2026_Final_2/S3_09_RYAN KOH_SEAN LEE_YAO XIANG_YI YANG_Archive.xpr/forryannyy/forryannyy.srcs/sources_1/ip/blk_mem_gen_log2_12bit/blk_mem_gen_log2_12bit/blk_mem_gen_log2_12bit_in_context.xdc] for cell 'calc_mode_top_inst/u_exec/u_alu/u_log/rom_inst'
Finished Parsing XDC File [c:/Users/rkoh2/OneDrive/Desktop/Personal/EE2026_Final_2/S3_09_RYAN KOH_SEAN LEE_YAO XIANG_YI YANG_Archive.xpr/forryannyy/forryannyy.srcs/sources_1/ip/blk_mem_gen_log2_12bit/blk_mem_gen_log2_12bit/blk_mem_gen_log2_12bit_in_context.xdc] for cell 'calc_mode_top_inst/u_exec/u_alu/u_log/rom_inst'
Parsing XDC File [C:/Users/rkoh2/OneDrive/Desktop/Personal/EE2026_Final_2/S3_09_RYAN KOH_SEAN LEE_YAO XIANG_YI YANG_Archive.xpr/forryannyy/forryannyy.srcs/constrs_1/new/my_constraints.xdc]
WARNING: [Vivado 12-584] No ports matched 'current_main_mode[0]'. [C:/Users/rkoh2/OneDrive/Desktop/Personal/EE2026_Final_2/S3_09_RYAN KOH_SEAN LEE_YAO XIANG_YI YANG_Archive.xpr/forryannyy/forryannyy.srcs/constrs_1/new/my_constraints.xdc:30]
WARNING: [Vivado 12-584] No ports matched 'current_main_mode[1]'. [C:/Users/rkoh2/OneDrive/Desktop/Personal/EE2026_Final_2/S3_09_RYAN KOH_SEAN LEE_YAO XIANG_YI YANG_Archive.xpr/forryannyy/forryannyy.srcs/constrs_1/new/my_constraints.xdc:31]
Finished Parsing XDC File [C:/Users/rkoh2/OneDrive/Desktop/Personal/EE2026_Final_2/S3_09_RYAN KOH_SEAN LEE_YAO XIANG_YI YANG_Archive.xpr/forryannyy/forryannyy.srcs/constrs_1/new/my_constraints.xdc]
WARNING: [Project 1-498] One or more constraints failed evaluation while reading constraint file [C:/Users/rkoh2/OneDrive/Desktop/Personal/EE2026_Final_2/S3_09_RYAN KOH_SEAN LEE_YAO XIANG_YI YANG_Archive.xpr/forryannyy/forryannyy.srcs/constrs_1/new/my_constraints.xdc] and the design contains unresolved black boxes. These constraints will be read post-synthesis (as long as their source constraint file is marked as used_in_implementation) and should be applied correctly then. You should review the constraints listed in the file [.Xil/Top_Student_propImpl.xdc] and check the run log file to verify that these constraints were correctly applied.
INFO: [Project 1-236] Implementation specific constraints were found while reading constraint file [C:/Users/rkoh2/OneDrive/Desktop/Personal/EE2026_Final_2/S3_09_RYAN KOH_SEAN LEE_YAO XIANG_YI YANG_Archive.xpr/forryannyy/forryannyy.srcs/constrs_1/new/my_constraints.xdc]. These constraints will be ignored for synthesis but will be used in implementation. Impacted constraints are listed in the file [.Xil/Top_Student_propImpl.xdc].
Resolution: To avoid this warning, move constraints listed in [.Xil/Top_Student_propImpl.xdc] to another XDC file and exclude this new file from synthesis with the used_in_synthesis property (File Properties dialog in GUI) and re-run elaboration/synthesis.
Completed Processing XDC Constraints

INFO: [Project 1-111] Unisim Transformation Summary:
No Unisim elements were transformed.

Constraint Validation Runtime : Time (s): cpu = 00:00:00 ; elapsed = 00:00:00.023 . Memory (MB): peak = 952.320 ; gain = 0.000
---------------------------------------------------------------------------------
Finished Constraint Validation : Time (s): cpu = 00:00:21 ; elapsed = 00:00:24 . Memory (MB): peak = 952.320 ; gain = 666.523
---------------------------------------------------------------------------------
---------------------------------------------------------------------------------
Start Loading Part and Timing Information
---------------------------------------------------------------------------------
Loading part: xc7a35tcpg236-1
---------------------------------------------------------------------------------
Finished Loading Part and Timing Information : Time (s): cpu = 00:00:21 ; elapsed = 00:00:24 . Memory (MB): peak = 952.320 ; gain = 666.523
---------------------------------------------------------------------------------
---------------------------------------------------------------------------------
Start Applying 'set_property' XDC Constraints
---------------------------------------------------------------------------------
Applied set_property DONT_TOUCH = true for shared_keypad_inst/font_rom. (constraint file  auto generated constraint, line ).
Applied set_property DONT_TOUCH = true for welcome_mode_module_inst/welcome_drawer_vga_inst/font_rom_inst. (constraint file  auto generated constraint, line ).
Applied set_property DONT_TOUCH = true for grapher_module_inst/graph_type_selector_inst/font_rom_inst. (constraint file  auto generated constraint, line ).
Applied set_property DONT_TOUCH = true for calc_mode_top_inst/vga_drawer/input_font_rom. (constraint file  auto generated constraint, line ).
Applied set_property DONT_TOUCH = true for calc_mode_top_inst/vga_drawer/label_font_rom. (constraint file  auto generated constraint, line ).
Applied set_property DONT_TOUCH = true for calc_mode_top_inst/vga_drawer/output_font_rom. (constraint file  auto generated constraint, line ).
Applied set_property DONT_TOUCH = true for calc_mode_top_inst/vga_drawer/reset_font_rom. (constraint file  auto generated constraint, line ).
Applied set_property DONT_TOUCH = true for calc_mode_top_inst/u_exec/u_alu/u_pow/pow2_inst/pow2_rom. (constraint file  auto generated constraint, line ).
Applied set_property DONT_TOUCH = true for calc_mode_top_inst/u_exec/u_alu/u_pow/log2_inst/rom_inst. (constraint file  auto generated constraint, line ).
Applied set_property DONT_TOUCH = true for calc_mode_top_inst/u_exec/u_alu/u_log/rom_inst. (constraint file  auto generated constraint, line ).
---------------------------------------------------------------------------------
Finished applying 'set_property' XDC Constraints : Time (s): cpu = 00:00:21 ; elapsed = 00:00:24 . Memory (MB): peak = 952.320 ; gain = 666.523
---------------------------------------------------------------------------------
INFO: [Synth 8-802] inferred FSM for state register 'state_reg' in module 'Oled_Display'
INFO: [Synth 8-5546] ROM "fsm_next_state0" won't be mapped to RAM because it is too sparse
INFO: [Synth 8-5544] ROM "fsm_next_state0" won't be mapped to Block RAM because address size (1) smaller than threshold (5)
INFO: [Synth 8-5546] ROM "fsm_next_state0" won't be mapped to RAM because it is too sparse
INFO: [Synth 8-5544] ROM "current_page" won't be mapped to Block RAM because address size (2) smaller than threshold (5)
INFO: [Synth 8-5544] ROM "current_page" won't be mapped to Block RAM because address size (3) smaller than threshold (5)
INFO: [Synth 8-5544] ROM "current_page" won't be mapped to Block RAM because address size (3) smaller than threshold (5)
INFO: [Synth 8-5587] ROM size for "key_code" is below threshold of ROM address width. It will be mapped to LUTs
INFO: [Synth 8-5544] ROM "selected_char" won't be mapped to Block RAM because address size (3) smaller than threshold (5)
INFO: [Synth 8-5544] ROM "selected_char" won't be mapped to Block RAM because address size (3) smaller than threshold (5)
INFO: [Synth 8-5544] ROM "selected_char" won't be mapped to Block RAM because address size (3) smaller than threshold (5)
INFO: [Synth 8-5544] ROM "selected_char" won't be mapped to Block RAM because address size (3) smaller than threshold (5)
INFO: [Synth 8-5544] ROM "current_page" won't be mapped to Block RAM because address size (2) smaller than threshold (5)
INFO: [Synth 8-5544] ROM "current_page" won't be mapped to Block RAM because address size (3) smaller than threshold (5)
INFO: [Synth 8-5544] ROM "current_page" won't be mapped to Block RAM because address size (3) smaller than threshold (5)
INFO: [Synth 8-5587] ROM size for "key_code" is below threshold of ROM address width. It will be mapped to LUTs
INFO: [Synth 8-5544] ROM "selected_char" won't be mapped to Block RAM because address size (3) smaller than threshold (5)
INFO: [Synth 8-5544] ROM "selected_char" won't be mapped to Block RAM because address size (3) smaller than threshold (5)
INFO: [Synth 8-5544] ROM "selected_char" won't be mapped to Block RAM because address size (3) smaller than threshold (5)
INFO: [Synth 8-5544] ROM "selected_char" won't be mapped to Block RAM because address size (3) smaller than threshold (5)
INFO: [Synth 8-5544] ROM "current_page" won't be mapped to Block RAM because address size (1) smaller than threshold (5)
INFO: [Synth 8-5544] ROM "current_page" won't be mapped to Block RAM because address size (1) smaller than threshold (5)
INFO: [Synth 8-5544] ROM "key_code" won't be mapped to Block RAM because address size (4) smaller than threshold (5)
INFO: [Synth 8-5544] ROM "key_code" won't be mapped to Block RAM because address size (1) smaller than threshold (5)
INFO: [Synth 8-5544] ROM "key_code" won't be mapped to Block RAM because address size (1) smaller than threshold (5)
INFO: [Synth 8-5544] ROM "cell_col_lut" won't be mapped to Block RAM because address size (1) smaller than threshold (5)
INFO: [Synth 8-5544] ROM "cell_row_lut" won't be mapped to Block RAM because address size (1) smaller than threshold (5)
INFO: [Synth 8-5544] ROM "page2_char_lengths" won't be mapped to Block RAM because address size (2) smaller than threshold (5)
INFO: [Synth 8-5544] ROM "page2_char_lengths" won't be mapped to Block RAM because address size (2) smaller than threshold (5)
INFO: [Synth 8-5544] ROM "cell_col_lut" won't be mapped to Block RAM because address size (1) smaller than threshold (5)
INFO: [Synth 8-5544] ROM "cell_row_lut" won't be mapped to Block RAM because address size (1) smaller than threshold (5)
INFO: [Synth 8-5544] ROM "selected_char" won't be mapped to Block RAM because address size (1) smaller than threshold (5)
INFO: [Synth 8-5544] ROM "page1_chars" won't be mapped to Block RAM because address size (2) smaller than threshold (5)
INFO: [Synth 8-5544] ROM "page1_chars" won't be mapped to Block RAM because address size (2) smaller than threshold (5)
INFO: [Synth 8-5544] ROM "page1_chars" won't be mapped to Block RAM because address size (2) smaller than threshold (5)
INFO: [Synth 8-5544] ROM "page1_chars" won't be mapped to Block RAM because address size (2) smaller than threshold (5)
INFO: [Synth 8-5544] ROM "page1_chars" won't be mapped to Block RAM because address size (2) smaller than threshold (5)
INFO: [Synth 8-5544] ROM "oled_data1" won't be mapped to Block RAM because address size (1) smaller than threshold (5)
INFO: [Synth 8-5544] ROM "shared_equation_length" won't be mapped to Block RAM because address size (3) smaller than threshold (5)
INFO: [Synth 8-5544] ROM "shared_equation_length" won't be mapped to Block RAM because address size (3) smaller than threshold (5)
INFO: [Synth 8-5544] ROM "write_state" won't be mapped to Block RAM because address size (3) smaller than threshold (5)
INFO: [Synth 8-5544] ROM "write_state" won't be mapped to Block RAM because address size (3) smaller than threshold (5)
INFO: [Synth 8-5544] ROM "shared_equation_length" won't be mapped to Block RAM because address size (3) smaller than threshold (5)
INFO: [Synth 8-5544] ROM "shared_equation_length" won't be mapped to Block RAM because address size (3) smaller than threshold (5)
INFO: [Synth 8-5544] ROM "write_state" won't be mapped to Block RAM because address size (3) smaller than threshold (5)
INFO: [Synth 8-5544] ROM "write_state" won't be mapped to Block RAM because address size (3) smaller than threshold (5)
INFO: [Synth 8-5544] ROM "write_state" won't be mapped to Block RAM because address size (1) smaller than threshold (5)
INFO: [Synth 8-5544] ROM "vga_x_d" won't be mapped to Block RAM because address size (2) smaller than threshold (5)
INFO: [Synth 8-5544] ROM "row_1_rom" won't be mapped to Block RAM because address size (3) smaller than threshold (5)
INFO: [Synth 8-5544] ROM "row_2_rom" won't be mapped to Block RAM because address size (4) smaller than threshold (5)
INFO: [Synth 8-5544] ROM "row_3_rom" won't be mapped to Block RAM because address size (4) smaller than threshold (5)
INFO: [Synth 8-5544] ROM "row_4_rom" won't be mapped to Block RAM because address size (3) smaller than threshold (5)
INFO: [Synth 8-5544] ROM "vga_x_d" won't be mapped to Block RAM because address size (2) smaller than threshold (5)
INFO: [Synth 8-5544] ROM "row_1_rom" won't be mapped to Block RAM because address size (3) smaller than threshold (5)
INFO: [Synth 8-5544] ROM "row_2_rom" won't be mapped to Block RAM because address size (4) smaller than threshold (5)
INFO: [Synth 8-5544] ROM "row_3_rom" won't be mapped to Block RAM because address size (4) smaller than threshold (5)
INFO: [Synth 8-5544] ROM "row_4_rom" won't be mapped to Block RAM because address size (3) smaller than threshold (5)
INFO: [Synth 8-5544] ROM "char_code_reg" won't be mapped to Block RAM because address size (1) smaller than threshold (5)
INFO: [Synth 8-5544] ROM "char_code_reg" won't be mapped to Block RAM because address size (1) smaller than threshold (5)
INFO: [Synth 8-5544] ROM "mode_target0" won't be mapped to Block RAM because address size (1) smaller than threshold (5)
INFO: [Synth 8-5544] ROM "mode_target0" won't be mapped to Block RAM because address size (1) smaller than threshold (5)
INFO: [Synth 8-5544] ROM "digit_regs_reg[0]" won't be mapped to Block RAM because address size (4) smaller than threshold (5)
INFO: [Synth 8-5544] ROM "digit_regs_reg[1]" won't be mapped to Block RAM because address size (4) smaller than threshold (5)
INFO: [Synth 8-5544] ROM "digit_regs_reg[2]" won't be mapped to Block RAM because address size (4) smaller than threshold (5)
INFO: [Synth 8-5544] ROM "digit_regs_reg[0]" won't be mapped to Block RAM because address size (4) smaller than threshold (5)
INFO: [Synth 8-5544] ROM "digit_regs_reg[1]" won't be mapped to Block RAM because address size (4) smaller than threshold (5)
INFO: [Synth 8-5544] ROM "digit_regs_reg[2]" won't be mapped to Block RAM because address size (4) smaller than threshold (5)
INFO: [Synth 8-5544] ROM "temp_error" won't be mapped to Block RAM because address size (1) smaller than threshold (5)
INFO: [Synth 8-5546] ROM "title_rom" won't be mapped to RAM because it is too sparse
INFO: [Synth 8-5544] ROM "linear_rom" won't be mapped to Block RAM because address size (3) smaller than threshold (5)
INFO: [Synth 8-5544] ROM "quadratic_rom" won't be mapped to Block RAM because address size (4) smaller than threshold (5)
INFO: [Synth 8-5544] ROM "cubic_rom" won't be mapped to Block RAM because address size (3) smaller than threshold (5)
INFO: [Synth 8-5544] ROM "sin_rom" won't be mapped to Block RAM because address size (2) smaller than threshold (5)
INFO: [Synth 8-5544] ROM "cos_rom" won't be mapped to Block RAM because address size (2) smaller than threshold (5)
INFO: [Synth 8-5544] ROM "tan_rom" won't be mapped to Block RAM because address size (2) smaller than threshold (5)
INFO: [Synth 8-5544] ROM "exp_rom" won't be mapped to Block RAM because address size (4) smaller than threshold (5)
INFO: [Synth 8-5544] ROM "ln_rom" won't be mapped to Block RAM because address size (4) smaller than threshold (5)
INFO: [Synth 8-5546] ROM "title_rom" won't be mapped to RAM because it is too sparse
INFO: [Synth 8-5544] ROM "linear_rom" won't be mapped to Block RAM because address size (3) smaller than threshold (5)
INFO: [Synth 8-5544] ROM "quadratic_rom" won't be mapped to Block RAM because address size (4) smaller than threshold (5)
INFO: [Synth 8-5544] ROM "cubic_rom" won't be mapped to Block RAM because address size (3) smaller than threshold (5)
INFO: [Synth 8-5544] ROM "sin_rom" won't be mapped to Block RAM because address size (2) smaller than threshold (5)
INFO: [Synth 8-5544] ROM "cos_rom" won't be mapped to Block RAM because address size (2) smaller than threshold (5)
INFO: [Synth 8-5544] ROM "tan_rom" won't be mapped to Block RAM because address size (2) smaller than threshold (5)
INFO: [Synth 8-5544] ROM "exp_rom" won't be mapped to Block RAM because address size (4) smaller than threshold (5)
INFO: [Synth 8-5544] ROM "ln_rom" won't be mapped to Block RAM because address size (4) smaller than threshold (5)
INFO: [Synth 8-5544] ROM "oled_data" won't be mapped to Block RAM because address size (4) smaller than threshold (5)
INFO: [Synth 8-5546] ROM "state" won't be mapped to RAM because it is too sparse
INFO: [Synth 8-5546] ROM "state" won't be mapped to RAM because it is too sparse
INFO: [Synth 8-5544] ROM "parsed_graph_type" won't be mapped to Block RAM because address size (2) smaller than threshold (5)
INFO: [Synth 8-5544] ROM "parsed_coeff_a" won't be mapped to Block RAM because address size (2) smaller than threshold (5)
INFO: [Synth 8-5546] ROM "parse_error" won't be mapped to RAM because it is too sparse
INFO: [Synth 8-5546] ROM "current_coeff" won't be mapped to RAM because it is too sparse
INFO: [Synth 8-5546] ROM "current_coeff" won't be mapped to RAM because it is too sparse
INFO: [Synth 8-5546] ROM "current_coeff" won't be mapped to RAM because it is too sparse
INFO: [Synth 8-5546] ROM "current_sign" won't be mapped to RAM because it is too sparse
INFO: [Synth 8-5546] ROM "current_power" won't be mapped to RAM because it is too sparse
INFO: [Synth 8-5546] ROM "has_coefficient" won't be mapped to RAM because it is too sparse
INFO: [Synth 8-5546] ROM "has_coefficient" won't be mapped to RAM because it is too sparse
INFO: [Synth 8-5546] ROM "detected_function" won't be mapped to RAM because it is too sparse
INFO: [Synth 8-5546] ROM "state" won't be mapped to RAM because it is too sparse
INFO: [Synth 8-5546] ROM "state" won't be mapped to RAM because it is too sparse
INFO: [Synth 8-5544] ROM "parsed_graph_type" won't be mapped to Block RAM because address size (2) smaller than threshold (5)
INFO: [Synth 8-5544] ROM "parsed_coeff_a" won't be mapped to Block RAM because address size (2) smaller than threshold (5)
INFO: [Synth 8-5546] ROM "parse_error" won't be mapped to RAM because it is too sparse
INFO: [Synth 8-5546] ROM "current_coeff" won't be mapped to RAM because it is too sparse
INFO: [Synth 8-5546] ROM "current_coeff" won't be mapped to RAM because it is too sparse
INFO: [Synth 8-5546] ROM "current_coeff" won't be mapped to RAM because it is too sparse
INFO: [Synth 8-5546] ROM "current_sign" won't be mapped to RAM because it is too sparse
INFO: [Synth 8-5546] ROM "current_power" won't be mapped to RAM because it is too sparse
INFO: [Synth 8-5546] ROM "has_coefficient" won't be mapped to RAM because it is too sparse
INFO: [Synth 8-5546] ROM "has_coefficient" won't be mapped to RAM because it is too sparse
INFO: [Synth 8-5546] ROM "detected_function" won't be mapped to RAM because it is too sparse
INFO: [Synth 8-5544] ROM "state" won't be mapped to Block RAM because address size (1) smaller than threshold (5)
INFO: [Synth 8-5544] ROM "state" won't be mapped to Block RAM because address size (1) smaller than threshold (5)
INFO: [Synth 8-5544] ROM "state" won't be mapped to Block RAM because address size (1) smaller than threshold (5)
INFO: [Synth 8-5544] ROM "state" won't be mapped to Block RAM because address size (1) smaller than threshold (5)
INFO: [Synth 8-5544] ROM "state" won't be mapped to Block RAM because address size (1) smaller than threshold (5)
INFO: [Synth 8-5544] ROM "state" won't be mapped to Block RAM because address size (1) smaller than threshold (5)
INFO: [Synth 8-5544] ROM "state" won't be mapped to Block RAM because address size (1) smaller than threshold (5)
INFO: [Synth 8-5544] ROM "state" won't be mapped to Block RAM because address size (1) smaller than threshold (5)
INFO: [Synth 8-5544] ROM "parse_error" won't be mapped to Block RAM because address size (1) smaller than threshold (5)
INFO: [Synth 8-5544] ROM "current_coeff" won't be mapped to Block RAM because address size (1) smaller than threshold (5)
INFO: [Synth 8-5544] ROM "current_coeff" won't be mapped to Block RAM because address size (1) smaller than threshold (5)
INFO: [Synth 8-5544] ROM "current_coeff" won't be mapped to Block RAM because address size (1) smaller than threshold (5)
INFO: [Synth 8-5544] ROM "current_coeff" won't be mapped to Block RAM because address size (1) smaller than threshold (5)
INFO: [Synth 8-5544] ROM "detected_function" won't be mapped to Block RAM because address size (1) smaller than threshold (5)
INFO: [Synth 8-4471] merging register 'current_param_index_reg[1:0]' into 'param_index_reg[1:0]' [C:/Users/rkoh2/OneDrive/Desktop/Personal/EE2026_Final_2/S3_09_RYAN KOH_SEAN LEE_YAO XIANG_YI YANG_Archive.xpr/forryannyy/forryannyy.srcs/sources_1/new/parameter_input.v:79]
WARNING: [Synth 8-6014] Unused sequential element current_param_index_reg was removed.  [C:/Users/rkoh2/OneDrive/Desktop/Personal/EE2026_Final_2/S3_09_RYAN KOH_SEAN LEE_YAO XIANG_YI YANG_Archive.xpr/forryannyy/forryannyy.srcs/sources_1/new/parameter_input.v:79]
INFO: [Synth 8-5818] HDL ADVISOR - The operator resource <adder> is shared. To prevent sharing consider applying a KEEP on the output of the operator [C:/Users/rkoh2/OneDrive/Desktop/Personal/EE2026_Final_2/S3_09_RYAN KOH_SEAN LEE_YAO XIANG_YI YANG_Archive.xpr/forryannyy/forryannyy.srcs/sources_1/new/quadratic_graph.v:463]
WARNING: [Synth 8-6014] Unused sequential element c_x_p4_reg was removed.  [C:/Users/rkoh2/OneDrive/Desktop/Personal/EE2026_Final_2/S3_09_RYAN KOH_SEAN LEE_YAO XIANG_YI YANG_Archive.xpr/forryannyy/forryannyy.srcs/sources_1/new/quadratic_graph.v:425]
WARNING: [Synth 8-6014] Unused sequential element b_p2_reg was removed.  [C:/Users/rkoh2/OneDrive/Desktop/Personal/EE2026_Final_2/S3_09_RYAN KOH_SEAN LEE_YAO XIANG_YI YANG_Archive.xpr/forryannyy/forryannyy.srcs/sources_1/new/quadratic_graph.v:384]
WARNING: [Synth 8-6014] Unused sequential element c_p2_reg was removed.  [C:/Users/rkoh2/OneDrive/Desktop/Personal/EE2026_Final_2/S3_09_RYAN KOH_SEAN LEE_YAO XIANG_YI YANG_Archive.xpr/forryannyy/forryannyy.srcs/sources_1/new/quadratic_graph.v:385]
WARNING: [Synth 8-6014] Unused sequential element x_squared_p3_reg was removed.  [C:/Users/rkoh2/OneDrive/Desktop/Personal/EE2026_Final_2/S3_09_RYAN KOH_SEAN LEE_YAO XIANG_YI YANG_Archive.xpr/forryannyy/forryannyy.srcs/sources_1/new/quadratic_graph.v:400]
WARNING: [Synth 8-6014] Unused sequential element b_p3_reg was removed.  [C:/Users/rkoh2/OneDrive/Desktop/Personal/EE2026_Final_2/S3_09_RYAN KOH_SEAN LEE_YAO XIANG_YI YANG_Archive.xpr/forryannyy/forryannyy.srcs/sources_1/new/quadratic_graph.v:407]
WARNING: [Synth 8-6014] Unused sequential element c_p3_reg was removed.  [C:/Users/rkoh2/OneDrive/Desktop/Personal/EE2026_Final_2/S3_09_RYAN KOH_SEAN LEE_YAO XIANG_YI YANG_Archive.xpr/forryannyy/forryannyy.srcs/sources_1/new/quadratic_graph.v:408]
WARNING: [Synth 8-6014] Unused sequential element d_p3_reg was removed.  [C:/Users/rkoh2/OneDrive/Desktop/Personal/EE2026_Final_2/S3_09_RYAN KOH_SEAN LEE_YAO XIANG_YI YANG_Archive.xpr/forryannyy/forryannyy.srcs/sources_1/new/quadratic_graph.v:409]
WARNING: [Synth 8-6014] Unused sequential element a_x_cubed_p4_reg was removed.  [C:/Users/rkoh2/OneDrive/Desktop/Personal/EE2026_Final_2/S3_09_RYAN KOH_SEAN LEE_YAO XIANG_YI YANG_Archive.xpr/forryannyy/forryannyy.srcs/sources_1/new/quadratic_graph.v:423]
WARNING: [Synth 8-6014] Unused sequential element d_scaled_p4_reg was removed.  [C:/Users/rkoh2/OneDrive/Desktop/Personal/EE2026_Final_2/S3_09_RYAN KOH_SEAN LEE_YAO XIANG_YI YANG_Archive.xpr/forryannyy/forryannyy.srcs/sources_1/new/quadratic_graph.v:426]
WARNING: [Synth 8-6014] Unused sequential element  was removed. 
WARNING: [Synth 8-6014] Unused sequential element  was removed.  [C:/Users/rkoh2/OneDrive/Desktop/Personal/EE2026_Final_2/S3_09_RYAN KOH_SEAN LEE_YAO XIANG_YI YANG_Archive.xpr/forryannyy/forryannyy.srcs/sources_1/new/quadratic_graph.v:448]
WARNING: [Synth 8-6014] Unused sequential element  was removed. 
WARNING: [Synth 8-6014] Unused sequential element  was removed.  [C:/Users/rkoh2/OneDrive/Desktop/Personal/EE2026_Final_2/S3_09_RYAN KOH_SEAN LEE_YAO XIANG_YI YANG_Archive.xpr/forryannyy/forryannyy.srcs/sources_1/new/quadratic_graph.v:448]
WARNING: [Synth 8-6014] Unused sequential element  was removed. 
WARNING: [Synth 8-6014] Unused sequential element x_p2_reg was removed.  [C:/Users/rkoh2/OneDrive/Desktop/Personal/EE2026_Final_2/S3_09_RYAN KOH_SEAN LEE_YAO XIANG_YI YANG_Archive.xpr/forryannyy/forryannyy.srcs/sources_1/new/quadratic_graph.v:378]
WARNING: [Synth 8-6014] Unused sequential element x_p3_reg was removed.  [C:/Users/rkoh2/OneDrive/Desktop/Personal/EE2026_Final_2/S3_09_RYAN KOH_SEAN LEE_YAO XIANG_YI YANG_Archive.xpr/forryannyy/forryannyy.srcs/sources_1/new/quadratic_graph.v:401]
INFO: [Synth 8-5818] HDL ADVISOR - The operator resource <adder> is shared. To prevent sharing consider applying a KEEP on the output of the operator [C:/Users/rkoh2/OneDrive/Desktop/Personal/EE2026_Final_2/S3_09_RYAN KOH_SEAN LEE_YAO XIANG_YI YANG_Archive.xpr/forryannyy/forryannyy.srcs/sources_1/new/quadratic_graph.v:629]
INFO: [Synth 8-5547] Trying to map ROM "sin_rom" into Block RAM due to explicit "ram_style" or "rom_style" specification
WARNING: [Synth 8-6014] Unused sequential element rom_addr_p1_reg was removed.  [C:/Users/rkoh2/OneDrive/Desktop/Personal/EE2026_Final_2/S3_09_RYAN KOH_SEAN LEE_YAO XIANG_YI YANG_Archive.xpr/forryannyy/forryannyy.srcs/sources_1/new/quadratic_graph.v:551]
WARNING: [Synth 8-6014] Unused sequential element y_math_p2_reg was removed.  [C:/Users/rkoh2/OneDrive/Desktop/Personal/EE2026_Final_2/S3_09_RYAN KOH_SEAN LEE_YAO XIANG_YI YANG_Archive.xpr/forryannyy/forryannyy.srcs/sources_1/new/quadratic_graph.v:565]
INFO: [Synth 8-5818] HDL ADVISOR - The operator resource <adder> is shared. To prevent sharing consider applying a KEEP on the output of the operator [C:/Users/rkoh2/OneDrive/Desktop/Personal/EE2026_Final_2/S3_09_RYAN KOH_SEAN LEE_YAO XIANG_YI YANG_Archive.xpr/forryannyy/forryannyy.srcs/sources_1/new/quadratic_graph.v:788]
INFO: [Synth 8-5547] Trying to map ROM "tan_rom" into Block RAM due to explicit "ram_style" or "rom_style" specification
WARNING: [Synth 8-6014] Unused sequential element rom_addr_p1_reg was removed.  [C:/Users/rkoh2/OneDrive/Desktop/Personal/EE2026_Final_2/S3_09_RYAN KOH_SEAN LEE_YAO XIANG_YI YANG_Archive.xpr/forryannyy/forryannyy.srcs/sources_1/new/quadratic_graph.v:709]
WARNING: [Synth 8-6014] Unused sequential element y_math_p2_reg was removed.  [C:/Users/rkoh2/OneDrive/Desktop/Personal/EE2026_Final_2/S3_09_RYAN KOH_SEAN LEE_YAO XIANG_YI YANG_Archive.xpr/forryannyy/forryannyy.srcs/sources_1/new/quadratic_graph.v:723]
INFO: [Synth 8-5818] HDL ADVISOR - The operator resource <adder> is shared. To prevent sharing consider applying a KEEP on the output of the operator [C:/Users/rkoh2/OneDrive/Desktop/Personal/EE2026_Final_2/S3_09_RYAN KOH_SEAN LEE_YAO XIANG_YI YANG_Archive.xpr/forryannyy/forryannyy.srcs/sources_1/new/quadratic_graph.v:951]
INFO: [Synth 8-5547] Trying to map ROM "exp_rom" into Block RAM due to explicit "ram_style" or "rom_style" specification
WARNING: [Synth 8-6014] Unused sequential element rom_addr_p1_reg was removed.  [C:/Users/rkoh2/OneDrive/Desktop/Personal/EE2026_Final_2/S3_09_RYAN KOH_SEAN LEE_YAO XIANG_YI YANG_Archive.xpr/forryannyy/forryannyy.srcs/sources_1/new/quadratic_graph.v:875]
WARNING: [Synth 8-6014] Unused sequential element y_math_p2_reg was removed.  [C:/Users/rkoh2/OneDrive/Desktop/Personal/EE2026_Final_2/S3_09_RYAN KOH_SEAN LEE_YAO XIANG_YI YANG_Archive.xpr/forryannyy/forryannyy.srcs/sources_1/new/quadratic_graph.v:888]
INFO: [Synth 8-5818] HDL ADVISOR - The operator resource <adder> is shared. To prevent sharing consider applying a KEEP on the output of the operator [C:/Users/rkoh2/OneDrive/Desktop/Personal/EE2026_Final_2/S3_09_RYAN KOH_SEAN LEE_YAO XIANG_YI YANG_Archive.xpr/forryannyy/forryannyy.srcs/sources_1/new/quadratic_graph.v:1103]
INFO: [Synth 8-5547] Trying to map ROM "ln_rom" into Block RAM due to explicit "ram_style" or "rom_style" specification
WARNING: [Synth 8-6014] Unused sequential element rom_addr_p1_reg was removed.  [C:/Users/rkoh2/OneDrive/Desktop/Personal/EE2026_Final_2/S3_09_RYAN KOH_SEAN LEE_YAO XIANG_YI YANG_Archive.xpr/forryannyy/forryannyy.srcs/sources_1/new/quadratic_graph.v:1028]
WARNING: [Synth 8-6014] Unused sequential element y_math_p2_reg was removed.  [C:/Users/rkoh2/OneDrive/Desktop/Personal/EE2026_Final_2/S3_09_RYAN KOH_SEAN LEE_YAO XIANG_YI YANG_Archive.xpr/forryannyy/forryannyy.srcs/sources_1/new/quadratic_graph.v:1040]
INFO: [Synth 8-5544] ROM "search_state" won't be mapped to Block RAM because address size (2) smaller than threshold (5)
INFO: [Synth 8-5544] ROM "intersect_x" won't be mapped to Block RAM because address size (2) smaller than threshold (5)
INFO: [Common 17-14] Message 'Synth 8-5544' appears 100 times and further instances of the messages will be disabled. Use the Tcl command set_msg_config to change the current settings.
WARNING: [Synth 8-6014] Unused sequential element graph_x_pixel_p1_reg was removed.  [C:/Users/rkoh2/OneDrive/Desktop/Personal/EE2026_Final_2/S3_09_RYAN KOH_SEAN LEE_YAO XIANG_YI YANG_Archive.xpr/forryannyy/forryannyy.srcs/sources_1/new/grapher_screen_oled.v:411]
WARNING: [Synth 8-6014] Unused sequential element graph_y_pixel_p1_reg was removed.  [C:/Users/rkoh2/OneDrive/Desktop/Personal/EE2026_Final_2/S3_09_RYAN KOH_SEAN LEE_YAO XIANG_YI YANG_Archive.xpr/forryannyy/forryannyy.srcs/sources_1/new/grapher_screen_oled.v:412]
INFO: [Synth 8-5818] HDL ADVISOR - The operator resource <adder> is shared. To prevent sharing consider applying a KEEP on the output of the operator [C:/Users/rkoh2/OneDrive/Desktop/Personal/EE2026_Final_2/S3_09_RYAN KOH_SEAN LEE_YAO XIANG_YI YANG_Archive.xpr/forryannyy/forryannyy.srcs/sources_1/new/eh_stream_capture.v:31]
INFO: [Synth 8-5818] HDL ADVISOR - The operator resource <adder> is shared. To prevent sharing consider applying a KEEP on the output of the operator [C:/Users/rkoh2/OneDrive/Desktop/Personal/EE2026_Final_2/S3_09_RYAN KOH_SEAN LEE_YAO XIANG_YI YANG_Archive.xpr/forryannyy/forryannyy.srcs/sources_1/new/error_handling.v:363]
INFO: [Synth 8-802] inferred FSM for state register 'st_reg' in module 'error_handling'
INFO: [Synth 8-5546] ROM "err_code" won't be mapped to RAM because it is too sparse
INFO: [Synth 8-5546] ROM "err_code" won't be mapped to RAM because it is too sparse
INFO: [Synth 8-5546] ROM "i" won't be mapped to RAM because it is too sparse
INFO: [Synth 8-5546] ROM "i" won't be mapped to RAM because it is too sparse
INFO: [Synth 8-5546] ROM "acc_q164" won't be mapped to RAM because it is too sparse
INFO: [Synth 8-5546] ROM "rhs_active" won't be mapped to RAM because it is too sparse
INFO: [Synth 8-5546] ROM "rhs_mode" won't be mapped to RAM because it is too sparse
INFO: [Synth 8-5546] ROM "err_code" won't be mapped to RAM because it is too sparse
INFO: [Synth 8-5546] ROM "err_code" won't be mapped to RAM because it is too sparse
INFO: [Synth 8-5546] ROM "i" won't be mapped to RAM because it is too sparse
INFO: [Synth 8-5546] ROM "i" won't be mapped to RAM because it is too sparse
INFO: [Synth 8-5546] ROM "acc_q164" won't be mapped to RAM because it is too sparse
INFO: [Synth 8-5546] ROM "rhs_active" won't be mapped to RAM because it is too sparse
INFO: [Synth 8-5546] ROM "st" won't be mapped to RAM because it is too sparse
INFO: [Synth 8-5546] ROM "st" won't be mapped to RAM because it is too sparse
INFO: [Synth 8-5546] ROM "st" won't be mapped to RAM because it is too sparse
INFO: [Synth 8-5546] ROM "st" won't be mapped to RAM because it is too sparse
INFO: [Synth 8-5546] ROM "st" won't be mapped to RAM because it is too sparse
INFO: [Synth 8-5546] ROM "st" won't be mapped to RAM because it is too sparse
INFO: [Synth 8-5546] ROM "st" won't be mapped to RAM because it is too sparse
INFO: [Synth 8-5546] ROM "idx1" won't be mapped to RAM because it is too sparse
INFO: [Synth 8-5546] ROM "idx" won't be mapped to RAM because it is too sparse
INFO: [Synth 8-5546] ROM "idx" won't be mapped to RAM because it is too sparse
INFO: [Synth 8-5546] ROM "op" won't be mapped to RAM because it is too sparse
INFO: [Synth 8-5546] ROM "op" won't be mapped to RAM because it is too sparse
INFO: [Synth 8-5546] ROM "op" won't be mapped to RAM because it is too sparse
INFO: [Synth 8-5546] ROM "A" won't be mapped to RAM because it is too sparse
INFO: [Synth 8-5546] ROM "A" won't be mapped to RAM because it is too sparse
INFO: [Synth 8-5546] ROM "int_acc" won't be mapped to RAM because it is too sparse
INFO: [Synth 8-5546] ROM "st" won't be mapped to RAM because it is too sparse
INFO: [Synth 8-5546] ROM "st" won't be mapped to RAM because it is too sparse
INFO: [Synth 8-5546] ROM "st" won't be mapped to RAM because it is too sparse
INFO: [Synth 8-5546] ROM "st" won't be mapped to RAM because it is too sparse
INFO: [Synth 8-5546] ROM "st" won't be mapped to RAM because it is too sparse
INFO: [Synth 8-5546] ROM "st" won't be mapped to RAM because it is too sparse
INFO: [Synth 8-5546] ROM "st" won't be mapped to RAM because it is too sparse
INFO: [Synth 8-5546] ROM "idx1" won't be mapped to RAM because it is too sparse
INFO: [Synth 8-5546] ROM "idx" won't be mapped to RAM because it is too sparse
INFO: [Synth 8-5546] ROM "idx" won't be mapped to RAM because it is too sparse
INFO: [Synth 8-5546] ROM "op" won't be mapped to RAM because it is too sparse
INFO: [Synth 8-5546] ROM "op" won't be mapped to RAM because it is too sparse
INFO: [Synth 8-5546] ROM "op" won't be mapped to RAM because it is too sparse
INFO: [Synth 8-5546] ROM "A" won't be mapped to RAM because it is too sparse
INFO: [Synth 8-5546] ROM "A" won't be mapped to RAM because it is too sparse
INFO: [Synth 8-5546] ROM "int_acc" won't be mapped to RAM because it is too sparse
INFO: [Synth 8-5546] ROM "done_eval" won't be mapped to RAM because it is too sparse
INFO: [Synth 8-5546] ROM "overflow" won't be mapped to RAM because it is too sparse
INFO: [Synth 8-802] inferred FSM for state register 'state_reg' in module 'multiply_module'
INFO: [Synth 8-802] inferred FSM for state register 'state_reg' in module 'divider_module'
INFO: [Synth 8-5546] ROM "quotient_reg" won't be mapped to RAM because it is too sparse
INFO: [Synth 8-5546] ROM "quotient_reg" won't be mapped to RAM because it is too sparse
INFO: [Synth 8-5546] ROM "dividend_reg" won't be mapped to RAM because it is too sparse
INFO: [Synth 8-5546] ROM "bit_counter" won't be mapped to RAM because it is too sparse
INFO: [Synth 8-5546] ROM "state" won't be mapped to RAM because it is too sparse
INFO: [Synth 8-802] inferred FSM for state register 'state_reg' in module 'log2_module__xdcDup__1'
INFO: [Synth 8-802] inferred FSM for state register 'state_reg' in module 'pow2_module'
INFO: [Synth 8-5546] ROM "p_0_in" won't be mapped to RAM because it is too sparse
INFO: [Synth 8-802] inferred FSM for state register 'state_reg' in module 'power_module'
INFO: [Synth 8-5546] ROM "result" won't be mapped to RAM because it is too sparse
INFO: [Synth 8-802] inferred FSM for state register 'state_reg' in module 'log2_module'
INFO: [Synth 8-5818] HDL ADVISOR - The operator resource <adder> is shared. To prevent sharing consider applying a KEEP on the output of the operator [C:/Users/rkoh2/OneDrive/Desktop/Personal/EE2026_Final_2/S3_09_RYAN KOH_SEAN LEE_YAO XIANG_YI YANG_Archive.xpr/forryannyy/forryannyy.srcs/sources_1/imports/new/trigo_module.v:158]
INFO: [Synth 8-5818] HDL ADVISOR - The operator resource <adder> is shared. To prevent sharing consider applying a KEEP on the output of the operator [C:/Users/rkoh2/OneDrive/Desktop/Personal/EE2026_Final_2/S3_09_RYAN KOH_SEAN LEE_YAO XIANG_YI YANG_Archive.xpr/forryannyy/forryannyy.srcs/sources_1/imports/new/trigo_module.v:155]
INFO: [Synth 8-5818] HDL ADVISOR - The operator resource <adder> is shared. To prevent sharing consider applying a KEEP on the output of the operator [C:/Users/rkoh2/OneDrive/Desktop/Personal/EE2026_Final_2/S3_09_RYAN KOH_SEAN LEE_YAO XIANG_YI YANG_Archive.xpr/forryannyy/forryannyy.srcs/sources_1/imports/new/trigo_module.v:232]
INFO: [Synth 8-5818] HDL ADVISOR - The operator resource <adder> is shared. To prevent sharing consider applying a KEEP on the output of the operator [C:/Users/rkoh2/OneDrive/Desktop/Personal/EE2026_Final_2/S3_09_RYAN KOH_SEAN LEE_YAO XIANG_YI YANG_Archive.xpr/forryannyy/forryannyy.srcs/sources_1/imports/new/trigo_module.v:232]
INFO: [Synth 8-5818] HDL ADVISOR - The operator resource <adder> is shared. To prevent sharing consider applying a KEEP on the output of the operator [C:/Users/rkoh2/OneDrive/Desktop/Personal/EE2026_Final_2/S3_09_RYAN KOH_SEAN LEE_YAO XIANG_YI YANG_Archive.xpr/forryannyy/forryannyy.srcs/sources_1/imports/new/trigo_module.v:232]
INFO: [Synth 8-802] inferred FSM for state register 'state_reg' in module 'CORDIC_trigo_module'
WARNING: [Synth 8-6014] Unused sequential element iter_reg_rep was removed.  [C:/Users/rkoh2/OneDrive/Desktop/Personal/EE2026_Final_2/S3_09_RYAN KOH_SEAN LEE_YAO XIANG_YI YANG_Archive.xpr/forryannyy/forryannyy.srcs/sources_1/imports/new/trigo_module.v:215]
INFO: [Synth 8-802] inferred FSM for state register 'st_reg' in module 'team_alu_bridge'
INFO: [Synth 8-4471] merging register 'display_chars_reg[10][7:0]' into 'display_chars_reg[9][7:0]' [C:/Users/rkoh2/OneDrive/Desktop/Personal/EE2026_Final_2/S3_09_RYAN KOH_SEAN LEE_YAO XIANG_YI YANG_Archive.xpr/forryannyy/forryannyy.srcs/sources_1/new/calculator_mode_output_drawer.v:318]
INFO: [Synth 8-4471] merging register 'display_chars_reg[11][7:0]' into 'display_chars_reg[9][7:0]' [C:/Users/rkoh2/OneDrive/Desktop/Personal/EE2026_Final_2/S3_09_RYAN KOH_SEAN LEE_YAO XIANG_YI YANG_Archive.xpr/forryannyy/forryannyy.srcs/sources_1/new/calculator_mode_output_drawer.v:318]
WARNING: [Synth 8-6014] Unused sequential element display_chars_reg[10] was removed.  [C:/Users/rkoh2/OneDrive/Desktop/Personal/EE2026_Final_2/S3_09_RYAN KOH_SEAN LEE_YAO XIANG_YI YANG_Archive.xpr/forryannyy/forryannyy.srcs/sources_1/new/calculator_mode_output_drawer.v:318]
WARNING: [Synth 8-6014] Unused sequential element display_chars_reg[11] was removed.  [C:/Users/rkoh2/OneDrive/Desktop/Personal/EE2026_Final_2/S3_09_RYAN KOH_SEAN LEE_YAO XIANG_YI YANG_Archive.xpr/forryannyy/forryannyy.srcs/sources_1/new/calculator_mode_output_drawer.v:318]
WARNING: [Synth 8-6014] Unused sequential element char_count_reg was removed.  [C:/Users/rkoh2/OneDrive/Desktop/Personal/EE2026_Final_2/S3_09_RYAN KOH_SEAN LEE_YAO XIANG_YI YANG_Archive.xpr/forryannyy/forryannyy.srcs/sources_1/new/calculator_mode_output_drawer.v:224]
INFO: [Synth 8-5587] ROM size for "seg_for_char" is below threshold of ROM address width. It will be mapped to LUTs
INFO: [Synth 8-5587] ROM size for "seg_for_char0" is below threshold of ROM address width. It will be mapped to LUTs
INFO: [Synth 8-5587] ROM size for "seg_for_char1" is below threshold of ROM address width. It will be mapped to LUTs
INFO: [Synth 8-5587] ROM size for "seg_for_char2" is below threshold of ROM address width. It will be mapped to LUTs
---------------------------------------------------------------------------------------------------
                   State |                     New Encoding |                Previous Encoding 
---------------------------------------------------------------------------------------------------
                 PowerUp | 00000000100000000000000000000000 |                            00000
                   Reset | 00000000000100000000000000000000 |                            00001
            ReleaseReset | 00000000000000000000100000000000 |                            00011
            EnableDriver | 00000000000000000001000000000000 |                            00010
              DisplayOff | 00000000000000000100000000000000 |                            00110
   SetRemapDisplayFormat | 00000100000000000000000000000000 |                            00111
            SetStartLine | 00001000000000000000000000000000 |                            00101
               SetOffset | 10000000000000000000000000000000 |                            00100
        SetNormalDisplay | 00000000000000000000000010000000 |                            01100
       SetMultiplexRatio | 00000000000000000000000000100000 |                            01101
  SetMasterConfiguration | 00000000000000000000000001000000 |                            01111
        DisablePowerSave | 00000000000000000000000000000100 |                            01110
          SetPhaseAdjust | 00000000000000000000000000001000 |                            01010
         SetDisplayClock | 00000000001000000000000000000000 |                            01011
     SetSecondPrechargeA | 00000000010000000000000000000000 |                            01001
     SetSecondPrechargeB | 01000000000000000000000000000000 |                            01000
     SetSecondPrechargeC | 00000010000000000000000000000000 |                            11000
       SetPrechargeLevel | 00000001000000000000000000000000 |                            11001
                SetVCOMH | 00000000000000010000000000000000 |                            11011
        SetMasterCurrent | 00000000000000100000000000000000 |                            11010
            SetContrastA | 00000000000001000000000000000000 |                            11110
            SetContrastB | 00100000000000000000000000000000 |                            11111
            SetContrastC | 00000000000000000000000000000001 |                            11101
        DisableScrolling | 00000000000000000000000000000010 |                            11100
             ClearScreen | 00000000000000000000000000010000 |                            10100
                   VccEn | 00010000000000000000000000000000 |                            10101
               DisplayOn | 00000000000010000000000000000000 |                            10111
        PrepareNextFrame | 00000000000000001000000000000000 |                            10110
           SetColAddress | 00000000000000000000010000000000 |                            10010
           SetRowAddress | 00000000000000000000000100000000 |                            10011
           WaitNextFrame | 00000000000000000000001000000000 |                            10001
               SendPixel | 00000000000000000010000000000000 |                            10000
---------------------------------------------------------------------------------------------------
INFO: [Synth 8-3354] encoded FSM with state register 'state_reg' using encoding 'one-hot' in module 'Oled_Display'
---------------------------------------------------------------------------------------------------
                   State |                     New Encoding |                Previous Encoding 
---------------------------------------------------------------------------------------------------
                 ST_IDLE |                               00 |                               00
                 ST_SCAN |                               01 |                               01
                  ST_FIN |                               10 |                               10
---------------------------------------------------------------------------------------------------
INFO: [Synth 8-3354] encoded FSM with state register 'st_reg' using encoding 'sequential' in module 'error_handling'
---------------------------------------------------------------------------------------------------
                   State |                     New Encoding |                Previous Encoding 
---------------------------------------------------------------------------------------------------
                    IDLE |                           000001 |                              000
                   SETUP |                           000010 |                              001
               CALCULATE |                           000100 |                              010
              ACCUMULATE |                           001000 |                              100
               WAIT_DONE |                           010000 |                              101
                    DONE |                           100000 |                              110
---------------------------------------------------------------------------------------------------
INFO: [Synth 8-3354] encoded FSM with state register 'state_reg' using encoding 'one-hot' in module 'multiply_module'
---------------------------------------------------------------------------------------------------
                   State |                     New Encoding |                Previous Encoding 
---------------------------------------------------------------------------------------------------
                    IDLE |                               00 |                              000
                   SETUP |                               01 |                              001
             CALCULATION |                               10 |                              010
              DONE_STATE |                               11 |                              011
---------------------------------------------------------------------------------------------------
INFO: [Synth 8-3354] encoded FSM with state register 'state_reg' using encoding 'sequential' in module 'divider_module'
---------------------------------------------------------------------------------------------------
                   State |                     New Encoding |                Previous Encoding 
---------------------------------------------------------------------------------------------------
                    IDLE |                           000001 |                              000
                FIND_MSB |                           000010 |                              001
            SET_ROM_ADDR |                           000100 |                              010
                WAIT_ROM |                           001000 |                              011
          COMPUTE_RESULT |                           010000 |                              100
              DONE_STATE |                           100000 |                              101
---------------------------------------------------------------------------------------------------
INFO: [Synth 8-3354] encoded FSM with state register 'state_reg' using encoding 'one-hot' in module 'log2_module__xdcDup__1'
---------------------------------------------------------------------------------------------------
                   State |                     New Encoding |                Previous Encoding 
---------------------------------------------------------------------------------------------------
                    IDLE |                              000 |                              000
                 CONVERT |                              001 |                              001
             SPLIT_PARTS |                              010 |                              010
            SET_ROM_ADDR |                              011 |                              011
                WAIT_ROM |                              100 |                              100
          COMPUTE_RESULT |                              101 |                              101
              DONE_STATE |                              110 |                              110
---------------------------------------------------------------------------------------------------
INFO: [Synth 8-3354] encoded FSM with state register 'state_reg' using encoding 'sequential' in module 'pow2_module'
---------------------------------------------------------------------------------------------------
                   State |                     New Encoding |                Previous Encoding 
---------------------------------------------------------------------------------------------------
                    IDLE |                              000 |                              000
             COMPUTE_LOG |                              001 |                              001
                MULTIPLY |                              010 |                              011
            COMPUTE_POW2 |                              011 |                              101
              DONE_STATE |                              100 |                              111
---------------------------------------------------------------------------------------------------
INFO: [Synth 8-3354] encoded FSM with state register 'state_reg' using encoding 'sequential' in module 'power_module'
---------------------------------------------------------------------------------------------------
                   State |                     New Encoding |                Previous Encoding 
---------------------------------------------------------------------------------------------------
                    IDLE |                           000001 |                              000
                FIND_MSB |                           000010 |                              001
            SET_ROM_ADDR |                           000100 |                              010
                WAIT_ROM |                           001000 |                              011
          COMPUTE_RESULT |                           010000 |                              100
              DONE_STATE |                           100000 |                              101
---------------------------------------------------------------------------------------------------
INFO: [Synth 8-3354] encoded FSM with state register 'state_reg' using encoding 'one-hot' in module 'log2_module'
---------------------------------------------------------------------------------------------------
                   State |                     New Encoding |                Previous Encoding 
---------------------------------------------------------------------------------------------------
                   SETUP |                             0001 |                               00
                 COMPUTE |                             0010 |                               01
                  ADJUST |                             0100 |                               10
              DONE_STATE |                             1000 |                               11
---------------------------------------------------------------------------------------------------
INFO: [Synth 8-3354] encoded FSM with state register 'state_reg' using encoding 'one-hot' in module 'CORDIC_trigo_module'
---------------------------------------------------------------------------------------------------
                   State |                     New Encoding |                Previous Encoding 
---------------------------------------------------------------------------------------------------
                  S_IDLE |                               00 |                               00
                   S_RUN |                               01 |                               01
                 S_LATCH |                               10 |                               10
                 S_PULSE |                               11 |                               11
---------------------------------------------------------------------------------------------------
INFO: [Synth 8-3354] encoded FSM with state register 'st_reg' using encoding 'sequential' in module 'team_alu_bridge'
---------------------------------------------------------------------------------
Finished RTL Optimization Phase 2 : Time (s): cpu = 00:00:32 ; elapsed = 00:00:36 . Memory (MB): peak = 952.320 ; gain = 666.523
---------------------------------------------------------------------------------

Report RTL Partitions: 
+------+-------------------------+------------+----------+
|      |RTL Partition            |Replication |Instances |
+------+-------------------------+------------+----------+
|1     |display_handler          |           3|      6463|
|2     |grapher_module_slim__GB0 |           1|     25969|
|3     |grapher_module_slim__GB1 |           1|     27219|
|4     |expr_execute_no_check    |           1|     25514|
|5     |calc_mode_top__GB1       |           1|     16464|
|6     |Top_Student__GC0         |           1|     37141|
+------+-------------------------+------------+----------+
---------------------------------------------------------------------------------
Start RTL Component Statistics 
---------------------------------------------------------------------------------
Detailed RTL Component Info : 
+---Adders : 
	   2 Input     32 Bit       Adders := 25    
	   3 Input     32 Bit       Adders := 3     
	   2 Input     25 Bit       Adders := 17    
	   3 Input     25 Bit       Adders := 5     
	   2 Input     24 Bit       Adders := 13    
	   3 Input     24 Bit       Adders := 1     
	   2 Input     21 Bit       Adders := 32    
	   3 Input     20 Bit       Adders := 12    
	   2 Input     17 Bit       Adders := 3     
	   2 Input     16 Bit       Adders := 7     
	   2 Input     12 Bit       Adders := 4     
	   2 Input     11 Bit       Adders := 40    
	   3 Input     11 Bit       Adders := 4     
	   2 Input     10 Bit       Adders := 8     
	   3 Input     10 Bit       Adders := 1     
	   2 Input      9 Bit       Adders := 2     
	   3 Input      8 Bit       Adders := 8     
	   2 Input      8 Bit       Adders := 36    
	   2 Input      7 Bit       Adders := 51    
	   3 Input      7 Bit       Adders := 2     
	   2 Input      6 Bit       Adders := 13    
	   2 Input      5 Bit       Adders := 3     
	   2 Input      4 Bit       Adders := 6     
	   2 Input      3 Bit       Adders := 27    
	   2 Input      2 Bit       Adders := 8     
+---XORs : 
	   2 Input      1 Bit         XORs := 256   
+---Registers : 
	              256 Bit    Registers := 1     
	               50 Bit    Registers := 4     
	               40 Bit    Registers := 3     
	               32 Bit    Registers := 8     
	               25 Bit    Registers := 35    
	               24 Bit    Registers := 12    
	               20 Bit    Registers := 42    
	               18 Bit    Registers := 2     
	               17 Bit    Registers := 3     
	               16 Bit    Registers := 22    
	               12 Bit    Registers := 20    
	               11 Bit    Registers := 74    
	               10 Bit    Registers := 73    
	                9 Bit    Registers := 44    
	                8 Bit    Registers := 36    
	                7 Bit    Registers := 11    
	                6 Bit    Registers := 16    
	                5 Bit    Registers := 8     
	                4 Bit    Registers := 27    
	                3 Bit    Registers := 94    
	                2 Bit    Registers := 23    
	                1 Bit    Registers := 361   
+---Multipliers : 
	                 9x33  Multipliers := 2     
	                 4x32  Multipliers := 1     
+---ROMs : 
	                              ROMs := 10    
+---Muxes : 
	   2 Input    512 Bit        Muxes := 14    
	   2 Input    256 Bit        Muxes := 5     
	   2 Input     50 Bit        Muxes := 2     
	   2 Input     40 Bit        Muxes := 9     
	   2 Input     32 Bit        Muxes := 14    
	  32 Input     32 Bit        Muxes := 3     
	   4 Input     32 Bit        Muxes := 4     
	   2 Input     25 Bit        Muxes := 74    
	   7 Input     25 Bit        Muxes := 1     
	   4 Input     25 Bit        Muxes := 11    
	   6 Input     25 Bit        Muxes := 2     
	   5 Input     25 Bit        Muxes := 2     
	  17 Input     25 Bit        Muxes := 1     
	   2 Input     24 Bit        Muxes := 7     
	   3 Input     24 Bit        Muxes := 1     
	  31 Input     24 Bit        Muxes := 1     
	   5 Input     24 Bit        Muxes := 1     
	   8 Input     23 Bit        Muxes := 4     
	  32 Input     20 Bit        Muxes := 3     
	   2 Input     20 Bit        Muxes := 24    
	   2 Input     17 Bit        Muxes := 3     
	  10 Input     16 Bit        Muxes := 1     
	   9 Input     16 Bit        Muxes := 1     
	   2 Input     16 Bit        Muxes := 22    
	   3 Input     16 Bit        Muxes := 2     
	   4 Input     16 Bit        Muxes := 3     
	  11 Input     16 Bit        Muxes := 4     
	  18 Input     16 Bit        Muxes := 1     
	   5 Input     16 Bit        Muxes := 1     
	   2 Input     14 Bit        Muxes := 2     
	   2 Input     13 Bit        Muxes := 4     
	   2 Input     12 Bit        Muxes := 47    
	   8 Input     12 Bit        Muxes := 12    
	   7 Input     12 Bit        Muxes := 1     
	   5 Input     12 Bit        Muxes := 1     
	   2 Input     11 Bit        Muxes := 10    
	   5 Input     11 Bit        Muxes := 1     
	   2 Input     10 Bit        Muxes := 18    
	   4 Input     10 Bit        Muxes := 2     
	  18 Input     10 Bit        Muxes := 1     
	   2 Input      9 Bit        Muxes := 51    
	   4 Input      9 Bit        Muxes := 8     
	   8 Input      9 Bit        Muxes := 3     
	   2 Input      8 Bit        Muxes := 35    
	  19 Input      8 Bit        Muxes := 1     
	  18 Input      8 Bit        Muxes := 1     
	   7 Input      8 Bit        Muxes := 2     
	  10 Input      8 Bit        Muxes := 1     
	   6 Input      8 Bit        Muxes := 2     
	   4 Input      8 Bit        Muxes := 4     
	  12 Input      8 Bit        Muxes := 2     
	   3 Input      8 Bit        Muxes := 1     
	  24 Input      8 Bit        Muxes := 3     
	  27 Input      8 Bit        Muxes := 1     
	   8 Input      8 Bit        Muxes := 1     
	  11 Input      8 Bit        Muxes := 2     
	   2 Input      7 Bit        Muxes := 43    
	   3 Input      7 Bit        Muxes := 2     
	  11 Input      7 Bit        Muxes := 1     
	   7 Input      7 Bit        Muxes := 1     
	   8 Input      7 Bit        Muxes := 3     
	   4 Input      7 Bit        Muxes := 6     
	  32 Input      6 Bit        Muxes := 3     
	   2 Input      6 Bit        Muxes := 76    
	  11 Input      6 Bit        Muxes := 1     
	   6 Input      6 Bit        Muxes := 4     
	   4 Input      6 Bit        Muxes := 5     
	   3 Input      6 Bit        Muxes := 5     
	   5 Input      6 Bit        Muxes := 1     
	   2 Input      5 Bit        Muxes := 30    
	  32 Input      5 Bit        Muxes := 3     
	  18 Input      5 Bit        Muxes := 1     
	   9 Input      5 Bit        Muxes := 1     
	  11 Input      5 Bit        Muxes := 1     
	   2 Input      4 Bit        Muxes := 50    
	   3 Input      4 Bit        Muxes := 10    
	  12 Input      4 Bit        Muxes := 1     
	   7 Input      4 Bit        Muxes := 1     
	   4 Input      4 Bit        Muxes := 6     
	  11 Input      4 Bit        Muxes := 1     
	   6 Input      4 Bit        Muxes := 3     
	  14 Input      3 Bit        Muxes := 1     
	  16 Input      3 Bit        Muxes := 1     
	   2 Input      3 Bit        Muxes := 80    
	   8 Input      3 Bit        Muxes := 2     
	  11 Input      3 Bit        Muxes := 1     
	   3 Input      3 Bit        Muxes := 8     
	  15 Input      3 Bit        Muxes := 1     
	  18 Input      3 Bit        Muxes := 2     
	   6 Input      3 Bit        Muxes := 3     
	   7 Input      3 Bit        Muxes := 3     
	  13 Input      3 Bit        Muxes := 1     
	   4 Input      3 Bit        Muxes := 8     
	   5 Input      3 Bit        Muxes := 2     
	   6 Input      2 Bit        Muxes := 1     
	   2 Input      2 Bit        Muxes := 80    
	   8 Input      2 Bit        Muxes := 2     
	   4 Input      2 Bit        Muxes := 6     
	  11 Input      2 Bit        Muxes := 1     
	  13 Input      2 Bit        Muxes := 1     
	  18 Input      2 Bit        Muxes := 2     
	   5 Input      2 Bit        Muxes := 3     
	   3 Input      2 Bit        Muxes := 5     
	   7 Input      2 Bit        Muxes := 1     
	   9 Input      2 Bit        Muxes := 1     
	  31 Input      2 Bit        Muxes := 1     
	   2 Input      1 Bit        Muxes := 620   
	  10 Input      1 Bit        Muxes := 2     
	  11 Input      1 Bit        Muxes := 21    
	   8 Input      1 Bit        Muxes := 7     
	   3 Input      1 Bit        Muxes := 58    
	   4 Input      1 Bit        Muxes := 62    
	  20 Input      1 Bit        Muxes := 12    
	   6 Input      1 Bit        Muxes := 31    
	  12 Input      1 Bit        Muxes := 1     
	  18 Input      1 Bit        Muxes := 20    
	   7 Input      1 Bit        Muxes := 10    
	   5 Input      1 Bit        Muxes := 13    
	   9 Input      1 Bit        Muxes := 5     
	  31 Input      1 Bit        Muxes := 1     
---------------------------------------------------------------------------------
Finished RTL Component Statistics 
---------------------------------------------------------------------------------
---------------------------------------------------------------------------------
Start RTL Hierarchical Component Statistics 
---------------------------------------------------------------------------------
Hierarchical RTL Component report 
Module Top_Student 
Detailed RTL Component Info : 
+---Registers : 
	                2 Bit    Registers := 1     
	                1 Bit    Registers := 2     
+---Muxes : 
	   5 Input     16 Bit        Muxes := 1     
	   2 Input     16 Bit        Muxes := 2     
	   5 Input     12 Bit        Muxes := 1     
	   2 Input      4 Bit        Muxes := 1     
	   2 Input      2 Bit        Muxes := 2     
	   2 Input      1 Bit        Muxes := 6     
Module flexible_timer 
Detailed RTL Component Info : 
+---Adders : 
	   2 Input     32 Bit       Adders := 1     
+---Registers : 
	                1 Bit    Registers := 1     
+---Muxes : 
	   2 Input     32 Bit        Muxes := 1     
Module Oled_Display 
Detailed RTL Component Info : 
+---Adders : 
	   2 Input     17 Bit       Adders := 1     
	   2 Input      6 Bit       Adders := 1     
+---Registers : 
	               40 Bit    Registers := 1     
	               17 Bit    Registers := 1     
	                6 Bit    Registers := 1     
+---Muxes : 
	   2 Input     40 Bit        Muxes := 3     
	  32 Input     32 Bit        Muxes := 1     
	   2 Input     32 Bit        Muxes := 2     
	  32 Input     20 Bit        Muxes := 1     
	   2 Input     17 Bit        Muxes := 1     
	  32 Input      6 Bit        Muxes := 1     
	   2 Input      6 Bit        Muxes := 1     
	   2 Input      5 Bit        Muxes := 2     
	  32 Input      5 Bit        Muxes := 1     
	   2 Input      1 Bit        Muxes := 2     
Module vga_sync 
Detailed RTL Component Info : 
+---Adders : 
	   2 Input     10 Bit       Adders := 2     
	   2 Input      2 Bit       Adders := 1     
+---Registers : 
	               10 Bit    Registers := 2     
	                2 Bit    Registers := 1     
	                1 Bit    Registers := 2     
Module display_handler 
Detailed RTL Component Info : 
+---Registers : 
	               12 Bit    Registers := 1     
	                1 Bit    Registers := 8     
+---Muxes : 
	   2 Input     12 Bit        Muxes := 1     
Module number_parser 
Detailed RTL Component Info : 
+---Adders : 
	   3 Input     10 Bit       Adders := 1     
	   2 Input      9 Bit       Adders := 1     
	   2 Input      4 Bit       Adders := 1     
	   2 Input      2 Bit       Adders := 1     
+---Registers : 
	                9 Bit    Registers := 1     
	                8 Bit    Registers := 1     
	                4 Bit    Registers := 5     
	                2 Bit    Registers := 2     
	                1 Bit    Registers := 9     
+---Muxes : 
	   2 Input     10 Bit        Muxes := 1     
	   2 Input      9 Bit        Muxes := 6     
	   2 Input      8 Bit        Muxes := 1     
	   2 Input      4 Bit        Muxes := 4     
	   6 Input      2 Bit        Muxes := 1     
	   2 Input      2 Bit        Muxes := 7     
	   2 Input      1 Bit        Muxes := 32    
Module menu_selector 
Detailed RTL Component Info : 
+---Adders : 
	   2 Input      4 Bit       Adders := 2     
+---Registers : 
	                5 Bit    Registers := 1     
	                4 Bit    Registers := 1     
	                1 Bit    Registers := 1     
+---Muxes : 
	   2 Input      4 Bit        Muxes := 2     
	   2 Input      1 Bit        Muxes := 4     
Module graph_type_selector 
Detailed RTL Component Info : 
+---Adders : 
	   2 Input     32 Bit       Adders := 6     
	   2 Input      3 Bit       Adders := 7     
+---Registers : 
	               10 Bit    Registers := 2     
	                8 Bit    Registers := 2     
	                3 Bit    Registers := 3     
	                1 Bit    Registers := 2     
+---Muxes : 
	  10 Input     16 Bit        Muxes := 1     
	  19 Input      8 Bit        Muxes := 1     
	  18 Input      8 Bit        Muxes := 1     
	   7 Input      8 Bit        Muxes := 1     
	  10 Input      8 Bit        Muxes := 1     
	   6 Input      8 Bit        Muxes := 1     
	   4 Input      8 Bit        Muxes := 3     
	  12 Input      8 Bit        Muxes := 2     
	  11 Input      6 Bit        Muxes := 1     
	  14 Input      3 Bit        Muxes := 1     
	  16 Input      3 Bit        Muxes := 1     
	   2 Input      1 Bit        Muxes := 3     
Module sw_debouncer_posedge__1 
Detailed RTL Component Info : 
+---Registers : 
	                1 Bit    Registers := 3     
+---Muxes : 
	   2 Input      1 Bit        Muxes := 2     
Module random_9bit_signed 
Detailed RTL Component Info : 
+---Adders : 
	   2 Input      9 Bit       Adders := 1     
+---XORs : 
	   2 Input      1 Bit         XORs := 1     
+---Registers : 
	                9 Bit    Registers := 1     
	                6 Bit    Registers := 1     
	                1 Bit    Registers := 1     
Module parameter_input 
Detailed RTL Component Info : 
+---Adders : 
	   2 Input      2 Bit       Adders := 1     
+---Registers : 
	                9 Bit    Registers := 14    
	                2 Bit    Registers := 1     
+---Muxes : 
	   8 Input      2 Bit        Muxes := 1     
	   2 Input      2 Bit        Muxes := 1     
	  10 Input      1 Bit        Muxes := 2     
	  11 Input      1 Bit        Muxes := 7     
	   8 Input      1 Bit        Muxes := 5     
Module cubic_graph__1 
Detailed RTL Component Info : 
+---Adders : 
	   2 Input     32 Bit       Adders := 2     
	   2 Input     21 Bit       Adders := 1     
	   3 Input     20 Bit       Adders := 1     
	   2 Input     11 Bit       Adders := 3     
+---Registers : 
	               32 Bit    Registers := 1     
	               20 Bit    Registers := 1     
	               18 Bit    Registers := 1     
	               12 Bit    Registers := 1     
	               11 Bit    Registers := 9     
	               10 Bit    Registers := 1     
	                9 Bit    Registers := 8     
	                3 Bit    Registers := 5     
	                1 Bit    Registers := 10    
+---Multipliers : 
	                 9x33  Multipliers := 1     
+---Muxes : 
	   2 Input     20 Bit        Muxes := 2     
	   2 Input     12 Bit        Muxes := 2     
	   8 Input     12 Bit        Muxes := 1     
	   2 Input     10 Bit        Muxes := 1     
Module sincos_graph__1 
Detailed RTL Component Info : 
+---Adders : 
	   2 Input     21 Bit       Adders := 3     
	   3 Input     20 Bit       Adders := 1     
	   2 Input     11 Bit       Adders := 2     
	   3 Input     11 Bit       Adders := 1     
	   3 Input      8 Bit       Adders := 1     
+---Registers : 
	               20 Bit    Registers := 4     
	               16 Bit    Registers := 1     
	               12 Bit    Registers := 1     
	               11 Bit    Registers := 5     
	               10 Bit    Registers := 6     
	                8 Bit    Registers := 1     
	                3 Bit    Registers := 5     
	                1 Bit    Registers := 15    
+---ROMs : 
	                              ROMs := 1     
+---Muxes : 
	   2 Input     20 Bit        Muxes := 2     
	   2 Input     12 Bit        Muxes := 2     
	   8 Input     12 Bit        Muxes := 1     
	   2 Input     10 Bit        Muxes := 1     
Module sincos_graph__2 
Detailed RTL Component Info : 
+---Adders : 
	   2 Input     21 Bit       Adders := 3     
	   3 Input     20 Bit       Adders := 1     
	   2 Input     11 Bit       Adders := 2     
	   3 Input     11 Bit       Adders := 1     
	   3 Input      8 Bit       Adders := 1     
+---Registers : 
	               20 Bit    Registers := 4     
	               16 Bit    Registers := 1     
	               12 Bit    Registers := 1     
	               11 Bit    Registers := 5     
	               10 Bit    Registers := 6     
	                8 Bit    Registers := 1     
	                3 Bit    Registers := 5     
	                1 Bit    Registers := 15    
+---ROMs : 
	                              ROMs := 1     
+---Muxes : 
	   2 Input     20 Bit        Muxes := 2     
	   2 Input     12 Bit        Muxes := 2     
	   8 Input     12 Bit        Muxes := 1     
	   2 Input     10 Bit        Muxes := 1     
Module tan_graph__1 
Detailed RTL Component Info : 
+---Adders : 
	   2 Input     21 Bit       Adders := 3     
	   3 Input     20 Bit       Adders := 1     
	   2 Input     11 Bit       Adders := 3     
+---Registers : 
	               20 Bit    Registers := 4     
	               16 Bit    Registers := 1     
	               12 Bit    Registers := 1     
	               11 Bit    Registers := 5     
	               10 Bit    Registers := 6     
	                8 Bit    Registers := 1     
	                3 Bit    Registers := 5     
	                1 Bit    Registers := 16    
+---ROMs : 
	                              ROMs := 1     
+---Muxes : 
	   2 Input     20 Bit        Muxes := 2     
	   2 Input     12 Bit        Muxes := 2     
	   8 Input     12 Bit        Muxes := 1     
	   2 Input     10 Bit        Muxes := 1     
Module exp_graph__1 
Detailed RTL Component Info : 
+---Adders : 
	   2 Input     21 Bit       Adders := 3     
	   3 Input     20 Bit       Adders := 1     
	   2 Input     11 Bit       Adders := 3     
+---Registers : 
	               20 Bit    Registers := 4     
	               16 Bit    Registers := 1     
	               12 Bit    Registers := 1     
	               11 Bit    Registers := 5     
	               10 Bit    Registers := 1     
	                8 Bit    Registers := 1     
	                3 Bit    Registers := 5     
	                1 Bit    Registers := 15    
+---ROMs : 
	                              ROMs := 1     
+---Muxes : 
	   2 Input     20 Bit        Muxes := 2     
	   2 Input     12 Bit        Muxes := 2     
	   8 Input     12 Bit        Muxes := 1     
	   2 Input     10 Bit        Muxes := 1     
Module ln_graph__1 
Detailed RTL Component Info : 
+---Adders : 
	   2 Input     21 Bit       Adders := 3     
	   3 Input     20 Bit       Adders := 1     
	   2 Input     11 Bit       Adders := 3     
	   2 Input      8 Bit       Adders := 1     
+---Registers : 
	               20 Bit    Registers := 4     
	               16 Bit    Registers := 1     
	               12 Bit    Registers := 1     
	               11 Bit    Registers := 5     
	               10 Bit    Registers := 1     
	                8 Bit    Registers := 1     
	                3 Bit    Registers := 5     
	                1 Bit    Registers := 15    
+---ROMs : 
	                              ROMs := 1     
+---Muxes : 
	   2 Input     20 Bit        Muxes := 2     
	   2 Input     12 Bit        Muxes := 2     
	   8 Input     12 Bit        Muxes := 1     
	   2 Input     10 Bit        Muxes := 1     
Module cubic_graph 
Detailed RTL Component Info : 
+---Adders : 
	   2 Input     32 Bit       Adders := 2     
	   2 Input     21 Bit       Adders := 1     
	   3 Input     20 Bit       Adders := 1     
	   2 Input     11 Bit       Adders := 3     
+---Registers : 
	               32 Bit    Registers := 1     
	               20 Bit    Registers := 1     
	               18 Bit    Registers := 1     
	               12 Bit    Registers := 1     
	               11 Bit    Registers := 9     
	               10 Bit    Registers := 1     
	                9 Bit    Registers := 8     
	                3 Bit    Registers := 5     
	                1 Bit    Registers := 10    
+---Multipliers : 
	                 9x33  Multipliers := 1     
+---Muxes : 
	   2 Input     20 Bit        Muxes := 2     
	   2 Input     12 Bit        Muxes := 2     
	   8 Input     12 Bit        Muxes := 1     
	   2 Input     10 Bit        Muxes := 1     
Module sincos_graph__3 
Detailed RTL Component Info : 
+---Adders : 
	   2 Input     21 Bit       Adders := 3     
	   3 Input     20 Bit       Adders := 1     
	   2 Input     11 Bit       Adders := 2     
	   3 Input     11 Bit       Adders := 1     
	   3 Input      8 Bit       Adders := 1     
+---Registers : 
	               20 Bit    Registers := 4     
	               16 Bit    Registers := 1     
	               12 Bit    Registers := 1     
	               11 Bit    Registers := 5     
	               10 Bit    Registers := 6     
	                8 Bit    Registers := 1     
	                3 Bit    Registers := 5     
	                1 Bit    Registers := 15    
+---ROMs : 
	                              ROMs := 1     
+---Muxes : 
	   2 Input     20 Bit        Muxes := 2     
	   2 Input     12 Bit        Muxes := 2     
	   8 Input     12 Bit        Muxes := 1     
	   2 Input     10 Bit        Muxes := 1     
Module sincos_graph 
Detailed RTL Component Info : 
+---Adders : 
	   2 Input     21 Bit       Adders := 3     
	   3 Input     20 Bit       Adders := 1     
	   2 Input     11 Bit       Adders := 2     
	   3 Input     11 Bit       Adders := 1     
	   3 Input      8 Bit       Adders := 1     
+---Registers : 
	               20 Bit    Registers := 4     
	               16 Bit    Registers := 1     
	               12 Bit    Registers := 1     
	               11 Bit    Registers := 5     
	               10 Bit    Registers := 6     
	                8 Bit    Registers := 1     
	                3 Bit    Registers := 5     
	                1 Bit    Registers := 15    
+---ROMs : 
	                              ROMs := 1     
+---Muxes : 
	   2 Input     20 Bit        Muxes := 2     
	   2 Input     12 Bit        Muxes := 2     
	   8 Input     12 Bit        Muxes := 1     
	   2 Input     10 Bit        Muxes := 1     
Module tan_graph 
Detailed RTL Component Info : 
+---Adders : 
	   2 Input     21 Bit       Adders := 3     
	   3 Input     20 Bit       Adders := 1     
	   2 Input     11 Bit       Adders := 3     
+---Registers : 
	               20 Bit    Registers := 4     
	               16 Bit    Registers := 1     
	               12 Bit    Registers := 1     
	               11 Bit    Registers := 5     
	               10 Bit    Registers := 6     
	                8 Bit    Registers := 1     
	                3 Bit    Registers := 5     
	                1 Bit    Registers := 16    
+---ROMs : 
	                              ROMs := 1     
+---Muxes : 
	   2 Input     20 Bit        Muxes := 2     
	   2 Input     12 Bit        Muxes := 2     
	   8 Input     12 Bit        Muxes := 1     
	   2 Input     10 Bit        Muxes := 1     
Module exp_graph 
Detailed RTL Component Info : 
+---Adders : 
	   2 Input     21 Bit       Adders := 3     
	   3 Input     20 Bit       Adders := 1     
	   2 Input     11 Bit       Adders := 3     
+---Registers : 
	               20 Bit    Registers := 4     
	               16 Bit    Registers := 1     
	               12 Bit    Registers := 1     
	               11 Bit    Registers := 5     
	               10 Bit    Registers := 1     
	                8 Bit    Registers := 1     
	                3 Bit    Registers := 5     
	                1 Bit    Registers := 15    
+---ROMs : 
	                              ROMs := 1     
+---Muxes : 
	   2 Input     20 Bit        Muxes := 2     
	   2 Input     12 Bit        Muxes := 2     
	   8 Input     12 Bit        Muxes := 1     
	   2 Input     10 Bit        Muxes := 1     
Module ln_graph 
Detailed RTL Component Info : 
+---Adders : 
	   2 Input     21 Bit       Adders := 3     
	   3 Input     20 Bit       Adders := 1     
	   2 Input     11 Bit       Adders := 3     
	   2 Input      8 Bit       Adders := 1     
+---Registers : 
	               20 Bit    Registers := 4     
	               16 Bit    Registers := 1     
	               12 Bit    Registers := 1     
	               11 Bit    Registers := 5     
	               10 Bit    Registers := 1     
	                8 Bit    Registers := 1     
	                3 Bit    Registers := 5     
	                1 Bit    Registers := 15    
+---ROMs : 
	                              ROMs := 1     
+---Muxes : 
	   2 Input     20 Bit        Muxes := 2     
	   2 Input     12 Bit        Muxes := 2     
	   8 Input     12 Bit        Muxes := 1     
	   2 Input     10 Bit        Muxes := 1     
Module graph_renderer 
Detailed RTL Component Info : 
+---Adders : 
	   2 Input     32 Bit       Adders := 2     
	   2 Input     12 Bit       Adders := 4     
	   2 Input     11 Bit       Adders := 4     
+---Registers : 
	               12 Bit    Registers := 1     
	               10 Bit    Registers := 16    
	                2 Bit    Registers := 1     
	                1 Bit    Registers := 18    
+---Muxes : 
	   2 Input     12 Bit        Muxes := 2     
	   4 Input     10 Bit        Muxes := 2     
	   2 Input     10 Bit        Muxes := 2     
	   4 Input      9 Bit        Muxes := 8     
	   2 Input      9 Bit        Muxes := 8     
	   2 Input      3 Bit        Muxes := 2     
	   8 Input      3 Bit        Muxes := 2     
	   2 Input      2 Bit        Muxes := 1     
	   4 Input      2 Bit        Muxes := 1     
	   2 Input      1 Bit        Muxes := 15    
	   3 Input      1 Bit        Muxes := 6     
	   4 Input      1 Bit        Muxes := 4     
Module draw_parameter_line 
Detailed RTL Component Info : 
+---Adders : 
	   2 Input      8 Bit       Adders := 5     
	   2 Input      7 Bit       Adders := 5     
+---Muxes : 
	   2 Input      8 Bit        Muxes := 1     
	  20 Input      1 Bit        Muxes := 3     
	   2 Input      1 Bit        Muxes := 3     
Module draw_parameter_line__parameterized0 
Detailed RTL Component Info : 
+---Adders : 
	   2 Input      8 Bit       Adders := 5     
	   2 Input      7 Bit       Adders := 5     
+---Muxes : 
	   2 Input      8 Bit        Muxes := 1     
	  20 Input      1 Bit        Muxes := 3     
	   2 Input      1 Bit        Muxes := 3     
Module draw_parameter_line__parameterized1 
Detailed RTL Component Info : 
+---Adders : 
	   2 Input      8 Bit       Adders := 5     
	   2 Input      7 Bit       Adders := 5     
+---Muxes : 
	   2 Input      8 Bit        Muxes := 1     
	  20 Input      1 Bit        Muxes := 3     
	   2 Input      1 Bit        Muxes := 3     
Module draw_parameter_line__parameterized2 
Detailed RTL Component Info : 
+---Adders : 
	   2 Input      8 Bit       Adders := 5     
	   2 Input      7 Bit       Adders := 5     
+---Muxes : 
	   2 Input      8 Bit        Muxes := 1     
	  20 Input      1 Bit        Muxes := 3     
	   2 Input      1 Bit        Muxes := 3     
Module grapher_screen_oled 
Detailed RTL Component Info : 
+---Adders : 
	   2 Input     11 Bit       Adders := 4     
	   2 Input      8 Bit       Adders := 7     
	   2 Input      7 Bit       Adders := 12    
+---Registers : 
	               11 Bit    Registers := 6     
	                8 Bit    Registers := 2     
	                7 Bit    Registers := 2     
	                4 Bit    Registers := 6     
	                2 Bit    Registers := 3     
	                1 Bit    Registers := 5     
+---Muxes : 
	   8 Input     23 Bit        Muxes := 4     
	   9 Input     16 Bit        Muxes := 1     
	   2 Input     16 Bit        Muxes := 5     
	   3 Input     16 Bit        Muxes := 1     
	   4 Input     16 Bit        Muxes := 1     
	   2 Input     11 Bit        Muxes := 3     
	   8 Input      9 Bit        Muxes := 3     
	   2 Input      2 Bit        Muxes := 1     
	   8 Input      2 Bit        Muxes := 1     
	   2 Input      1 Bit        Muxes := 2     
Module equation_parser 
Detailed RTL Component Info : 
+---Adders : 
	   2 Input      8 Bit       Adders := 2     
	   2 Input      7 Bit       Adders := 3     
+---Registers : 
	               16 Bit    Registers := 7     
	                9 Bit    Registers := 4     
	                7 Bit    Registers := 2     
	                4 Bit    Registers := 1     
	                3 Bit    Registers := 4     
	                2 Bit    Registers := 1     
	                1 Bit    Registers := 5     
+---Muxes : 
	  11 Input     16 Bit        Muxes := 4     
	   2 Input     16 Bit        Muxes := 10    
	   4 Input     16 Bit        Muxes := 1     
	   2 Input      9 Bit        Muxes := 8     
	   2 Input      8 Bit        Muxes := 1     
	   2 Input      7 Bit        Muxes := 25    
	   3 Input      7 Bit        Muxes := 1     
	  11 Input      7 Bit        Muxes := 1     
	   2 Input      6 Bit        Muxes := 1     
	   2 Input      5 Bit        Muxes := 1     
	   2 Input      4 Bit        Muxes := 11    
	   3 Input      4 Bit        Muxes := 4     
	  12 Input      4 Bit        Muxes := 1     
	  11 Input      3 Bit        Muxes := 1     
	   2 Input      3 Bit        Muxes := 11    
	   3 Input      3 Bit        Muxes := 1     
	  15 Input      3 Bit        Muxes := 1     
	  11 Input      2 Bit        Muxes := 1     
	   2 Input      2 Bit        Muxes := 14    
	  13 Input      2 Bit        Muxes := 1     
	   2 Input      1 Bit        Muxes := 117   
	   3 Input      1 Bit        Muxes := 8     
	  11 Input      1 Bit        Muxes := 14    
	   4 Input      1 Bit        Muxes := 1     
	   6 Input      1 Bit        Muxes := 1     
	  12 Input      1 Bit        Muxes := 1     
Module grapher_module_slim 
Detailed RTL Component Info : 
+---Adders : 
	   2 Input      3 Bit       Adders := 1     
	   2 Input      2 Bit       Adders := 1     
+---Registers : 
	               10 Bit    Registers := 2     
	                9 Bit    Registers := 8     
	                3 Bit    Registers := 5     
	                2 Bit    Registers := 1     
	                1 Bit    Registers := 3     
+---Muxes : 
	   2 Input     12 Bit        Muxes := 2     
	   2 Input      9 Bit        Muxes := 29    
	   2 Input      3 Bit        Muxes := 4     
	   2 Input      2 Bit        Muxes := 1     
	   2 Input      1 Bit        Muxes := 10    
Module precedence_eval 
Detailed RTL Component Info : 
+---Adders : 
	   2 Input     25 Bit       Adders := 7     
	   3 Input      8 Bit       Adders := 1     
	   2 Input      6 Bit       Adders := 2     
	   2 Input      2 Bit       Adders := 1     
+---Registers : 
	               25 Bit    Registers := 5     
	               16 Bit    Registers := 1     
	               10 Bit    Registers := 1     
	                6 Bit    Registers := 1     
	                5 Bit    Registers := 1     
	                4 Bit    Registers := 2     
	                2 Bit    Registers := 1     
	                1 Bit    Registers := 9     
+---Muxes : 
	   2 Input     25 Bit        Muxes := 20    
	   7 Input     25 Bit        Muxes := 1     
	   4 Input     16 Bit        Muxes := 1     
	  18 Input     16 Bit        Muxes := 1     
	   2 Input     14 Bit        Muxes := 2     
	   2 Input     13 Bit        Muxes := 4     
	   2 Input     12 Bit        Muxes := 6     
	   2 Input     11 Bit        Muxes := 6     
	  18 Input     10 Bit        Muxes := 1     
	   2 Input      8 Bit        Muxes := 2     
	   2 Input      7 Bit        Muxes := 1     
	   3 Input      7 Bit        Muxes := 1     
	   2 Input      6 Bit        Muxes := 6     
	   2 Input      5 Bit        Muxes := 5     
	  18 Input      5 Bit        Muxes := 1     
	   2 Input      4 Bit        Muxes := 6     
	   7 Input      4 Bit        Muxes := 1     
	   3 Input      4 Bit        Muxes := 4     
	   4 Input      4 Bit        Muxes := 2     
	  11 Input      4 Bit        Muxes := 1     
	   6 Input      4 Bit        Muxes := 1     
	   3 Input      3 Bit        Muxes := 1     
	   2 Input      3 Bit        Muxes := 3     
	  18 Input      3 Bit        Muxes := 2     
	   6 Input      3 Bit        Muxes := 2     
	   2 Input      2 Bit        Muxes := 2     
	  18 Input      2 Bit        Muxes := 2     
	   2 Input      1 Bit        Muxes := 45    
	   3 Input      1 Bit        Muxes := 3     
	  18 Input      1 Bit        Muxes := 20    
	   4 Input      1 Bit        Muxes := 1     
	   6 Input      1 Bit        Muxes := 1     
	   8 Input      1 Bit        Muxes := 2     
Module full_adder__51 
Detailed RTL Component Info : 
+---XORs : 
	   2 Input      1 Bit         XORs := 2     
Module full_adder__52 
Detailed RTL Component Info : 
+---XORs : 
	   2 Input      1 Bit         XORs := 2     
Module full_adder__53 
Detailed RTL Component Info : 
+---XORs : 
	   2 Input      1 Bit         XORs := 2     
Module full_adder__54 
Detailed RTL Component Info : 
+---XORs : 
	   2 Input      1 Bit         XORs := 2     
Module full_adder__55 
Detailed RTL Component Info : 
+---XORs : 
	   2 Input      1 Bit         XORs := 2     
Module full_adder__56 
Detailed RTL Component Info : 
+---XORs : 
	   2 Input      1 Bit         XORs := 2     
Module full_adder__57 
Detailed RTL Component Info : 
+---XORs : 
	   2 Input      1 Bit         XORs := 2     
Module full_adder__58 
Detailed RTL Component Info : 
+---XORs : 
	   2 Input      1 Bit         XORs := 2     
Module full_adder__59 
Detailed RTL Component Info : 
+---XORs : 
	   2 Input      1 Bit         XORs := 2     
Module full_adder__60 
Detailed RTL Component Info : 
+---XORs : 
	   2 Input      1 Bit         XORs := 2     
Module full_adder__61 
Detailed RTL Component Info : 
+---XORs : 
	   2 Input      1 Bit         XORs := 2     
Module full_adder__62 
Detailed RTL Component Info : 
+---XORs : 
	   2 Input      1 Bit         XORs := 2     
Module full_adder__63 
Detailed RTL Component Info : 
+---XORs : 
	   2 Input      1 Bit         XORs := 2     
Module full_adder__64 
Detailed RTL Component Info : 
+---XORs : 
	   2 Input      1 Bit         XORs := 2     
Module full_adder__65 
Detailed RTL Component Info : 
+---XORs : 
	   2 Input      1 Bit         XORs := 2     
Module full_adder__66 
Detailed RTL Component Info : 
+---XORs : 
	   2 Input      1 Bit         XORs := 2     
Module full_adder__67 
Detailed RTL Component Info : 
+---XORs : 
	   2 Input      1 Bit         XORs := 2     
Module full_adder__68 
Detailed RTL Component Info : 
+---XORs : 
	   2 Input      1 Bit         XORs := 2     
Module full_adder__69 
Detailed RTL Component Info : 
+---XORs : 
	   2 Input      1 Bit         XORs := 2     
Module full_adder__70 
Detailed RTL Component Info : 
+---XORs : 
	   2 Input      1 Bit         XORs := 2     
Module full_adder__71 
Detailed RTL Component Info : 
+---XORs : 
	   2 Input      1 Bit         XORs := 2     
Module full_adder__72 
Detailed RTL Component Info : 
+---XORs : 
	   2 Input      1 Bit         XORs := 2     
Module full_adder__73 
Detailed RTL Component Info : 
+---XORs : 
	   2 Input      1 Bit         XORs := 2     
Module full_adder__74 
Detailed RTL Component Info : 
+---XORs : 
	   2 Input      1 Bit         XORs := 2     
Module full_adder 
Detailed RTL Component Info : 
+---XORs : 
	   2 Input      1 Bit         XORs := 2     
Module adder_module 
Detailed RTL Component Info : 
+---XORs : 
	   2 Input      1 Bit         XORs := 1     
+---Muxes : 
	   2 Input     25 Bit        Muxes := 2     
Module twos_complement_to_sign_magnitude__4 
Detailed RTL Component Info : 
+---Adders : 
	   2 Input     24 Bit       Adders := 1     
+---Muxes : 
	   2 Input     25 Bit        Muxes := 2     
	   2 Input      1 Bit        Muxes := 1     
Module twos_complement_to_sign_magnitude 
Detailed RTL Component Info : 
+---Adders : 
	   2 Input     24 Bit       Adders := 1     
+---Muxes : 
	   2 Input     25 Bit        Muxes := 2     
	   2 Input      1 Bit        Muxes := 1     
Module full_adder__1 
Detailed RTL Component Info : 
+---XORs : 
	   2 Input      1 Bit         XORs := 2     
Module full_adder__2 
Detailed RTL Component Info : 
+---XORs : 
	   2 Input      1 Bit         XORs := 2     
Module full_adder__3 
Detailed RTL Component Info : 
+---XORs : 
	   2 Input      1 Bit         XORs := 2     
Module full_adder__4 
Detailed RTL Component Info : 
+---XORs : 
	   2 Input      1 Bit         XORs := 2     
Module full_adder__5 
Detailed RTL Component Info : 
+---XORs : 
	   2 Input      1 Bit         XORs := 2     
Module full_adder__6 
Detailed RTL Component Info : 
+---XORs : 
	   2 Input      1 Bit         XORs := 2     
Module full_adder__7 
Detailed RTL Component Info : 
+---XORs : 
	   2 Input      1 Bit         XORs := 2     
Module full_adder__8 
Detailed RTL Component Info : 
+---XORs : 
	   2 Input      1 Bit         XORs := 2     
Module full_adder__9 
Detailed RTL Component Info : 
+---XORs : 
	   2 Input      1 Bit         XORs := 2     
Module full_adder__10 
Detailed RTL Component Info : 
+---XORs : 
	   2 Input      1 Bit         XORs := 2     
Module full_adder__11 
Detailed RTL Component Info : 
+---XORs : 
	   2 Input      1 Bit         XORs := 2     
Module full_adder__12 
Detailed RTL Component Info : 
+---XORs : 
	   2 Input      1 Bit         XORs := 2     
Module full_adder__13 
Detailed RTL Component Info : 
+---XORs : 
	   2 Input      1 Bit         XORs := 2     
Module full_adder__14 
Detailed RTL Component Info : 
+---XORs : 
	   2 Input      1 Bit         XORs := 2     
Module full_adder__15 
Detailed RTL Component Info : 
+---XORs : 
	   2 Input      1 Bit         XORs := 2     
Module full_adder__16 
Detailed RTL Component Info : 
+---XORs : 
	   2 Input      1 Bit         XORs := 2     
Module full_adder__17 
Detailed RTL Component Info : 
+---XORs : 
	   2 Input      1 Bit         XORs := 2     
Module full_adder__18 
Detailed RTL Component Info : 
+---XORs : 
	   2 Input      1 Bit         XORs := 2     
Module full_adder__19 
Detailed RTL Component Info : 
+---XORs : 
	   2 Input      1 Bit         XORs := 2     
Module full_adder__20 
Detailed RTL Component Info : 
+---XORs : 
	   2 Input      1 Bit         XORs := 2     
Module full_adder__21 
Detailed RTL Component Info : 
+---XORs : 
	   2 Input      1 Bit         XORs := 2     
Module full_adder__22 
Detailed RTL Component Info : 
+---XORs : 
	   2 Input      1 Bit         XORs := 2     
Module full_adder__23 
Detailed RTL Component Info : 
+---XORs : 
	   2 Input      1 Bit         XORs := 2     
Module full_adder__24 
Detailed RTL Component Info : 
+---XORs : 
	   2 Input      1 Bit         XORs := 2     
Module full_adder__25 
Detailed RTL Component Info : 
+---XORs : 
	   2 Input      1 Bit         XORs := 2     
Module full_adder__26 
Detailed RTL Component Info : 
+---XORs : 
	   2 Input      1 Bit         XORs := 2     
Module full_adder__27 
Detailed RTL Component Info : 
+---XORs : 
	   2 Input      1 Bit         XORs := 2     
Module full_adder__28 
Detailed RTL Component Info : 
+---XORs : 
	   2 Input      1 Bit         XORs := 2     
Module full_adder__29 
Detailed RTL Component Info : 
+---XORs : 
	   2 Input      1 Bit         XORs := 2     
Module full_adder__30 
Detailed RTL Component Info : 
+---XORs : 
	   2 Input      1 Bit         XORs := 2     
Module full_adder__31 
Detailed RTL Component Info : 
+---XORs : 
	   2 Input      1 Bit         XORs := 2     
Module full_adder__32 
Detailed RTL Component Info : 
+---XORs : 
	   2 Input      1 Bit         XORs := 2     
Module full_adder__33 
Detailed RTL Component Info : 
+---XORs : 
	   2 Input      1 Bit         XORs := 2     
Module full_adder__34 
Detailed RTL Component Info : 
+---XORs : 
	   2 Input      1 Bit         XORs := 2     
Module full_adder__35 
Detailed RTL Component Info : 
+---XORs : 
	   2 Input      1 Bit         XORs := 2     
Module full_adder__36 
Detailed RTL Component Info : 
+---XORs : 
	   2 Input      1 Bit         XORs := 2     
Module full_adder__37 
Detailed RTL Component Info : 
+---XORs : 
	   2 Input      1 Bit         XORs := 2     
Module full_adder__38 
Detailed RTL Component Info : 
+---XORs : 
	   2 Input      1 Bit         XORs := 2     
Module full_adder__39 
Detailed RTL Component Info : 
+---XORs : 
	   2 Input      1 Bit         XORs := 2     
Module full_adder__40 
Detailed RTL Component Info : 
+---XORs : 
	   2 Input      1 Bit         XORs := 2     
Module full_adder__41 
Detailed RTL Component Info : 
+---XORs : 
	   2 Input      1 Bit         XORs := 2     
Module full_adder__42 
Detailed RTL Component Info : 
+---XORs : 
	   2 Input      1 Bit         XORs := 2     
Module full_adder__43 
Detailed RTL Component Info : 
+---XORs : 
	   2 Input      1 Bit         XORs := 2     
Module full_adder__44 
Detailed RTL Component Info : 
+---XORs : 
	   2 Input      1 Bit         XORs := 2     
Module full_adder__45 
Detailed RTL Component Info : 
+---XORs : 
	   2 Input      1 Bit         XORs := 2     
Module full_adder__46 
Detailed RTL Component Info : 
+---XORs : 
	   2 Input      1 Bit         XORs := 2     
Module full_adder__47 
Detailed RTL Component Info : 
+---XORs : 
	   2 Input      1 Bit         XORs := 2     
Module full_adder__48 
Detailed RTL Component Info : 
+---XORs : 
	   2 Input      1 Bit         XORs := 2     
Module full_adder__49 
Detailed RTL Component Info : 
+---XORs : 
	   2 Input      1 Bit         XORs := 2     
Module full_adder__50 
Detailed RTL Component Info : 
+---XORs : 
	   2 Input      1 Bit         XORs := 2     
Module sign_magnitude_to_twos_complement 
Detailed RTL Component Info : 
+---Adders : 
	   2 Input     25 Bit       Adders := 1     
+---Muxes : 
	   2 Input     25 Bit        Muxes := 2     
Module multiply_module 
Detailed RTL Component Info : 
+---Adders : 
	   2 Input      5 Bit       Adders := 1     
+---XORs : 
	   2 Input      1 Bit         XORs := 1     
+---Registers : 
	               50 Bit    Registers := 2     
	               25 Bit    Registers := 1     
	               24 Bit    Registers := 2     
	                5 Bit    Registers := 1     
	                1 Bit    Registers := 4     
+---Muxes : 
	   2 Input     50 Bit        Muxes := 1     
	   2 Input     25 Bit        Muxes := 1     
	   6 Input      6 Bit        Muxes := 1     
	   2 Input      6 Bit        Muxes := 2     
	   2 Input      1 Bit        Muxes := 1     
	   6 Input      1 Bit        Muxes := 5     
Module twos_complement_to_sign_magnitude__1 
Detailed RTL Component Info : 
+---Adders : 
	   2 Input     24 Bit       Adders := 1     
+---Muxes : 
	   2 Input     25 Bit        Muxes := 2     
	   2 Input      1 Bit        Muxes := 1     
Module twos_complement_to_sign_magnitude__2 
Detailed RTL Component Info : 
+---Adders : 
	   2 Input     24 Bit       Adders := 1     
+---Muxes : 
	   2 Input     25 Bit        Muxes := 2     
	   2 Input      1 Bit        Muxes := 1     
Module sign_magnitude_to_twos_complement__1 
Detailed RTL Component Info : 
+---Adders : 
	   2 Input     25 Bit       Adders := 1     
+---Muxes : 
	   2 Input     25 Bit        Muxes := 2     
Module divider_module 
Detailed RTL Component Info : 
+---Adders : 
	   3 Input     32 Bit       Adders := 1     
	   2 Input      6 Bit       Adders := 1     
+---XORs : 
	   2 Input      1 Bit         XORs := 1     
+---Registers : 
	               32 Bit    Registers := 3     
	               25 Bit    Registers := 4     
	               24 Bit    Registers := 1     
	                6 Bit    Registers := 1     
	                1 Bit    Registers := 4     
+---Muxes : 
	   2 Input     32 Bit        Muxes := 2     
	   4 Input     32 Bit        Muxes := 2     
	   2 Input     25 Bit        Muxes := 1     
	   4 Input     25 Bit        Muxes := 1     
	   2 Input     24 Bit        Muxes := 1     
	   4 Input      6 Bit        Muxes := 1     
	   4 Input      2 Bit        Muxes := 1     
	   2 Input      2 Bit        Muxes := 2     
	   3 Input      1 Bit        Muxes := 1     
	   2 Input      1 Bit        Muxes := 4     
	   4 Input      1 Bit        Muxes := 13    
Module log2_module__xdcDup__1 
Detailed RTL Component Info : 
+---Adders : 
	   2 Input     32 Bit       Adders := 1     
	   2 Input     16 Bit       Adders := 3     
	   2 Input      4 Bit       Adders := 1     
+---Registers : 
	               25 Bit    Registers := 2     
	               24 Bit    Registers := 1     
	               16 Bit    Registers := 1     
	               12 Bit    Registers := 1     
	                5 Bit    Registers := 1     
	                4 Bit    Registers := 1     
	                1 Bit    Registers := 2     
+---Muxes : 
	   6 Input     25 Bit        Muxes := 1     
	   2 Input     16 Bit        Muxes := 1     
	   6 Input      6 Bit        Muxes := 1     
	   2 Input      6 Bit        Muxes := 1     
	   2 Input      5 Bit        Muxes := 8     
	   2 Input      4 Bit        Muxes := 8     
	   6 Input      4 Bit        Muxes := 1     
	   2 Input      3 Bit        Muxes := 4     
	   2 Input      2 Bit        Muxes := 2     
	   6 Input      1 Bit        Muxes := 7     
Module twos_complement_to_sign_magnitude__8 
Detailed RTL Component Info : 
+---Adders : 
	   2 Input     24 Bit       Adders := 1     
+---Muxes : 
	   2 Input     25 Bit        Muxes := 2     
	   2 Input      1 Bit        Muxes := 1     
Module twos_complement_to_sign_magnitude__7 
Detailed RTL Component Info : 
+---Adders : 
	   2 Input     24 Bit       Adders := 1     
+---Muxes : 
	   2 Input     25 Bit        Muxes := 2     
	   2 Input      1 Bit        Muxes := 1     
Module full_adder__124 
Detailed RTL Component Info : 
+---XORs : 
	   2 Input      1 Bit         XORs := 2     
Module full_adder__123 
Detailed RTL Component Info : 
+---XORs : 
	   2 Input      1 Bit         XORs := 2     
Module full_adder__122 
Detailed RTL Component Info : 
+---XORs : 
	   2 Input      1 Bit         XORs := 2     
Module full_adder__121 
Detailed RTL Component Info : 
+---XORs : 
	   2 Input      1 Bit         XORs := 2     
Module full_adder__120 
Detailed RTL Component Info : 
+---XORs : 
	   2 Input      1 Bit         XORs := 2     
Module full_adder__119 
Detailed RTL Component Info : 
+---XORs : 
	   2 Input      1 Bit         XORs := 2     
Module full_adder__118 
Detailed RTL Component Info : 
+---XORs : 
	   2 Input      1 Bit         XORs := 2     
Module full_adder__117 
Detailed RTL Component Info : 
+---XORs : 
	   2 Input      1 Bit         XORs := 2     
Module full_adder__116 
Detailed RTL Component Info : 
+---XORs : 
	   2 Input      1 Bit         XORs := 2     
Module full_adder__115 
Detailed RTL Component Info : 
+---XORs : 
	   2 Input      1 Bit         XORs := 2     
Module full_adder__114 
Detailed RTL Component Info : 
+---XORs : 
	   2 Input      1 Bit         XORs := 2     
Module full_adder__113 
Detailed RTL Component Info : 
+---XORs : 
	   2 Input      1 Bit         XORs := 2     
Module full_adder__112 
Detailed RTL Component Info : 
+---XORs : 
	   2 Input      1 Bit         XORs := 2     
Module full_adder__111 
Detailed RTL Component Info : 
+---XORs : 
	   2 Input      1 Bit         XORs := 2     
Module full_adder__110 
Detailed RTL Component Info : 
+---XORs : 
	   2 Input      1 Bit         XORs := 2     
Module full_adder__109 
Detailed RTL Component Info : 
+---XORs : 
	   2 Input      1 Bit         XORs := 2     
Module full_adder__108 
Detailed RTL Component Info : 
+---XORs : 
	   2 Input      1 Bit         XORs := 2     
Module full_adder__107 
Detailed RTL Component Info : 
+---XORs : 
	   2 Input      1 Bit         XORs := 2     
Module full_adder__106 
Detailed RTL Component Info : 
+---XORs : 
	   2 Input      1 Bit         XORs := 2     
Module full_adder__105 
Detailed RTL Component Info : 
+---XORs : 
	   2 Input      1 Bit         XORs := 2     
Module full_adder__104 
Detailed RTL Component Info : 
+---XORs : 
	   2 Input      1 Bit         XORs := 2     
Module full_adder__103 
Detailed RTL Component Info : 
+---XORs : 
	   2 Input      1 Bit         XORs := 2     
Module full_adder__102 
Detailed RTL Component Info : 
+---XORs : 
	   2 Input      1 Bit         XORs := 2     
Module full_adder__101 
Detailed RTL Component Info : 
+---XORs : 
	   2 Input      1 Bit         XORs := 2     
Module full_adder__100 
Detailed RTL Component Info : 
+---XORs : 
	   2 Input      1 Bit         XORs := 2     
Module full_adder__99 
Detailed RTL Component Info : 
+---XORs : 
	   2 Input      1 Bit         XORs := 2     
Module full_adder__98 
Detailed RTL Component Info : 
+---XORs : 
	   2 Input      1 Bit         XORs := 2     
Module full_adder__97 
Detailed RTL Component Info : 
+---XORs : 
	   2 Input      1 Bit         XORs := 2     
Module full_adder__96 
Detailed RTL Component Info : 
+---XORs : 
	   2 Input      1 Bit         XORs := 2     
Module full_adder__95 
Detailed RTL Component Info : 
+---XORs : 
	   2 Input      1 Bit         XORs := 2     
Module full_adder__94 
Detailed RTL Component Info : 
+---XORs : 
	   2 Input      1 Bit         XORs := 2     
Module full_adder__93 
Detailed RTL Component Info : 
+---XORs : 
	   2 Input      1 Bit         XORs := 2     
Module full_adder__92 
Detailed RTL Component Info : 
+---XORs : 
	   2 Input      1 Bit         XORs := 2     
Module full_adder__91 
Detailed RTL Component Info : 
+---XORs : 
	   2 Input      1 Bit         XORs := 2     
Module full_adder__90 
Detailed RTL Component Info : 
+---XORs : 
	   2 Input      1 Bit         XORs := 2     
Module full_adder__89 
Detailed RTL Component Info : 
+---XORs : 
	   2 Input      1 Bit         XORs := 2     
Module full_adder__88 
Detailed RTL Component Info : 
+---XORs : 
	   2 Input      1 Bit         XORs := 2     
Module full_adder__87 
Detailed RTL Component Info : 
+---XORs : 
	   2 Input      1 Bit         XORs := 2     
Module full_adder__86 
Detailed RTL Component Info : 
+---XORs : 
	   2 Input      1 Bit         XORs := 2     
Module full_adder__85 
Detailed RTL Component Info : 
+---XORs : 
	   2 Input      1 Bit         XORs := 2     
Module full_adder__84 
Detailed RTL Component Info : 
+---XORs : 
	   2 Input      1 Bit         XORs := 2     
Module full_adder__83 
Detailed RTL Component Info : 
+---XORs : 
	   2 Input      1 Bit         XORs := 2     
Module full_adder__82 
Detailed RTL Component Info : 
+---XORs : 
	   2 Input      1 Bit         XORs := 2     
Module full_adder__81 
Detailed RTL Component Info : 
+---XORs : 
	   2 Input      1 Bit         XORs := 2     
Module full_adder__80 
Detailed RTL Component Info : 
+---XORs : 
	   2 Input      1 Bit         XORs := 2     
Module full_adder__79 
Detailed RTL Component Info : 
+---XORs : 
	   2 Input      1 Bit         XORs := 2     
Module full_adder__78 
Detailed RTL Component Info : 
+---XORs : 
	   2 Input      1 Bit         XORs := 2     
Module full_adder__77 
Detailed RTL Component Info : 
+---XORs : 
	   2 Input      1 Bit         XORs := 2     
Module full_adder__76 
Detailed RTL Component Info : 
+---XORs : 
	   2 Input      1 Bit         XORs := 2     
Module full_adder__75 
Detailed RTL Component Info : 
+---XORs : 
	   2 Input      1 Bit         XORs := 2     
Module sign_magnitude_to_twos_complement__3 
Detailed RTL Component Info : 
+---Adders : 
	   2 Input     25 Bit       Adders := 1     
+---Muxes : 
	   2 Input     25 Bit        Muxes := 2     
Module multiply_module__1 
Detailed RTL Component Info : 
+---Adders : 
	   2 Input      5 Bit       Adders := 1     
+---XORs : 
	   2 Input      1 Bit         XORs := 1     
+---Registers : 
	               50 Bit    Registers := 2     
	               25 Bit    Registers := 1     
	               24 Bit    Registers := 2     
	                5 Bit    Registers := 1     
	                1 Bit    Registers := 4     
+---Muxes : 
	   2 Input     50 Bit        Muxes := 1     
	   2 Input     25 Bit        Muxes := 1     
	   6 Input      6 Bit        Muxes := 1     
	   2 Input      6 Bit        Muxes := 2     
	   2 Input      1 Bit        Muxes := 1     
	   6 Input      1 Bit        Muxes := 5     
Module twos_complement_to_sign_magnitude__3 
Detailed RTL Component Info : 
+---Adders : 
	   2 Input     24 Bit       Adders := 1     
+---Muxes : 
	   2 Input     25 Bit        Muxes := 2     
	   2 Input      1 Bit        Muxes := 1     
Module pow2_module 
Detailed RTL Component Info : 
+---Adders : 
	   2 Input     16 Bit       Adders := 1     
	   2 Input      8 Bit       Adders := 1     
	   2 Input      3 Bit       Adders := 1     
+---Registers : 
	               25 Bit    Registers := 1     
	               16 Bit    Registers := 1     
	                8 Bit    Registers := 2     
	                3 Bit    Registers := 1     
	                1 Bit    Registers := 2     
+---Muxes : 
	   2 Input     25 Bit        Muxes := 3     
	   2 Input      8 Bit        Muxes := 1     
	   7 Input      3 Bit        Muxes := 2     
	   2 Input      3 Bit        Muxes := 1     
	   2 Input      1 Bit        Muxes := 3     
	   7 Input      1 Bit        Muxes := 9     
Module power_module 
Detailed RTL Component Info : 
+---Adders : 
	   2 Input     25 Bit       Adders := 2     
+---Registers : 
	               25 Bit    Registers := 2     
	                1 Bit    Registers := 5     
+---Muxes : 
	   2 Input     25 Bit        Muxes := 3     
	   5 Input     25 Bit        Muxes := 1     
	   2 Input     11 Bit        Muxes := 1     
	   2 Input     10 Bit        Muxes := 1     
	  13 Input      3 Bit        Muxes := 1     
	   2 Input      1 Bit        Muxes := 10    
	   5 Input      1 Bit        Muxes := 10    
Module log2_module 
Detailed RTL Component Info : 
+---Adders : 
	   2 Input     32 Bit       Adders := 1     
	   2 Input     16 Bit       Adders := 3     
	   2 Input      4 Bit       Adders := 1     
+---Registers : 
	               25 Bit    Registers := 2     
	               24 Bit    Registers := 1     
	               16 Bit    Registers := 1     
	               12 Bit    Registers := 1     
	                5 Bit    Registers := 1     
	                4 Bit    Registers := 1     
	                1 Bit    Registers := 2     
+---Muxes : 
	   6 Input     25 Bit        Muxes := 1     
	   2 Input     16 Bit        Muxes := 1     
	   6 Input      6 Bit        Muxes := 1     
	   2 Input      6 Bit        Muxes := 1     
	   2 Input      5 Bit        Muxes := 8     
	   2 Input      4 Bit        Muxes := 8     
	   6 Input      4 Bit        Muxes := 1     
	   2 Input      3 Bit        Muxes := 4     
	   2 Input      2 Bit        Muxes := 2     
	   6 Input      1 Bit        Muxes := 7     
Module angle_preprocessor 
Detailed RTL Component Info : 
+---Adders : 
	   2 Input     25 Bit       Adders := 3     
	   3 Input     25 Bit       Adders := 2     
+---Muxes : 
	   2 Input     25 Bit        Muxes := 8     
	   4 Input      2 Bit        Muxes := 1     
Module CORDIC_trigo_module 
Detailed RTL Component Info : 
+---Adders : 
	   3 Input     25 Bit       Adders := 3     
	   2 Input      5 Bit       Adders := 1     
+---Registers : 
	               25 Bit    Registers := 5     
	                6 Bit    Registers := 1     
	                1 Bit    Registers := 1     
+---Muxes : 
	  17 Input     25 Bit        Muxes := 1     
	   2 Input     25 Bit        Muxes := 3     
	   4 Input     25 Bit        Muxes := 5     
	   4 Input      6 Bit        Muxes := 1     
	   4 Input      1 Bit        Muxes := 4     
Module twos_complement_to_sign_magnitude__6 
Detailed RTL Component Info : 
+---Adders : 
	   2 Input     24 Bit       Adders := 1     
+---Muxes : 
	   2 Input     25 Bit        Muxes := 2     
	   2 Input      1 Bit        Muxes := 1     
Module twos_complement_to_sign_magnitude__5 
Detailed RTL Component Info : 
+---Adders : 
	   2 Input     24 Bit       Adders := 1     
+---Muxes : 
	   2 Input     25 Bit        Muxes := 2     
	   2 Input      1 Bit        Muxes := 1     
Module sign_magnitude_to_twos_complement__2 
Detailed RTL Component Info : 
+---Adders : 
	   2 Input     25 Bit       Adders := 1     
+---Muxes : 
	   2 Input     25 Bit        Muxes := 2     
Module divider_module__1 
Detailed RTL Component Info : 
+---Adders : 
	   3 Input     32 Bit       Adders := 1     
	   2 Input      6 Bit       Adders := 1     
+---XORs : 
	   2 Input      1 Bit         XORs := 1     
+---Registers : 
	               32 Bit    Registers := 3     
	               25 Bit    Registers := 4     
	               24 Bit    Registers := 1     
	                6 Bit    Registers := 1     
	                1 Bit    Registers := 4     
+---Muxes : 
	   2 Input     32 Bit        Muxes := 2     
	   4 Input     32 Bit        Muxes := 2     
	   2 Input     25 Bit        Muxes := 1     
	   4 Input     25 Bit        Muxes := 1     
	   2 Input     24 Bit        Muxes := 1     
	   4 Input      6 Bit        Muxes := 1     
	   4 Input      2 Bit        Muxes := 1     
	   2 Input      2 Bit        Muxes := 2     
	   3 Input      1 Bit        Muxes := 1     
	   2 Input      1 Bit        Muxes := 4     
	   4 Input      1 Bit        Muxes := 13    
Module trigo_module 
Detailed RTL Component Info : 
+---Registers : 
	               25 Bit    Registers := 1     
	                2 Bit    Registers := 1     
	                1 Bit    Registers := 4     
+---Muxes : 
	   4 Input     25 Bit        Muxes := 1     
	   2 Input     25 Bit        Muxes := 4     
	   5 Input      2 Bit        Muxes := 1     
	   2 Input      2 Bit        Muxes := 3     
	   4 Input      1 Bit        Muxes := 8     
	   2 Input      1 Bit        Muxes := 11    
Module team_alu_bridge 
Detailed RTL Component Info : 
+---Adders : 
	   2 Input     25 Bit       Adders := 1     
+---Registers : 
	               25 Bit    Registers := 4     
	                4 Bit    Registers := 1     
	                1 Bit    Registers := 9     
+---Muxes : 
	   5 Input     25 Bit        Muxes := 1     
	   4 Input     25 Bit        Muxes := 3     
	   2 Input     25 Bit        Muxes := 1     
	   2 Input     10 Bit        Muxes := 2     
	   6 Input      3 Bit        Muxes := 1     
	   4 Input      2 Bit        Muxes := 1     
	   2 Input      2 Bit        Muxes := 4     
	   2 Input      1 Bit        Muxes := 7     
	   9 Input      1 Bit        Muxes := 5     
	   6 Input      1 Bit        Muxes := 1     
	   4 Input      1 Bit        Muxes := 16    
Module expr_execute_no_check 
Detailed RTL Component Info : 
+---Registers : 
	               25 Bit    Registers := 3     
	                4 Bit    Registers := 1     
	                2 Bit    Registers := 1     
	                1 Bit    Registers := 3     
+---Muxes : 
	   2 Input      1 Bit        Muxes := 1     
Module error_handling 
Detailed RTL Component Info : 
+---Adders : 
	   2 Input     32 Bit       Adders := 1     
	   2 Input     24 Bit       Adders := 3     
	   3 Input     24 Bit       Adders := 1     
	   3 Input      8 Bit       Adders := 1     
	   2 Input      6 Bit       Adders := 4     
	   2 Input      4 Bit       Adders := 1     
+---Registers : 
	               24 Bit    Registers := 1     
	                8 Bit    Registers := 1     
	                6 Bit    Registers := 5     
	                4 Bit    Registers := 2     
	                2 Bit    Registers := 1     
	                1 Bit    Registers := 10    
+---Muxes : 
	   2 Input     24 Bit        Muxes := 4     
	   3 Input     24 Bit        Muxes := 1     
	   2 Input      8 Bit        Muxes := 8     
	   3 Input      8 Bit        Muxes := 1     
	   2 Input      6 Bit        Muxes := 45    
	   3 Input      6 Bit        Muxes := 5     
	   2 Input      4 Bit        Muxes := 3     
	   3 Input      4 Bit        Muxes := 1     
	   2 Input      3 Bit        Muxes := 14    
	   3 Input      3 Bit        Muxes := 3     
	   4 Input      3 Bit        Muxes := 3     
	   2 Input      2 Bit        Muxes := 17    
	   5 Input      2 Bit        Muxes := 1     
	   3 Input      2 Bit        Muxes := 2     
	   3 Input      1 Bit        Muxes := 39    
	   2 Input      1 Bit        Muxes := 231   
Module eh_stream_capture 
Detailed RTL Component Info : 
+---Adders : 
	   2 Input     32 Bit       Adders := 1     
	   2 Input      6 Bit       Adders := 2     
+---Registers : 
	              256 Bit    Registers := 1     
	                6 Bit    Registers := 2     
+---Muxes : 
	   2 Input    256 Bit        Muxes := 5     
	   2 Input      1 Bit        Muxes := 2     
Module sevenseg_driver 
Detailed RTL Component Info : 
+---Adders : 
	   2 Input      2 Bit       Adders := 1     
+---Registers : 
	                8 Bit    Registers := 1     
	                4 Bit    Registers := 2     
	                2 Bit    Registers := 2     
	                1 Bit    Registers := 1     
+---Muxes : 
	   4 Input      4 Bit        Muxes := 2     
	   4 Input      1 Bit        Muxes := 1     
Module calculator_mode_output_drawer 
Detailed RTL Component Info : 
+---Adders : 
	   2 Input     32 Bit       Adders := 1     
	   2 Input     24 Bit       Adders := 1     
	   2 Input     10 Bit       Adders := 2     
	   2 Input      3 Bit       Adders := 3     
+---Registers : 
	               12 Bit    Registers := 1     
	               10 Bit    Registers := 2     
	                8 Bit    Registers := 11    
	                6 Bit    Registers := 1     
	                4 Bit    Registers := 1     
	                3 Bit    Registers := 2     
	                1 Bit    Registers := 1     
+---Muxes : 
	   2 Input     24 Bit        Muxes := 1     
	   2 Input     12 Bit        Muxes := 5     
	   7 Input     12 Bit        Muxes := 1     
	   5 Input     11 Bit        Muxes := 1     
	   2 Input      8 Bit        Muxes := 3     
	   7 Input      7 Bit        Muxes := 1     
	   2 Input      7 Bit        Muxes := 5     
	   2 Input      6 Bit        Muxes := 14    
	   2 Input      4 Bit        Muxes := 3     
	   4 Input      4 Bit        Muxes := 1     
	   3 Input      4 Bit        Muxes := 1     
	   2 Input      3 Bit        Muxes := 4     
	   4 Input      3 Bit        Muxes := 1     
	   3 Input      3 Bit        Muxes := 3     
	   2 Input      1 Bit        Muxes := 5     
Module calc_mode_top 
Detailed RTL Component Info : 
+---Registers : 
	                4 Bit    Registers := 1     
	                1 Bit    Registers := 3     
+---Muxes : 
	  24 Input      8 Bit        Muxes := 3     
	  27 Input      8 Bit        Muxes := 1     
	   2 Input      8 Bit        Muxes := 1     
	   2 Input      7 Bit        Muxes := 1     
	   8 Input      7 Bit        Muxes := 3     
	   2 Input      4 Bit        Muxes := 3     
	   4 Input      4 Bit        Muxes := 1     
	   2 Input      1 Bit        Muxes := 6     
Module debouncer__1 
Detailed RTL Component Info : 
+---Registers : 
	                1 Bit    Registers := 3     
Module debouncer__2 
Detailed RTL Component Info : 
+---Registers : 
	                1 Bit    Registers := 3     
Module debouncer__3 
Detailed RTL Component Info : 
+---Registers : 
	                1 Bit    Registers := 3     
Module debouncer__4 
Detailed RTL Component Info : 
+---Registers : 
	                1 Bit    Registers := 3     
Module debouncer 
Detailed RTL Component Info : 
+---Registers : 
	                1 Bit    Registers := 3     
Module sw_debouncer_posedge 
Detailed RTL Component Info : 
+---Registers : 
	                1 Bit    Registers := 3     
+---Muxes : 
	   2 Input      1 Bit        Muxes := 2     
Module oled_keypad 
Detailed RTL Component Info : 
+---Adders : 
	   3 Input     32 Bit       Adders := 1     
	   2 Input     32 Bit       Adders := 2     
	   3 Input      8 Bit       Adders := 2     
	   2 Input      8 Bit       Adders := 1     
	   2 Input      7 Bit       Adders := 11    
	   3 Input      7 Bit       Adders := 2     
	   2 Input      3 Bit       Adders := 12    
+---Registers : 
	               16 Bit    Registers := 1     
	                8 Bit    Registers := 2     
	                7 Bit    Registers := 1     
	                5 Bit    Registers := 2     
	                4 Bit    Registers := 2     
	                3 Bit    Registers := 13    
	                2 Bit    Registers := 3     
	                1 Bit    Registers := 13    
+---Multipliers : 
	                 4x32  Multipliers := 1     
+---Muxes : 
	   2 Input     32 Bit        Muxes := 1     
	   2 Input     16 Bit        Muxes := 3     
	   3 Input     16 Bit        Muxes := 1     
	   2 Input      8 Bit        Muxes := 9     
	   4 Input      8 Bit        Muxes := 1     
	   2 Input      7 Bit        Muxes := 9     
	   4 Input      7 Bit        Muxes := 6     
	   4 Input      6 Bit        Muxes := 2     
	   9 Input      5 Bit        Muxes := 1     
	   2 Input      5 Bit        Muxes := 2     
	  11 Input      5 Bit        Muxes := 1     
	   2 Input      4 Bit        Muxes := 1     
	   4 Input      3 Bit        Muxes := 4     
	   2 Input      3 Bit        Muxes := 32    
	   2 Input      2 Bit        Muxes := 15    
	   3 Input      2 Bit        Muxes := 2     
	   7 Input      2 Bit        Muxes := 1     
	   5 Input      2 Bit        Muxes := 1     
	   9 Input      2 Bit        Muxes := 1     
	   2 Input      1 Bit        Muxes := 52    
	   5 Input      1 Bit        Muxes := 2     
	   4 Input      1 Bit        Muxes := 1     
Module key_to_ascii_converter 
Detailed RTL Component Info : 
+---Registers : 
	               24 Bit    Registers := 1     
	                8 Bit    Registers := 1     
	                3 Bit    Registers := 1     
	                1 Bit    Registers := 2     
+---Muxes : 
	  31 Input     24 Bit        Muxes := 1     
	   3 Input      2 Bit        Muxes := 1     
	  31 Input      2 Bit        Muxes := 1     
	   2 Input      1 Bit        Muxes := 1     
	  31 Input      1 Bit        Muxes := 1     
Module shared_equation_buffer 
Detailed RTL Component Info : 
+---Adders : 
	   2 Input      8 Bit       Adders := 3     
	   2 Input      7 Bit       Adders := 5     
+---Registers : 
	               24 Bit    Registers := 2     
	                8 Bit    Registers := 1     
	                7 Bit    Registers := 6     
	                3 Bit    Registers := 3     
	                1 Bit    Registers := 4     
+---Muxes : 
	   2 Input    512 Bit        Muxes := 14    
	   5 Input     24 Bit        Muxes := 1     
	   2 Input      7 Bit        Muxes := 2     
	   5 Input      3 Bit        Muxes := 1     
	   7 Input      3 Bit        Muxes := 1     
	   2 Input      3 Bit        Muxes := 1     
	   2 Input      2 Bit        Muxes := 3     
	   2 Input      1 Bit        Muxes := 6     
	   5 Input      1 Bit        Muxes := 1     
	   6 Input      1 Bit        Muxes := 4     
	   7 Input      1 Bit        Muxes := 1     
Module welcome_drawer_vga 
Detailed RTL Component Info : 
+---Adders : 
	   2 Input     32 Bit       Adders := 3     
	   2 Input      3 Bit       Adders := 3     
+---Registers : 
	               12 Bit    Registers := 1     
	               10 Bit    Registers := 2     
	                8 Bit    Registers := 2     
	                3 Bit    Registers := 2     
	                2 Bit    Registers := 1     
	                1 Bit    Registers := 2     
+---Muxes : 
	   2 Input     12 Bit        Muxes := 5     
	   2 Input      8 Bit        Muxes := 5     
	   6 Input      8 Bit        Muxes := 1     
	   8 Input      8 Bit        Muxes := 1     
	  11 Input      8 Bit        Muxes := 2     
	   7 Input      8 Bit        Muxes := 1     
	   2 Input      6 Bit        Muxes := 1     
	   5 Input      6 Bit        Muxes := 1     
	   5 Input      3 Bit        Muxes := 1     
	   4 Input      2 Bit        Muxes := 1     
	   2 Input      2 Bit        Muxes := 1     
	   2 Input      1 Bit        Muxes := 10    
---------------------------------------------------------------------------------
Finished RTL Hierarchical Component Statistics
---------------------------------------------------------------------------------
---------------------------------------------------------------------------------
Start Part Resource Summary
---------------------------------------------------------------------------------
Part Resources:
DSPs: 90 (col length:60)
BRAMs: 100 (col length: RAMB18 60 RAMB36 30)
---------------------------------------------------------------------------------
Finished Part Resource Summary
---------------------------------------------------------------------------------
INFO: [Synth 8-5580] Multithreading enabled for synth_design using a maximum of 2 processes.
---------------------------------------------------------------------------------
Start Cross Boundary and Area Optimization
---------------------------------------------------------------------------------
INFO: [Synth 8-5546] ROM "fsm_next_state0" won't be mapped to RAM because it is too sparse
INFO: [Synth 8-5546] ROM "fsm_next_state0" won't be mapped to RAM because it is too sparse
WARNING: [Synth 8-3331] design Top_Student has unconnected port JB[2]
WARNING: [Synth 8-3331] design Top_Student has unconnected port JA[2]
WARNING: [Synth 8-3331] design Top_Student has unconnected port led[13]
INFO: [Common 17-14] Message 'Synth 8-3331' appears 100 times and further instances of the messages will be disabled. Use the Tcl command set_msg_config to change the current settings.
WARNING: [Synth 8-3332] Sequential element (vga_sync_unit/pixel_reg_reg[1]) is unused and will be removed from module display_handler.
WARNING: [Synth 8-3332] Sequential element (vga_sync_unit/pixel_reg_reg[0]) is unused and will be removed from module display_handler.
WARNING: [Synth 8-3332] Sequential element (vga_sync_unit/h_count_reg_reg[9]) is unused and will be removed from module display_handler.
WARNING: [Synth 8-3332] Sequential element (vga_sync_unit/h_count_reg_reg[8]) is unused and will be removed from module display_handler.
WARNING: [Synth 8-3332] Sequential element (vga_sync_unit/h_count_reg_reg[7]) is unused and will be removed from module display_handler.
WARNING: [Synth 8-3332] Sequential element (vga_sync_unit/h_count_reg_reg[6]) is unused and will be removed from module display_handler.
WARNING: [Synth 8-3332] Sequential element (vga_sync_unit/h_count_reg_reg[5]) is unused and will be removed from module display_handler.
WARNING: [Synth 8-3332] Sequential element (vga_sync_unit/h_count_reg_reg[4]) is unused and will be removed from module display_handler.
WARNING: [Synth 8-3332] Sequential element (vga_sync_unit/h_count_reg_reg[3]) is unused and will be removed from module display_handler.
WARNING: [Synth 8-3332] Sequential element (vga_sync_unit/h_count_reg_reg[2]) is unused and will be removed from module display_handler.
WARNING: [Synth 8-3332] Sequential element (vga_sync_unit/h_count_reg_reg[1]) is unused and will be removed from module display_handler.
WARNING: [Synth 8-3332] Sequential element (vga_sync_unit/h_count_reg_reg[0]) is unused and will be removed from module display_handler.
WARNING: [Synth 8-3332] Sequential element (vga_sync_unit/hsync_reg_reg) is unused and will be removed from module display_handler.
WARNING: [Synth 8-3332] Sequential element (vga_sync_unit/v_count_reg_reg[9]) is unused and will be removed from module display_handler.
WARNING: [Synth 8-3332] Sequential element (vga_sync_unit/v_count_reg_reg[8]) is unused and will be removed from module display_handler.
WARNING: [Synth 8-3332] Sequential element (vga_sync_unit/v_count_reg_reg[7]) is unused and will be removed from module display_handler.
WARNING: [Synth 8-3332] Sequential element (vga_sync_unit/v_count_reg_reg[6]) is unused and will be removed from module display_handler.
WARNING: [Synth 8-3332] Sequential element (vga_sync_unit/v_count_reg_reg[5]) is unused and will be removed from module display_handler.
WARNING: [Synth 8-3332] Sequential element (vga_sync_unit/v_count_reg_reg[4]) is unused and will be removed from module display_handler.
WARNING: [Synth 8-3332] Sequential element (vga_sync_unit/v_count_reg_reg[3]) is unused and will be removed from module display_handler.
WARNING: [Synth 8-3332] Sequential element (vga_sync_unit/v_count_reg_reg[2]) is unused and will be removed from module display_handler.
WARNING: [Synth 8-3332] Sequential element (vga_sync_unit/v_count_reg_reg[1]) is unused and will be removed from module display_handler.
WARNING: [Synth 8-3332] Sequential element (vga_sync_unit/v_count_reg_reg[0]) is unused and will be removed from module display_handler.
WARNING: [Synth 8-3332] Sequential element (vga_sync_unit/vsync_reg_reg) is unused and will be removed from module display_handler.
WARNING: [Synth 8-3332] Sequential element (video_on_p1_reg) is unused and will be removed from module display_handler.
WARNING: [Synth 8-3332] Sequential element (video_on_p2_reg) is unused and will be removed from module display_handler.
WARNING: [Synth 8-3332] Sequential element (video_on_p3_reg) is unused and will be removed from module display_handler.
WARNING: [Synth 8-3332] Sequential element (video_on_p4_reg) is unused and will be removed from module display_handler.
WARNING: [Synth 8-3332] Sequential element (video_on_p5_reg) is unused and will be removed from module display_handler.
WARNING: [Synth 8-3332] Sequential element (video_on_p6_reg) is unused and will be removed from module display_handler.
WARNING: [Synth 8-3332] Sequential element (video_on_p7_reg) is unused and will be removed from module display_handler.
WARNING: [Synth 8-3332] Sequential element (video_on_p8_reg) is unused and will be removed from module display_handler.
WARNING: [Synth 8-3332] Sequential element (rgb_reg_reg[11]) is unused and will be removed from module display_handler.
WARNING: [Synth 8-3332] Sequential element (rgb_reg_reg[10]) is unused and will be removed from module display_handler.
WARNING: [Synth 8-3332] Sequential element (rgb_reg_reg[9]) is unused and will be removed from module display_handler.
WARNING: [Synth 8-3332] Sequential element (rgb_reg_reg[8]) is unused and will be removed from module display_handler.
WARNING: [Synth 8-3332] Sequential element (rgb_reg_reg[7]) is unused and will be removed from module display_handler.
WARNING: [Synth 8-3332] Sequential element (rgb_reg_reg[6]) is unused and will be removed from module display_handler.
WARNING: [Synth 8-3332] Sequential element (rgb_reg_reg[5]) is unused and will be removed from module display_handler.
WARNING: [Synth 8-3332] Sequential element (rgb_reg_reg[4]) is unused and will be removed from module display_handler.
WARNING: [Synth 8-3332] Sequential element (rgb_reg_reg[3]) is unused and will be removed from module display_handler.
WARNING: [Synth 8-3332] Sequential element (rgb_reg_reg[2]) is unused and will be removed from module display_handler.
WARNING: [Synth 8-3332] Sequential element (rgb_reg_reg[1]) is unused and will be removed from module display_handler.
WARNING: [Synth 8-3332] Sequential element (rgb_reg_reg[0]) is unused and will be removed from module display_handler.
WARNING: [Synth 8-3332] Sequential element (oled_display_inst/spi_word_reg[39]) is unused and will be removed from module display_handler__1.
WARNING: [Synth 8-3332] Sequential element (oled_display_inst/spi_word_reg[38]) is unused and will be removed from module display_handler__1.
WARNING: [Synth 8-3332] Sequential element (oled_display_inst/spi_word_reg[37]) is unused and will be removed from module display_handler__1.
WARNING: [Synth 8-3332] Sequential element (oled_display_inst/spi_word_reg[36]) is unused and will be removed from module display_handler__1.
WARNING: [Synth 8-3332] Sequential element (oled_display_inst/spi_word_reg[35]) is unused and will be removed from module display_handler__1.
WARNING: [Synth 8-3332] Sequential element (oled_display_inst/spi_word_reg[34]) is unused and will be removed from module display_handler__1.
WARNING: [Synth 8-3332] Sequential element (oled_display_inst/spi_word_reg[33]) is unused and will be removed from module display_handler__1.
WARNING: [Synth 8-3332] Sequential element (oled_display_inst/spi_word_reg[32]) is unused and will be removed from module display_handler__1.
WARNING: [Synth 8-3332] Sequential element (oled_display_inst/spi_word_reg[31]) is unused and will be removed from module display_handler__1.
WARNING: [Synth 8-3332] Sequential element (oled_display_inst/spi_word_reg[30]) is unused and will be removed from module display_handler__1.
WARNING: [Synth 8-3332] Sequential element (oled_display_inst/spi_word_reg[29]) is unused and will be removed from module display_handler__1.
WARNING: [Synth 8-3332] Sequential element (oled_display_inst/spi_word_reg[28]) is unused and will be removed from module display_handler__1.
WARNING: [Synth 8-3332] Sequential element (oled_display_inst/spi_word_reg[27]) is unused and will be removed from module display_handler__1.
WARNING: [Synth 8-3332] Sequential element (oled_display_inst/spi_word_reg[26]) is unused and will be removed from module display_handler__1.
WARNING: [Synth 8-3332] Sequential element (oled_display_inst/spi_word_reg[25]) is unused and will be removed from module display_handler__1.
WARNING: [Synth 8-3332] Sequential element (oled_display_inst/spi_word_reg[24]) is unused and will be removed from module display_handler__1.
WARNING: [Synth 8-3332] Sequential element (oled_display_inst/spi_word_reg[23]) is unused and will be removed from module display_handler__1.
WARNING: [Synth 8-3332] Sequential element (oled_display_inst/spi_word_reg[22]) is unused and will be removed from module display_handler__1.
WARNING: [Synth 8-3332] Sequential element (oled_display_inst/spi_word_reg[21]) is unused and will be removed from module display_handler__1.
WARNING: [Synth 8-3332] Sequential element (oled_display_inst/spi_word_reg[20]) is unused and will be removed from module display_handler__1.
WARNING: [Synth 8-3332] Sequential element (oled_display_inst/spi_word_reg[19]) is unused and will be removed from module display_handler__1.
WARNING: [Synth 8-3332] Sequential element (oled_display_inst/spi_word_reg[18]) is unused and will be removed from module display_handler__1.
WARNING: [Synth 8-3332] Sequential element (oled_display_inst/spi_word_reg[17]) is unused and will be removed from module display_handler__1.
WARNING: [Synth 8-3332] Sequential element (oled_display_inst/spi_word_reg[16]) is unused and will be removed from module display_handler__1.
WARNING: [Synth 8-3332] Sequential element (oled_display_inst/spi_word_reg[15]) is unused and will be removed from module display_handler__1.
WARNING: [Synth 8-3332] Sequential element (oled_display_inst/spi_word_reg[14]) is unused and will be removed from module display_handler__1.
WARNING: [Synth 8-3332] Sequential element (oled_display_inst/spi_word_reg[13]) is unused and will be removed from module display_handler__1.
WARNING: [Synth 8-3332] Sequential element (oled_display_inst/spi_word_reg[12]) is unused and will be removed from module display_handler__1.
WARNING: [Synth 8-3332] Sequential element (oled_display_inst/spi_word_reg[11]) is unused and will be removed from module display_handler__1.
WARNING: [Synth 8-3332] Sequential element (oled_display_inst/spi_word_reg[10]) is unused and will be removed from module display_handler__1.
WARNING: [Synth 8-3332] Sequential element (oled_display_inst/spi_word_reg[9]) is unused and will be removed from module display_handler__1.
WARNING: [Synth 8-3332] Sequential element (oled_display_inst/spi_word_reg[8]) is unused and will be removed from module display_handler__1.
WARNING: [Synth 8-3332] Sequential element (oled_display_inst/spi_word_reg[7]) is unused and will be removed from module display_handler__1.
WARNING: [Synth 8-3332] Sequential element (oled_display_inst/spi_word_reg[6]) is unused and will be removed from module display_handler__1.
WARNING: [Synth 8-3332] Sequential element (oled_display_inst/spi_word_reg[5]) is unused and will be removed from module display_handler__1.
WARNING: [Synth 8-3332] Sequential element (oled_display_inst/spi_word_reg[4]) is unused and will be removed from module display_handler__1.
WARNING: [Synth 8-3332] Sequential element (oled_display_inst/spi_word_reg[3]) is unused and will be removed from module display_handler__1.
WARNING: [Synth 8-3332] Sequential element (oled_display_inst/spi_word_reg[2]) is unused and will be removed from module display_handler__1.
WARNING: [Synth 8-3332] Sequential element (oled_display_inst/spi_word_reg[1]) is unused and will be removed from module display_handler__1.
WARNING: [Synth 8-3332] Sequential element (oled_display_inst/spi_word_reg[0]) is unused and will be removed from module display_handler__1.
INFO: [Synth 8-4471] merging register 'digit_regs_reg[1][3:0]' into 'digit_regs_reg[1][3:0]' [C:/Users/rkoh2/OneDrive/Desktop/Personal/EE2026_Final_2/S3_09_RYAN KOH_SEAN LEE_YAO XIANG_YI YANG_Archive.xpr/forryannyy/forryannyy.srcs/sources_1/new/number_parser.v:64]
INFO: [Synth 8-4471] merging register 'digit_regs_reg[2][3:0]' into 'digit_regs_reg[2][3:0]' [C:/Users/rkoh2/OneDrive/Desktop/Personal/EE2026_Final_2/S3_09_RYAN KOH_SEAN LEE_YAO XIANG_YI YANG_Archive.xpr/forryannyy/forryannyy.srcs/sources_1/new/number_parser.v:64]
WARNING: [Synth 8-6014] Unused sequential element digit_regs_reg[1] was removed.  [C:/Users/rkoh2/OneDrive/Desktop/Personal/EE2026_Final_2/S3_09_RYAN KOH_SEAN LEE_YAO XIANG_YI YANG_Archive.xpr/forryannyy/forryannyy.srcs/sources_1/new/number_parser.v:64]
WARNING: [Synth 8-6014] Unused sequential element digit_regs_reg[2] was removed.  [C:/Users/rkoh2/OneDrive/Desktop/Personal/EE2026_Final_2/S3_09_RYAN KOH_SEAN LEE_YAO XIANG_YI YANG_Archive.xpr/forryannyy/forryannyy.srcs/sources_1/new/number_parser.v:64]
INFO: [Synth 8-4471] merging register 'x_p1_reg[10:0]' into 'x_p1_reg[10:0]' [C:/Users/rkoh2/OneDrive/Desktop/Personal/EE2026_Final_2/S3_09_RYAN KOH_SEAN LEE_YAO XIANG_YI YANG_Archive.xpr/forryannyy/forryannyy.srcs/sources_1/new/quadratic_graph.v:357]
INFO: [Synth 8-4471] merging register 'x_p1_reg[10:0]' into 'x_p1_reg[10:0]' [C:/Users/rkoh2/OneDrive/Desktop/Personal/EE2026_Final_2/S3_09_RYAN KOH_SEAN LEE_YAO XIANG_YI YANG_Archive.xpr/forryannyy/forryannyy.srcs/sources_1/new/quadratic_graph.v:357]
INFO: [Synth 8-4471] merging register 'x_p1_reg[10:0]' into 'x_p1_reg[10:0]' [C:/Users/rkoh2/OneDrive/Desktop/Personal/EE2026_Final_2/S3_09_RYAN KOH_SEAN LEE_YAO XIANG_YI YANG_Archive.xpr/forryannyy/forryannyy.srcs/sources_1/new/quadratic_graph.v:357]
INFO: [Synth 8-4471] merging register 'x_p2_reg[10:0]' into 'x_p2_reg[10:0]' [C:/Users/rkoh2/OneDrive/Desktop/Personal/EE2026_Final_2/S3_09_RYAN KOH_SEAN LEE_YAO XIANG_YI YANG_Archive.xpr/forryannyy/forryannyy.srcs/sources_1/new/quadratic_graph.v:378]
WARNING: [Synth 8-6014] Unused sequential element x_p1_reg was removed.  [C:/Users/rkoh2/OneDrive/Desktop/Personal/EE2026_Final_2/S3_09_RYAN KOH_SEAN LEE_YAO XIANG_YI YANG_Archive.xpr/forryannyy/forryannyy.srcs/sources_1/new/quadratic_graph.v:357]
WARNING: [Synth 8-6014] Unused sequential element x_p1_reg was removed.  [C:/Users/rkoh2/OneDrive/Desktop/Personal/EE2026_Final_2/S3_09_RYAN KOH_SEAN LEE_YAO XIANG_YI YANG_Archive.xpr/forryannyy/forryannyy.srcs/sources_1/new/quadratic_graph.v:357]
WARNING: [Synth 8-6014] Unused sequential element x_p1_reg was removed.  [C:/Users/rkoh2/OneDrive/Desktop/Personal/EE2026_Final_2/S3_09_RYAN KOH_SEAN LEE_YAO XIANG_YI YANG_Archive.xpr/forryannyy/forryannyy.srcs/sources_1/new/quadratic_graph.v:357]
WARNING: [Synth 8-6014] Unused sequential element x_p2_reg was removed.  [C:/Users/rkoh2/OneDrive/Desktop/Personal/EE2026_Final_2/S3_09_RYAN KOH_SEAN LEE_YAO XIANG_YI YANG_Archive.xpr/forryannyy/forryannyy.srcs/sources_1/new/quadratic_graph.v:378]
INFO: [Synth 8-5845] Not enough pipeline registers after wide multiplier. Recommended levels of pipeline registers is 2 [C:/Users/rkoh2/OneDrive/Desktop/Personal/EE2026_Final_2/S3_09_RYAN KOH_SEAN LEE_YAO XIANG_YI YANG_Archive.xpr/forryannyy/forryannyy.srcs/sources_1/new/quadratic_graph.v:423]
WARNING: [Synth 8-6014] Unused sequential element C was removed. 
WARNING: [Synth 8-6014] Unused sequential element  was removed. 
WARNING: [Synth 8-6014] Unused sequential element c_x_p4_reg was removed.  [C:/Users/rkoh2/OneDrive/Desktop/Personal/EE2026_Final_2/S3_09_RYAN KOH_SEAN LEE_YAO XIANG_YI YANG_Archive.xpr/forryannyy/forryannyy.srcs/sources_1/new/quadratic_graph.v:425]
WARNING: [Synth 8-6014] Unused sequential element a_p2_reg was removed.  [C:/Users/rkoh2/OneDrive/Desktop/Personal/EE2026_Final_2/S3_09_RYAN KOH_SEAN LEE_YAO XIANG_YI YANG_Archive.xpr/forryannyy/forryannyy.srcs/sources_1/new/quadratic_graph.v:383]
WARNING: [Synth 8-6014] Unused sequential element a_p3_reg was removed.  [C:/Users/rkoh2/OneDrive/Desktop/Personal/EE2026_Final_2/S3_09_RYAN KOH_SEAN LEE_YAO XIANG_YI YANG_Archive.xpr/forryannyy/forryannyy.srcs/sources_1/new/quadratic_graph.v:406]
WARNING: [Synth 8-6014] Unused sequential element B was removed. 
WARNING: [Synth 8-6014] Unused sequential element b_p2_reg was removed.  [C:/Users/rkoh2/OneDrive/Desktop/Personal/EE2026_Final_2/S3_09_RYAN KOH_SEAN LEE_YAO XIANG_YI YANG_Archive.xpr/forryannyy/forryannyy.srcs/sources_1/new/quadratic_graph.v:384]
WARNING: [Synth 8-6014] Unused sequential element B was removed.  [C:/Users/rkoh2/OneDrive/Desktop/Personal/EE2026_Final_2/S3_09_RYAN KOH_SEAN LEE_YAO XIANG_YI YANG_Archive.xpr/forryannyy/forryannyy.srcs/sources_1/new/quadratic_graph.v:448]
WARNING: [Synth 8-6014] Unused sequential element b_p3_reg was removed.  [C:/Users/rkoh2/OneDrive/Desktop/Personal/EE2026_Final_2/S3_09_RYAN KOH_SEAN LEE_YAO XIANG_YI YANG_Archive.xpr/forryannyy/forryannyy.srcs/sources_1/new/quadratic_graph.v:407]
WARNING: [Synth 8-6014] Unused sequential element c_p2_reg was removed.  [C:/Users/rkoh2/OneDrive/Desktop/Personal/EE2026_Final_2/S3_09_RYAN KOH_SEAN LEE_YAO XIANG_YI YANG_Archive.xpr/forryannyy/forryannyy.srcs/sources_1/new/quadratic_graph.v:385]
WARNING: [Synth 8-6014] Unused sequential element A was removed. 
WARNING: [Synth 8-6014] Unused sequential element x_squared_p3_reg was removed.  [C:/Users/rkoh2/OneDrive/Desktop/Personal/EE2026_Final_2/S3_09_RYAN KOH_SEAN LEE_YAO XIANG_YI YANG_Archive.xpr/forryannyy/forryannyy.srcs/sources_1/new/quadratic_graph.v:400]
WARNING: [Synth 8-6014] Unused sequential element c_p3_reg was removed.  [C:/Users/rkoh2/OneDrive/Desktop/Personal/EE2026_Final_2/S3_09_RYAN KOH_SEAN LEE_YAO XIANG_YI YANG_Archive.xpr/forryannyy/forryannyy.srcs/sources_1/new/quadratic_graph.v:408]
WARNING: [Synth 8-6014] Unused sequential element A was removed.  [C:/Users/rkoh2/OneDrive/Desktop/Personal/EE2026_Final_2/S3_09_RYAN KOH_SEAN LEE_YAO XIANG_YI YANG_Archive.xpr/forryannyy/forryannyy.srcs/sources_1/new/quadratic_graph.v:448]
WARNING: [Synth 8-6014] Unused sequential element  was removed.  [C:/Users/rkoh2/OneDrive/Desktop/Personal/EE2026_Final_2/S3_09_RYAN KOH_SEAN LEE_YAO XIANG_YI YANG_Archive.xpr/forryannyy/forryannyy.srcs/sources_1/new/quadratic_graph.v:448]
WARNING: [Synth 8-6014] Unused sequential element  was removed.  [C:/Users/rkoh2/OneDrive/Desktop/Personal/EE2026_Final_2/S3_09_RYAN KOH_SEAN LEE_YAO XIANG_YI YANG_Archive.xpr/forryannyy/forryannyy.srcs/sources_1/new/quadratic_graph.v:448]
WARNING: [Synth 8-6014] Unused sequential element  was removed.  [C:/Users/rkoh2/OneDrive/Desktop/Personal/EE2026_Final_2/S3_09_RYAN KOH_SEAN LEE_YAO XIANG_YI YANG_Archive.xpr/forryannyy/forryannyy.srcs/sources_1/new/quadratic_graph.v:448]
WARNING: [Synth 8-6014] Unused sequential element  was removed.  [C:/Users/rkoh2/OneDrive/Desktop/Personal/EE2026_Final_2/S3_09_RYAN KOH_SEAN LEE_YAO XIANG_YI YANG_Archive.xpr/forryannyy/forryannyy.srcs/sources_1/new/quadratic_graph.v:448]
WARNING: [Synth 8-6014] Unused sequential element x_p2_reg was removed.  [C:/Users/rkoh2/OneDrive/Desktop/Personal/EE2026_Final_2/S3_09_RYAN KOH_SEAN LEE_YAO XIANG_YI YANG_Archive.xpr/forryannyy/forryannyy.srcs/sources_1/new/quadratic_graph.v:378]
WARNING: [Synth 8-6014] Unused sequential element x_p3_reg was removed.  [C:/Users/rkoh2/OneDrive/Desktop/Personal/EE2026_Final_2/S3_09_RYAN KOH_SEAN LEE_YAO XIANG_YI YANG_Archive.xpr/forryannyy/forryannyy.srcs/sources_1/new/quadratic_graph.v:401]
DSP Report: Generating DSP c_x_p4_reg, operation Mode is: (A''*B'')'.
DSP Report: register x_p2_reg is absorbed into DSP c_x_p4_reg.
DSP Report: register x_p3_reg is absorbed into DSP c_x_p4_reg.
DSP Report: register c_p2_reg is absorbed into DSP c_x_p4_reg.
DSP Report: register c_p3_reg is absorbed into DSP c_x_p4_reg.
DSP Report: register c_x_p4_reg is absorbed into DSP c_x_p4_reg.
DSP Report: operator c_x_p40 is absorbed into DSP c_x_p4_reg.
DSP Report: Generating DSP x_squared_p2_reg, operation Mode is: (A2*B2)'.
DSP Report: register x_p1_reg is absorbed into DSP x_squared_p2_reg.
DSP Report: register x_p1_reg is absorbed into DSP x_squared_p2_reg.
DSP Report: register x_squared_p2_reg is absorbed into DSP x_squared_p2_reg.
DSP Report: operator x_squared_p20 is absorbed into DSP x_squared_p2_reg.
DSP Report: Generating DSP x_cubed_p3_reg, operation Mode is: (A*B'')'.
DSP Report: register x_p1_reg is absorbed into DSP x_cubed_p3_reg.
DSP Report: register x_p2_reg is absorbed into DSP x_cubed_p3_reg.
DSP Report: register x_cubed_p3_reg is absorbed into DSP x_cubed_p3_reg.
DSP Report: operator x_cubed_p30 is absorbed into DSP x_cubed_p3_reg.
DSP Report: Generating DSP a_x_cubed_p40, operation Mode is: A*B''.
DSP Report: register a_p2_reg is absorbed into DSP a_x_cubed_p40.
DSP Report: register a_p3_reg is absorbed into DSP a_x_cubed_p40.
DSP Report: operator a_x_cubed_p40 is absorbed into DSP a_x_cubed_p40.
DSP Report: operator a_x_cubed_p40 is absorbed into DSP a_x_cubed_p40.
DSP Report: Generating DSP a_x_cubed_p40, operation Mode is: (PCIN>>17)+A*BCIN2.
DSP Report: register a_p3_reg is absorbed into DSP a_x_cubed_p40.
DSP Report: register P is absorbed into DSP a_x_cubed_p40.
DSP Report: operator a_x_cubed_p40 is absorbed into DSP a_x_cubed_p40.
DSP Report: operator a_x_cubed_p40 is absorbed into DSP a_x_cubed_p40.
DSP Report: Generating DSP expected_y_p50, operation Mode is: PCIN+A'':B''+C.
DSP Report: register B is absorbed into DSP expected_y_p50.
DSP Report: register B is absorbed into DSP expected_y_p50.
DSP Report: register A is absorbed into DSP expected_y_p50.
DSP Report: register A is absorbed into DSP expected_y_p50.
DSP Report: operator expected_y_p50 is absorbed into DSP expected_y_p50.
DSP Report: Generating DSP b_x_squared_p4_reg, operation Mode is: (A2*B'')'.
DSP Report: register b_p2_reg is absorbed into DSP b_x_squared_p4_reg.
DSP Report: register b_p3_reg is absorbed into DSP b_x_squared_p4_reg.
DSP Report: register x_squared_p3_reg is absorbed into DSP b_x_squared_p4_reg.
DSP Report: register b_x_squared_p4_reg is absorbed into DSP b_x_squared_p4_reg.
DSP Report: operator b_x_squared_p40 is absorbed into DSP b_x_squared_p4_reg.
WARNING: [Synth 8-6014] Unused sequential element y_math_p2_reg was removed.  [C:/Users/rkoh2/OneDrive/Desktop/Personal/EE2026_Final_2/S3_09_RYAN KOH_SEAN LEE_YAO XIANG_YI YANG_Archive.xpr/forryannyy/forryannyy.srcs/sources_1/new/quadratic_graph.v:565]
DSP Report: Generating DSP expected_y_p31, operation Mode is: A2*B.
DSP Report: register y_math_p2_reg is absorbed into DSP expected_y_p31.
DSP Report: operator expected_y_p31 is absorbed into DSP expected_y_p31.
WARNING: [Synth 8-6014] Unused sequential element y_math_p2_reg was removed.  [C:/Users/rkoh2/OneDrive/Desktop/Personal/EE2026_Final_2/S3_09_RYAN KOH_SEAN LEE_YAO XIANG_YI YANG_Archive.xpr/forryannyy/forryannyy.srcs/sources_1/new/quadratic_graph.v:565]
DSP Report: Generating DSP expected_y_p31, operation Mode is: A2*B.
DSP Report: register y_math_p2_reg is absorbed into DSP expected_y_p31.
DSP Report: operator expected_y_p31 is absorbed into DSP expected_y_p31.
WARNING: [Synth 8-6014] Unused sequential element y_math_p2_reg was removed.  [C:/Users/rkoh2/OneDrive/Desktop/Personal/EE2026_Final_2/S3_09_RYAN KOH_SEAN LEE_YAO XIANG_YI YANG_Archive.xpr/forryannyy/forryannyy.srcs/sources_1/new/quadratic_graph.v:723]
DSP Report: Generating DSP expected_y_p31, operation Mode is: A2*B.
DSP Report: register y_math_p2_reg is absorbed into DSP expected_y_p31.
DSP Report: operator expected_y_p31 is absorbed into DSP expected_y_p31.
WARNING: [Synth 8-6014] Unused sequential element y_math_p2_reg was removed.  [C:/Users/rkoh2/OneDrive/Desktop/Personal/EE2026_Final_2/S3_09_RYAN KOH_SEAN LEE_YAO XIANG_YI YANG_Archive.xpr/forryannyy/forryannyy.srcs/sources_1/new/quadratic_graph.v:888]
DSP Report: Generating DSP expected_y_p31, operation Mode is: A2*B.
DSP Report: register y_math_p2_reg is absorbed into DSP expected_y_p31.
DSP Report: operator expected_y_p31 is absorbed into DSP expected_y_p31.
WARNING: [Synth 8-6014] Unused sequential element y_math_p2_reg was removed.  [C:/Users/rkoh2/OneDrive/Desktop/Personal/EE2026_Final_2/S3_09_RYAN KOH_SEAN LEE_YAO XIANG_YI YANG_Archive.xpr/forryannyy/forryannyy.srcs/sources_1/new/quadratic_graph.v:1040]
DSP Report: Generating DSP expected_y_p31, operation Mode is: A2*B.
DSP Report: register y_math_p2_reg is absorbed into DSP expected_y_p31.
DSP Report: operator expected_y_p31 is absorbed into DSP expected_y_p31.
INFO: [Synth 8-4471] merging register 'x_p1_reg[10:0]' into 'x_p1_reg[10:0]' [C:/Users/rkoh2/OneDrive/Desktop/Personal/EE2026_Final_2/S3_09_RYAN KOH_SEAN LEE_YAO XIANG_YI YANG_Archive.xpr/forryannyy/forryannyy.srcs/sources_1/new/quadratic_graph.v:357]
INFO: [Synth 8-4471] merging register 'x_p1_reg[10:0]' into 'x_p1_reg[10:0]' [C:/Users/rkoh2/OneDrive/Desktop/Personal/EE2026_Final_2/S3_09_RYAN KOH_SEAN LEE_YAO XIANG_YI YANG_Archive.xpr/forryannyy/forryannyy.srcs/sources_1/new/quadratic_graph.v:357]
INFO: [Synth 8-4471] merging register 'x_p1_reg[10:0]' into 'x_p1_reg[10:0]' [C:/Users/rkoh2/OneDrive/Desktop/Personal/EE2026_Final_2/S3_09_RYAN KOH_SEAN LEE_YAO XIANG_YI YANG_Archive.xpr/forryannyy/forryannyy.srcs/sources_1/new/quadratic_graph.v:357]
INFO: [Synth 8-4471] merging register 'x_p2_reg[10:0]' into 'x_p2_reg[10:0]' [C:/Users/rkoh2/OneDrive/Desktop/Personal/EE2026_Final_2/S3_09_RYAN KOH_SEAN LEE_YAO XIANG_YI YANG_Archive.xpr/forryannyy/forryannyy.srcs/sources_1/new/quadratic_graph.v:378]
WARNING: [Synth 8-6014] Unused sequential element x_p1_reg was removed.  [C:/Users/rkoh2/OneDrive/Desktop/Personal/EE2026_Final_2/S3_09_RYAN KOH_SEAN LEE_YAO XIANG_YI YANG_Archive.xpr/forryannyy/forryannyy.srcs/sources_1/new/quadratic_graph.v:357]
WARNING: [Synth 8-6014] Unused sequential element x_p1_reg was removed.  [C:/Users/rkoh2/OneDrive/Desktop/Personal/EE2026_Final_2/S3_09_RYAN KOH_SEAN LEE_YAO XIANG_YI YANG_Archive.xpr/forryannyy/forryannyy.srcs/sources_1/new/quadratic_graph.v:357]
WARNING: [Synth 8-6014] Unused sequential element x_p1_reg was removed.  [C:/Users/rkoh2/OneDrive/Desktop/Personal/EE2026_Final_2/S3_09_RYAN KOH_SEAN LEE_YAO XIANG_YI YANG_Archive.xpr/forryannyy/forryannyy.srcs/sources_1/new/quadratic_graph.v:357]
WARNING: [Synth 8-6014] Unused sequential element x_p2_reg was removed.  [C:/Users/rkoh2/OneDrive/Desktop/Personal/EE2026_Final_2/S3_09_RYAN KOH_SEAN LEE_YAO XIANG_YI YANG_Archive.xpr/forryannyy/forryannyy.srcs/sources_1/new/quadratic_graph.v:378]
INFO: [Synth 8-5845] Not enough pipeline registers after wide multiplier. Recommended levels of pipeline registers is 2 [C:/Users/rkoh2/OneDrive/Desktop/Personal/EE2026_Final_2/S3_09_RYAN KOH_SEAN LEE_YAO XIANG_YI YANG_Archive.xpr/forryannyy/forryannyy.srcs/sources_1/new/quadratic_graph.v:423]
WARNING: [Synth 8-6014] Unused sequential element C was removed. 
WARNING: [Synth 8-6014] Unused sequential element  was removed. 
WARNING: [Synth 8-6014] Unused sequential element c_x_p4_reg was removed.  [C:/Users/rkoh2/OneDrive/Desktop/Personal/EE2026_Final_2/S3_09_RYAN KOH_SEAN LEE_YAO XIANG_YI YANG_Archive.xpr/forryannyy/forryannyy.srcs/sources_1/new/quadratic_graph.v:425]
WARNING: [Synth 8-6014] Unused sequential element a_p2_reg was removed.  [C:/Users/rkoh2/OneDrive/Desktop/Personal/EE2026_Final_2/S3_09_RYAN KOH_SEAN LEE_YAO XIANG_YI YANG_Archive.xpr/forryannyy/forryannyy.srcs/sources_1/new/quadratic_graph.v:383]
WARNING: [Synth 8-6014] Unused sequential element a_p3_reg was removed.  [C:/Users/rkoh2/OneDrive/Desktop/Personal/EE2026_Final_2/S3_09_RYAN KOH_SEAN LEE_YAO XIANG_YI YANG_Archive.xpr/forryannyy/forryannyy.srcs/sources_1/new/quadratic_graph.v:406]
WARNING: [Synth 8-6014] Unused sequential element B was removed. 
WARNING: [Synth 8-6014] Unused sequential element b_p2_reg was removed.  [C:/Users/rkoh2/OneDrive/Desktop/Personal/EE2026_Final_2/S3_09_RYAN KOH_SEAN LEE_YAO XIANG_YI YANG_Archive.xpr/forryannyy/forryannyy.srcs/sources_1/new/quadratic_graph.v:384]
WARNING: [Synth 8-6014] Unused sequential element B was removed.  [C:/Users/rkoh2/OneDrive/Desktop/Personal/EE2026_Final_2/S3_09_RYAN KOH_SEAN LEE_YAO XIANG_YI YANG_Archive.xpr/forryannyy/forryannyy.srcs/sources_1/new/quadratic_graph.v:448]
WARNING: [Synth 8-6014] Unused sequential element b_p3_reg was removed.  [C:/Users/rkoh2/OneDrive/Desktop/Personal/EE2026_Final_2/S3_09_RYAN KOH_SEAN LEE_YAO XIANG_YI YANG_Archive.xpr/forryannyy/forryannyy.srcs/sources_1/new/quadratic_graph.v:407]
WARNING: [Synth 8-6014] Unused sequential element c_p2_reg was removed.  [C:/Users/rkoh2/OneDrive/Desktop/Personal/EE2026_Final_2/S3_09_RYAN KOH_SEAN LEE_YAO XIANG_YI YANG_Archive.xpr/forryannyy/forryannyy.srcs/sources_1/new/quadratic_graph.v:385]
WARNING: [Synth 8-6014] Unused sequential element A was removed. 
WARNING: [Synth 8-6014] Unused sequential element x_squared_p3_reg was removed.  [C:/Users/rkoh2/OneDrive/Desktop/Personal/EE2026_Final_2/S3_09_RYAN KOH_SEAN LEE_YAO XIANG_YI YANG_Archive.xpr/forryannyy/forryannyy.srcs/sources_1/new/quadratic_graph.v:400]
WARNING: [Synth 8-6014] Unused sequential element c_p3_reg was removed.  [C:/Users/rkoh2/OneDrive/Desktop/Personal/EE2026_Final_2/S3_09_RYAN KOH_SEAN LEE_YAO XIANG_YI YANG_Archive.xpr/forryannyy/forryannyy.srcs/sources_1/new/quadratic_graph.v:408]
WARNING: [Synth 8-6014] Unused sequential element A was removed.  [C:/Users/rkoh2/OneDrive/Desktop/Personal/EE2026_Final_2/S3_09_RYAN KOH_SEAN LEE_YAO XIANG_YI YANG_Archive.xpr/forryannyy/forryannyy.srcs/sources_1/new/quadratic_graph.v:448]
WARNING: [Synth 8-6014] Unused sequential element  was removed.  [C:/Users/rkoh2/OneDrive/Desktop/Personal/EE2026_Final_2/S3_09_RYAN KOH_SEAN LEE_YAO XIANG_YI YANG_Archive.xpr/forryannyy/forryannyy.srcs/sources_1/new/quadratic_graph.v:448]
INFO: [Common 17-14] Message 'Synth 8-6014' appears 100 times and further instances of the messages will be disabled. Use the Tcl command set_msg_config to change the current settings.
DSP Report: Generating DSP c_x_p4_reg, operation Mode is: (A''*B'')'.
DSP Report: register x_p2_reg is absorbed into DSP c_x_p4_reg.
DSP Report: register x_p3_reg is absorbed into DSP c_x_p4_reg.
DSP Report: register c_p2_reg is absorbed into DSP c_x_p4_reg.
DSP Report: register c_p3_reg is absorbed into DSP c_x_p4_reg.
DSP Report: register c_x_p4_reg is absorbed into DSP c_x_p4_reg.
DSP Report: operator c_x_p40 is absorbed into DSP c_x_p4_reg.
DSP Report: Generating DSP x_squared_p2_reg, operation Mode is: (A2*B2)'.
DSP Report: register x_p1_reg is absorbed into DSP x_squared_p2_reg.
DSP Report: register x_p1_reg is absorbed into DSP x_squared_p2_reg.
DSP Report: register x_squared_p2_reg is absorbed into DSP x_squared_p2_reg.
DSP Report: operator x_squared_p20 is absorbed into DSP x_squared_p2_reg.
DSP Report: Generating DSP x_cubed_p3_reg, operation Mode is: (A*B'')'.
DSP Report: register x_p1_reg is absorbed into DSP x_cubed_p3_reg.
DSP Report: register x_p2_reg is absorbed into DSP x_cubed_p3_reg.
DSP Report: register x_cubed_p3_reg is absorbed into DSP x_cubed_p3_reg.
DSP Report: operator x_cubed_p30 is absorbed into DSP x_cubed_p3_reg.
DSP Report: Generating DSP a_x_cubed_p40, operation Mode is: A*B''.
DSP Report: register a_p2_reg is absorbed into DSP a_x_cubed_p40.
DSP Report: register a_p3_reg is absorbed into DSP a_x_cubed_p40.
DSP Report: operator a_x_cubed_p40 is absorbed into DSP a_x_cubed_p40.
DSP Report: operator a_x_cubed_p40 is absorbed into DSP a_x_cubed_p40.
DSP Report: Generating DSP a_x_cubed_p40, operation Mode is: (PCIN>>17)+A*BCIN2.
DSP Report: register a_p3_reg is absorbed into DSP a_x_cubed_p40.
DSP Report: register P is absorbed into DSP a_x_cubed_p40.
DSP Report: operator a_x_cubed_p40 is absorbed into DSP a_x_cubed_p40.
DSP Report: operator a_x_cubed_p40 is absorbed into DSP a_x_cubed_p40.
DSP Report: Generating DSP expected_y_p50, operation Mode is: PCIN+A'':B''+C.
DSP Report: register B is absorbed into DSP expected_y_p50.
DSP Report: register B is absorbed into DSP expected_y_p50.
DSP Report: register A is absorbed into DSP expected_y_p50.
DSP Report: register A is absorbed into DSP expected_y_p50.
DSP Report: operator expected_y_p50 is absorbed into DSP expected_y_p50.
DSP Report: Generating DSP b_x_squared_p4_reg, operation Mode is: (A2*B'')'.
DSP Report: register b_p2_reg is absorbed into DSP b_x_squared_p4_reg.
DSP Report: register b_p3_reg is absorbed into DSP b_x_squared_p4_reg.
DSP Report: register x_squared_p3_reg is absorbed into DSP b_x_squared_p4_reg.
DSP Report: register b_x_squared_p4_reg is absorbed into DSP b_x_squared_p4_reg.
DSP Report: operator b_x_squared_p40 is absorbed into DSP b_x_squared_p4_reg.
DSP Report: Generating DSP expected_y_p31, operation Mode is: A2*B.
DSP Report: register y_math_p2_reg is absorbed into DSP expected_y_p31.
DSP Report: operator expected_y_p31 is absorbed into DSP expected_y_p31.
DSP Report: Generating DSP expected_y_p31, operation Mode is: A2*B.
DSP Report: register y_math_p2_reg is absorbed into DSP expected_y_p31.
DSP Report: operator expected_y_p31 is absorbed into DSP expected_y_p31.
DSP Report: Generating DSP expected_y_p31, operation Mode is: A2*B.
DSP Report: register y_math_p2_reg is absorbed into DSP expected_y_p31.
DSP Report: operator expected_y_p31 is absorbed into DSP expected_y_p31.
DSP Report: Generating DSP expected_y_p31, operation Mode is: A2*B.
DSP Report: register y_math_p2_reg is absorbed into DSP expected_y_p31.
DSP Report: operator expected_y_p31 is absorbed into DSP expected_y_p31.
DSP Report: Generating DSP expected_y_p31, operation Mode is: A2*B.
DSP Report: register y_math_p2_reg is absorbed into DSP expected_y_p31.
DSP Report: operator expected_y_p31 is absorbed into DSP expected_y_p31.
INFO: [Synth 8-3886] merging instance 'stored_color_slot0_reg[1]' (FDSE) to 'stored_color_slot0_reg[2]'
INFO: [Synth 8-3886] merging instance 'stored_color_slot1_reg[1]' (FDSE) to 'stored_color_slot1_reg[2]'
INFO: [Synth 8-3886] merging instance 'graph_renderer_inst/cg0/x_p1_reg[0]' (FDE) to 'graph_renderer_inst/cg0/vga_x_prev_reg[0]'
INFO: [Synth 8-3886] merging instance 'graph_renderer_inst/cg0/x_p1_reg[1]' (FDE) to 'graph_renderer_inst/cg0/vga_x_prev_reg[1]'
INFO: [Synth 8-3886] merging instance 'graph_renderer_inst/cg0/x_p1_reg[2]' (FDE) to 'graph_renderer_inst/cg0/vga_x_prev_reg[2]'
INFO: [Synth 8-3886] merging instance 'graph_renderer_inst/cg0/x_p1_reg[3]' (FDE) to 'graph_renderer_inst/cg0/vga_x_prev_reg[3]'
INFO: [Synth 8-3886] merging instance 'graph_renderer_inst/cg0/x_p1_reg[4]' (FDE) to 'graph_renderer_inst/cg0/vga_x_prev_reg[4]'
INFO: [Synth 8-3886] merging instance 'graph_renderer_inst/cg0/x_p1_reg[5]' (FDE) to 'graph_renderer_inst/cg0/vga_x_prev_reg[5]'
INFO: [Synth 8-3886] merging instance 'graph_renderer_inst/cg1/x_p1_reg[0]' (FDE) to 'graph_renderer_inst/cg1/vga_x_prev_reg[0]'
INFO: [Synth 8-3886] merging instance 'graph_renderer_inst/cg1/x_p1_reg[1]' (FDE) to 'graph_renderer_inst/cg1/vga_x_prev_reg[1]'
INFO: [Synth 8-3886] merging instance 'graph_renderer_inst/cg1/x_p1_reg[2]' (FDE) to 'graph_renderer_inst/cg1/vga_x_prev_reg[2]'
INFO: [Synth 8-3886] merging instance 'graph_renderer_inst/cg1/x_p1_reg[3]' (FDE) to 'graph_renderer_inst/cg1/vga_x_prev_reg[3]'
INFO: [Synth 8-3886] merging instance 'graph_renderer_inst/cg1/x_p1_reg[4]' (FDE) to 'graph_renderer_inst/cg1/vga_x_prev_reg[4]'
INFO: [Synth 8-3886] merging instance 'graph_renderer_inst/cg1/x_p1_reg[5]' (FDE) to 'graph_renderer_inst/cg1/vga_x_prev_reg[5]'
INFO: [Synth 8-3886] merging instance 'graph_renderer_inst/lng0/expected_y_p3_reg[15]' (FDE) to 'graph_renderer_inst/lng0/expected_y_p3_reg[19]'
INFO: [Synth 8-3886] merging instance 'graph_renderer_inst/lng0/expected_y_p3_reg[16]' (FDE) to 'graph_renderer_inst/lng0/expected_y_p3_reg[19]'
INFO: [Synth 8-3886] merging instance 'graph_renderer_inst/lng0/expected_y_p3_reg[17]' (FDE) to 'graph_renderer_inst/lng0/expected_y_p3_reg[19]'
INFO: [Synth 8-3886] merging instance 'graph_renderer_inst/lng0/expected_y_p3_reg[18]' (FDE) to 'graph_renderer_inst/lng0/expected_y_p3_reg[19]'
INFO: [Synth 8-3886] merging instance 'graph_renderer_inst/eg0/expected_y_p3_reg[15]' (FDE) to 'graph_renderer_inst/eg0/expected_y_p3_reg[19]'
INFO: [Synth 8-3886] merging instance 'graph_renderer_inst/eg0/expected_y_p3_reg[16]' (FDE) to 'graph_renderer_inst/eg0/expected_y_p3_reg[19]'
INFO: [Synth 8-3886] merging instance 'graph_renderer_inst/eg0/expected_y_p3_reg[17]' (FDE) to 'graph_renderer_inst/eg0/expected_y_p3_reg[19]'
INFO: [Synth 8-3886] merging instance 'graph_renderer_inst/eg0/expected_y_p3_reg[18]' (FDE) to 'graph_renderer_inst/eg0/expected_y_p3_reg[19]'
INFO: [Synth 8-3886] merging instance 'graph_renderer_inst/tg0/expected_y_p3_reg[15]' (FDE) to 'graph_renderer_inst/tg0/expected_y_p3_reg[19]'
INFO: [Synth 8-3886] merging instance 'graph_renderer_inst/tg0/expected_y_p3_reg[16]' (FDE) to 'graph_renderer_inst/tg0/expected_y_p3_reg[19]'
INFO: [Synth 8-3886] merging instance 'graph_renderer_inst/tg0/expected_y_p3_reg[17]' (FDE) to 'graph_renderer_inst/tg0/expected_y_p3_reg[19]'
INFO: [Synth 8-3886] merging instance 'graph_renderer_inst/tg0/expected_y_p3_reg[18]' (FDE) to 'graph_renderer_inst/tg0/expected_y_p3_reg[19]'
INFO: [Synth 8-3886] merging instance 'graph_renderer_inst/scg0_cos/expected_y_p3_reg[15]' (FDE) to 'graph_renderer_inst/scg0_cos/expected_y_p3_reg[16]'
INFO: [Synth 8-3886] merging instance 'graph_renderer_inst/scg0_cos/expected_y_p3_reg[16]' (FDE) to 'graph_renderer_inst/scg0_cos/expected_y_p3_reg[17]'
INFO: [Synth 8-3886] merging instance 'graph_renderer_inst/scg0_cos/expected_y_p3_reg[17]' (FDE) to 'graph_renderer_inst/scg0_cos/expected_y_p3_reg[18]'
INFO: [Synth 8-3886] merging instance 'graph_renderer_inst/scg0_cos/expected_y_p3_reg[18]' (FDE) to 'graph_renderer_inst/scg0_cos/expected_y_p3_reg[19]'
INFO: [Synth 8-3886] merging instance 'graph_renderer_inst/scg0/expected_y_p3_reg[15]' (FDE) to 'graph_renderer_inst/scg0/expected_y_p3_reg[16]'
INFO: [Synth 8-3886] merging instance 'graph_renderer_inst/scg0/expected_y_p3_reg[16]' (FDE) to 'graph_renderer_inst/scg0/expected_y_p3_reg[17]'
INFO: [Synth 8-3886] merging instance 'graph_renderer_inst/scg0/expected_y_p3_reg[17]' (FDE) to 'graph_renderer_inst/scg0/expected_y_p3_reg[18]'
INFO: [Synth 8-3886] merging instance 'graph_renderer_inst/scg0/expected_y_p3_reg[18]' (FDE) to 'graph_renderer_inst/scg0/expected_y_p3_reg[19]'
INFO: [Common 17-14] Message 'Synth 8-3886' appears 100 times and further instances of the messages will be disabled. Use the Tcl command set_msg_config to change the current settings.
INFO: [Synth 8-3333] propagating constant 0 across sequential element (\graph_type_selector_inst/char_code_reg_reg[7] )
WARNING: [Synth 8-3332] Sequential element ([47]) is unused and will be removed from module cubic_graph__1.
WARNING: [Synth 8-3332] Sequential element ([46]) is unused and will be removed from module cubic_graph__1.
WARNING: [Synth 8-3332] Sequential element ([45]) is unused and will be removed from module cubic_graph__1.
WARNING: [Synth 8-3332] Sequential element ([44]) is unused and will be removed from module cubic_graph__1.
WARNING: [Synth 8-3332] Sequential element ([43]) is unused and will be removed from module cubic_graph__1.
WARNING: [Synth 8-3332] Sequential element ([42]) is unused and will be removed from module cubic_graph__1.
WARNING: [Synth 8-3332] Sequential element ([41]) is unused and will be removed from module cubic_graph__1.
WARNING: [Synth 8-3332] Sequential element ([40]) is unused and will be removed from module cubic_graph__1.
WARNING: [Synth 8-3332] Sequential element ([39]) is unused and will be removed from module cubic_graph__1.
WARNING: [Synth 8-3332] Sequential element ([38]) is unused and will be removed from module cubic_graph__1.
WARNING: [Synth 8-3332] Sequential element ([37]) is unused and will be removed from module cubic_graph__1.
WARNING: [Synth 8-3332] Sequential element ([36]) is unused and will be removed from module cubic_graph__1.
WARNING: [Synth 8-3332] Sequential element ([35]) is unused and will be removed from module cubic_graph__1.
WARNING: [Synth 8-3332] Sequential element ([34]) is unused and will be removed from module cubic_graph__1.
WARNING: [Synth 8-3332] Sequential element ([33]) is unused and will be removed from module cubic_graph__1.
WARNING: [Synth 8-3332] Sequential element ([32]) is unused and will be removed from module cubic_graph__1.
INFO: [Common 17-14] Message 'Synth 8-3332' appears 100 times and further instances of the messages will be disabled. Use the Tcl command set_msg_config to change the current settings.
INFO: [Synth 8-3333] propagating constant 0 across sequential element (graph_renderer_inst/\intersect_y_reg[9] )
INFO: [Synth 8-3333] propagating constant 0 across sequential element (\intersect_y_latched_reg[9] )
INFO: [Synth 8-4471] merging register 'current_power_reg[2:0]' into 'current_power_reg[2:0]' [C:/Users/rkoh2/OneDrive/Desktop/Personal/EE2026_Final_2/S3_09_RYAN KOH_SEAN LEE_YAO XIANG_YI YANG_Archive.xpr/forryannyy/forryannyy.srcs/sources_1/new/equation_parser.v:104]
INFO: [Synth 8-4471] merging register 'current_coeff_reg[15:0]' into 'current_coeff_reg[15:0]' [C:/Users/rkoh2/OneDrive/Desktop/Personal/EE2026_Final_2/S3_09_RYAN KOH_SEAN LEE_YAO XIANG_YI YANG_Archive.xpr/forryannyy/forryannyy.srcs/sources_1/new/equation_parser.v:102]
INFO: [Synth 8-4471] merging register 'current_coeff_reg[15:0]' into 'current_coeff_reg[15:0]' [C:/Users/rkoh2/OneDrive/Desktop/Personal/EE2026_Final_2/S3_09_RYAN KOH_SEAN LEE_YAO XIANG_YI YANG_Archive.xpr/forryannyy/forryannyy.srcs/sources_1/new/equation_parser.v:102]
INFO: [Synth 8-5546] ROM "detected_function" won't be mapped to RAM because it is too sparse
INFO: [Synth 8-5546] ROM "has_coefficient" won't be mapped to RAM because it is too sparse
INFO: [Synth 8-5546] ROM "has_coefficient" won't be mapped to RAM because it is too sparse
INFO: [Synth 8-5546] ROM "current_coeff" won't be mapped to RAM because it is too sparse
INFO: [Synth 8-5546] ROM "current_coeff" won't be mapped to RAM because it is too sparse
INFO: [Synth 8-5546] ROM "current_coeff" won't be mapped to RAM because it is too sparse
INFO: [Synth 8-3333] propagating constant 1 across sequential element (equation_parser_inst/\current_sign_reg[0] )
INFO: [Synth 8-5546] ROM "idx1" won't be mapped to RAM because it is too sparse
INFO: [Synth 8-5546] ROM "st" won't be mapped to RAM because it is too sparse
INFO: [Synth 8-5546] ROM "st" won't be mapped to RAM because it is too sparse
INFO: [Synth 8-5546] ROM "op" won't be mapped to RAM because it is too sparse
INFO: [Synth 8-5546] ROM "op" won't be mapped to RAM because it is too sparse
INFO: [Synth 8-5546] ROM "op" won't be mapped to RAM because it is too sparse
INFO: [Synth 8-5546] ROM "A" won't be mapped to RAM because it is too sparse
INFO: [Synth 8-5546] ROM "int_acc" won't be mapped to RAM because it is too sparse
INFO: [Synth 8-5546] ROM "idx1" won't be mapped to RAM because it is too sparse
INFO: [Synth 8-5546] ROM "st" won't be mapped to RAM because it is too sparse
INFO: [Synth 8-5546] ROM "st" won't be mapped to RAM because it is too sparse
INFO: [Synth 8-5546] ROM "op" won't be mapped to RAM because it is too sparse
INFO: [Common 17-14] Message 'Synth 8-5546' appears 100 times and further instances of the messages will be disabled. Use the Tcl command set_msg_config to change the current settings.
DSP Report: Generating DSP wrapped3, operation Mode is: A*(B:0x648).
DSP Report: operator wrapped3 is absorbed into DSP wrapped3.
INFO: [Synth 8-3886] merging instance 'u_alu/u_trig/divider_inst/dividend_reg_reg[7]' (FDCE) to 'u_alu/u_trig/divider_inst/dividend_reg_reg[0]'
INFO: [Synth 8-3886] merging instance 'u_alu/u_trig/divider_inst/dividend_reg_reg[3]' (FDCE) to 'u_alu/u_trig/divider_inst/dividend_reg_reg[0]'
INFO: [Synth 8-3886] merging instance 'u_alu/u_trig/divider_inst/dividend_reg_reg[5]' (FDCE) to 'u_alu/u_trig/divider_inst/dividend_reg_reg[0]'
INFO: [Synth 8-3886] merging instance 'u_alu/u_trig/divider_inst/dividend_reg_reg[1]' (FDCE) to 'u_alu/u_trig/divider_inst/dividend_reg_reg[0]'
INFO: [Synth 8-3886] merging instance 'u_alu/u_trig/divider_inst/dividend_reg_reg[6]' (FDCE) to 'u_alu/u_trig/divider_inst/dividend_reg_reg[0]'
INFO: [Synth 8-3886] merging instance 'u_alu/u_trig/divider_inst/dividend_reg_reg[2]' (FDCE) to 'u_alu/u_trig/divider_inst/dividend_reg_reg[0]'
INFO: [Synth 8-3886] merging instance 'u_alu/u_trig/divider_inst/dividend_reg_reg[4]' (FDCE) to 'u_alu/u_trig/divider_inst/dividend_reg_reg[0]'
INFO: [Synth 8-3333] propagating constant 0 across sequential element (u_alu/u_trig/\divider_inst/dividend_reg_reg[0] )
INFO: [Synth 8-3333] propagating constant 0 across sequential element (u_alu/u_trig/\CORDIC_trigo_inst/iter_reg[5] )
INFO: [Synth 8-3886] merging instance 'u_alu/u_div/dividend_reg_reg[7]' (FDCE) to 'u_alu/u_div/dividend_reg_reg[0]'
INFO: [Synth 8-3886] merging instance 'u_alu/u_div/dividend_reg_reg[3]' (FDCE) to 'u_alu/u_div/dividend_reg_reg[0]'
INFO: [Synth 8-3886] merging instance 'u_alu/u_div/dividend_reg_reg[5]' (FDCE) to 'u_alu/u_div/dividend_reg_reg[0]'
INFO: [Synth 8-3886] merging instance 'u_alu/u_div/dividend_reg_reg[1]' (FDCE) to 'u_alu/u_div/dividend_reg_reg[0]'
INFO: [Synth 8-3886] merging instance 'u_alu/u_div/dividend_reg_reg[6]' (FDCE) to 'u_alu/u_div/dividend_reg_reg[0]'
INFO: [Synth 8-3886] merging instance 'u_alu/u_div/dividend_reg_reg[2]' (FDCE) to 'u_alu/u_div/dividend_reg_reg[0]'
INFO: [Synth 8-3886] merging instance 'u_alu/u_div/dividend_reg_reg[4]' (FDCE) to 'u_alu/u_div/dividend_reg_reg[0]'
INFO: [Synth 8-3333] propagating constant 0 across sequential element (u_alu/u_div/\dividend_reg_reg[0] )
INFO: [Synth 8-3886] merging instance 'u_alu/u_pow/log2_inst/val_reg[24]' (FDCE) to 'u_alu/u_pow/log2_inst/val_reg[23]'
INFO: [Synth 8-3886] merging instance 'u_alu/u_log/val_reg[23]' (FDCE) to 'u_alu/u_log/val_reg[24]'
INFO: [Synth 8-4471] merging register 'len_reg[5:0]' into 'len_reg[5:0]' [C:/Users/rkoh2/OneDrive/Desktop/Personal/EE2026_Final_2/S3_09_RYAN KOH_SEAN LEE_YAO XIANG_YI YANG_Archive.xpr/forryannyy/forryannyy.srcs/sources_1/new/eh_stream_capture.v:25]
INFO: [Synth 8-5587] ROM size for "seg_for_char" is below threshold of ROM address width. It will be mapped to LUTs
INFO: [Synth 8-5587] ROM size for "seg_for_char0" is below threshold of ROM address width. It will be mapped to LUTs
INFO: [Synth 8-5587] ROM size for "seg_for_char1" is below threshold of ROM address width. It will be mapped to LUTs
INFO: [Synth 8-3333] propagating constant 1 across sequential element (vga_drawer/\display_chars_reg[9][5] )
INFO: [Synth 8-3333] propagating constant 1 across sequential element (vga_drawer/\display_chars_reg[6][5] )
INFO: [Synth 8-3333] propagating constant 0 across sequential element (vga_drawer/\display_chars_reg[1][6] )
INFO: [Synth 8-3333] propagating constant 0 across sequential element (vga_drawer/\display_chars_reg[0][6] )
INFO: [Synth 8-3333] propagating constant 0 across sequential element (vga_drawer/\display_chars_reg[9][7] )
INFO: [Synth 8-3333] propagating constant 0 across sequential element (vga_drawer/\display_chars_reg[1][7] )
INFO: [Synth 8-3333] propagating constant 0 across sequential element (vga_drawer/\display_chars_reg[0][7] )
INFO: [Synth 8-3333] propagating constant 0 across sequential element (\u_seg/dp_reg_reg )
INFO: [Synth 8-3333] propagating constant 0 across sequential element (expr_check/\err_code_reg[3] )
INFO: [Synth 8-3333] propagating constant 1 across sequential element (\u_seg/seg_reg[6] )
INFO: [Synth 8-3333] propagating constant 1 across sequential element (\u_seg/seg_reg[7] )
INFO: [Common 17-14] Message 'Synth 8-3332' appears 100 times and further instances of the messages will be disabled. Use the Tcl command set_msg_config to change the current settings.
INFO: [Synth 8-3333] propagating constant 1 across sequential element (vga_drawer/\display_chars_reg[0][5] )
INFO: [Synth 8-3333] propagating constant 1 across sequential element (vga_drawer/\display_chars_reg[4][5] )
INFO: [Synth 8-3333] propagating constant 1 across sequential element (expr_check/\c_reg[6]_LDC )
INFO: [Synth 8-3333] propagating constant 1 across sequential element (expr_check/\c_reg[7]_LDC )
INFO: [Synth 8-3333] propagating constant 1 across sequential element (expr_check/\c_reg[5]_LDC )
INFO: [Synth 8-3333] propagating constant 1 across sequential element (expr_check/\c_reg[4]_LDC )
INFO: [Synth 8-3333] propagating constant 1 across sequential element (expr_check/\c_reg[1]_LDC )
INFO: [Synth 8-3333] propagating constant 1 across sequential element (expr_check/\c_reg[2]_LDC )
INFO: [Synth 8-3333] propagating constant 1 across sequential element (expr_check/\c_reg[0]_LDC )
INFO: [Synth 8-3333] propagating constant 1 across sequential element (expr_check/\c_reg[3]_LDC )
INFO: [Synth 8-4471] merging register 'shared_equation_length_reg[6:0]' into 'shared_equation_length_reg[6:0]' [C:/Users/rkoh2/OneDrive/Desktop/Personal/EE2026_Final_2/S3_09_RYAN KOH_SEAN LEE_YAO XIANG_YI YANG_Archive.xpr/forryannyy/forryannyy.srcs/sources_1/new/shared_equation_buffer.v:92]
INFO: [Synth 8-4471] merging register 'shared_equation_length_reg[6:0]' into 'shared_equation_length_reg[6:0]' [C:/Users/rkoh2/OneDrive/Desktop/Personal/EE2026_Final_2/S3_09_RYAN KOH_SEAN LEE_YAO XIANG_YI YANG_Archive.xpr/forryannyy/forryannyy.srcs/sources_1/new/shared_equation_buffer.v:92]
INFO: [Synth 8-4471] merging register 'write_start_index_reg[6:0]' into 'write_start_index_reg[6:0]' [C:/Users/rkoh2/OneDrive/Desktop/Personal/EE2026_Final_2/S3_09_RYAN KOH_SEAN LEE_YAO XIANG_YI YANG_Archive.xpr/forryannyy/forryannyy.srcs/sources_1/new/shared_equation_buffer.v:99]
INFO: [Synth 8-4471] merging register 'shared_equation_length_reg[6:0]' into 'shared_equation_length_reg[6:0]' [C:/Users/rkoh2/OneDrive/Desktop/Personal/EE2026_Final_2/S3_09_RYAN KOH_SEAN LEE_YAO XIANG_YI YANG_Archive.xpr/forryannyy/forryannyy.srcs/sources_1/new/shared_equation_buffer.v:92]
INFO: [Synth 8-4471] merging register 'write_start_index_reg[6:0]' into 'write_start_index_reg[6:0]' [C:/Users/rkoh2/OneDrive/Desktop/Personal/EE2026_Final_2/S3_09_RYAN KOH_SEAN LEE_YAO XIANG_YI YANG_Archive.xpr/forryannyy/forryannyy.srcs/sources_1/new/shared_equation_buffer.v:99]
INFO: [Synth 8-4471] merging register 'write_start_index_reg[6:0]' into 'write_start_index_reg[6:0]' [C:/Users/rkoh2/OneDrive/Desktop/Personal/EE2026_Final_2/S3_09_RYAN KOH_SEAN LEE_YAO XIANG_YI YANG_Archive.xpr/forryannyy/forryannyy.srcs/sources_1/new/shared_equation_buffer.v:99]
INFO: [Synth 8-3333] propagating constant 0 across sequential element (\welcome_mode_module_inst/welcome_drawer_vga_inst/char_code_reg_reg[7] )
INFO: [Synth 8-3886] merging instance 'shared_ascii_inst/multichar_data_reg[16]' (FDRE) to 'shared_ascii_inst/multichar_data_reg[20]'
INFO: [Synth 8-3886] merging instance 'shared_ascii_inst/multichar_data_reg[8]' (FDRE) to 'shared_ascii_inst/multichar_data_reg[17]'
INFO: [Synth 8-3886] merging instance 'shared_ascii_inst/multichar_data_reg[0]' (FDRE) to 'shared_ascii_inst/multichar_data_reg[1]'
INFO: [Synth 8-3886] merging instance 'shared_ascii_inst/multichar_data_reg[17]' (FDRE) to 'shared_ascii_inst/multichar_data_reg[21]'
INFO: [Synth 8-3886] merging instance 'shared_ascii_inst/multichar_data_reg[9]' (FDRE) to 'shared_ascii_inst/multichar_data_reg[10]'
INFO: [Synth 8-3886] merging instance 'shared_ascii_inst/multichar_data_reg[18]' (FDRE) to 'shared_ascii_inst/multichar_data_reg[4]'
INFO: [Synth 8-3886] merging instance 'shared_ascii_inst/multichar_data_reg[19]' (FDRE) to 'shared_ascii_inst/multichar_data_reg[4]'
INFO: [Synth 8-3886] merging instance 'shared_ascii_inst/multichar_data_reg[12]' (FDRE) to 'shared_ascii_inst/multichar_data_reg[7]'
INFO: [Synth 8-3886] merging instance 'shared_ascii_inst/multichar_data_reg[21]' (FDRE) to 'shared_ascii_inst/multichar_data_reg[22]'
INFO: [Synth 8-3886] merging instance 'shared_ascii_inst/multichar_data_reg[13]' (FDRE) to 'shared_ascii_inst/multichar_data_reg[5]'
INFO: [Synth 8-3886] merging instance 'shared_ascii_inst/multichar_data_reg[5]' (FDRE) to 'shared_ascii_inst/multichar_data_reg[6]'
INFO: [Synth 8-3886] merging instance 'shared_ascii_inst/multichar_data_reg[14]' (FDRE) to 'shared_ascii_inst/multichar_data_reg[6]'
INFO: [Synth 8-3886] merging instance 'shared_ascii_inst/multichar_data_reg[23]' (FDRE) to 'shared_ascii_inst/multichar_data_reg[7]'
INFO: [Synth 8-3886] merging instance 'shared_ascii_inst/multichar_data_reg[15]' (FDRE) to 'shared_ascii_inst/multichar_data_reg[7]'
INFO: [Synth 8-3333] propagating constant 0 across sequential element (\shared_ascii_inst/multichar_data_reg[7] )
INFO: [Synth 8-3333] propagating constant 0 across sequential element (\shared_ascii_inst/char_count_reg[2] )
INFO: [Synth 8-3886] merging instance 'welcome_mode_module_inst/welcome_drawer_vga_inst/vga_data_reg[0]' (FDSE) to 'welcome_mode_module_inst/welcome_drawer_vga_inst/vga_data_reg[11]'
INFO: [Synth 8-3886] merging instance 'welcome_mode_module_inst/welcome_drawer_vga_inst/vga_data_reg[1]' (FDSE) to 'welcome_mode_module_inst/welcome_drawer_vga_inst/vga_data_reg[11]'
INFO: [Synth 8-3886] merging instance 'welcome_mode_module_inst/welcome_drawer_vga_inst/vga_data_reg[2]' (FDSE) to 'welcome_mode_module_inst/welcome_drawer_vga_inst/vga_data_reg[11]'
INFO: [Synth 8-3886] merging instance 'welcome_mode_module_inst/welcome_drawer_vga_inst/vga_data_reg[3]' (FDSE) to 'welcome_mode_module_inst/welcome_drawer_vga_inst/vga_data_reg[11]'
INFO: [Synth 8-3886] merging instance 'welcome_mode_module_inst/welcome_drawer_vga_inst/vga_data_reg[4]' (FDSE) to 'welcome_mode_module_inst/welcome_drawer_vga_inst/vga_data_reg[11]'
INFO: [Synth 8-3886] merging instance 'welcome_mode_module_inst/welcome_drawer_vga_inst/vga_data_reg[5]' (FDSE) to 'welcome_mode_module_inst/welcome_drawer_vga_inst/vga_data_reg[11]'
INFO: [Synth 8-3886] merging instance 'welcome_mode_module_inst/welcome_drawer_vga_inst/vga_data_reg[6]' (FDSE) to 'welcome_mode_module_inst/welcome_drawer_vga_inst/vga_data_reg[11]'
INFO: [Synth 8-3886] merging instance 'welcome_mode_module_inst/welcome_drawer_vga_inst/vga_data_reg[7]' (FDSE) to 'welcome_mode_module_inst/welcome_drawer_vga_inst/vga_data_reg[11]'
INFO: [Synth 8-3886] merging instance 'welcome_mode_module_inst/welcome_drawer_vga_inst/vga_data_reg[8]' (FDSE) to 'welcome_mode_module_inst/welcome_drawer_vga_inst/vga_data_reg[11]'
INFO: [Synth 8-3886] merging instance 'welcome_mode_module_inst/welcome_drawer_vga_inst/vga_data_reg[9]' (FDSE) to 'welcome_mode_module_inst/welcome_drawer_vga_inst/vga_data_reg[11]'
INFO: [Synth 8-3886] merging instance 'welcome_mode_module_inst/welcome_drawer_vga_inst/vga_data_reg[10]' (FDSE) to 'welcome_mode_module_inst/welcome_drawer_vga_inst/vga_data_reg[11]'
INFO: [Synth 8-3886] merging instance 'shared_keypad_inst/oled_data_reg[1]' (FDR) to 'shared_keypad_inst/oled_data_reg[15]'
INFO: [Synth 8-3886] merging instance 'shared_keypad_inst/oled_data_reg[2]' (FDR) to 'shared_keypad_inst/oled_data_reg[15]'
INFO: [Synth 8-3886] merging instance 'shared_keypad_inst/oled_data_reg[3]' (FDR) to 'shared_keypad_inst/oled_data_reg[15]'
INFO: [Synth 8-3886] merging instance 'shared_keypad_inst/oled_data_reg[4]' (FDR) to 'shared_keypad_inst/oled_data_reg[15]'
INFO: [Synth 8-3886] merging instance 'shared_keypad_inst/oled_data_reg[5]' (FDR) to 'shared_keypad_inst/oled_data_reg[15]'
INFO: [Synth 8-3886] merging instance 'shared_keypad_inst/oled_data_reg[6]' (FDR) to 'shared_keypad_inst/oled_data_reg[15]'
INFO: [Synth 8-3886] merging instance 'shared_keypad_inst/oled_data_reg[7]' (FDR) to 'shared_keypad_inst/oled_data_reg[15]'
INFO: [Synth 8-3886] merging instance 'shared_keypad_inst/oled_data_reg[8]' (FDR) to 'shared_keypad_inst/oled_data_reg[15]'
INFO: [Synth 8-3886] merging instance 'shared_keypad_inst/oled_data_reg[9]' (FDR) to 'shared_keypad_inst/oled_data_reg[15]'
INFO: [Synth 8-3886] merging instance 'shared_keypad_inst/oled_data_reg[10]' (FDR) to 'shared_keypad_inst/oled_data_reg[15]'
INFO: [Synth 8-3886] merging instance 'shared_keypad_inst/oled_data_reg[11]' (FDR) to 'shared_keypad_inst/oled_data_reg[15]'
INFO: [Synth 8-3886] merging instance 'shared_keypad_inst/oled_data_reg[12]' (FDR) to 'shared_keypad_inst/oled_data_reg[15]'
INFO: [Synth 8-3886] merging instance 'shared_keypad_inst/oled_data_reg[13]' (FDR) to 'shared_keypad_inst/oled_data_reg[15]'
INFO: [Synth 8-3886] merging instance 'shared_keypad_inst/oled_data_reg[14]' (FDR) to 'shared_keypad_inst/oled_data_reg[15]'
INFO: [Synth 8-3886] merging instance 'shared_buffer_inst/multichar_data_reg_reg[16]' (FDR) to 'shared_buffer_inst/multichar_data_reg_reg[20]'
INFO: [Synth 8-3886] merging instance 'shared_buffer_inst/multichar_data_reg_reg[8]' (FDR) to 'shared_buffer_inst/multichar_data_reg_reg[17]'
INFO: [Synth 8-3886] merging instance 'shared_buffer_inst/multichar_data_reg_reg[0]' (FDR) to 'shared_buffer_inst/multichar_data_reg_reg[1]'
INFO: [Synth 8-3886] merging instance 'shared_buffer_inst/multichar_data_reg_reg[17]' (FDR) to 'shared_buffer_inst/multichar_data_reg_reg[21]'
INFO: [Synth 8-3886] merging instance 'shared_buffer_inst/multichar_data_reg_reg[9]' (FDR) to 'shared_buffer_inst/multichar_data_reg_reg[10]'
INFO: [Synth 8-3886] merging instance 'shared_buffer_inst/multichar_data_reg_reg[18]' (FDR) to 'shared_buffer_inst/multichar_data_reg_reg[4]'
INFO: [Synth 8-3886] merging instance 'shared_buffer_inst/multichar_data_reg_reg[19]' (FDR) to 'shared_buffer_inst/multichar_data_reg_reg[4]'
INFO: [Synth 8-3886] merging instance 'shared_buffer_inst/multichar_data_reg_reg[21]' (FDR) to 'shared_buffer_inst/multichar_data_reg_reg[22]'
INFO: [Synth 8-3886] merging instance 'shared_buffer_inst/multichar_data_reg_reg[13]' (FDR) to 'shared_buffer_inst/multichar_data_reg_reg[5]'
INFO: [Synth 8-3886] merging instance 'shared_buffer_inst/multichar_data_reg_reg[5]' (FDR) to 'shared_buffer_inst/multichar_data_reg_reg[6]'
INFO: [Synth 8-3886] merging instance 'shared_buffer_inst/multichar_data_reg_reg[14]' (FDR) to 'shared_buffer_inst/multichar_data_reg_reg[6]'
INFO: [Common 17-14] Message 'Synth 8-3886' appears 100 times and further instances of the messages will be disabled. Use the Tcl command set_msg_config to change the current settings.
INFO: [Synth 8-3333] propagating constant 0 across sequential element (shared_buffer_inst/\chars_to_write_reg[2] )
INFO: [Synth 8-3333] propagating constant 0 across sequential element (shared_keypad_inst/\s1_char_col_calc_reg[2] )
---------------------------------------------------------------------------------
Finished Cross Boundary and Area Optimization : Time (s): cpu = 00:01:35 ; elapsed = 00:02:08 . Memory (MB): peak = 952.320 ; gain = 666.523
---------------------------------------------------------------------------------
---------------------------------------------------------------------------------
Start ROM, RAM, DSP and Shift Register Reporting
---------------------------------------------------------------------------------

ROM:
+------------------------------+-----------------+---------------+----------------+
|Module Name                   | RTL Object      | Depth x Width | Implemented As | 
+------------------------------+-----------------+---------------+----------------+
|key_to_ascii_converter        | ascii_char      | 32x8          | LUT            | 
|sincos_graph                  | rom_addr_p1_reg | 256x16        | Block RAM      | 
|tan_graph                     | rom_addr_p1_reg | 256x16        | Block RAM      | 
|exp_graph                     | rom_addr_p1_reg | 256x16        | Block RAM      | 
|ln_graph                      | rom_addr_p1_reg | 256x16        | Block RAM      | 
|calculator_mode_output_drawer | reset_msg       | 32x7          | LUT            | 
+------------------------------+-----------------+---------------+----------------+


DSP: Preliminary Mapping  Report (see note below)
+-------------------+--------------------+--------+--------+--------+--------+--------+------+------+------+------+-------+------+------+
|Module Name        | DSP Mapping        | A Size | B Size | C Size | D Size | P Size | AREG | BREG | CREG | DREG | ADREG | MREG | PREG | 
+-------------------+--------------------+--------+--------+--------+--------+--------+------+------+------+------+-------+------+------+
|cubic_graph        | (A''*B'')'         | 11     | 9      | -      | -      | 20     | 2    | 2    | -    | -    | -     | 1    | 0    | 
|cubic_graph        | (A2*B2)'           | 11     | 11     | -      | -      | 22     | 1    | 1    | -    | -    | -     | 1    | 0    | 
|cubic_graph        | (A*B'')'           | 22     | 11     | -      | -      | 33     | 0    | 2    | -    | -    | -     | 1    | 0    | 
|cubic_graph        | A*B''              | 18     | 9      | -      | -      | 48     | 0    | 2    | -    | -    | -     | 0    | 0    | 
|cubic_graph        | (PCIN>>17)+A*BCIN2 | 16     | 9      | -      | -      | 48     | 0    | 1    | -    | -    | -     | 0    | 1    | 
|cubic_graph        | PCIN+A'':B''+C     | 30     | 18     | 32     | -      | -1     | 2    | 2    | 0    | -    | -     | 0    | 0    | 
|cubic_graph        | (A2*B'')'          | 22     | 9      | -      | -      | 31     | 1    | 2    | -    | -    | -     | 1    | 0    | 
|sincos_graph       | A2*B               | 16     | 9      | -      | -      | 25     | 1    | 0    | -    | -    | -     | 0    | 0    | 
|sincos_graph       | A2*B               | 16     | 9      | -      | -      | 25     | 1    | 0    | -    | -    | -     | 0    | 0    | 
|tan_graph          | A2*B               | 16     | 9      | -      | -      | 25     | 1    | 0    | -    | -    | -     | 0    | 0    | 
|exp_graph          | A2*B               | 16     | 9      | -      | -      | 25     | 1    | 0    | -    | -    | -     | 0    | 0    | 
|ln_graph           | A2*B               | 16     | 9      | -      | -      | 25     | 1    | 0    | -    | -    | -     | 0    | 0    | 
|cubic_graph        | (A''*B'')'         | 11     | 9      | -      | -      | 20     | 2    | 2    | -    | -    | -     | 1    | 0    | 
|cubic_graph        | (A2*B2)'           | 11     | 11     | -      | -      | 22     | 1    | 1    | -    | -    | -     | 1    | 0    | 
|cubic_graph        | (A*B'')'           | 22     | 11     | -      | -      | 33     | 0    | 2    | -    | -    | -     | 1    | 0    | 
|cubic_graph        | A*B''              | 18     | 9      | -      | -      | 48     | 0    | 2    | -    | -    | -     | 0    | 0    | 
|cubic_graph        | (PCIN>>17)+A*BCIN2 | 16     | 9      | -      | -      | 48     | 0    | 1    | -    | -    | -     | 0    | 1    | 
|cubic_graph        | PCIN+A'':B''+C     | 30     | 18     | 32     | -      | -1     | 2    | 2    | 0    | -    | -     | 0    | 0    | 
|cubic_graph        | (A2*B'')'          | 22     | 9      | -      | -      | 31     | 1    | 2    | -    | -    | -     | 1    | 0    | 
|sincos_graph       | A2*B               | 16     | 9      | -      | -      | 25     | 1    | 0    | -    | -    | -     | 0    | 0    | 
|sincos_graph       | A2*B               | 16     | 9      | -      | -      | 25     | 1    | 0    | -    | -    | -     | 0    | 0    | 
|tan_graph          | A2*B               | 16     | 9      | -      | -      | 25     | 1    | 0    | -    | -    | -     | 0    | 0    | 
|exp_graph          | A2*B               | 16     | 9      | -      | -      | 25     | 1    | 0    | -    | -    | -     | 0    | 0    | 
|ln_graph           | A2*B               | 16     | 9      | -      | -      | 25     | 1    | 0    | -    | -    | -     | 0    | 0    | 
|angle_preprocessor | A*(B:0x648)        | 25     | 12     | -      | -      | 37     | 0    | 0    | -    | -    | -     | 0    | 0    | 
+-------------------+--------------------+--------+--------+--------+--------+--------+------+------+------+------+-------+------+------+

Note: The table above is a preliminary report that shows the DSPs inferred at the current stage of the synthesis flow. Some DSP may be reimplemented as non DSP primitives later in the synthesis flow. Multiple instantiated DSPs are reported only once.
---------------------------------------------------------------------------------
Finished ROM, RAM, DSP and Shift Register Reporting
---------------------------------------------------------------------------------
INFO: [Synth 8-4480] The timing for the instance grapher_module_insti_1/graph_renderer_inst/scg0/i_27/rom_addr_p1_reg (implemented as a block RAM) might be sub-optimal as no optional output register could be merged into the block ram. Providing additional output register may help in improving timing.
INFO: [Synth 8-4480] The timing for the instance grapher_module_insti_1/graph_renderer_inst/scg0_cos/i_27/rom_addr_p1_reg (implemented as a block RAM) might be sub-optimal as no optional output register could be merged into the block ram. Providing additional output register may help in improving timing.
INFO: [Synth 8-4480] The timing for the instance grapher_module_insti_1/graph_renderer_inst/tg0/i_27/rom_addr_p1_reg (implemented as a block RAM) might be sub-optimal as no optional output register could be merged into the block ram. Providing additional output register may help in improving timing.
INFO: [Synth 8-4480] The timing for the instance grapher_module_insti_1/graph_renderer_inst/eg0/i_16/rom_addr_p1_reg (implemented as a block RAM) might be sub-optimal as no optional output register could be merged into the block ram. Providing additional output register may help in improving timing.
INFO: [Synth 8-4480] The timing for the instance grapher_module_insti_1/graph_renderer_inst/lng0/i_16/rom_addr_p1_reg (implemented as a block RAM) might be sub-optimal as no optional output register could be merged into the block ram. Providing additional output register may help in improving timing.
INFO: [Synth 8-4480] The timing for the instance grapher_module_insti_1/graph_renderer_inst/scg1/i_27/rom_addr_p1_reg (implemented as a block RAM) might be sub-optimal as no optional output register could be merged into the block ram. Providing additional output register may help in improving timing.
INFO: [Synth 8-4480] The timing for the instance grapher_module_insti_1/graph_renderer_inst/scg1_cos/i_27/rom_addr_p1_reg (implemented as a block RAM) might be sub-optimal as no optional output register could be merged into the block ram. Providing additional output register may help in improving timing.
INFO: [Synth 8-4480] The timing for the instance grapher_module_insti_1/graph_renderer_inst/tg1/i_27/rom_addr_p1_reg (implemented as a block RAM) might be sub-optimal as no optional output register could be merged into the block ram. Providing additional output register may help in improving timing.
INFO: [Synth 8-4480] The timing for the instance grapher_module_insti_1/graph_renderer_inst/eg1/i_16/rom_addr_p1_reg (implemented as a block RAM) might be sub-optimal as no optional output register could be merged into the block ram. Providing additional output register may help in improving timing.
INFO: [Synth 8-4480] The timing for the instance grapher_module_insti_1/graph_renderer_inst/lng1/i_16/rom_addr_p1_reg (implemented as a block RAM) might be sub-optimal as no optional output register could be merged into the block ram. Providing additional output register may help in improving timing.

Report RTL Partitions: 
+------+-------------------------+------------+----------+
|      |RTL Partition            |Replication |Instances |
+------+-------------------------+------------+----------+
|1     |display_handler          |           2|       845|
|2     |grapher_module_slim__GB0 |           1|     14160|
|3     |grapher_module_slim__GB1 |           1|      6957|
|4     |expr_execute_no_check    |           1|     13880|
|5     |calc_mode_top__GB1       |           1|      5732|
|6     |Top_Student__GC0         |           1|      9869|
|7     |display_handler__1       |           1|       598|
+------+-------------------------+------------+----------+
---------------------------------------------------------------------------------
Start Applying XDC Timing Constraints
---------------------------------------------------------------------------------
---------------------------------------------------------------------------------
Finished Applying XDC Timing Constraints : Time (s): cpu = 00:01:46 ; elapsed = 00:02:20 . Memory (MB): peak = 953.465 ; gain = 667.668
---------------------------------------------------------------------------------
---------------------------------------------------------------------------------
Start Timing Optimization
---------------------------------------------------------------------------------
---------------------------------------------------------------------------------
Finished Timing Optimization : Time (s): cpu = 00:01:53 ; elapsed = 00:02:28 . Memory (MB): peak = 1036.449 ; gain = 750.652
---------------------------------------------------------------------------------

Report RTL Partitions: 
+------+-------------------------+------------+----------+
|      |RTL Partition            |Replication |Instances |
+------+-------------------------+------------+----------+
|1     |display_handler          |           1|       826|
|2     |grapher_module_slim__GB0 |           1|     13999|
|3     |grapher_module_slim__GB1 |           1|      6941|
|4     |expr_execute_no_check    |           1|     13880|
|5     |calc_mode_top__GB1       |           1|      5732|
|6     |Top_Student__GC0         |           1|      9820|
|7     |display_handler__1       |           1|       589|
|8     |display_handler__2       |           1|       831|
+------+-------------------------+------------+----------+
---------------------------------------------------------------------------------
Start Technology Mapping
---------------------------------------------------------------------------------
INFO: [Synth 8-3333] propagating constant 1 across sequential element (calc_mode_top_insti_3/\u_seg/nib_reg_reg[3] )
INFO: [Synth 8-3333] propagating constant 1 across sequential element (calc_mode_top_insti_3/\u_seg/nib_reg_reg[3] )
INFO: [Synth 8-4480] The timing for the instance grapher_module_insti_1/grapher_module_inst/graph_renderer_inst/scg0/rom_addr_p1_reg (implemented as a block RAM) might be sub-optimal as no optional output register could be merged into the block ram. Providing additional output register may help in improving timing.
INFO: [Synth 8-4480] The timing for the instance grapher_module_insti_1/grapher_module_inst/graph_renderer_inst/scg0/rom_addr_p1_reg (implemented as a block RAM) might be sub-optimal as no optional output register could be merged into the block ram. Providing additional output register may help in improving timing.
INFO: [Synth 8-4480] The timing for the instance grapher_module_insti_1/grapher_module_inst/graph_renderer_inst/tg0/rom_addr_p1_reg (implemented as a block RAM) might be sub-optimal as no optional output register could be merged into the block ram. Providing additional output register may help in improving timing.
INFO: [Synth 8-4480] The timing for the instance grapher_module_insti_1/grapher_module_inst/graph_renderer_inst/tg0/rom_addr_p1_reg (implemented as a block RAM) might be sub-optimal as no optional output register could be merged into the block ram. Providing additional output register may help in improving timing.
INFO: [Synth 8-4480] The timing for the instance grapher_module_insti_1/grapher_module_inst/graph_renderer_inst/eg0/rom_addr_p1_reg (implemented as a block RAM) might be sub-optimal as no optional output register could be merged into the block ram. Providing additional output register may help in improving timing.
INFO: [Synth 8-4480] The timing for the instance grapher_module_insti_1/grapher_module_inst/graph_renderer_inst/eg0/rom_addr_p1_reg (implemented as a block RAM) might be sub-optimal as no optional output register could be merged into the block ram. Providing additional output register may help in improving timing.
INFO: [Synth 8-4480] The timing for the instance grapher_module_insti_1/grapher_module_inst/graph_renderer_inst/lng0/rom_addr_p1_reg (implemented as a block RAM) might be sub-optimal as no optional output register could be merged into the block ram. Providing additional output register may help in improving timing.
INFO: [Synth 8-4480] The timing for the instance grapher_module_insti_1/grapher_module_inst/graph_renderer_inst/lng0/rom_addr_p1_reg (implemented as a block RAM) might be sub-optimal as no optional output register could be merged into the block ram. Providing additional output register may help in improving timing.
INFO: [Synth 8-4480] The timing for the instance grapher_module_insti_1/grapher_module_inst/graph_renderer_inst/scg1/rom_addr_p1_reg (implemented as a block RAM) might be sub-optimal as no optional output register could be merged into the block ram. Providing additional output register may help in improving timing.
INFO: [Synth 8-4480] The timing for the instance grapher_module_insti_1/grapher_module_inst/graph_renderer_inst/scg1/rom_addr_p1_reg (implemented as a block RAM) might be sub-optimal as no optional output register could be merged into the block ram. Providing additional output register may help in improving timing.
---------------------------------------------------------------------------------
Finished Technology Mapping : Time (s): cpu = 00:02:01 ; elapsed = 00:02:35 . Memory (MB): peak = 1060.578 ; gain = 774.781
---------------------------------------------------------------------------------

Report RTL Partitions: 
+------+-------------------------+------------+----------+
|      |RTL Partition            |Replication |Instances |
+------+-------------------------+------------+----------+
|1     |display_handler          |           1|       347|
|2     |grapher_module_slim__GB0 |           1|      6225|
|3     |grapher_module_slim__GB1 |           1|      3086|
|4     |expr_execute_no_check    |           1|      6496|
|5     |calc_mode_top__GB1       |           1|      2366|
|6     |Top_Student__GC0         |           1|      4542|
|7     |display_handler__1       |           1|       319|
|8     |display_handler__2       |           1|       348|
+------+-------------------------+------------+----------+
---------------------------------------------------------------------------------
Start IO Insertion
---------------------------------------------------------------------------------
---------------------------------------------------------------------------------
Start Flattening Before IO Insertion
---------------------------------------------------------------------------------
---------------------------------------------------------------------------------
Finished Flattening Before IO Insertion
---------------------------------------------------------------------------------
---------------------------------------------------------------------------------
Start Final Netlist Cleanup
---------------------------------------------------------------------------------
INFO: [Synth 8-4480] The timing for the instance grapher_module_inst/graph_renderer_inst/scg0/rom_addr_p1_reg (implemented as a block RAM) might be sub-optimal as no optional output register could be merged into the block ram. Providing additional output register may help in improving timing.
INFO: [Synth 8-4480] The timing for the instance grapher_module_inst/graph_renderer_inst/scg0/rom_addr_p1_reg (implemented as a block RAM) might be sub-optimal as no optional output register could be merged into the block ram. Providing additional output register may help in improving timing.
INFO: [Synth 8-4480] The timing for the instance grapher_module_inst/graph_renderer_inst/tg0/rom_addr_p1_reg (implemented as a block RAM) might be sub-optimal as no optional output register could be merged into the block ram. Providing additional output register may help in improving timing.
INFO: [Synth 8-4480] The timing for the instance grapher_module_inst/graph_renderer_inst/tg0/rom_addr_p1_reg (implemented as a block RAM) might be sub-optimal as no optional output register could be merged into the block ram. Providing additional output register may help in improving timing.
INFO: [Synth 8-4480] The timing for the instance grapher_module_inst/graph_renderer_inst/eg0/rom_addr_p1_reg (implemented as a block RAM) might be sub-optimal as no optional output register could be merged into the block ram. Providing additional output register may help in improving timing.
INFO: [Synth 8-4480] The timing for the instance grapher_module_inst/graph_renderer_inst/eg0/rom_addr_p1_reg (implemented as a block RAM) might be sub-optimal as no optional output register could be merged into the block ram. Providing additional output register may help in improving timing.
INFO: [Synth 8-4480] The timing for the instance grapher_module_inst/graph_renderer_inst/lng0/rom_addr_p1_reg (implemented as a block RAM) might be sub-optimal as no optional output register could be merged into the block ram. Providing additional output register may help in improving timing.
INFO: [Synth 8-4480] The timing for the instance grapher_module_inst/graph_renderer_inst/lng0/rom_addr_p1_reg (implemented as a block RAM) might be sub-optimal as no optional output register could be merged into the block ram. Providing additional output register may help in improving timing.
INFO: [Synth 8-4480] The timing for the instance grapher_module_inst/graph_renderer_inst/scg1/rom_addr_p1_reg (implemented as a block RAM) might be sub-optimal as no optional output register could be merged into the block ram. Providing additional output register may help in improving timing.
INFO: [Synth 8-4480] The timing for the instance grapher_module_inst/graph_renderer_inst/scg1/rom_addr_p1_reg (implemented as a block RAM) might be sub-optimal as no optional output register could be merged into the block ram. Providing additional output register may help in improving timing.
INFO: [Synth 8-6064] Net graph_renderer_instn_0_4156 is driving 72 big block pins (URAM, BRAM and DSP loads). Created 8 replicas of its driver. 
---------------------------------------------------------------------------------
Finished Final Netlist Cleanup
---------------------------------------------------------------------------------
---------------------------------------------------------------------------------
Finished IO Insertion : Time (s): cpu = 00:02:06 ; elapsed = 00:02:41 . Memory (MB): peak = 1071.266 ; gain = 785.469
---------------------------------------------------------------------------------

Report Check Netlist: 
+------+------------------+-------+---------+-------+------------------+
|      |Item              |Errors |Warnings |Status |Description       |
+------+------------------+-------+---------+-------+------------------+
|1     |multi_driven_nets |      0|        0|Passed |Multi driven nets |
+------+------------------+-------+---------+-------+------------------+
---------------------------------------------------------------------------------
Start Renaming Generated Instances
---------------------------------------------------------------------------------
---------------------------------------------------------------------------------
Finished Renaming Generated Instances : Time (s): cpu = 00:02:07 ; elapsed = 00:02:41 . Memory (MB): peak = 1071.266 ; gain = 785.469
---------------------------------------------------------------------------------

Report RTL Partitions: 
+-+--------------+------------+----------+
| |RTL Partition |Replication |Instances |
+-+--------------+------------+----------+
+-+--------------+------------+----------+
---------------------------------------------------------------------------------
Start Rebuilding User Hierarchy
---------------------------------------------------------------------------------
---------------------------------------------------------------------------------
Finished Rebuilding User Hierarchy : Time (s): cpu = 00:02:09 ; elapsed = 00:02:43 . Memory (MB): peak = 1071.266 ; gain = 785.469
---------------------------------------------------------------------------------
---------------------------------------------------------------------------------
Start Renaming Generated Ports
---------------------------------------------------------------------------------
---------------------------------------------------------------------------------
Finished Renaming Generated Ports : Time (s): cpu = 00:02:09 ; elapsed = 00:02:44 . Memory (MB): peak = 1071.266 ; gain = 785.469
---------------------------------------------------------------------------------
---------------------------------------------------------------------------------
Start Handling Custom Attributes
---------------------------------------------------------------------------------
---------------------------------------------------------------------------------
Finished Handling Custom Attributes : Time (s): cpu = 00:02:10 ; elapsed = 00:02:44 . Memory (MB): peak = 1071.266 ; gain = 785.469
---------------------------------------------------------------------------------
---------------------------------------------------------------------------------
Start Renaming Generated Nets
---------------------------------------------------------------------------------
---------------------------------------------------------------------------------
Finished Renaming Generated Nets : Time (s): cpu = 00:02:10 ; elapsed = 00:02:44 . Memory (MB): peak = 1071.266 ; gain = 785.469
---------------------------------------------------------------------------------
---------------------------------------------------------------------------------
Start ROM, RAM, DSP and Shift Register Reporting
---------------------------------------------------------------------------------

Static Shift Register Report:
+------------+-----------------------------------------------------------------------+--------+-------+--------------+--------------------+-------------------+--------+---------+
|Module Name | RTL Name                                                              | Length | Width | Reset Signal | Pull out first Reg | Pull out last Reg | SRL16E | SRLC32E | 
+------------+-----------------------------------------------------------------------+--------+-------+--------------+--------------------+-------------------+--------+---------+
|Top_Student | grapher_module_inst/graph_renderer_inst/scg0/x_valid_p5_reg           | 5      | 1     | NO           | NO                 | YES               | 1      | 0       | 
|Top_Student | grapher_module_inst/graph_renderer_inst/scg0_cos/x_valid_p5_reg       | 5      | 1     | NO           | NO                 | YES               | 1      | 0       | 
|Top_Student | grapher_module_inst/graph_renderer_inst/scg1/x_valid_p5_reg           | 5      | 1     | NO           | NO                 | YES               | 1      | 0       | 
|Top_Student | grapher_module_inst/graph_renderer_inst/scg1_cos/x_valid_p5_reg       | 5      | 1     | NO           | NO                 | YES               | 1      | 0       | 
|Top_Student | grapher_module_inst/graph_renderer_inst/vga_y_p7_reg[9]               | 7      | 9     | NO           | NO                 | YES               | 9      | 0       | 
|Top_Student | grapher_module_inst/graph_renderer_inst/lng0/y_p5_reg[2]              | 5      | 9     | NO           | NO                 | YES               | 9      | 0       | 
|Top_Student | grapher_module_inst/graph_renderer_inst/eg0/y_p5_reg[3]               | 5      | 8     | NO           | NO                 | YES               | 8      | 0       | 
|Top_Student | grapher_module_inst/graph_renderer_inst/scg0/y_p5_reg[1]              | 5      | 10    | NO           | NO                 | YES               | 10     | 0       | 
|Top_Student | grapher_module_inst/graph_renderer_inst/scg0/x_p5_reg[3]              | 4      | 7     | NO           | NO                 | YES               | 7      | 0       | 
|Top_Student | grapher_module_inst/graph_renderer_inst/tg0/x_valid_p5_reg            | 5      | 1     | NO           | NO                 | YES               | 1      | 0       | 
|Top_Student | grapher_module_inst/graph_renderer_inst/eg0/x_valid_p5_reg            | 5      | 1     | NO           | NO                 | YES               | 1      | 0       | 
|Top_Student | grapher_module_inst/graph_renderer_inst/scg0/is_grid_p5_reg           | 5      | 1     | NO           | NO                 | YES               | 1      | 0       | 
|Top_Student | grapher_module_inst/graph_renderer_inst/scg1/color_slot_p5_reg[2]     | 5      | 3     | NO           | NO                 | YES               | 3      | 0       | 
|Top_Student | grapher_module_inst/graph_renderer_inst/scg0/color_slot_p5_reg[2]     | 5      | 3     | NO           | NO                 | YES               | 3      | 0       | 
|Top_Student | grapher_module_inst/graph_renderer_inst/lng0/y_p5_reg[10]             | 4      | 1     | NO           | NO                 | YES               | 1      | 0       | 
|Top_Student | grapher_module_inst/graph_renderer_inst/cg0/y_p5_reg[10]              | 4      | 1     | NO           | NO                 | YES               | 1      | 0       | 
|Top_Student | grapher_module_inst/graph_renderer_inst/lng0/x_valid_p5_reg           | 5      | 1     | NO           | NO                 | YES               | 1      | 0       | 
|Top_Student | grapher_module_inst/graph_renderer_inst/scg0_cos/is_axis_p5_reg       | 5      | 1     | NO           | NO                 | YES               | 1      | 0       | 
|Top_Student | grapher_module_inst/graph_renderer_inst/tg0/is_axis_p5_reg            | 5      | 1     | NO           | NO                 | YES               | 1      | 0       | 
|Top_Student | grapher_module_inst/graph_renderer_inst/scg0/is_axis_p5_reg           | 5      | 1     | NO           | NO                 | YES               | 1      | 0       | 
|Top_Student | grapher_module_inst/graph_renderer_inst/lng0/is_axis_p5_reg           | 5      | 1     | NO           | NO                 | YES               | 1      | 0       | 
|Top_Student | grapher_module_inst/graph_renderer_inst/cg0/is_axis_p5_reg            | 5      | 1     | NO           | NO                 | YES               | 1      | 0       | 
|Top_Student | grapher_module_inst/graph_renderer_inst/auto_color_en_p7_reg          | 7      | 1     | NO           | NO                 | YES               | 1      | 0       | 
|Top_Student | grapher_module_inst/graph_renderer_inst/highlight_intersect_en_p7_reg | 7      | 1     | NO           | NO                 | YES               | 1      | 0       | 
|Top_Student | grapher_module_inst/graph_renderer_inst/vga_y_p5_reg[0]               | 5      | 1     | NO           | NO                 | YES               | 1      | 0       | 
|Top_Student | grapher_module_inst/graph_renderer_inst/vga_x_p5_reg[7]               | 4      | 3     | NO           | NO                 | YES               | 3      | 0       | 
|Top_Student | vga_display_handler_inst/video_on_p8_reg                              | 8      | 1     | YES          | NO                 | YES               | 1      | 0       | 
+------------+-----------------------------------------------------------------------+--------+-------+--------------+--------------------+-------------------+--------+---------+

---------------------------------------------------------------------------------
Finished ROM, RAM, DSP and Shift Register Reporting
---------------------------------------------------------------------------------
---------------------------------------------------------------------------------
Start Writing Synthesis Report
---------------------------------------------------------------------------------

Report BlackBoxes: 
+------+-----------------------+----------+
|      |BlackBox name          |Instances |
+------+-----------------------+----------+
|1     |blk_mem_gen_log2_12bit |         2|
|2     |blk_mem_gen_pow2       |         1|
|3     |blk_mem_gen_font       |         7|
+------+-----------------------+----------+

Report Cell Usage: 
+------+--------------------------+------+
|      |Cell                      |Count |
+------+--------------------------+------+
|1     |blk_mem_gen_font          |     1|
|2     |blk_mem_gen_font__1       |     1|
|3     |blk_mem_gen_font__2       |     1|
|4     |blk_mem_gen_font__3       |     1|
|5     |blk_mem_gen_font__4       |     1|
|6     |blk_mem_gen_font__5       |     1|
|7     |blk_mem_gen_font__6       |     1|
|8     |blk_mem_gen_log2_12bit    |     1|
|9     |blk_mem_gen_log2_12bit__2 |     1|
|10    |blk_mem_gen_pow2          |     1|
|11    |BUFG                      |     4|
|12    |CARRY4                    |  1221|
|13    |DSP48E1_10                |     2|
|14    |DSP48E1_11                |     2|
|15    |DSP48E1_12                |     2|
|16    |DSP48E1_3                 |     2|
|17    |DSP48E1_4                 |     2|
|18    |DSP48E1_5                 |     2|
|19    |DSP48E1_7                 |    10|
|20    |DSP48E1_8                 |     1|
|21    |DSP48E1_9                 |     2|
|22    |LUT1                      |  1171|
|23    |LUT2                      |  2447|
|24    |LUT3                      |  2120|
|25    |LUT4                      |  2221|
|26    |LUT5                      |  1821|
|27    |LUT6                      |  5992|
|28    |MUXF7                     |   643|
|29    |MUXF8                     |   168|
|30    |RAMB18E1_4                |     2|
|31    |RAMB18E1_5                |     1|
|32    |RAMB18E1_6                |     1|
|33    |RAMB18E1_7                |     1|
|34    |SRL16E                    |    71|
|35    |FDCE                      |  1508|
|36    |FDE_1                     |    96|
|37    |FDPE                      |    20|
|38    |FDRE                      |  3932|
|39    |FDSE                      |    81|
|40    |IBUF                      |    10|
|41    |OBUF                      |    47|
|42    |OBUFT                     |     9|
+------+--------------------------+------+

Report Instance Areas: 
+------+-----------------------------------------------------+-------------------------------------+------+
|      |Instance                                             |Module                               |Cells |
+------+-----------------------------------------------------+-------------------------------------+------+
|1     |top                                                  |                                     | 23692|
|2     |  button_debouncer_array_inst                        |button_debouncer_array               |   213|
|3     |    debouncer_inst_0                                 |debouncer                            |    43|
|4     |    debouncer_inst_1                                 |debouncer_19                         |    44|
|5     |    debouncer_inst_2                                 |debouncer_20                         |    42|
|6     |    debouncer_inst_3                                 |debouncer_21                         |    42|
|7     |    debouncer_inst_4                                 |debouncer_22                         |    42|
|8     |  calc_mode_top_inst                                 |calc_mode_top                        |  8687|
|9     |    eh_cap                                           |eh_stream_capture                    |  1235|
|10    |    expr_check                                       |error_handling                       |   383|
|11    |    u_exec                                           |expr_execute_no_check                |  6722|
|12    |      u_alu                                          |team_alu_bridge                      |  4643|
|13    |        u_div                                        |divider_module                       |   558|
|14    |          conv_result                                |sign_magnitude_to_twos_complement_18 |     6|
|15    |        u_log                                        |log2_module                          |   279|
|16    |        u_mul                                        |multiply_module                      |   641|
|17    |          sign_magnitude_to_twos_complement_result   |sign_magnitude_to_twos_complement_17 |     6|
|18    |        u_pow                                        |power_module                         |  1203|
|19    |          log2_inst                                  |log2_module__xdcDup__1               |   275|
|20    |          mult_inst                                  |multiply_module_15                   |   594|
|21    |            sign_magnitude_to_twos_complement_result |sign_magnitude_to_twos_complement_16 |     6|
|22    |          pow2_inst                                  |pow2_module                          |   209|
|23    |        u_trig                                       |trigo_module                         |  1602|
|24    |          CORDIC_trigo_inst                          |CORDIC_trigo_module                  |   498|
|25    |          angle_prep_inst                            |angle_preprocessor                   |   483|
|26    |          divider_inst                               |divider_module_14                    |   586|
|27    |            conv_result                              |sign_magnitude_to_twos_complement    |     6|
|28    |      u_pe                                           |precedence_eval                      |   627|
|29    |    u_seg                                            |sevenseg_driver                      |    43|
|30    |    vga_drawer                                       |calculator_mode_output_drawer        |   256|
|31    |  grapher_module_inst                                |grapher_module_slim                  |  7528|
|32    |    equation_parser_inst                             |equation_parser                      |  1876|
|33    |    graph_oled                                       |grapher_screen_oled                  |   348|
|34    |    graph_renderer_inst                              |graph_renderer                       |  4207|
|35    |      cg0                                            |cubic_graph                          |   523|
|36    |      cg1                                            |cubic_graph_7                        |   398|
|37    |      eg0                                            |exp_graph                            |   332|
|38    |      eg1                                            |exp_graph_8                          |   253|
|39    |      lng0                                           |ln_graph                             |   336|
|40    |      lng1                                           |ln_graph_9                           |   270|
|41    |      scg0                                           |sincos_graph                         |   590|
|42    |      scg0_cos                                       |sincos_graph_10                      |   248|
|43    |      scg1                                           |sincos_graph_11                      |   290|
|44    |      scg1_cos                                       |sincos_graph_12                      |   247|
|45    |      tg0                                            |tan_graph                            |   228|
|46    |      tg1                                            |tan_graph_13                         |   225|
|47    |    graph_type_selector_inst                         |graph_type_selector                  |   303|
|48    |      menu_inst                                      |menu_selector                        |    47|
|49    |    parser_inst                                      |number_parser                        |   159|
|50    |    random_inst                                      |random_9bit_signed                   |    25|
|51    |    sw2_debouncer_inst                               |sw_debouncer_posedge_6               |    35|
|52    |    u_parameter_input                                |parameter_input                      |   469|
|53    |  jb_display_handler_inst                            |display_handler                      |   509|
|54    |    clk_6p25m                                        |flexible_timer_4                     |    57|
|55    |    oled_display_inst                                |Oled_Display_5                       |   452|
|56    |  jc_display_handler_inst                            |display_handler_0                    |  1063|
|57    |    clk_6p25m                                        |flexible_timer_2                     |    57|
|58    |    oled_display_inst                                |Oled_Display_3                       |  1006|
|59    |  shared_ascii_inst                                  |key_to_ascii_converter               |    57|
|60    |  shared_buffer_inst                                 |shared_equation_buffer               |  3754|
|61    |  shared_keypad_inst                                 |oled_keypad                          |   373|
|62    |  sw14_debouncer_inst                                |sw_debouncer_posedge                 |    36|
|63    |  vga_display_handler_inst                           |display_handler_1                    |   786|
|64    |    clk_6p25m                                        |flexible_timer                       |    57|
|65    |    oled_display_inst                                |Oled_Display                         |   176|
|66    |    vga_sync_unit                                    |vga_sync                             |   524|
|67    |  welcome_mode_module_inst                           |welcome_mode_module                  |    95|
|68    |    welcome_drawer_vga_inst                          |welcome_drawer_vga                   |    95|
+------+-----------------------------------------------------+-------------------------------------+------+
---------------------------------------------------------------------------------
Finished Writing Synthesis Report : Time (s): cpu = 00:02:10 ; elapsed = 00:02:44 . Memory (MB): peak = 1071.266 ; gain = 785.469
---------------------------------------------------------------------------------
Synthesis finished with 0 errors, 0 critical warnings and 391 warnings.
Synthesis Optimization Runtime : Time (s): cpu = 00:01:52 ; elapsed = 00:02:34 . Memory (MB): peak = 1071.266 ; gain = 405.863
Synthesis Optimization Complete : Time (s): cpu = 00:02:10 ; elapsed = 00:02:45 . Memory (MB): peak = 1071.266 ; gain = 785.469
INFO: [Project 1-571] Translating synthesized netlist
INFO: [Netlist 29-17] Analyzing 2168 Unisim elements for replacement
INFO: [Netlist 29-28] Unisim Transformation completed in 0 CPU seconds
INFO: [Project 1-570] Preparing netlist for logic optimization
INFO: [Opt 31-138] Pushed 0 inverter(s) to 0 load pin(s).
INFO: [Project 1-111] Unisim Transformation Summary:
  A total of 96 instances were transformed.
  FDE_1 => FDRE (inverted pins: C): 96 instances

INFO: [Common 17-83] Releasing license: Synthesis
609 Infos, 323 Warnings, 0 Critical Warnings and 0 Errors encountered.
synth_design completed successfully
synth_design: Time (s): cpu = 00:02:15 ; elapsed = 00:02:51 . Memory (MB): peak = 1071.266 ; gain = 796.945
WARNING: [Constraints 18-5210] No constraint will be written out.
INFO: [Common 17-1381] The checkpoint 'C:/Users/rkoh2/OneDrive/Desktop/Personal/EE2026_Final_2/S3_09_RYAN KOH_SEAN LEE_YAO XIANG_YI YANG_Archive.xpr/forryannyy/forryannyy.runs/synth_1/Top_Student.dcp' has been generated.
INFO: [runtcl-4] Executing : report_utilization -file Top_Student_utilization_synth.rpt -pb Top_Student_utilization_synth.pb
report_utilization: Time (s): cpu = 00:00:00 ; elapsed = 00:00:00.128 . Memory (MB): peak = 1071.266 ; gain = 0.000
INFO: [Common 17-206] Exiting Vivado at Sun Nov  9 06:35:46 2025...
