Copyright 1986-2018 Xilinx, Inc. All Rights Reserved.
--------------------------------------------------------------------------------------------------------------------------------------------------------------------------------------------------------
| Tool Version : Vivado v.2018.2 (win64) Build 2258646 Thu Jun 14 20:03:12 MDT 2018
| Date         : Sun Nov  9 06:38:55 2025
| Host         : LAPTOP-TABE59UT running 64-bit major release  (build 9200)
| Command      : report_timing_summary -max_paths 10 -file Top_Student_timing_summary_routed.rpt -pb Top_Student_timing_summary_routed.pb -rpx Top_Student_timing_summary_routed.rpx -warn_on_violation
| Design       : Top_Student
| Device       : 7a35t-cpg236
| Speed File   : -1  PRODUCTION 1.22 2018-03-21
--------------------------------------------------------------------------------------------------------------------------------------------------------------------------------------------------------

Timing Summary Report

------------------------------------------------------------------------------------------------
| Timer Settings
| --------------
------------------------------------------------------------------------------------------------

  Enable Multi Corner Analysis               :  Yes
  Enable Pessimism Removal                   :  Yes
  Pessimism Removal Resolution               :  Nearest Common Node
  Enable Input Delay Default Clock           :  No
  Enable Preset / Clear Arcs                 :  No
  Disable Flight Delays                      :  No
  Ignore I/O Paths                           :  No
  Timing Early Launch at Borrowing Latches   :  false

  Corner  Analyze    Analyze    
  Name    Max Paths  Min Paths  
  ------  ---------  ---------  
  Slow    Yes        Yes        
  Fast    Yes        Yes        



check_timing report

Table of Contents
-----------------
1. checking no_clock
2. checking constant_clock
3. checking pulse_width_clock
4. checking unconstrained_internal_endpoints
5. checking no_input_delay
6. checking no_output_delay
7. checking multiple_clock
8. checking generated_clocks
9. checking loops
10. checking partial_input_delay
11. checking partial_output_delay
12. checking latch_loops

1. checking no_clock
--------------------
 There are 115 register/latch pins with no clock driven by root clock pin: jb_display_handler_inst/clk_6p25m/SLOW_CLOCK_reg/Q (HIGH)

 There are 115 register/latch pins with no clock driven by root clock pin: jc_display_handler_inst/clk_6p25m/SLOW_CLOCK_reg/Q (HIGH)


2. checking constant_clock
--------------------------
 There are 0 register/latch pins with constant_clock.


3. checking pulse_width_clock
-----------------------------
 There are 0 register/latch pins which need pulse_width check


4. checking unconstrained_internal_endpoints
--------------------------------------------
 There are 456 pins that are not constrained for maximum delay. (HIGH)

 There are 0 pins that are not constrained for maximum delay due to constant clock.


5. checking no_input_delay
--------------------------
 There are 9 input ports with no input delay specified. (HIGH)

 There are 0 input ports with no input delay but user has a false path constraint.


6. checking no_output_delay
---------------------------
 There are 43 ports with no output delay specified. (HIGH)

 There are 0 ports with no output delay but user has a false path constraint

 There are 0 ports with no output delay but with a timing clock defined on it or propagating through it


7. checking multiple_clock
--------------------------
 There are 0 register/latch pins with multiple clocks.


8. checking generated_clocks
----------------------------
 There are 0 generated clocks that are not connected to a clock source.


9. checking loops
-----------------
 There are 0 combinational loops in the design.


10. checking partial_input_delay
--------------------------------
 There are 0 input ports with partial input delay specified.


11. checking partial_output_delay
---------------------------------
 There are 0 ports with partial output delay specified.


12. checking latch_loops
------------------------
 There are 0 combinational latch loops in the design through latch input



------------------------------------------------------------------------------------------------
| Design Timing Summary
| ---------------------
------------------------------------------------------------------------------------------------

    WNS(ns)      TNS(ns)  TNS Failing Endpoints  TNS Total Endpoints      WHS(ns)      THS(ns)  THS Failing Endpoints  THS Total Endpoints     WPWS(ns)     TPWS(ns)  TPWS Failing Endpoints  TPWS Total Endpoints  
    -------      -------  ---------------------  -------------------      -------      -------  ---------------------  -------------------     --------     --------  ----------------------  --------------------  
      6.420        0.000                      0                15323        0.042        0.000                      0                15323       19.020        0.000                       0                  5433  


All user specified timing constraints are met.


------------------------------------------------------------------------------------------------
| Clock Summary
| -------------
------------------------------------------------------------------------------------------------

Clock        Waveform(ns)       Period(ns)      Frequency(MHz)
-----        ------------       ----------      --------------
sys_clk_pin  {0.000 20.000}     40.000          25.000          


------------------------------------------------------------------------------------------------
| Intra Clock Table
| -----------------
------------------------------------------------------------------------------------------------

Clock             WNS(ns)      TNS(ns)  TNS Failing Endpoints  TNS Total Endpoints      WHS(ns)      THS(ns)  THS Failing Endpoints  THS Total Endpoints     WPWS(ns)     TPWS(ns)  TPWS Failing Endpoints  TPWS Total Endpoints  
-----             -------      -------  ---------------------  -------------------      -------      -------  ---------------------  -------------------     --------     --------  ----------------------  --------------------  
sys_clk_pin         6.420        0.000                      0                13837        0.042        0.000                      0                13837       19.020        0.000                       0                  5433  


------------------------------------------------------------------------------------------------
| Inter Clock Table
| -----------------
------------------------------------------------------------------------------------------------

From Clock    To Clock          WNS(ns)      TNS(ns)  TNS Failing Endpoints  TNS Total Endpoints      WHS(ns)      THS(ns)  THS Failing Endpoints  THS Total Endpoints  
----------    --------          -------      -------  ---------------------  -------------------      -------      -------  ---------------------  -------------------  


------------------------------------------------------------------------------------------------
| Other Path Groups Table
| -----------------------
------------------------------------------------------------------------------------------------

Path Group         From Clock         To Clock               WNS(ns)      TNS(ns)  TNS Failing Endpoints  TNS Total Endpoints      WHS(ns)      THS(ns)  THS Failing Endpoints  THS Total Endpoints  
----------         ----------         --------               -------      -------  ---------------------  -------------------      -------      -------  ---------------------  -------------------  
**async_default**  sys_clk_pin        sys_clk_pin             25.456        0.000                      0                 1486        0.357        0.000                      0                 1486  


------------------------------------------------------------------------------------------------
| Timing Details
| --------------
------------------------------------------------------------------------------------------------


---------------------------------------------------------------------------------------------------
From Clock:  sys_clk_pin
  To Clock:  sys_clk_pin

Setup :            0  Failing Endpoints,  Worst Slack        6.420ns,  Total Violation        0.000ns
Hold  :            0  Failing Endpoints,  Worst Slack        0.042ns,  Total Violation        0.000ns
PW    :            0  Failing Endpoints,  Worst Slack       19.020ns,  Total Violation        0.000ns
---------------------------------------------------------------------------------------------------


Max Delay Paths
--------------------------------------------------------------------------------------
Slack (MET) :             6.420ns  (required time - arrival time)
  Source:                 calc_mode_top_inst/u_exec/u_alu/b_q_reg[0]/C
                            (rising edge-triggered cell FDCE clocked by sys_clk_pin  {rise@0.000ns fall@20.000ns period=40.000ns})
  Destination:            calc_mode_top_inst/u_exec/u_alu/u_trig/CORDIC_trigo_inst/z_reg[24]/D
                            (rising edge-triggered cell FDRE clocked by sys_clk_pin  {rise@0.000ns fall@20.000ns period=40.000ns})
  Path Group:             sys_clk_pin
  Path Type:              Setup (Max at Slow Process Corner)
  Requirement:            40.000ns  (sys_clk_pin rise@40.000ns - sys_clk_pin rise@0.000ns)
  Data Path Delay:        33.535ns  (logic 16.735ns (49.904%)  route 16.800ns (50.096%))
  Logic Levels:           46  (CARRY4=30 DSP48E1=1 LUT1=1 LUT2=2 LUT3=2 LUT4=1 LUT5=2 LUT6=7)
  Clock Path Skew:        -0.042ns (DCD - SCD + CPR)
    Destination Clock Delay (DCD):    4.777ns = ( 44.777 - 40.000 ) 
    Source Clock Delay      (SCD):    5.079ns
    Clock Pessimism Removal (CPR):    0.260ns
  Clock Uncertainty:      0.035ns  ((TSJ^2 + TIJ^2)^1/2 + DJ) / 2 + PE
    Total System Jitter     (TSJ):    0.071ns
    Total Input Jitter      (TIJ):    0.000ns
    Discrete Jitter          (DJ):    0.000ns
    Phase Error              (PE):    0.000ns

    Location             Delay type                Incr(ns)  Path(ns)    Netlist Resource(s)
  -------------------------------------------------------------------    -------------------
                         (clock sys_clk_pin rise edge)
                                                      0.000     0.000 r  
    W5                                                0.000     0.000 r  clk (IN)
                         net (fo=0)                   0.000     0.000    clk
    W5                   IBUF (Prop_ibuf_I_O)         1.458     1.458 r  clk_IBUF_inst/O
                         net (fo=1, routed)           1.967     3.425    clk_IBUF
    BUFGCTRL_X0Y0        BUFG (Prop_bufg_I_O)         0.096     3.521 r  clk_IBUF_BUFG_inst/O
                         net (fo=5432, routed)        1.558     5.079    calc_mode_top_inst/u_exec/u_alu/clk_IBUF_BUFG
    SLICE_X44Y17         FDCE                                         r  calc_mode_top_inst/u_exec/u_alu/b_q_reg[0]/C
  -------------------------------------------------------------------    -------------------
    SLICE_X44Y17         FDCE (Prop_fdce_C_Q)         0.456     5.535 f  calc_mode_top_inst/u_exec/u_alu/b_q_reg[0]/Q
                         net (fo=38, routed)          1.212     6.747    calc_mode_top_inst/u_exec/u_alu/u_mul/Q[0]
    SLICE_X51Y37         LUT1 (Prop_lut1_I0_O)        0.124     6.871 r  calc_mode_top_inst/u_exec/u_alu/u_mul/i___51_i_2/O
                         net (fo=4, routed)           0.946     7.818    calc_mode_top_inst/u_exec/u_alu/mult_inst/out_num1[0]
    SLICE_X61Y37         CARRY4 (Prop_carry4_CYINIT_CO[3])
                                                      0.580     8.398 r  calc_mode_top_inst/u_exec/u_alu/i___51_i_1/CO[3]
                         net (fo=1, routed)           0.000     8.398    calc_mode_top_inst/u_exec/u_alu/i___51_i_1_n_0
    SLICE_X61Y38         CARRY4 (Prop_carry4_CI_O[3])
                                                      0.313     8.711 r  calc_mode_top_inst/u_exec/u_alu/i___52_i_1/O[3]
                         net (fo=8, routed)           0.766     9.476    calc_mode_top_inst/u_exec/u_alu/u_trig/angle_prep_inst/wrapped7[1]
    SLICE_X57Y41         LUT3 (Prop_lut3_I0_O)        0.306     9.782 r  calc_mode_top_inst/u_exec/u_alu/u_trig/angle_prep_inst/wrapped5_carry__1_i_11/O
                         net (fo=13, routed)          1.107    10.890    calc_mode_top_inst/u_exec/u_alu/u_trig/angle_prep_inst/wrapped5_carry__1_i_11_n_0
    SLICE_X63Y37         LUT6 (Prop_lut6_I5_O)        0.124    11.014 r  calc_mode_top_inst/u_exec/u_alu/u_trig/angle_prep_inst/wrapped5_carry__1_i_4/O
                         net (fo=1, routed)           0.481    11.495    calc_mode_top_inst/u_exec/u_alu/u_trig/angle_prep_inst/wrapped5_carry__1_i_4_n_0
    SLICE_X60Y37         CARRY4 (Prop_carry4_DI[0]_CO[3])
                                                      0.550    12.045 r  calc_mode_top_inst/u_exec/u_alu/u_trig/angle_prep_inst/wrapped5_carry__1/CO[3]
                         net (fo=1, routed)           0.000    12.045    calc_mode_top_inst/u_exec/u_alu/u_trig/angle_prep_inst/wrapped5_carry__1_n_0
    SLICE_X60Y38         CARRY4 (Prop_carry4_CI_O[3])
                                                      0.315    12.360 r  calc_mode_top_inst/u_exec/u_alu/u_trig/angle_prep_inst/wrapped5_carry__2/O[3]
                         net (fo=3, routed)           0.585    12.945    calc_mode_top_inst/u_exec/u_alu/u_trig/angle_prep_inst/wrapped5_carry__2_n_4
    SLICE_X59Y38         LUT6 (Prop_lut6_I2_O)        0.307    13.252 r  calc_mode_top_inst/u_exec/u_alu/u_trig/angle_prep_inst/wrapped5__92_carry__1_i_11/O
                         net (fo=3, routed)           0.413    13.664    calc_mode_top_inst/u_exec/u_alu/u_trig/angle_prep_inst/wrapped5__92_carry__1_i_11_n_0
    SLICE_X57Y38         LUT5 (Prop_lut5_I4_O)        0.124    13.788 r  calc_mode_top_inst/u_exec/u_alu/u_trig/angle_prep_inst/wrapped5__92_carry__1_i_3/O
                         net (fo=2, routed)           0.741    14.529    calc_mode_top_inst/u_exec/u_alu/u_trig/angle_prep_inst/wrapped5__92_carry__1_i_3_n_0
    SLICE_X58Y38         LUT6 (Prop_lut6_I0_O)        0.124    14.653 r  calc_mode_top_inst/u_exec/u_alu/u_trig/angle_prep_inst/wrapped5__92_carry__1_i_7/O
                         net (fo=1, routed)           0.000    14.653    calc_mode_top_inst/u_exec/u_alu/u_trig/angle_prep_inst/wrapped5__92_carry__1_i_7_n_0
    SLICE_X58Y38         CARRY4 (Prop_carry4_S[1]_CO[3])
                                                      0.550    15.203 r  calc_mode_top_inst/u_exec/u_alu/u_trig/angle_prep_inst/wrapped5__92_carry__1/CO[3]
                         net (fo=1, routed)           0.000    15.203    calc_mode_top_inst/u_exec/u_alu/u_trig/angle_prep_inst/wrapped5__92_carry__1_n_0
    SLICE_X58Y39         CARRY4 (Prop_carry4_CI_CO[3])
                                                      0.114    15.317 r  calc_mode_top_inst/u_exec/u_alu/u_trig/angle_prep_inst/wrapped5__92_carry__2/CO[3]
                         net (fo=1, routed)           0.000    15.317    calc_mode_top_inst/u_exec/u_alu/u_trig/angle_prep_inst/wrapped5__92_carry__2_n_0
    SLICE_X58Y40         CARRY4 (Prop_carry4_CI_CO[3])
                                                      0.114    15.431 r  calc_mode_top_inst/u_exec/u_alu/u_trig/angle_prep_inst/wrapped5__92_carry__3/CO[3]
                         net (fo=1, routed)           0.000    15.431    calc_mode_top_inst/u_exec/u_alu/u_trig/angle_prep_inst/wrapped5__92_carry__3_n_0
    SLICE_X58Y41         CARRY4 (Prop_carry4_CI_CO[3])
                                                      0.114    15.545 r  calc_mode_top_inst/u_exec/u_alu/u_trig/angle_prep_inst/wrapped5__92_carry__4/CO[3]
                         net (fo=1, routed)           0.000    15.545    calc_mode_top_inst/u_exec/u_alu/u_trig/angle_prep_inst/wrapped5__92_carry__4_n_0
    SLICE_X58Y42         CARRY4 (Prop_carry4_CI_CO[3])
                                                      0.114    15.659 r  calc_mode_top_inst/u_exec/u_alu/u_trig/angle_prep_inst/wrapped5__92_carry__5/CO[3]
                         net (fo=1, routed)           0.000    15.659    calc_mode_top_inst/u_exec/u_alu/u_trig/angle_prep_inst/wrapped5__92_carry__5_n_0
    SLICE_X58Y43         CARRY4 (Prop_carry4_CI_O[1])
                                                      0.334    15.993 r  calc_mode_top_inst/u_exec/u_alu/u_trig/angle_prep_inst/wrapped5__92_carry__6/O[1]
                         net (fo=15, routed)          1.319    17.312    calc_mode_top_inst/u_exec/u_alu/u_trig/angle_prep_inst/wrapped5__92_carry__6_n_6
    SLICE_X54Y41         LUT3 (Prop_lut3_I0_O)        0.329    17.641 r  calc_mode_top_inst/u_exec/u_alu/u_trig/angle_prep_inst/wrapped5__174_carry__2_i_9/O
                         net (fo=2, routed)           0.468    18.109    calc_mode_top_inst/u_exec/u_alu/u_trig/angle_prep_inst/wrapped5__174_carry__2_i_9_n_0
    SLICE_X54Y41         LUT5 (Prop_lut5_I4_O)        0.328    18.437 r  calc_mode_top_inst/u_exec/u_alu/u_trig/angle_prep_inst/wrapped5__174_carry__2_i_3/O
                         net (fo=1, routed)           0.568    19.005    calc_mode_top_inst/u_exec/u_alu/u_trig/angle_prep_inst/wrapped5__174_carry__2_i_3_n_0
    SLICE_X55Y41         CARRY4 (Prop_carry4_DI[1]_CO[3])
                                                      0.507    19.512 r  calc_mode_top_inst/u_exec/u_alu/u_trig/angle_prep_inst/wrapped5__174_carry__2/CO[3]
                         net (fo=1, routed)           0.000    19.512    calc_mode_top_inst/u_exec/u_alu/u_trig/angle_prep_inst/wrapped5__174_carry__2_n_0
    SLICE_X55Y42         CARRY4 (Prop_carry4_CI_O[1])
                                                      0.334    19.846 r  calc_mode_top_inst/u_exec/u_alu/u_trig/angle_prep_inst/wrapped5__174_carry__3/O[1]
                         net (fo=3, routed)           0.503    20.350    calc_mode_top_inst/u_exec/u_alu/u_trig/angle_prep_inst/wrapped5__174_carry__3_n_6
    SLICE_X57Y42         LUT4 (Prop_lut4_I0_O)        0.303    20.653 r  calc_mode_top_inst/u_exec/u_alu/u_trig/angle_prep_inst/wrapped5__230_carry__4_i_2/O
                         net (fo=1, routed)           0.598    21.251    calc_mode_top_inst/u_exec/u_alu/u_trig/angle_prep_inst/wrapped5__230_carry__4_i_2_n_0
    SLICE_X56Y41         CARRY4 (Prop_carry4_DI[0]_CO[1])
                                                      0.488    21.739 r  calc_mode_top_inst/u_exec/u_alu/u_trig/angle_prep_inst/wrapped5__230_carry__4/CO[1]
                         net (fo=17, routed)          0.828    22.566    calc_mode_top_inst/u_exec/u_alu/u_trig/angle_prep_inst/wrapped5__230_carry__4_n_2
    SLICE_X54Y37         LUT6 (Prop_lut6_I1_O)        0.332    22.898 r  calc_mode_top_inst/u_exec/u_alu/u_trig/angle_prep_inst/wrapped3_i_36/O
                         net (fo=1, routed)           0.430    23.329    calc_mode_top_inst/u_exec/u_alu/u_trig/angle_prep_inst/wrapped3_i_36_n_0
    SLICE_X53Y37         CARRY4 (Prop_carry4_S[0]_CO[3])
                                                      0.656    23.985 r  calc_mode_top_inst/u_exec/u_alu/u_trig/angle_prep_inst/wrapped3_i_21/CO[3]
                         net (fo=1, routed)           0.000    23.985    calc_mode_top_inst/u_exec/u_alu/u_trig/angle_prep_inst/wrapped3_i_21_n_0
    SLICE_X53Y38         CARRY4 (Prop_carry4_CI_CO[3])
                                                      0.114    24.099 r  calc_mode_top_inst/u_exec/u_alu/u_trig/angle_prep_inst/wrapped3_i_20/CO[3]
                         net (fo=1, routed)           0.000    24.099    calc_mode_top_inst/u_exec/u_alu/u_trig/angle_prep_inst/wrapped3_i_20_n_0
    SLICE_X53Y39         CARRY4 (Prop_carry4_CI_CO[3])
                                                      0.114    24.213 r  calc_mode_top_inst/u_exec/u_alu/u_trig/angle_prep_inst/wrapped3_i_19/CO[3]
                         net (fo=1, routed)           0.000    24.213    calc_mode_top_inst/u_exec/u_alu/u_trig/angle_prep_inst/wrapped3_i_19_n_0
    SLICE_X53Y40         CARRY4 (Prop_carry4_CI_CO[2])
                                                      0.228    24.441 f  calc_mode_top_inst/u_exec/u_alu/u_trig/angle_prep_inst/wrapped3_i_17/CO[2]
                         net (fo=1, routed)           0.590    25.030    calc_mode_top_inst/u_exec/u_alu/u_trig/angle_prep_inst/wrapped3_i_17_n_1
    SLICE_X54Y38         LUT2 (Prop_lut2_I1_O)        0.313    25.343 r  calc_mode_top_inst/u_exec/u_alu/u_trig/angle_prep_inst/wrapped3_i_1/O
                         net (fo=15, routed)          0.718    26.061    calc_mode_top_inst/u_exec/u_alu/u_trig/angle_prep_inst/A[24]
    DSP48_X1Y15          DSP48E1 (Prop_dsp48e1_A[23]_P[0])
                                                      3.841    29.902 r  calc_mode_top_inst/u_exec/u_alu/u_trig/angle_prep_inst/wrapped3/P[0]
                         net (fo=7, routed)           0.974    30.876    calc_mode_top_inst/u_exec/u_alu_n_524
    SLICE_X54Y29         LUT2 (Prop_lut2_I1_O)        0.124    31.000 r  calc_mode_top_inst/u_exec/i___305_rep/O
                         net (fo=1, routed)           0.000    31.000    calc_mode_top_inst/u_exec/u_alu/u_trig/angle_prep_inst/b_q_reg[3][0]
    SLICE_X54Y29         CARRY4 (Prop_carry4_S[0]_CO[3])
                                                      0.513    31.513 r  calc_mode_top_inst/u_exec/u_alu/u_trig/angle_prep_inst/principal_angle1_carry_i_9/CO[3]
                         net (fo=1, routed)           0.000    31.513    calc_mode_top_inst/u_exec/u_alu/u_trig/angle_prep_inst/principal_angle1_carry_i_9_n_0
    SLICE_X54Y30         CARRY4 (Prop_carry4_CI_CO[3])
                                                      0.117    31.630 r  calc_mode_top_inst/u_exec/u_alu/u_trig/angle_prep_inst/principal_angle1_carry_i_11/CO[3]
                         net (fo=1, routed)           0.000    31.630    calc_mode_top_inst/u_exec/u_alu/u_trig/angle_prep_inst/principal_angle1_carry_i_11_n_0
    SLICE_X54Y31         CARRY4 (Prop_carry4_CI_CO[3])
                                                      0.117    31.747 r  calc_mode_top_inst/u_exec/u_alu/u_trig/angle_prep_inst/principal_angle1_carry_i_12/CO[3]
                         net (fo=1, routed)           0.000    31.747    calc_mode_top_inst/u_exec/u_alu/u_trig/angle_prep_inst/principal_angle1_carry_i_12_n_0
    SLICE_X54Y32         CARRY4 (Prop_carry4_CI_CO[3])
                                                      0.117    31.864 r  calc_mode_top_inst/u_exec/u_alu/u_trig/angle_prep_inst/principal_angle1_carry_i_16/CO[3]
                         net (fo=1, routed)           0.000    31.864    calc_mode_top_inst/u_exec/u_alu/u_trig/angle_prep_inst/principal_angle1_carry_i_16_n_0
    SLICE_X54Y33         CARRY4 (Prop_carry4_CI_CO[3])
                                                      0.117    31.981 r  calc_mode_top_inst/u_exec/u_alu/u_trig/angle_prep_inst/principal_angle1_carry_i_15/CO[3]
                         net (fo=1, routed)           0.000    31.981    calc_mode_top_inst/u_exec/u_alu/u_trig/angle_prep_inst/principal_angle1_carry_i_15_n_0
    SLICE_X54Y34         CARRY4 (Prop_carry4_CI_CO[3])
                                                      0.117    32.098 r  calc_mode_top_inst/u_exec/u_alu/u_trig/angle_prep_inst/principal_angle1_carry_i_13/CO[3]
                         net (fo=1, routed)           0.000    32.098    calc_mode_top_inst/u_exec/u_alu/u_trig/angle_prep_inst/principal_angle1_carry_i_13_n_0
    SLICE_X54Y35         CARRY4 (Prop_carry4_CI_O[0])
                                                      0.219    32.317 r  calc_mode_top_inst/u_exec/u_alu/u_trig/angle_prep_inst/principal_angle1_carry_i_10/O[0]
                         net (fo=71, routed)          0.824    33.141    calc_mode_top_inst/u_exec/u_alu/u_trig/angle_prep_inst/wrapped2__0[24]
    SLICE_X51Y28         LUT6 (Prop_lut6_I3_O)        0.295    33.436 r  calc_mode_top_inst/u_exec/u_alu/u_trig/angle_prep_inst/i__carry_i_1/O
                         net (fo=1, routed)           0.548    33.984    calc_mode_top_inst/u_exec/u_alu/u_trig/angle_prep_inst/i__carry_i_1_n_0
    SLICE_X49Y29         CARRY4 (Prop_carry4_CYINIT_CO[3])
                                                      0.580    34.564 r  calc_mode_top_inst/u_exec/u_alu/u_trig/angle_prep_inst/principal_angle1_inferred__0/i__carry/CO[3]
                         net (fo=1, routed)           0.000    34.564    calc_mode_top_inst/u_exec/u_alu/u_trig/angle_prep_inst/principal_angle1_inferred__0/i__carry_n_0
    SLICE_X49Y30         CARRY4 (Prop_carry4_CI_CO[1])
                                                      0.157    34.721 f  calc_mode_top_inst/u_exec/u_alu/u_trig/angle_prep_inst/principal_angle1_inferred__0/i__carry__0/CO[1]
                         net (fo=80, routed)          0.968    35.689    calc_mode_top_inst/u_exec/u_alu/u_trig/angle_prep_inst/z_reg[9][0]
    SLICE_X51Y27         LUT6 (Prop_lut6_I5_O)        0.329    36.018 r  calc_mode_top_inst/u_exec/u_alu/u_trig/angle_prep_inst/z[14]_i_7/O
                         net (fo=1, routed)           0.473    36.490    calc_mode_top_inst/u_exec/u_alu/u_trig/angle_prep_inst/p_1_out[12]
    SLICE_X50Y26         CARRY4 (Prop_carry4_DI[1]_CO[3])
                                                      0.520    37.010 r  calc_mode_top_inst/u_exec/u_alu/u_trig/angle_prep_inst/z_reg[14]_i_2/CO[3]
                         net (fo=1, routed)           0.000    37.010    calc_mode_top_inst/u_exec/u_alu/u_trig/angle_prep_inst/z_reg[14]_i_2_n_0
    SLICE_X50Y27         CARRY4 (Prop_carry4_CI_CO[3])
                                                      0.117    37.127 r  calc_mode_top_inst/u_exec/u_alu/u_trig/angle_prep_inst/z_reg[18]_i_2/CO[3]
                         net (fo=1, routed)           0.000    37.127    calc_mode_top_inst/u_exec/u_alu/u_trig/angle_prep_inst/z_reg[18]_i_2_n_0
    SLICE_X50Y28         CARRY4 (Prop_carry4_CI_CO[3])
                                                      0.117    37.244 r  calc_mode_top_inst/u_exec/u_alu/u_trig/angle_prep_inst/z_reg[22]_i_2/CO[3]
                         net (fo=1, routed)           0.000    37.244    calc_mode_top_inst/u_exec/u_alu/u_trig/angle_prep_inst/z_reg[22]_i_2_n_0
    SLICE_X50Y29         CARRY4 (Prop_carry4_CI_O[1])
                                                      0.323    37.567 r  calc_mode_top_inst/u_exec/u_alu/u_trig/angle_prep_inst/z_reg[24]_i_3/O[1]
                         net (fo=1, routed)           0.740    38.308    calc_mode_top_inst/u_exec/u_alu/u_trig/CORDIC_trigo_inst/b_q_reg[11][1]
    SLICE_X48Y23         LUT6 (Prop_lut6_I0_O)        0.306    38.614 r  calc_mode_top_inst/u_exec/u_alu/u_trig/CORDIC_trigo_inst/z[24]_i_2/O
                         net (fo=1, routed)           0.000    38.614    calc_mode_top_inst/u_exec/u_alu/u_trig/CORDIC_trigo_inst/z[24]
    SLICE_X48Y23         FDRE                                         r  calc_mode_top_inst/u_exec/u_alu/u_trig/CORDIC_trigo_inst/z_reg[24]/D
  -------------------------------------------------------------------    -------------------

                         (clock sys_clk_pin rise edge)
                                                     40.000    40.000 r  
    W5                                                0.000    40.000 r  clk (IN)
                         net (fo=0)                   0.000    40.000    clk
    W5                   IBUF (Prop_ibuf_I_O)         1.388    41.388 r  clk_IBUF_inst/O
                         net (fo=1, routed)           1.862    43.250    clk_IBUF
    BUFGCTRL_X0Y0        BUFG (Prop_bufg_I_O)         0.091    43.341 r  clk_IBUF_BUFG_inst/O
                         net (fo=5432, routed)        1.436    44.777    calc_mode_top_inst/u_exec/u_alu/u_trig/CORDIC_trigo_inst/clk_IBUF_BUFG
    SLICE_X48Y23         FDRE                                         r  calc_mode_top_inst/u_exec/u_alu/u_trig/CORDIC_trigo_inst/z_reg[24]/C
                         clock pessimism              0.260    45.037    
                         clock uncertainty           -0.035    45.002    
    SLICE_X48Y23         FDRE (Setup_fdre_C_D)        0.032    45.034    calc_mode_top_inst/u_exec/u_alu/u_trig/CORDIC_trigo_inst/z_reg[24]
  -------------------------------------------------------------------
                         required time                         45.034    
                         arrival time                         -38.614    
  -------------------------------------------------------------------
                         slack                                  6.420    

Slack (MET) :             6.512ns  (required time - arrival time)
  Source:                 calc_mode_top_inst/u_exec/u_alu/b_q_reg[0]/C
                            (rising edge-triggered cell FDCE clocked by sys_clk_pin  {rise@0.000ns fall@20.000ns period=40.000ns})
  Destination:            calc_mode_top_inst/u_exec/u_alu/u_trig/CORDIC_trigo_inst/z_reg[16]/D
                            (rising edge-triggered cell FDRE clocked by sys_clk_pin  {rise@0.000ns fall@20.000ns period=40.000ns})
  Path Group:             sys_clk_pin
  Path Type:              Setup (Max at Slow Process Corner)
  Requirement:            40.000ns  (sys_clk_pin rise@40.000ns - sys_clk_pin rise@0.000ns)
  Data Path Delay:        33.449ns  (logic 16.501ns (49.332%)  route 16.948ns (50.668%))
  Logic Levels:           44  (CARRY4=28 DSP48E1=1 LUT1=1 LUT2=2 LUT3=2 LUT4=1 LUT5=2 LUT6=7)
  Clock Path Skew:        -0.033ns (DCD - SCD + CPR)
    Destination Clock Delay (DCD):    4.786ns = ( 44.786 - 40.000 ) 
    Source Clock Delay      (SCD):    5.079ns
    Clock Pessimism Removal (CPR):    0.260ns
  Clock Uncertainty:      0.035ns  ((TSJ^2 + TIJ^2)^1/2 + DJ) / 2 + PE
    Total System Jitter     (TSJ):    0.071ns
    Total Input Jitter      (TIJ):    0.000ns
    Discrete Jitter          (DJ):    0.000ns
    Phase Error              (PE):    0.000ns

    Location             Delay type                Incr(ns)  Path(ns)    Netlist Resource(s)
  -------------------------------------------------------------------    -------------------
                         (clock sys_clk_pin rise edge)
                                                      0.000     0.000 r  
    W5                                                0.000     0.000 r  clk (IN)
                         net (fo=0)                   0.000     0.000    clk
    W5                   IBUF (Prop_ibuf_I_O)         1.458     1.458 r  clk_IBUF_inst/O
                         net (fo=1, routed)           1.967     3.425    clk_IBUF
    BUFGCTRL_X0Y0        BUFG (Prop_bufg_I_O)         0.096     3.521 r  clk_IBUF_BUFG_inst/O
                         net (fo=5432, routed)        1.558     5.079    calc_mode_top_inst/u_exec/u_alu/clk_IBUF_BUFG
    SLICE_X44Y17         FDCE                                         r  calc_mode_top_inst/u_exec/u_alu/b_q_reg[0]/C
  -------------------------------------------------------------------    -------------------
    SLICE_X44Y17         FDCE (Prop_fdce_C_Q)         0.456     5.535 f  calc_mode_top_inst/u_exec/u_alu/b_q_reg[0]/Q
                         net (fo=38, routed)          1.212     6.747    calc_mode_top_inst/u_exec/u_alu/u_mul/Q[0]
    SLICE_X51Y37         LUT1 (Prop_lut1_I0_O)        0.124     6.871 r  calc_mode_top_inst/u_exec/u_alu/u_mul/i___51_i_2/O
                         net (fo=4, routed)           0.946     7.818    calc_mode_top_inst/u_exec/u_alu/mult_inst/out_num1[0]
    SLICE_X61Y37         CARRY4 (Prop_carry4_CYINIT_CO[3])
                                                      0.580     8.398 r  calc_mode_top_inst/u_exec/u_alu/i___51_i_1/CO[3]
                         net (fo=1, routed)           0.000     8.398    calc_mode_top_inst/u_exec/u_alu/i___51_i_1_n_0
    SLICE_X61Y38         CARRY4 (Prop_carry4_CI_O[3])
                                                      0.313     8.711 r  calc_mode_top_inst/u_exec/u_alu/i___52_i_1/O[3]
                         net (fo=8, routed)           0.766     9.476    calc_mode_top_inst/u_exec/u_alu/u_trig/angle_prep_inst/wrapped7[1]
    SLICE_X57Y41         LUT3 (Prop_lut3_I0_O)        0.306     9.782 r  calc_mode_top_inst/u_exec/u_alu/u_trig/angle_prep_inst/wrapped5_carry__1_i_11/O
                         net (fo=13, routed)          1.107    10.890    calc_mode_top_inst/u_exec/u_alu/u_trig/angle_prep_inst/wrapped5_carry__1_i_11_n_0
    SLICE_X63Y37         LUT6 (Prop_lut6_I5_O)        0.124    11.014 r  calc_mode_top_inst/u_exec/u_alu/u_trig/angle_prep_inst/wrapped5_carry__1_i_4/O
                         net (fo=1, routed)           0.481    11.495    calc_mode_top_inst/u_exec/u_alu/u_trig/angle_prep_inst/wrapped5_carry__1_i_4_n_0
    SLICE_X60Y37         CARRY4 (Prop_carry4_DI[0]_CO[3])
                                                      0.550    12.045 r  calc_mode_top_inst/u_exec/u_alu/u_trig/angle_prep_inst/wrapped5_carry__1/CO[3]
                         net (fo=1, routed)           0.000    12.045    calc_mode_top_inst/u_exec/u_alu/u_trig/angle_prep_inst/wrapped5_carry__1_n_0
    SLICE_X60Y38         CARRY4 (Prop_carry4_CI_O[3])
                                                      0.315    12.360 r  calc_mode_top_inst/u_exec/u_alu/u_trig/angle_prep_inst/wrapped5_carry__2/O[3]
                         net (fo=3, routed)           0.585    12.945    calc_mode_top_inst/u_exec/u_alu/u_trig/angle_prep_inst/wrapped5_carry__2_n_4
    SLICE_X59Y38         LUT6 (Prop_lut6_I2_O)        0.307    13.252 r  calc_mode_top_inst/u_exec/u_alu/u_trig/angle_prep_inst/wrapped5__92_carry__1_i_11/O
                         net (fo=3, routed)           0.413    13.664    calc_mode_top_inst/u_exec/u_alu/u_trig/angle_prep_inst/wrapped5__92_carry__1_i_11_n_0
    SLICE_X57Y38         LUT5 (Prop_lut5_I4_O)        0.124    13.788 r  calc_mode_top_inst/u_exec/u_alu/u_trig/angle_prep_inst/wrapped5__92_carry__1_i_3/O
                         net (fo=2, routed)           0.741    14.529    calc_mode_top_inst/u_exec/u_alu/u_trig/angle_prep_inst/wrapped5__92_carry__1_i_3_n_0
    SLICE_X58Y38         LUT6 (Prop_lut6_I0_O)        0.124    14.653 r  calc_mode_top_inst/u_exec/u_alu/u_trig/angle_prep_inst/wrapped5__92_carry__1_i_7/O
                         net (fo=1, routed)           0.000    14.653    calc_mode_top_inst/u_exec/u_alu/u_trig/angle_prep_inst/wrapped5__92_carry__1_i_7_n_0
    SLICE_X58Y38         CARRY4 (Prop_carry4_S[1]_CO[3])
                                                      0.550    15.203 r  calc_mode_top_inst/u_exec/u_alu/u_trig/angle_prep_inst/wrapped5__92_carry__1/CO[3]
                         net (fo=1, routed)           0.000    15.203    calc_mode_top_inst/u_exec/u_alu/u_trig/angle_prep_inst/wrapped5__92_carry__1_n_0
    SLICE_X58Y39         CARRY4 (Prop_carry4_CI_CO[3])
                                                      0.114    15.317 r  calc_mode_top_inst/u_exec/u_alu/u_trig/angle_prep_inst/wrapped5__92_carry__2/CO[3]
                         net (fo=1, routed)           0.000    15.317    calc_mode_top_inst/u_exec/u_alu/u_trig/angle_prep_inst/wrapped5__92_carry__2_n_0
    SLICE_X58Y40         CARRY4 (Prop_carry4_CI_CO[3])
                                                      0.114    15.431 r  calc_mode_top_inst/u_exec/u_alu/u_trig/angle_prep_inst/wrapped5__92_carry__3/CO[3]
                         net (fo=1, routed)           0.000    15.431    calc_mode_top_inst/u_exec/u_alu/u_trig/angle_prep_inst/wrapped5__92_carry__3_n_0
    SLICE_X58Y41         CARRY4 (Prop_carry4_CI_CO[3])
                                                      0.114    15.545 r  calc_mode_top_inst/u_exec/u_alu/u_trig/angle_prep_inst/wrapped5__92_carry__4/CO[3]
                         net (fo=1, routed)           0.000    15.545    calc_mode_top_inst/u_exec/u_alu/u_trig/angle_prep_inst/wrapped5__92_carry__4_n_0
    SLICE_X58Y42         CARRY4 (Prop_carry4_CI_CO[3])
                                                      0.114    15.659 r  calc_mode_top_inst/u_exec/u_alu/u_trig/angle_prep_inst/wrapped5__92_carry__5/CO[3]
                         net (fo=1, routed)           0.000    15.659    calc_mode_top_inst/u_exec/u_alu/u_trig/angle_prep_inst/wrapped5__92_carry__5_n_0
    SLICE_X58Y43         CARRY4 (Prop_carry4_CI_O[1])
                                                      0.334    15.993 r  calc_mode_top_inst/u_exec/u_alu/u_trig/angle_prep_inst/wrapped5__92_carry__6/O[1]
                         net (fo=15, routed)          1.319    17.312    calc_mode_top_inst/u_exec/u_alu/u_trig/angle_prep_inst/wrapped5__92_carry__6_n_6
    SLICE_X54Y41         LUT3 (Prop_lut3_I0_O)        0.329    17.641 r  calc_mode_top_inst/u_exec/u_alu/u_trig/angle_prep_inst/wrapped5__174_carry__2_i_9/O
                         net (fo=2, routed)           0.468    18.109    calc_mode_top_inst/u_exec/u_alu/u_trig/angle_prep_inst/wrapped5__174_carry__2_i_9_n_0
    SLICE_X54Y41         LUT5 (Prop_lut5_I4_O)        0.328    18.437 r  calc_mode_top_inst/u_exec/u_alu/u_trig/angle_prep_inst/wrapped5__174_carry__2_i_3/O
                         net (fo=1, routed)           0.568    19.005    calc_mode_top_inst/u_exec/u_alu/u_trig/angle_prep_inst/wrapped5__174_carry__2_i_3_n_0
    SLICE_X55Y41         CARRY4 (Prop_carry4_DI[1]_CO[3])
                                                      0.507    19.512 r  calc_mode_top_inst/u_exec/u_alu/u_trig/angle_prep_inst/wrapped5__174_carry__2/CO[3]
                         net (fo=1, routed)           0.000    19.512    calc_mode_top_inst/u_exec/u_alu/u_trig/angle_prep_inst/wrapped5__174_carry__2_n_0
    SLICE_X55Y42         CARRY4 (Prop_carry4_CI_O[1])
                                                      0.334    19.846 r  calc_mode_top_inst/u_exec/u_alu/u_trig/angle_prep_inst/wrapped5__174_carry__3/O[1]
                         net (fo=3, routed)           0.503    20.350    calc_mode_top_inst/u_exec/u_alu/u_trig/angle_prep_inst/wrapped5__174_carry__3_n_6
    SLICE_X57Y42         LUT4 (Prop_lut4_I0_O)        0.303    20.653 r  calc_mode_top_inst/u_exec/u_alu/u_trig/angle_prep_inst/wrapped5__230_carry__4_i_2/O
                         net (fo=1, routed)           0.598    21.251    calc_mode_top_inst/u_exec/u_alu/u_trig/angle_prep_inst/wrapped5__230_carry__4_i_2_n_0
    SLICE_X56Y41         CARRY4 (Prop_carry4_DI[0]_CO[1])
                                                      0.488    21.739 r  calc_mode_top_inst/u_exec/u_alu/u_trig/angle_prep_inst/wrapped5__230_carry__4/CO[1]
                         net (fo=17, routed)          0.828    22.566    calc_mode_top_inst/u_exec/u_alu/u_trig/angle_prep_inst/wrapped5__230_carry__4_n_2
    SLICE_X54Y37         LUT6 (Prop_lut6_I1_O)        0.332    22.898 r  calc_mode_top_inst/u_exec/u_alu/u_trig/angle_prep_inst/wrapped3_i_36/O
                         net (fo=1, routed)           0.430    23.329    calc_mode_top_inst/u_exec/u_alu/u_trig/angle_prep_inst/wrapped3_i_36_n_0
    SLICE_X53Y37         CARRY4 (Prop_carry4_S[0]_CO[3])
                                                      0.656    23.985 r  calc_mode_top_inst/u_exec/u_alu/u_trig/angle_prep_inst/wrapped3_i_21/CO[3]
                         net (fo=1, routed)           0.000    23.985    calc_mode_top_inst/u_exec/u_alu/u_trig/angle_prep_inst/wrapped3_i_21_n_0
    SLICE_X53Y38         CARRY4 (Prop_carry4_CI_CO[3])
                                                      0.114    24.099 r  calc_mode_top_inst/u_exec/u_alu/u_trig/angle_prep_inst/wrapped3_i_20/CO[3]
                         net (fo=1, routed)           0.000    24.099    calc_mode_top_inst/u_exec/u_alu/u_trig/angle_prep_inst/wrapped3_i_20_n_0
    SLICE_X53Y39         CARRY4 (Prop_carry4_CI_CO[3])
                                                      0.114    24.213 r  calc_mode_top_inst/u_exec/u_alu/u_trig/angle_prep_inst/wrapped3_i_19/CO[3]
                         net (fo=1, routed)           0.000    24.213    calc_mode_top_inst/u_exec/u_alu/u_trig/angle_prep_inst/wrapped3_i_19_n_0
    SLICE_X53Y40         CARRY4 (Prop_carry4_CI_CO[2])
                                                      0.228    24.441 f  calc_mode_top_inst/u_exec/u_alu/u_trig/angle_prep_inst/wrapped3_i_17/CO[2]
                         net (fo=1, routed)           0.590    25.030    calc_mode_top_inst/u_exec/u_alu/u_trig/angle_prep_inst/wrapped3_i_17_n_1
    SLICE_X54Y38         LUT2 (Prop_lut2_I1_O)        0.313    25.343 r  calc_mode_top_inst/u_exec/u_alu/u_trig/angle_prep_inst/wrapped3_i_1/O
                         net (fo=15, routed)          0.718    26.061    calc_mode_top_inst/u_exec/u_alu/u_trig/angle_prep_inst/A[24]
    DSP48_X1Y15          DSP48E1 (Prop_dsp48e1_A[23]_P[0])
                                                      3.841    29.902 r  calc_mode_top_inst/u_exec/u_alu/u_trig/angle_prep_inst/wrapped3/P[0]
                         net (fo=7, routed)           0.974    30.876    calc_mode_top_inst/u_exec/u_alu_n_524
    SLICE_X54Y29         LUT2 (Prop_lut2_I1_O)        0.124    31.000 r  calc_mode_top_inst/u_exec/i___305_rep/O
                         net (fo=1, routed)           0.000    31.000    calc_mode_top_inst/u_exec/u_alu/u_trig/angle_prep_inst/b_q_reg[3][0]
    SLICE_X54Y29         CARRY4 (Prop_carry4_S[0]_CO[3])
                                                      0.513    31.513 r  calc_mode_top_inst/u_exec/u_alu/u_trig/angle_prep_inst/principal_angle1_carry_i_9/CO[3]
                         net (fo=1, routed)           0.000    31.513    calc_mode_top_inst/u_exec/u_alu/u_trig/angle_prep_inst/principal_angle1_carry_i_9_n_0
    SLICE_X54Y30         CARRY4 (Prop_carry4_CI_CO[3])
                                                      0.117    31.630 r  calc_mode_top_inst/u_exec/u_alu/u_trig/angle_prep_inst/principal_angle1_carry_i_11/CO[3]
                         net (fo=1, routed)           0.000    31.630    calc_mode_top_inst/u_exec/u_alu/u_trig/angle_prep_inst/principal_angle1_carry_i_11_n_0
    SLICE_X54Y31         CARRY4 (Prop_carry4_CI_CO[3])
                                                      0.117    31.747 r  calc_mode_top_inst/u_exec/u_alu/u_trig/angle_prep_inst/principal_angle1_carry_i_12/CO[3]
                         net (fo=1, routed)           0.000    31.747    calc_mode_top_inst/u_exec/u_alu/u_trig/angle_prep_inst/principal_angle1_carry_i_12_n_0
    SLICE_X54Y32         CARRY4 (Prop_carry4_CI_CO[3])
                                                      0.117    31.864 r  calc_mode_top_inst/u_exec/u_alu/u_trig/angle_prep_inst/principal_angle1_carry_i_16/CO[3]
                         net (fo=1, routed)           0.000    31.864    calc_mode_top_inst/u_exec/u_alu/u_trig/angle_prep_inst/principal_angle1_carry_i_16_n_0
    SLICE_X54Y33         CARRY4 (Prop_carry4_CI_CO[3])
                                                      0.117    31.981 r  calc_mode_top_inst/u_exec/u_alu/u_trig/angle_prep_inst/principal_angle1_carry_i_15/CO[3]
                         net (fo=1, routed)           0.000    31.981    calc_mode_top_inst/u_exec/u_alu/u_trig/angle_prep_inst/principal_angle1_carry_i_15_n_0
    SLICE_X54Y34         CARRY4 (Prop_carry4_CI_CO[3])
                                                      0.117    32.098 r  calc_mode_top_inst/u_exec/u_alu/u_trig/angle_prep_inst/principal_angle1_carry_i_13/CO[3]
                         net (fo=1, routed)           0.000    32.098    calc_mode_top_inst/u_exec/u_alu/u_trig/angle_prep_inst/principal_angle1_carry_i_13_n_0
    SLICE_X54Y35         CARRY4 (Prop_carry4_CI_O[0])
                                                      0.219    32.317 r  calc_mode_top_inst/u_exec/u_alu/u_trig/angle_prep_inst/principal_angle1_carry_i_10/O[0]
                         net (fo=71, routed)          0.824    33.141    calc_mode_top_inst/u_exec/u_alu/u_trig/angle_prep_inst/wrapped2__0[24]
    SLICE_X51Y28         LUT6 (Prop_lut6_I3_O)        0.295    33.436 r  calc_mode_top_inst/u_exec/u_alu/u_trig/angle_prep_inst/i__carry_i_1/O
                         net (fo=1, routed)           0.548    33.984    calc_mode_top_inst/u_exec/u_alu/u_trig/angle_prep_inst/i__carry_i_1_n_0
    SLICE_X49Y29         CARRY4 (Prop_carry4_CYINIT_CO[3])
                                                      0.580    34.564 r  calc_mode_top_inst/u_exec/u_alu/u_trig/angle_prep_inst/principal_angle1_inferred__0/i__carry/CO[3]
                         net (fo=1, routed)           0.000    34.564    calc_mode_top_inst/u_exec/u_alu/u_trig/angle_prep_inst/principal_angle1_inferred__0/i__carry_n_0
    SLICE_X49Y30         CARRY4 (Prop_carry4_CI_CO[1])
                                                      0.157    34.721 f  calc_mode_top_inst/u_exec/u_alu/u_trig/angle_prep_inst/principal_angle1_inferred__0/i__carry__0/CO[1]
                         net (fo=80, routed)          0.968    35.689    calc_mode_top_inst/u_exec/u_alu/u_trig/angle_prep_inst/z_reg[9][0]
    SLICE_X51Y27         LUT6 (Prop_lut6_I5_O)        0.329    36.018 r  calc_mode_top_inst/u_exec/u_alu/u_trig/angle_prep_inst/z[14]_i_7/O
                         net (fo=1, routed)           0.473    36.490    calc_mode_top_inst/u_exec/u_alu/u_trig/angle_prep_inst/p_1_out[12]
    SLICE_X50Y26         CARRY4 (Prop_carry4_DI[1]_CO[3])
                                                      0.520    37.010 r  calc_mode_top_inst/u_exec/u_alu/u_trig/angle_prep_inst/z_reg[14]_i_2/CO[3]
                         net (fo=1, routed)           0.000    37.010    calc_mode_top_inst/u_exec/u_alu/u_trig/angle_prep_inst/z_reg[14]_i_2_n_0
    SLICE_X50Y27         CARRY4 (Prop_carry4_CI_O[1])
                                                      0.323    37.333 r  calc_mode_top_inst/u_exec/u_alu/u_trig/angle_prep_inst/z_reg[18]_i_2/O[1]
                         net (fo=1, routed)           0.889    38.222    calc_mode_top_inst/u_exec/u_alu/u_trig/CORDIC_trigo_inst/b_q_reg[0][1]
    SLICE_X51Y16         LUT6 (Prop_lut6_I0_O)        0.306    38.528 r  calc_mode_top_inst/u_exec/u_alu/u_trig/CORDIC_trigo_inst/z[16]_i_1/O
                         net (fo=1, routed)           0.000    38.528    calc_mode_top_inst/u_exec/u_alu/u_trig/CORDIC_trigo_inst/z[16]
    SLICE_X51Y16         FDRE                                         r  calc_mode_top_inst/u_exec/u_alu/u_trig/CORDIC_trigo_inst/z_reg[16]/D
  -------------------------------------------------------------------    -------------------

                         (clock sys_clk_pin rise edge)
                                                     40.000    40.000 r  
    W5                                                0.000    40.000 r  clk (IN)
                         net (fo=0)                   0.000    40.000    clk
    W5                   IBUF (Prop_ibuf_I_O)         1.388    41.388 r  clk_IBUF_inst/O
                         net (fo=1, routed)           1.862    43.250    clk_IBUF
    BUFGCTRL_X0Y0        BUFG (Prop_bufg_I_O)         0.091    43.341 r  clk_IBUF_BUFG_inst/O
                         net (fo=5432, routed)        1.445    44.786    calc_mode_top_inst/u_exec/u_alu/u_trig/CORDIC_trigo_inst/clk_IBUF_BUFG
    SLICE_X51Y16         FDRE                                         r  calc_mode_top_inst/u_exec/u_alu/u_trig/CORDIC_trigo_inst/z_reg[16]/C
                         clock pessimism              0.260    45.046    
                         clock uncertainty           -0.035    45.011    
    SLICE_X51Y16         FDRE (Setup_fdre_C_D)        0.029    45.040    calc_mode_top_inst/u_exec/u_alu/u_trig/CORDIC_trigo_inst/z_reg[16]
  -------------------------------------------------------------------
                         required time                         45.040    
                         arrival time                         -38.528    
  -------------------------------------------------------------------
                         slack                                  6.512    

Slack (MET) :             6.524ns  (required time - arrival time)
  Source:                 calc_mode_top_inst/u_exec/u_alu/b_q_reg[0]/C
                            (rising edge-triggered cell FDCE clocked by sys_clk_pin  {rise@0.000ns fall@20.000ns period=40.000ns})
  Destination:            calc_mode_top_inst/u_exec/u_alu/u_trig/CORDIC_trigo_inst/z_reg[19]/D
                            (rising edge-triggered cell FDRE clocked by sys_clk_pin  {rise@0.000ns fall@20.000ns period=40.000ns})
  Path Group:             sys_clk_pin
  Path Type:              Setup (Max at Slow Process Corner)
  Requirement:            40.000ns  (sys_clk_pin rise@40.000ns - sys_clk_pin rise@0.000ns)
  Data Path Delay:        33.438ns  (logic 16.503ns (49.355%)  route 16.935ns (50.645%))
  Logic Levels:           45  (CARRY4=29 DSP48E1=1 LUT1=1 LUT2=2 LUT3=2 LUT4=1 LUT5=2 LUT6=7)
  Clock Path Skew:        -0.034ns (DCD - SCD + CPR)
    Destination Clock Delay (DCD):    4.785ns = ( 44.785 - 40.000 ) 
    Source Clock Delay      (SCD):    5.079ns
    Clock Pessimism Removal (CPR):    0.260ns
  Clock Uncertainty:      0.035ns  ((TSJ^2 + TIJ^2)^1/2 + DJ) / 2 + PE
    Total System Jitter     (TSJ):    0.071ns
    Total Input Jitter      (TIJ):    0.000ns
    Discrete Jitter          (DJ):    0.000ns
    Phase Error              (PE):    0.000ns

    Location             Delay type                Incr(ns)  Path(ns)    Netlist Resource(s)
  -------------------------------------------------------------------    -------------------
                         (clock sys_clk_pin rise edge)
                                                      0.000     0.000 r  
    W5                                                0.000     0.000 r  clk (IN)
                         net (fo=0)                   0.000     0.000    clk
    W5                   IBUF (Prop_ibuf_I_O)         1.458     1.458 r  clk_IBUF_inst/O
                         net (fo=1, routed)           1.967     3.425    clk_IBUF
    BUFGCTRL_X0Y0        BUFG (Prop_bufg_I_O)         0.096     3.521 r  clk_IBUF_BUFG_inst/O
                         net (fo=5432, routed)        1.558     5.079    calc_mode_top_inst/u_exec/u_alu/clk_IBUF_BUFG
    SLICE_X44Y17         FDCE                                         r  calc_mode_top_inst/u_exec/u_alu/b_q_reg[0]/C
  -------------------------------------------------------------------    -------------------
    SLICE_X44Y17         FDCE (Prop_fdce_C_Q)         0.456     5.535 f  calc_mode_top_inst/u_exec/u_alu/b_q_reg[0]/Q
                         net (fo=38, routed)          1.212     6.747    calc_mode_top_inst/u_exec/u_alu/u_mul/Q[0]
    SLICE_X51Y37         LUT1 (Prop_lut1_I0_O)        0.124     6.871 r  calc_mode_top_inst/u_exec/u_alu/u_mul/i___51_i_2/O
                         net (fo=4, routed)           0.946     7.818    calc_mode_top_inst/u_exec/u_alu/mult_inst/out_num1[0]
    SLICE_X61Y37         CARRY4 (Prop_carry4_CYINIT_CO[3])
                                                      0.580     8.398 r  calc_mode_top_inst/u_exec/u_alu/i___51_i_1/CO[3]
                         net (fo=1, routed)           0.000     8.398    calc_mode_top_inst/u_exec/u_alu/i___51_i_1_n_0
    SLICE_X61Y38         CARRY4 (Prop_carry4_CI_O[3])
                                                      0.313     8.711 r  calc_mode_top_inst/u_exec/u_alu/i___52_i_1/O[3]
                         net (fo=8, routed)           0.766     9.476    calc_mode_top_inst/u_exec/u_alu/u_trig/angle_prep_inst/wrapped7[1]
    SLICE_X57Y41         LUT3 (Prop_lut3_I0_O)        0.306     9.782 r  calc_mode_top_inst/u_exec/u_alu/u_trig/angle_prep_inst/wrapped5_carry__1_i_11/O
                         net (fo=13, routed)          1.107    10.890    calc_mode_top_inst/u_exec/u_alu/u_trig/angle_prep_inst/wrapped5_carry__1_i_11_n_0
    SLICE_X63Y37         LUT6 (Prop_lut6_I5_O)        0.124    11.014 r  calc_mode_top_inst/u_exec/u_alu/u_trig/angle_prep_inst/wrapped5_carry__1_i_4/O
                         net (fo=1, routed)           0.481    11.495    calc_mode_top_inst/u_exec/u_alu/u_trig/angle_prep_inst/wrapped5_carry__1_i_4_n_0
    SLICE_X60Y37         CARRY4 (Prop_carry4_DI[0]_CO[3])
                                                      0.550    12.045 r  calc_mode_top_inst/u_exec/u_alu/u_trig/angle_prep_inst/wrapped5_carry__1/CO[3]
                         net (fo=1, routed)           0.000    12.045    calc_mode_top_inst/u_exec/u_alu/u_trig/angle_prep_inst/wrapped5_carry__1_n_0
    SLICE_X60Y38         CARRY4 (Prop_carry4_CI_O[3])
                                                      0.315    12.360 r  calc_mode_top_inst/u_exec/u_alu/u_trig/angle_prep_inst/wrapped5_carry__2/O[3]
                         net (fo=3, routed)           0.585    12.945    calc_mode_top_inst/u_exec/u_alu/u_trig/angle_prep_inst/wrapped5_carry__2_n_4
    SLICE_X59Y38         LUT6 (Prop_lut6_I2_O)        0.307    13.252 r  calc_mode_top_inst/u_exec/u_alu/u_trig/angle_prep_inst/wrapped5__92_carry__1_i_11/O
                         net (fo=3, routed)           0.413    13.664    calc_mode_top_inst/u_exec/u_alu/u_trig/angle_prep_inst/wrapped5__92_carry__1_i_11_n_0
    SLICE_X57Y38         LUT5 (Prop_lut5_I4_O)        0.124    13.788 r  calc_mode_top_inst/u_exec/u_alu/u_trig/angle_prep_inst/wrapped5__92_carry__1_i_3/O
                         net (fo=2, routed)           0.741    14.529    calc_mode_top_inst/u_exec/u_alu/u_trig/angle_prep_inst/wrapped5__92_carry__1_i_3_n_0
    SLICE_X58Y38         LUT6 (Prop_lut6_I0_O)        0.124    14.653 r  calc_mode_top_inst/u_exec/u_alu/u_trig/angle_prep_inst/wrapped5__92_carry__1_i_7/O
                         net (fo=1, routed)           0.000    14.653    calc_mode_top_inst/u_exec/u_alu/u_trig/angle_prep_inst/wrapped5__92_carry__1_i_7_n_0
    SLICE_X58Y38         CARRY4 (Prop_carry4_S[1]_CO[3])
                                                      0.550    15.203 r  calc_mode_top_inst/u_exec/u_alu/u_trig/angle_prep_inst/wrapped5__92_carry__1/CO[3]
                         net (fo=1, routed)           0.000    15.203    calc_mode_top_inst/u_exec/u_alu/u_trig/angle_prep_inst/wrapped5__92_carry__1_n_0
    SLICE_X58Y39         CARRY4 (Prop_carry4_CI_CO[3])
                                                      0.114    15.317 r  calc_mode_top_inst/u_exec/u_alu/u_trig/angle_prep_inst/wrapped5__92_carry__2/CO[3]
                         net (fo=1, routed)           0.000    15.317    calc_mode_top_inst/u_exec/u_alu/u_trig/angle_prep_inst/wrapped5__92_carry__2_n_0
    SLICE_X58Y40         CARRY4 (Prop_carry4_CI_CO[3])
                                                      0.114    15.431 r  calc_mode_top_inst/u_exec/u_alu/u_trig/angle_prep_inst/wrapped5__92_carry__3/CO[3]
                         net (fo=1, routed)           0.000    15.431    calc_mode_top_inst/u_exec/u_alu/u_trig/angle_prep_inst/wrapped5__92_carry__3_n_0
    SLICE_X58Y41         CARRY4 (Prop_carry4_CI_CO[3])
                                                      0.114    15.545 r  calc_mode_top_inst/u_exec/u_alu/u_trig/angle_prep_inst/wrapped5__92_carry__4/CO[3]
                         net (fo=1, routed)           0.000    15.545    calc_mode_top_inst/u_exec/u_alu/u_trig/angle_prep_inst/wrapped5__92_carry__4_n_0
    SLICE_X58Y42         CARRY4 (Prop_carry4_CI_CO[3])
                                                      0.114    15.659 r  calc_mode_top_inst/u_exec/u_alu/u_trig/angle_prep_inst/wrapped5__92_carry__5/CO[3]
                         net (fo=1, routed)           0.000    15.659    calc_mode_top_inst/u_exec/u_alu/u_trig/angle_prep_inst/wrapped5__92_carry__5_n_0
    SLICE_X58Y43         CARRY4 (Prop_carry4_CI_O[1])
                                                      0.334    15.993 r  calc_mode_top_inst/u_exec/u_alu/u_trig/angle_prep_inst/wrapped5__92_carry__6/O[1]
                         net (fo=15, routed)          1.319    17.312    calc_mode_top_inst/u_exec/u_alu/u_trig/angle_prep_inst/wrapped5__92_carry__6_n_6
    SLICE_X54Y41         LUT3 (Prop_lut3_I0_O)        0.329    17.641 r  calc_mode_top_inst/u_exec/u_alu/u_trig/angle_prep_inst/wrapped5__174_carry__2_i_9/O
                         net (fo=2, routed)           0.468    18.109    calc_mode_top_inst/u_exec/u_alu/u_trig/angle_prep_inst/wrapped5__174_carry__2_i_9_n_0
    SLICE_X54Y41         LUT5 (Prop_lut5_I4_O)        0.328    18.437 r  calc_mode_top_inst/u_exec/u_alu/u_trig/angle_prep_inst/wrapped5__174_carry__2_i_3/O
                         net (fo=1, routed)           0.568    19.005    calc_mode_top_inst/u_exec/u_alu/u_trig/angle_prep_inst/wrapped5__174_carry__2_i_3_n_0
    SLICE_X55Y41         CARRY4 (Prop_carry4_DI[1]_CO[3])
                                                      0.507    19.512 r  calc_mode_top_inst/u_exec/u_alu/u_trig/angle_prep_inst/wrapped5__174_carry__2/CO[3]
                         net (fo=1, routed)           0.000    19.512    calc_mode_top_inst/u_exec/u_alu/u_trig/angle_prep_inst/wrapped5__174_carry__2_n_0
    SLICE_X55Y42         CARRY4 (Prop_carry4_CI_O[1])
                                                      0.334    19.846 r  calc_mode_top_inst/u_exec/u_alu/u_trig/angle_prep_inst/wrapped5__174_carry__3/O[1]
                         net (fo=3, routed)           0.503    20.350    calc_mode_top_inst/u_exec/u_alu/u_trig/angle_prep_inst/wrapped5__174_carry__3_n_6
    SLICE_X57Y42         LUT4 (Prop_lut4_I0_O)        0.303    20.653 r  calc_mode_top_inst/u_exec/u_alu/u_trig/angle_prep_inst/wrapped5__230_carry__4_i_2/O
                         net (fo=1, routed)           0.598    21.251    calc_mode_top_inst/u_exec/u_alu/u_trig/angle_prep_inst/wrapped5__230_carry__4_i_2_n_0
    SLICE_X56Y41         CARRY4 (Prop_carry4_DI[0]_CO[1])
                                                      0.488    21.739 r  calc_mode_top_inst/u_exec/u_alu/u_trig/angle_prep_inst/wrapped5__230_carry__4/CO[1]
                         net (fo=17, routed)          0.828    22.566    calc_mode_top_inst/u_exec/u_alu/u_trig/angle_prep_inst/wrapped5__230_carry__4_n_2
    SLICE_X54Y37         LUT6 (Prop_lut6_I1_O)        0.332    22.898 r  calc_mode_top_inst/u_exec/u_alu/u_trig/angle_prep_inst/wrapped3_i_36/O
                         net (fo=1, routed)           0.430    23.329    calc_mode_top_inst/u_exec/u_alu/u_trig/angle_prep_inst/wrapped3_i_36_n_0
    SLICE_X53Y37         CARRY4 (Prop_carry4_S[0]_CO[3])
                                                      0.656    23.985 r  calc_mode_top_inst/u_exec/u_alu/u_trig/angle_prep_inst/wrapped3_i_21/CO[3]
                         net (fo=1, routed)           0.000    23.985    calc_mode_top_inst/u_exec/u_alu/u_trig/angle_prep_inst/wrapped3_i_21_n_0
    SLICE_X53Y38         CARRY4 (Prop_carry4_CI_CO[3])
                                                      0.114    24.099 r  calc_mode_top_inst/u_exec/u_alu/u_trig/angle_prep_inst/wrapped3_i_20/CO[3]
                         net (fo=1, routed)           0.000    24.099    calc_mode_top_inst/u_exec/u_alu/u_trig/angle_prep_inst/wrapped3_i_20_n_0
    SLICE_X53Y39         CARRY4 (Prop_carry4_CI_CO[3])
                                                      0.114    24.213 r  calc_mode_top_inst/u_exec/u_alu/u_trig/angle_prep_inst/wrapped3_i_19/CO[3]
                         net (fo=1, routed)           0.000    24.213    calc_mode_top_inst/u_exec/u_alu/u_trig/angle_prep_inst/wrapped3_i_19_n_0
    SLICE_X53Y40         CARRY4 (Prop_carry4_CI_CO[2])
                                                      0.228    24.441 f  calc_mode_top_inst/u_exec/u_alu/u_trig/angle_prep_inst/wrapped3_i_17/CO[2]
                         net (fo=1, routed)           0.590    25.030    calc_mode_top_inst/u_exec/u_alu/u_trig/angle_prep_inst/wrapped3_i_17_n_1
    SLICE_X54Y38         LUT2 (Prop_lut2_I1_O)        0.313    25.343 r  calc_mode_top_inst/u_exec/u_alu/u_trig/angle_prep_inst/wrapped3_i_1/O
                         net (fo=15, routed)          0.718    26.061    calc_mode_top_inst/u_exec/u_alu/u_trig/angle_prep_inst/A[24]
    DSP48_X1Y15          DSP48E1 (Prop_dsp48e1_A[23]_P[0])
                                                      3.841    29.902 r  calc_mode_top_inst/u_exec/u_alu/u_trig/angle_prep_inst/wrapped3/P[0]
                         net (fo=7, routed)           0.974    30.876    calc_mode_top_inst/u_exec/u_alu_n_524
    SLICE_X54Y29         LUT2 (Prop_lut2_I1_O)        0.124    31.000 r  calc_mode_top_inst/u_exec/i___305_rep/O
                         net (fo=1, routed)           0.000    31.000    calc_mode_top_inst/u_exec/u_alu/u_trig/angle_prep_inst/b_q_reg[3][0]
    SLICE_X54Y29         CARRY4 (Prop_carry4_S[0]_CO[3])
                                                      0.513    31.513 r  calc_mode_top_inst/u_exec/u_alu/u_trig/angle_prep_inst/principal_angle1_carry_i_9/CO[3]
                         net (fo=1, routed)           0.000    31.513    calc_mode_top_inst/u_exec/u_alu/u_trig/angle_prep_inst/principal_angle1_carry_i_9_n_0
    SLICE_X54Y30         CARRY4 (Prop_carry4_CI_CO[3])
                                                      0.117    31.630 r  calc_mode_top_inst/u_exec/u_alu/u_trig/angle_prep_inst/principal_angle1_carry_i_11/CO[3]
                         net (fo=1, routed)           0.000    31.630    calc_mode_top_inst/u_exec/u_alu/u_trig/angle_prep_inst/principal_angle1_carry_i_11_n_0
    SLICE_X54Y31         CARRY4 (Prop_carry4_CI_CO[3])
                                                      0.117    31.747 r  calc_mode_top_inst/u_exec/u_alu/u_trig/angle_prep_inst/principal_angle1_carry_i_12/CO[3]
                         net (fo=1, routed)           0.000    31.747    calc_mode_top_inst/u_exec/u_alu/u_trig/angle_prep_inst/principal_angle1_carry_i_12_n_0
    SLICE_X54Y32         CARRY4 (Prop_carry4_CI_CO[3])
                                                      0.117    31.864 r  calc_mode_top_inst/u_exec/u_alu/u_trig/angle_prep_inst/principal_angle1_carry_i_16/CO[3]
                         net (fo=1, routed)           0.000    31.864    calc_mode_top_inst/u_exec/u_alu/u_trig/angle_prep_inst/principal_angle1_carry_i_16_n_0
    SLICE_X54Y33         CARRY4 (Prop_carry4_CI_CO[3])
                                                      0.117    31.981 r  calc_mode_top_inst/u_exec/u_alu/u_trig/angle_prep_inst/principal_angle1_carry_i_15/CO[3]
                         net (fo=1, routed)           0.000    31.981    calc_mode_top_inst/u_exec/u_alu/u_trig/angle_prep_inst/principal_angle1_carry_i_15_n_0
    SLICE_X54Y34         CARRY4 (Prop_carry4_CI_CO[3])
                                                      0.117    32.098 r  calc_mode_top_inst/u_exec/u_alu/u_trig/angle_prep_inst/principal_angle1_carry_i_13/CO[3]
                         net (fo=1, routed)           0.000    32.098    calc_mode_top_inst/u_exec/u_alu/u_trig/angle_prep_inst/principal_angle1_carry_i_13_n_0
    SLICE_X54Y35         CARRY4 (Prop_carry4_CI_O[0])
                                                      0.219    32.317 r  calc_mode_top_inst/u_exec/u_alu/u_trig/angle_prep_inst/principal_angle1_carry_i_10/O[0]
                         net (fo=71, routed)          0.824    33.141    calc_mode_top_inst/u_exec/u_alu/u_trig/angle_prep_inst/wrapped2__0[24]
    SLICE_X51Y28         LUT6 (Prop_lut6_I3_O)        0.295    33.436 r  calc_mode_top_inst/u_exec/u_alu/u_trig/angle_prep_inst/i__carry_i_1/O
                         net (fo=1, routed)           0.548    33.984    calc_mode_top_inst/u_exec/u_alu/u_trig/angle_prep_inst/i__carry_i_1_n_0
    SLICE_X49Y29         CARRY4 (Prop_carry4_CYINIT_CO[3])
                                                      0.580    34.564 r  calc_mode_top_inst/u_exec/u_alu/u_trig/angle_prep_inst/principal_angle1_inferred__0/i__carry/CO[3]
                         net (fo=1, routed)           0.000    34.564    calc_mode_top_inst/u_exec/u_alu/u_trig/angle_prep_inst/principal_angle1_inferred__0/i__carry_n_0
    SLICE_X49Y30         CARRY4 (Prop_carry4_CI_CO[1])
                                                      0.157    34.721 f  calc_mode_top_inst/u_exec/u_alu/u_trig/angle_prep_inst/principal_angle1_inferred__0/i__carry__0/CO[1]
                         net (fo=80, routed)          0.968    35.689    calc_mode_top_inst/u_exec/u_alu/u_trig/angle_prep_inst/z_reg[9][0]
    SLICE_X51Y27         LUT6 (Prop_lut6_I5_O)        0.329    36.018 r  calc_mode_top_inst/u_exec/u_alu/u_trig/angle_prep_inst/z[14]_i_7/O
                         net (fo=1, routed)           0.473    36.490    calc_mode_top_inst/u_exec/u_alu/u_trig/angle_prep_inst/p_1_out[12]
    SLICE_X50Y26         CARRY4 (Prop_carry4_DI[1]_CO[3])
                                                      0.520    37.010 r  calc_mode_top_inst/u_exec/u_alu/u_trig/angle_prep_inst/z_reg[14]_i_2/CO[3]
                         net (fo=1, routed)           0.000    37.010    calc_mode_top_inst/u_exec/u_alu/u_trig/angle_prep_inst/z_reg[14]_i_2_n_0
    SLICE_X50Y27         CARRY4 (Prop_carry4_CI_CO[3])
                                                      0.117    37.127 r  calc_mode_top_inst/u_exec/u_alu/u_trig/angle_prep_inst/z_reg[18]_i_2/CO[3]
                         net (fo=1, routed)           0.000    37.127    calc_mode_top_inst/u_exec/u_alu/u_trig/angle_prep_inst/z_reg[18]_i_2_n_0
    SLICE_X50Y28         CARRY4 (Prop_carry4_CI_O[0])
                                                      0.219    37.346 r  calc_mode_top_inst/u_exec/u_alu/u_trig/angle_prep_inst/z_reg[22]_i_2/O[0]
                         net (fo=1, routed)           0.875    38.222    calc_mode_top_inst/u_exec/u_alu/u_trig/CORDIC_trigo_inst/b_q_reg[11]_0[0]
    SLICE_X49Y16         LUT6 (Prop_lut6_I0_O)        0.295    38.517 r  calc_mode_top_inst/u_exec/u_alu/u_trig/CORDIC_trigo_inst/z[19]_i_1/O
                         net (fo=1, routed)           0.000    38.517    calc_mode_top_inst/u_exec/u_alu/u_trig/CORDIC_trigo_inst/z[19]
    SLICE_X49Y16         FDRE                                         r  calc_mode_top_inst/u_exec/u_alu/u_trig/CORDIC_trigo_inst/z_reg[19]/D
  -------------------------------------------------------------------    -------------------

                         (clock sys_clk_pin rise edge)
                                                     40.000    40.000 r  
    W5                                                0.000    40.000 r  clk (IN)
                         net (fo=0)                   0.000    40.000    clk
    W5                   IBUF (Prop_ibuf_I_O)         1.388    41.388 r  clk_IBUF_inst/O
                         net (fo=1, routed)           1.862    43.250    clk_IBUF
    BUFGCTRL_X0Y0        BUFG (Prop_bufg_I_O)         0.091    43.341 r  clk_IBUF_BUFG_inst/O
                         net (fo=5432, routed)        1.444    44.785    calc_mode_top_inst/u_exec/u_alu/u_trig/CORDIC_trigo_inst/clk_IBUF_BUFG
    SLICE_X49Y16         FDRE                                         r  calc_mode_top_inst/u_exec/u_alu/u_trig/CORDIC_trigo_inst/z_reg[19]/C
                         clock pessimism              0.260    45.045    
                         clock uncertainty           -0.035    45.010    
    SLICE_X49Y16         FDRE (Setup_fdre_C_D)        0.031    45.041    calc_mode_top_inst/u_exec/u_alu/u_trig/CORDIC_trigo_inst/z_reg[19]
  -------------------------------------------------------------------
                         required time                         45.041    
                         arrival time                         -38.517    
  -------------------------------------------------------------------
                         slack                                  6.524    

Slack (MET) :             6.551ns  (required time - arrival time)
  Source:                 calc_mode_top_inst/u_exec/u_alu/b_q_reg[0]/C
                            (rising edge-triggered cell FDCE clocked by sys_clk_pin  {rise@0.000ns fall@20.000ns period=40.000ns})
  Destination:            calc_mode_top_inst/u_exec/u_alu/u_trig/CORDIC_trigo_inst/z_reg[20]/D
                            (rising edge-triggered cell FDRE clocked by sys_clk_pin  {rise@0.000ns fall@20.000ns period=40.000ns})
  Path Group:             sys_clk_pin
  Path Type:              Setup (Max at Slow Process Corner)
  Requirement:            40.000ns  (sys_clk_pin rise@40.000ns - sys_clk_pin rise@0.000ns)
  Data Path Delay:        33.411ns  (logic 16.618ns (49.738%)  route 16.793ns (50.262%))
  Logic Levels:           45  (CARRY4=29 DSP48E1=1 LUT1=1 LUT2=2 LUT3=2 LUT4=1 LUT5=2 LUT6=7)
  Clock Path Skew:        -0.033ns (DCD - SCD + CPR)
    Destination Clock Delay (DCD):    4.786ns = ( 44.786 - 40.000 ) 
    Source Clock Delay      (SCD):    5.079ns
    Clock Pessimism Removal (CPR):    0.260ns
  Clock Uncertainty:      0.035ns  ((TSJ^2 + TIJ^2)^1/2 + DJ) / 2 + PE
    Total System Jitter     (TSJ):    0.071ns
    Total Input Jitter      (TIJ):    0.000ns
    Discrete Jitter          (DJ):    0.000ns
    Phase Error              (PE):    0.000ns

    Location             Delay type                Incr(ns)  Path(ns)    Netlist Resource(s)
  -------------------------------------------------------------------    -------------------
                         (clock sys_clk_pin rise edge)
                                                      0.000     0.000 r  
    W5                                                0.000     0.000 r  clk (IN)
                         net (fo=0)                   0.000     0.000    clk
    W5                   IBUF (Prop_ibuf_I_O)         1.458     1.458 r  clk_IBUF_inst/O
                         net (fo=1, routed)           1.967     3.425    clk_IBUF
    BUFGCTRL_X0Y0        BUFG (Prop_bufg_I_O)         0.096     3.521 r  clk_IBUF_BUFG_inst/O
                         net (fo=5432, routed)        1.558     5.079    calc_mode_top_inst/u_exec/u_alu/clk_IBUF_BUFG
    SLICE_X44Y17         FDCE                                         r  calc_mode_top_inst/u_exec/u_alu/b_q_reg[0]/C
  -------------------------------------------------------------------    -------------------
    SLICE_X44Y17         FDCE (Prop_fdce_C_Q)         0.456     5.535 f  calc_mode_top_inst/u_exec/u_alu/b_q_reg[0]/Q
                         net (fo=38, routed)          1.212     6.747    calc_mode_top_inst/u_exec/u_alu/u_mul/Q[0]
    SLICE_X51Y37         LUT1 (Prop_lut1_I0_O)        0.124     6.871 r  calc_mode_top_inst/u_exec/u_alu/u_mul/i___51_i_2/O
                         net (fo=4, routed)           0.946     7.818    calc_mode_top_inst/u_exec/u_alu/mult_inst/out_num1[0]
    SLICE_X61Y37         CARRY4 (Prop_carry4_CYINIT_CO[3])
                                                      0.580     8.398 r  calc_mode_top_inst/u_exec/u_alu/i___51_i_1/CO[3]
                         net (fo=1, routed)           0.000     8.398    calc_mode_top_inst/u_exec/u_alu/i___51_i_1_n_0
    SLICE_X61Y38         CARRY4 (Prop_carry4_CI_O[3])
                                                      0.313     8.711 r  calc_mode_top_inst/u_exec/u_alu/i___52_i_1/O[3]
                         net (fo=8, routed)           0.766     9.476    calc_mode_top_inst/u_exec/u_alu/u_trig/angle_prep_inst/wrapped7[1]
    SLICE_X57Y41         LUT3 (Prop_lut3_I0_O)        0.306     9.782 r  calc_mode_top_inst/u_exec/u_alu/u_trig/angle_prep_inst/wrapped5_carry__1_i_11/O
                         net (fo=13, routed)          1.107    10.890    calc_mode_top_inst/u_exec/u_alu/u_trig/angle_prep_inst/wrapped5_carry__1_i_11_n_0
    SLICE_X63Y37         LUT6 (Prop_lut6_I5_O)        0.124    11.014 r  calc_mode_top_inst/u_exec/u_alu/u_trig/angle_prep_inst/wrapped5_carry__1_i_4/O
                         net (fo=1, routed)           0.481    11.495    calc_mode_top_inst/u_exec/u_alu/u_trig/angle_prep_inst/wrapped5_carry__1_i_4_n_0
    SLICE_X60Y37         CARRY4 (Prop_carry4_DI[0]_CO[3])
                                                      0.550    12.045 r  calc_mode_top_inst/u_exec/u_alu/u_trig/angle_prep_inst/wrapped5_carry__1/CO[3]
                         net (fo=1, routed)           0.000    12.045    calc_mode_top_inst/u_exec/u_alu/u_trig/angle_prep_inst/wrapped5_carry__1_n_0
    SLICE_X60Y38         CARRY4 (Prop_carry4_CI_O[3])
                                                      0.315    12.360 r  calc_mode_top_inst/u_exec/u_alu/u_trig/angle_prep_inst/wrapped5_carry__2/O[3]
                         net (fo=3, routed)           0.585    12.945    calc_mode_top_inst/u_exec/u_alu/u_trig/angle_prep_inst/wrapped5_carry__2_n_4
    SLICE_X59Y38         LUT6 (Prop_lut6_I2_O)        0.307    13.252 r  calc_mode_top_inst/u_exec/u_alu/u_trig/angle_prep_inst/wrapped5__92_carry__1_i_11/O
                         net (fo=3, routed)           0.413    13.664    calc_mode_top_inst/u_exec/u_alu/u_trig/angle_prep_inst/wrapped5__92_carry__1_i_11_n_0
    SLICE_X57Y38         LUT5 (Prop_lut5_I4_O)        0.124    13.788 r  calc_mode_top_inst/u_exec/u_alu/u_trig/angle_prep_inst/wrapped5__92_carry__1_i_3/O
                         net (fo=2, routed)           0.741    14.529    calc_mode_top_inst/u_exec/u_alu/u_trig/angle_prep_inst/wrapped5__92_carry__1_i_3_n_0
    SLICE_X58Y38         LUT6 (Prop_lut6_I0_O)        0.124    14.653 r  calc_mode_top_inst/u_exec/u_alu/u_trig/angle_prep_inst/wrapped5__92_carry__1_i_7/O
                         net (fo=1, routed)           0.000    14.653    calc_mode_top_inst/u_exec/u_alu/u_trig/angle_prep_inst/wrapped5__92_carry__1_i_7_n_0
    SLICE_X58Y38         CARRY4 (Prop_carry4_S[1]_CO[3])
                                                      0.550    15.203 r  calc_mode_top_inst/u_exec/u_alu/u_trig/angle_prep_inst/wrapped5__92_carry__1/CO[3]
                         net (fo=1, routed)           0.000    15.203    calc_mode_top_inst/u_exec/u_alu/u_trig/angle_prep_inst/wrapped5__92_carry__1_n_0
    SLICE_X58Y39         CARRY4 (Prop_carry4_CI_CO[3])
                                                      0.114    15.317 r  calc_mode_top_inst/u_exec/u_alu/u_trig/angle_prep_inst/wrapped5__92_carry__2/CO[3]
                         net (fo=1, routed)           0.000    15.317    calc_mode_top_inst/u_exec/u_alu/u_trig/angle_prep_inst/wrapped5__92_carry__2_n_0
    SLICE_X58Y40         CARRY4 (Prop_carry4_CI_CO[3])
                                                      0.114    15.431 r  calc_mode_top_inst/u_exec/u_alu/u_trig/angle_prep_inst/wrapped5__92_carry__3/CO[3]
                         net (fo=1, routed)           0.000    15.431    calc_mode_top_inst/u_exec/u_alu/u_trig/angle_prep_inst/wrapped5__92_carry__3_n_0
    SLICE_X58Y41         CARRY4 (Prop_carry4_CI_CO[3])
                                                      0.114    15.545 r  calc_mode_top_inst/u_exec/u_alu/u_trig/angle_prep_inst/wrapped5__92_carry__4/CO[3]
                         net (fo=1, routed)           0.000    15.545    calc_mode_top_inst/u_exec/u_alu/u_trig/angle_prep_inst/wrapped5__92_carry__4_n_0
    SLICE_X58Y42         CARRY4 (Prop_carry4_CI_CO[3])
                                                      0.114    15.659 r  calc_mode_top_inst/u_exec/u_alu/u_trig/angle_prep_inst/wrapped5__92_carry__5/CO[3]
                         net (fo=1, routed)           0.000    15.659    calc_mode_top_inst/u_exec/u_alu/u_trig/angle_prep_inst/wrapped5__92_carry__5_n_0
    SLICE_X58Y43         CARRY4 (Prop_carry4_CI_O[1])
                                                      0.334    15.993 r  calc_mode_top_inst/u_exec/u_alu/u_trig/angle_prep_inst/wrapped5__92_carry__6/O[1]
                         net (fo=15, routed)          1.319    17.312    calc_mode_top_inst/u_exec/u_alu/u_trig/angle_prep_inst/wrapped5__92_carry__6_n_6
    SLICE_X54Y41         LUT3 (Prop_lut3_I0_O)        0.329    17.641 r  calc_mode_top_inst/u_exec/u_alu/u_trig/angle_prep_inst/wrapped5__174_carry__2_i_9/O
                         net (fo=2, routed)           0.468    18.109    calc_mode_top_inst/u_exec/u_alu/u_trig/angle_prep_inst/wrapped5__174_carry__2_i_9_n_0
    SLICE_X54Y41         LUT5 (Prop_lut5_I4_O)        0.328    18.437 r  calc_mode_top_inst/u_exec/u_alu/u_trig/angle_prep_inst/wrapped5__174_carry__2_i_3/O
                         net (fo=1, routed)           0.568    19.005    calc_mode_top_inst/u_exec/u_alu/u_trig/angle_prep_inst/wrapped5__174_carry__2_i_3_n_0
    SLICE_X55Y41         CARRY4 (Prop_carry4_DI[1]_CO[3])
                                                      0.507    19.512 r  calc_mode_top_inst/u_exec/u_alu/u_trig/angle_prep_inst/wrapped5__174_carry__2/CO[3]
                         net (fo=1, routed)           0.000    19.512    calc_mode_top_inst/u_exec/u_alu/u_trig/angle_prep_inst/wrapped5__174_carry__2_n_0
    SLICE_X55Y42         CARRY4 (Prop_carry4_CI_O[1])
                                                      0.334    19.846 r  calc_mode_top_inst/u_exec/u_alu/u_trig/angle_prep_inst/wrapped5__174_carry__3/O[1]
                         net (fo=3, routed)           0.503    20.350    calc_mode_top_inst/u_exec/u_alu/u_trig/angle_prep_inst/wrapped5__174_carry__3_n_6
    SLICE_X57Y42         LUT4 (Prop_lut4_I0_O)        0.303    20.653 r  calc_mode_top_inst/u_exec/u_alu/u_trig/angle_prep_inst/wrapped5__230_carry__4_i_2/O
                         net (fo=1, routed)           0.598    21.251    calc_mode_top_inst/u_exec/u_alu/u_trig/angle_prep_inst/wrapped5__230_carry__4_i_2_n_0
    SLICE_X56Y41         CARRY4 (Prop_carry4_DI[0]_CO[1])
                                                      0.488    21.739 r  calc_mode_top_inst/u_exec/u_alu/u_trig/angle_prep_inst/wrapped5__230_carry__4/CO[1]
                         net (fo=17, routed)          0.828    22.566    calc_mode_top_inst/u_exec/u_alu/u_trig/angle_prep_inst/wrapped5__230_carry__4_n_2
    SLICE_X54Y37         LUT6 (Prop_lut6_I1_O)        0.332    22.898 r  calc_mode_top_inst/u_exec/u_alu/u_trig/angle_prep_inst/wrapped3_i_36/O
                         net (fo=1, routed)           0.430    23.329    calc_mode_top_inst/u_exec/u_alu/u_trig/angle_prep_inst/wrapped3_i_36_n_0
    SLICE_X53Y37         CARRY4 (Prop_carry4_S[0]_CO[3])
                                                      0.656    23.985 r  calc_mode_top_inst/u_exec/u_alu/u_trig/angle_prep_inst/wrapped3_i_21/CO[3]
                         net (fo=1, routed)           0.000    23.985    calc_mode_top_inst/u_exec/u_alu/u_trig/angle_prep_inst/wrapped3_i_21_n_0
    SLICE_X53Y38         CARRY4 (Prop_carry4_CI_CO[3])
                                                      0.114    24.099 r  calc_mode_top_inst/u_exec/u_alu/u_trig/angle_prep_inst/wrapped3_i_20/CO[3]
                         net (fo=1, routed)           0.000    24.099    calc_mode_top_inst/u_exec/u_alu/u_trig/angle_prep_inst/wrapped3_i_20_n_0
    SLICE_X53Y39         CARRY4 (Prop_carry4_CI_CO[3])
                                                      0.114    24.213 r  calc_mode_top_inst/u_exec/u_alu/u_trig/angle_prep_inst/wrapped3_i_19/CO[3]
                         net (fo=1, routed)           0.000    24.213    calc_mode_top_inst/u_exec/u_alu/u_trig/angle_prep_inst/wrapped3_i_19_n_0
    SLICE_X53Y40         CARRY4 (Prop_carry4_CI_CO[2])
                                                      0.228    24.441 f  calc_mode_top_inst/u_exec/u_alu/u_trig/angle_prep_inst/wrapped3_i_17/CO[2]
                         net (fo=1, routed)           0.590    25.030    calc_mode_top_inst/u_exec/u_alu/u_trig/angle_prep_inst/wrapped3_i_17_n_1
    SLICE_X54Y38         LUT2 (Prop_lut2_I1_O)        0.313    25.343 r  calc_mode_top_inst/u_exec/u_alu/u_trig/angle_prep_inst/wrapped3_i_1/O
                         net (fo=15, routed)          0.718    26.061    calc_mode_top_inst/u_exec/u_alu/u_trig/angle_prep_inst/A[24]
    DSP48_X1Y15          DSP48E1 (Prop_dsp48e1_A[23]_P[0])
                                                      3.841    29.902 r  calc_mode_top_inst/u_exec/u_alu/u_trig/angle_prep_inst/wrapped3/P[0]
                         net (fo=7, routed)           0.974    30.876    calc_mode_top_inst/u_exec/u_alu_n_524
    SLICE_X54Y29         LUT2 (Prop_lut2_I1_O)        0.124    31.000 r  calc_mode_top_inst/u_exec/i___305_rep/O
                         net (fo=1, routed)           0.000    31.000    calc_mode_top_inst/u_exec/u_alu/u_trig/angle_prep_inst/b_q_reg[3][0]
    SLICE_X54Y29         CARRY4 (Prop_carry4_S[0]_CO[3])
                                                      0.513    31.513 r  calc_mode_top_inst/u_exec/u_alu/u_trig/angle_prep_inst/principal_angle1_carry_i_9/CO[3]
                         net (fo=1, routed)           0.000    31.513    calc_mode_top_inst/u_exec/u_alu/u_trig/angle_prep_inst/principal_angle1_carry_i_9_n_0
    SLICE_X54Y30         CARRY4 (Prop_carry4_CI_CO[3])
                                                      0.117    31.630 r  calc_mode_top_inst/u_exec/u_alu/u_trig/angle_prep_inst/principal_angle1_carry_i_11/CO[3]
                         net (fo=1, routed)           0.000    31.630    calc_mode_top_inst/u_exec/u_alu/u_trig/angle_prep_inst/principal_angle1_carry_i_11_n_0
    SLICE_X54Y31         CARRY4 (Prop_carry4_CI_CO[3])
                                                      0.117    31.747 r  calc_mode_top_inst/u_exec/u_alu/u_trig/angle_prep_inst/principal_angle1_carry_i_12/CO[3]
                         net (fo=1, routed)           0.000    31.747    calc_mode_top_inst/u_exec/u_alu/u_trig/angle_prep_inst/principal_angle1_carry_i_12_n_0
    SLICE_X54Y32         CARRY4 (Prop_carry4_CI_CO[3])
                                                      0.117    31.864 r  calc_mode_top_inst/u_exec/u_alu/u_trig/angle_prep_inst/principal_angle1_carry_i_16/CO[3]
                         net (fo=1, routed)           0.000    31.864    calc_mode_top_inst/u_exec/u_alu/u_trig/angle_prep_inst/principal_angle1_carry_i_16_n_0
    SLICE_X54Y33         CARRY4 (Prop_carry4_CI_CO[3])
                                                      0.117    31.981 r  calc_mode_top_inst/u_exec/u_alu/u_trig/angle_prep_inst/principal_angle1_carry_i_15/CO[3]
                         net (fo=1, routed)           0.000    31.981    calc_mode_top_inst/u_exec/u_alu/u_trig/angle_prep_inst/principal_angle1_carry_i_15_n_0
    SLICE_X54Y34         CARRY4 (Prop_carry4_CI_CO[3])
                                                      0.117    32.098 r  calc_mode_top_inst/u_exec/u_alu/u_trig/angle_prep_inst/principal_angle1_carry_i_13/CO[3]
                         net (fo=1, routed)           0.000    32.098    calc_mode_top_inst/u_exec/u_alu/u_trig/angle_prep_inst/principal_angle1_carry_i_13_n_0
    SLICE_X54Y35         CARRY4 (Prop_carry4_CI_O[0])
                                                      0.219    32.317 r  calc_mode_top_inst/u_exec/u_alu/u_trig/angle_prep_inst/principal_angle1_carry_i_10/O[0]
                         net (fo=71, routed)          0.824    33.141    calc_mode_top_inst/u_exec/u_alu/u_trig/angle_prep_inst/wrapped2__0[24]
    SLICE_X51Y28         LUT6 (Prop_lut6_I3_O)        0.295    33.436 r  calc_mode_top_inst/u_exec/u_alu/u_trig/angle_prep_inst/i__carry_i_1/O
                         net (fo=1, routed)           0.548    33.984    calc_mode_top_inst/u_exec/u_alu/u_trig/angle_prep_inst/i__carry_i_1_n_0
    SLICE_X49Y29         CARRY4 (Prop_carry4_CYINIT_CO[3])
                                                      0.580    34.564 r  calc_mode_top_inst/u_exec/u_alu/u_trig/angle_prep_inst/principal_angle1_inferred__0/i__carry/CO[3]
                         net (fo=1, routed)           0.000    34.564    calc_mode_top_inst/u_exec/u_alu/u_trig/angle_prep_inst/principal_angle1_inferred__0/i__carry_n_0
    SLICE_X49Y30         CARRY4 (Prop_carry4_CI_CO[1])
                                                      0.157    34.721 f  calc_mode_top_inst/u_exec/u_alu/u_trig/angle_prep_inst/principal_angle1_inferred__0/i__carry__0/CO[1]
                         net (fo=80, routed)          0.968    35.689    calc_mode_top_inst/u_exec/u_alu/u_trig/angle_prep_inst/z_reg[9][0]
    SLICE_X51Y27         LUT6 (Prop_lut6_I5_O)        0.329    36.018 r  calc_mode_top_inst/u_exec/u_alu/u_trig/angle_prep_inst/z[14]_i_7/O
                         net (fo=1, routed)           0.473    36.490    calc_mode_top_inst/u_exec/u_alu/u_trig/angle_prep_inst/p_1_out[12]
    SLICE_X50Y26         CARRY4 (Prop_carry4_DI[1]_CO[3])
                                                      0.520    37.010 r  calc_mode_top_inst/u_exec/u_alu/u_trig/angle_prep_inst/z_reg[14]_i_2/CO[3]
                         net (fo=1, routed)           0.000    37.010    calc_mode_top_inst/u_exec/u_alu/u_trig/angle_prep_inst/z_reg[14]_i_2_n_0
    SLICE_X50Y27         CARRY4 (Prop_carry4_CI_CO[3])
                                                      0.117    37.127 r  calc_mode_top_inst/u_exec/u_alu/u_trig/angle_prep_inst/z_reg[18]_i_2/CO[3]
                         net (fo=1, routed)           0.000    37.127    calc_mode_top_inst/u_exec/u_alu/u_trig/angle_prep_inst/z_reg[18]_i_2_n_0
    SLICE_X50Y28         CARRY4 (Prop_carry4_CI_O[1])
                                                      0.323    37.450 r  calc_mode_top_inst/u_exec/u_alu/u_trig/angle_prep_inst/z_reg[22]_i_2/O[1]
                         net (fo=1, routed)           0.734    38.185    calc_mode_top_inst/u_exec/u_alu/u_trig/CORDIC_trigo_inst/b_q_reg[11]_0[1]
    SLICE_X51Y16         LUT6 (Prop_lut6_I0_O)        0.306    38.491 r  calc_mode_top_inst/u_exec/u_alu/u_trig/CORDIC_trigo_inst/z[20]_i_1/O
                         net (fo=1, routed)           0.000    38.491    calc_mode_top_inst/u_exec/u_alu/u_trig/CORDIC_trigo_inst/z[20]
    SLICE_X51Y16         FDRE                                         r  calc_mode_top_inst/u_exec/u_alu/u_trig/CORDIC_trigo_inst/z_reg[20]/D
  -------------------------------------------------------------------    -------------------

                         (clock sys_clk_pin rise edge)
                                                     40.000    40.000 r  
    W5                                                0.000    40.000 r  clk (IN)
                         net (fo=0)                   0.000    40.000    clk
    W5                   IBUF (Prop_ibuf_I_O)         1.388    41.388 r  clk_IBUF_inst/O
                         net (fo=1, routed)           1.862    43.250    clk_IBUF
    BUFGCTRL_X0Y0        BUFG (Prop_bufg_I_O)         0.091    43.341 r  clk_IBUF_BUFG_inst/O
                         net (fo=5432, routed)        1.445    44.786    calc_mode_top_inst/u_exec/u_alu/u_trig/CORDIC_trigo_inst/clk_IBUF_BUFG
    SLICE_X51Y16         FDRE                                         r  calc_mode_top_inst/u_exec/u_alu/u_trig/CORDIC_trigo_inst/z_reg[20]/C
                         clock pessimism              0.260    45.046    
                         clock uncertainty           -0.035    45.011    
    SLICE_X51Y16         FDRE (Setup_fdre_C_D)        0.031    45.042    calc_mode_top_inst/u_exec/u_alu/u_trig/CORDIC_trigo_inst/z_reg[20]
  -------------------------------------------------------------------
                         required time                         45.042    
                         arrival time                         -38.491    
  -------------------------------------------------------------------
                         slack                                  6.551    

Slack (MET) :             6.588ns  (required time - arrival time)
  Source:                 calc_mode_top_inst/u_exec/u_alu/b_q_reg[0]/C
                            (rising edge-triggered cell FDCE clocked by sys_clk_pin  {rise@0.000ns fall@20.000ns period=40.000ns})
  Destination:            calc_mode_top_inst/u_exec/u_alu/u_trig/CORDIC_trigo_inst/z_reg[18]/D
                            (rising edge-triggered cell FDRE clocked by sys_clk_pin  {rise@0.000ns fall@20.000ns period=40.000ns})
  Path Group:             sys_clk_pin
  Path Type:              Setup (Max at Slow Process Corner)
  Requirement:            40.000ns  (sys_clk_pin rise@40.000ns - sys_clk_pin rise@0.000ns)
  Data Path Delay:        33.374ns  (logic 16.494ns (49.421%)  route 16.880ns (50.579%))
  Logic Levels:           44  (CARRY4=28 DSP48E1=1 LUT1=1 LUT2=2 LUT3=2 LUT4=1 LUT5=2 LUT6=7)
  Clock Path Skew:        -0.033ns (DCD - SCD + CPR)
    Destination Clock Delay (DCD):    4.786ns = ( 44.786 - 40.000 ) 
    Source Clock Delay      (SCD):    5.079ns
    Clock Pessimism Removal (CPR):    0.260ns
  Clock Uncertainty:      0.035ns  ((TSJ^2 + TIJ^2)^1/2 + DJ) / 2 + PE
    Total System Jitter     (TSJ):    0.071ns
    Total Input Jitter      (TIJ):    0.000ns
    Discrete Jitter          (DJ):    0.000ns
    Phase Error              (PE):    0.000ns

    Location             Delay type                Incr(ns)  Path(ns)    Netlist Resource(s)
  -------------------------------------------------------------------    -------------------
                         (clock sys_clk_pin rise edge)
                                                      0.000     0.000 r  
    W5                                                0.000     0.000 r  clk (IN)
                         net (fo=0)                   0.000     0.000    clk
    W5                   IBUF (Prop_ibuf_I_O)         1.458     1.458 r  clk_IBUF_inst/O
                         net (fo=1, routed)           1.967     3.425    clk_IBUF
    BUFGCTRL_X0Y0        BUFG (Prop_bufg_I_O)         0.096     3.521 r  clk_IBUF_BUFG_inst/O
                         net (fo=5432, routed)        1.558     5.079    calc_mode_top_inst/u_exec/u_alu/clk_IBUF_BUFG
    SLICE_X44Y17         FDCE                                         r  calc_mode_top_inst/u_exec/u_alu/b_q_reg[0]/C
  -------------------------------------------------------------------    -------------------
    SLICE_X44Y17         FDCE (Prop_fdce_C_Q)         0.456     5.535 f  calc_mode_top_inst/u_exec/u_alu/b_q_reg[0]/Q
                         net (fo=38, routed)          1.212     6.747    calc_mode_top_inst/u_exec/u_alu/u_mul/Q[0]
    SLICE_X51Y37         LUT1 (Prop_lut1_I0_O)        0.124     6.871 r  calc_mode_top_inst/u_exec/u_alu/u_mul/i___51_i_2/O
                         net (fo=4, routed)           0.946     7.818    calc_mode_top_inst/u_exec/u_alu/mult_inst/out_num1[0]
    SLICE_X61Y37         CARRY4 (Prop_carry4_CYINIT_CO[3])
                                                      0.580     8.398 r  calc_mode_top_inst/u_exec/u_alu/i___51_i_1/CO[3]
                         net (fo=1, routed)           0.000     8.398    calc_mode_top_inst/u_exec/u_alu/i___51_i_1_n_0
    SLICE_X61Y38         CARRY4 (Prop_carry4_CI_O[3])
                                                      0.313     8.711 r  calc_mode_top_inst/u_exec/u_alu/i___52_i_1/O[3]
                         net (fo=8, routed)           0.766     9.476    calc_mode_top_inst/u_exec/u_alu/u_trig/angle_prep_inst/wrapped7[1]
    SLICE_X57Y41         LUT3 (Prop_lut3_I0_O)        0.306     9.782 r  calc_mode_top_inst/u_exec/u_alu/u_trig/angle_prep_inst/wrapped5_carry__1_i_11/O
                         net (fo=13, routed)          1.107    10.890    calc_mode_top_inst/u_exec/u_alu/u_trig/angle_prep_inst/wrapped5_carry__1_i_11_n_0
    SLICE_X63Y37         LUT6 (Prop_lut6_I5_O)        0.124    11.014 r  calc_mode_top_inst/u_exec/u_alu/u_trig/angle_prep_inst/wrapped5_carry__1_i_4/O
                         net (fo=1, routed)           0.481    11.495    calc_mode_top_inst/u_exec/u_alu/u_trig/angle_prep_inst/wrapped5_carry__1_i_4_n_0
    SLICE_X60Y37         CARRY4 (Prop_carry4_DI[0]_CO[3])
                                                      0.550    12.045 r  calc_mode_top_inst/u_exec/u_alu/u_trig/angle_prep_inst/wrapped5_carry__1/CO[3]
                         net (fo=1, routed)           0.000    12.045    calc_mode_top_inst/u_exec/u_alu/u_trig/angle_prep_inst/wrapped5_carry__1_n_0
    SLICE_X60Y38         CARRY4 (Prop_carry4_CI_O[3])
                                                      0.315    12.360 r  calc_mode_top_inst/u_exec/u_alu/u_trig/angle_prep_inst/wrapped5_carry__2/O[3]
                         net (fo=3, routed)           0.585    12.945    calc_mode_top_inst/u_exec/u_alu/u_trig/angle_prep_inst/wrapped5_carry__2_n_4
    SLICE_X59Y38         LUT6 (Prop_lut6_I2_O)        0.307    13.252 r  calc_mode_top_inst/u_exec/u_alu/u_trig/angle_prep_inst/wrapped5__92_carry__1_i_11/O
                         net (fo=3, routed)           0.413    13.664    calc_mode_top_inst/u_exec/u_alu/u_trig/angle_prep_inst/wrapped5__92_carry__1_i_11_n_0
    SLICE_X57Y38         LUT5 (Prop_lut5_I4_O)        0.124    13.788 r  calc_mode_top_inst/u_exec/u_alu/u_trig/angle_prep_inst/wrapped5__92_carry__1_i_3/O
                         net (fo=2, routed)           0.741    14.529    calc_mode_top_inst/u_exec/u_alu/u_trig/angle_prep_inst/wrapped5__92_carry__1_i_3_n_0
    SLICE_X58Y38         LUT6 (Prop_lut6_I0_O)        0.124    14.653 r  calc_mode_top_inst/u_exec/u_alu/u_trig/angle_prep_inst/wrapped5__92_carry__1_i_7/O
                         net (fo=1, routed)           0.000    14.653    calc_mode_top_inst/u_exec/u_alu/u_trig/angle_prep_inst/wrapped5__92_carry__1_i_7_n_0
    SLICE_X58Y38         CARRY4 (Prop_carry4_S[1]_CO[3])
                                                      0.550    15.203 r  calc_mode_top_inst/u_exec/u_alu/u_trig/angle_prep_inst/wrapped5__92_carry__1/CO[3]
                         net (fo=1, routed)           0.000    15.203    calc_mode_top_inst/u_exec/u_alu/u_trig/angle_prep_inst/wrapped5__92_carry__1_n_0
    SLICE_X58Y39         CARRY4 (Prop_carry4_CI_CO[3])
                                                      0.114    15.317 r  calc_mode_top_inst/u_exec/u_alu/u_trig/angle_prep_inst/wrapped5__92_carry__2/CO[3]
                         net (fo=1, routed)           0.000    15.317    calc_mode_top_inst/u_exec/u_alu/u_trig/angle_prep_inst/wrapped5__92_carry__2_n_0
    SLICE_X58Y40         CARRY4 (Prop_carry4_CI_CO[3])
                                                      0.114    15.431 r  calc_mode_top_inst/u_exec/u_alu/u_trig/angle_prep_inst/wrapped5__92_carry__3/CO[3]
                         net (fo=1, routed)           0.000    15.431    calc_mode_top_inst/u_exec/u_alu/u_trig/angle_prep_inst/wrapped5__92_carry__3_n_0
    SLICE_X58Y41         CARRY4 (Prop_carry4_CI_CO[3])
                                                      0.114    15.545 r  calc_mode_top_inst/u_exec/u_alu/u_trig/angle_prep_inst/wrapped5__92_carry__4/CO[3]
                         net (fo=1, routed)           0.000    15.545    calc_mode_top_inst/u_exec/u_alu/u_trig/angle_prep_inst/wrapped5__92_carry__4_n_0
    SLICE_X58Y42         CARRY4 (Prop_carry4_CI_CO[3])
                                                      0.114    15.659 r  calc_mode_top_inst/u_exec/u_alu/u_trig/angle_prep_inst/wrapped5__92_carry__5/CO[3]
                         net (fo=1, routed)           0.000    15.659    calc_mode_top_inst/u_exec/u_alu/u_trig/angle_prep_inst/wrapped5__92_carry__5_n_0
    SLICE_X58Y43         CARRY4 (Prop_carry4_CI_O[1])
                                                      0.334    15.993 r  calc_mode_top_inst/u_exec/u_alu/u_trig/angle_prep_inst/wrapped5__92_carry__6/O[1]
                         net (fo=15, routed)          1.319    17.312    calc_mode_top_inst/u_exec/u_alu/u_trig/angle_prep_inst/wrapped5__92_carry__6_n_6
    SLICE_X54Y41         LUT3 (Prop_lut3_I0_O)        0.329    17.641 r  calc_mode_top_inst/u_exec/u_alu/u_trig/angle_prep_inst/wrapped5__174_carry__2_i_9/O
                         net (fo=2, routed)           0.468    18.109    calc_mode_top_inst/u_exec/u_alu/u_trig/angle_prep_inst/wrapped5__174_carry__2_i_9_n_0
    SLICE_X54Y41         LUT5 (Prop_lut5_I4_O)        0.328    18.437 r  calc_mode_top_inst/u_exec/u_alu/u_trig/angle_prep_inst/wrapped5__174_carry__2_i_3/O
                         net (fo=1, routed)           0.568    19.005    calc_mode_top_inst/u_exec/u_alu/u_trig/angle_prep_inst/wrapped5__174_carry__2_i_3_n_0
    SLICE_X55Y41         CARRY4 (Prop_carry4_DI[1]_CO[3])
                                                      0.507    19.512 r  calc_mode_top_inst/u_exec/u_alu/u_trig/angle_prep_inst/wrapped5__174_carry__2/CO[3]
                         net (fo=1, routed)           0.000    19.512    calc_mode_top_inst/u_exec/u_alu/u_trig/angle_prep_inst/wrapped5__174_carry__2_n_0
    SLICE_X55Y42         CARRY4 (Prop_carry4_CI_O[1])
                                                      0.334    19.846 r  calc_mode_top_inst/u_exec/u_alu/u_trig/angle_prep_inst/wrapped5__174_carry__3/O[1]
                         net (fo=3, routed)           0.503    20.350    calc_mode_top_inst/u_exec/u_alu/u_trig/angle_prep_inst/wrapped5__174_carry__3_n_6
    SLICE_X57Y42         LUT4 (Prop_lut4_I0_O)        0.303    20.653 r  calc_mode_top_inst/u_exec/u_alu/u_trig/angle_prep_inst/wrapped5__230_carry__4_i_2/O
                         net (fo=1, routed)           0.598    21.251    calc_mode_top_inst/u_exec/u_alu/u_trig/angle_prep_inst/wrapped5__230_carry__4_i_2_n_0
    SLICE_X56Y41         CARRY4 (Prop_carry4_DI[0]_CO[1])
                                                      0.488    21.739 r  calc_mode_top_inst/u_exec/u_alu/u_trig/angle_prep_inst/wrapped5__230_carry__4/CO[1]
                         net (fo=17, routed)          0.828    22.566    calc_mode_top_inst/u_exec/u_alu/u_trig/angle_prep_inst/wrapped5__230_carry__4_n_2
    SLICE_X54Y37         LUT6 (Prop_lut6_I1_O)        0.332    22.898 r  calc_mode_top_inst/u_exec/u_alu/u_trig/angle_prep_inst/wrapped3_i_36/O
                         net (fo=1, routed)           0.430    23.329    calc_mode_top_inst/u_exec/u_alu/u_trig/angle_prep_inst/wrapped3_i_36_n_0
    SLICE_X53Y37         CARRY4 (Prop_carry4_S[0]_CO[3])
                                                      0.656    23.985 r  calc_mode_top_inst/u_exec/u_alu/u_trig/angle_prep_inst/wrapped3_i_21/CO[3]
                         net (fo=1, routed)           0.000    23.985    calc_mode_top_inst/u_exec/u_alu/u_trig/angle_prep_inst/wrapped3_i_21_n_0
    SLICE_X53Y38         CARRY4 (Prop_carry4_CI_CO[3])
                                                      0.114    24.099 r  calc_mode_top_inst/u_exec/u_alu/u_trig/angle_prep_inst/wrapped3_i_20/CO[3]
                         net (fo=1, routed)           0.000    24.099    calc_mode_top_inst/u_exec/u_alu/u_trig/angle_prep_inst/wrapped3_i_20_n_0
    SLICE_X53Y39         CARRY4 (Prop_carry4_CI_CO[3])
                                                      0.114    24.213 r  calc_mode_top_inst/u_exec/u_alu/u_trig/angle_prep_inst/wrapped3_i_19/CO[3]
                         net (fo=1, routed)           0.000    24.213    calc_mode_top_inst/u_exec/u_alu/u_trig/angle_prep_inst/wrapped3_i_19_n_0
    SLICE_X53Y40         CARRY4 (Prop_carry4_CI_CO[2])
                                                      0.228    24.441 f  calc_mode_top_inst/u_exec/u_alu/u_trig/angle_prep_inst/wrapped3_i_17/CO[2]
                         net (fo=1, routed)           0.590    25.030    calc_mode_top_inst/u_exec/u_alu/u_trig/angle_prep_inst/wrapped3_i_17_n_1
    SLICE_X54Y38         LUT2 (Prop_lut2_I1_O)        0.313    25.343 r  calc_mode_top_inst/u_exec/u_alu/u_trig/angle_prep_inst/wrapped3_i_1/O
                         net (fo=15, routed)          0.718    26.061    calc_mode_top_inst/u_exec/u_alu/u_trig/angle_prep_inst/A[24]
    DSP48_X1Y15          DSP48E1 (Prop_dsp48e1_A[23]_P[0])
                                                      3.841    29.902 r  calc_mode_top_inst/u_exec/u_alu/u_trig/angle_prep_inst/wrapped3/P[0]
                         net (fo=7, routed)           0.974    30.876    calc_mode_top_inst/u_exec/u_alu_n_524
    SLICE_X54Y29         LUT2 (Prop_lut2_I1_O)        0.124    31.000 r  calc_mode_top_inst/u_exec/i___305_rep/O
                         net (fo=1, routed)           0.000    31.000    calc_mode_top_inst/u_exec/u_alu/u_trig/angle_prep_inst/b_q_reg[3][0]
    SLICE_X54Y29         CARRY4 (Prop_carry4_S[0]_CO[3])
                                                      0.513    31.513 r  calc_mode_top_inst/u_exec/u_alu/u_trig/angle_prep_inst/principal_angle1_carry_i_9/CO[3]
                         net (fo=1, routed)           0.000    31.513    calc_mode_top_inst/u_exec/u_alu/u_trig/angle_prep_inst/principal_angle1_carry_i_9_n_0
    SLICE_X54Y30         CARRY4 (Prop_carry4_CI_CO[3])
                                                      0.117    31.630 r  calc_mode_top_inst/u_exec/u_alu/u_trig/angle_prep_inst/principal_angle1_carry_i_11/CO[3]
                         net (fo=1, routed)           0.000    31.630    calc_mode_top_inst/u_exec/u_alu/u_trig/angle_prep_inst/principal_angle1_carry_i_11_n_0
    SLICE_X54Y31         CARRY4 (Prop_carry4_CI_CO[3])
                                                      0.117    31.747 r  calc_mode_top_inst/u_exec/u_alu/u_trig/angle_prep_inst/principal_angle1_carry_i_12/CO[3]
                         net (fo=1, routed)           0.000    31.747    calc_mode_top_inst/u_exec/u_alu/u_trig/angle_prep_inst/principal_angle1_carry_i_12_n_0
    SLICE_X54Y32         CARRY4 (Prop_carry4_CI_CO[3])
                                                      0.117    31.864 r  calc_mode_top_inst/u_exec/u_alu/u_trig/angle_prep_inst/principal_angle1_carry_i_16/CO[3]
                         net (fo=1, routed)           0.000    31.864    calc_mode_top_inst/u_exec/u_alu/u_trig/angle_prep_inst/principal_angle1_carry_i_16_n_0
    SLICE_X54Y33         CARRY4 (Prop_carry4_CI_CO[3])
                                                      0.117    31.981 r  calc_mode_top_inst/u_exec/u_alu/u_trig/angle_prep_inst/principal_angle1_carry_i_15/CO[3]
                         net (fo=1, routed)           0.000    31.981    calc_mode_top_inst/u_exec/u_alu/u_trig/angle_prep_inst/principal_angle1_carry_i_15_n_0
    SLICE_X54Y34         CARRY4 (Prop_carry4_CI_CO[3])
                                                      0.117    32.098 r  calc_mode_top_inst/u_exec/u_alu/u_trig/angle_prep_inst/principal_angle1_carry_i_13/CO[3]
                         net (fo=1, routed)           0.000    32.098    calc_mode_top_inst/u_exec/u_alu/u_trig/angle_prep_inst/principal_angle1_carry_i_13_n_0
    SLICE_X54Y35         CARRY4 (Prop_carry4_CI_O[0])
                                                      0.219    32.317 r  calc_mode_top_inst/u_exec/u_alu/u_trig/angle_prep_inst/principal_angle1_carry_i_10/O[0]
                         net (fo=71, routed)          0.824    33.141    calc_mode_top_inst/u_exec/u_alu/u_trig/angle_prep_inst/wrapped2__0[24]
    SLICE_X51Y28         LUT6 (Prop_lut6_I3_O)        0.295    33.436 r  calc_mode_top_inst/u_exec/u_alu/u_trig/angle_prep_inst/i__carry_i_1/O
                         net (fo=1, routed)           0.548    33.984    calc_mode_top_inst/u_exec/u_alu/u_trig/angle_prep_inst/i__carry_i_1_n_0
    SLICE_X49Y29         CARRY4 (Prop_carry4_CYINIT_CO[3])
                                                      0.580    34.564 r  calc_mode_top_inst/u_exec/u_alu/u_trig/angle_prep_inst/principal_angle1_inferred__0/i__carry/CO[3]
                         net (fo=1, routed)           0.000    34.564    calc_mode_top_inst/u_exec/u_alu/u_trig/angle_prep_inst/principal_angle1_inferred__0/i__carry_n_0
    SLICE_X49Y30         CARRY4 (Prop_carry4_CI_CO[1])
                                                      0.157    34.721 f  calc_mode_top_inst/u_exec/u_alu/u_trig/angle_prep_inst/principal_angle1_inferred__0/i__carry__0/CO[1]
                         net (fo=80, routed)          0.968    35.689    calc_mode_top_inst/u_exec/u_alu/u_trig/angle_prep_inst/z_reg[9][0]
    SLICE_X51Y27         LUT6 (Prop_lut6_I5_O)        0.329    36.018 r  calc_mode_top_inst/u_exec/u_alu/u_trig/angle_prep_inst/z[14]_i_7/O
                         net (fo=1, routed)           0.473    36.490    calc_mode_top_inst/u_exec/u_alu/u_trig/angle_prep_inst/p_1_out[12]
    SLICE_X50Y26         CARRY4 (Prop_carry4_DI[1]_CO[3])
                                                      0.520    37.010 r  calc_mode_top_inst/u_exec/u_alu/u_trig/angle_prep_inst/z_reg[14]_i_2/CO[3]
                         net (fo=1, routed)           0.000    37.010    calc_mode_top_inst/u_exec/u_alu/u_trig/angle_prep_inst/z_reg[14]_i_2_n_0
    SLICE_X50Y27         CARRY4 (Prop_carry4_CI_O[3])
                                                      0.315    37.325 r  calc_mode_top_inst/u_exec/u_alu/u_trig/angle_prep_inst/z_reg[18]_i_2/O[3]
                         net (fo=1, routed)           0.821    38.147    calc_mode_top_inst/u_exec/u_alu/u_trig/CORDIC_trigo_inst/b_q_reg[0][3]
    SLICE_X51Y16         LUT6 (Prop_lut6_I0_O)        0.307    38.454 r  calc_mode_top_inst/u_exec/u_alu/u_trig/CORDIC_trigo_inst/z[18]_i_1/O
                         net (fo=1, routed)           0.000    38.454    calc_mode_top_inst/u_exec/u_alu/u_trig/CORDIC_trigo_inst/z[18]
    SLICE_X51Y16         FDRE                                         r  calc_mode_top_inst/u_exec/u_alu/u_trig/CORDIC_trigo_inst/z_reg[18]/D
  -------------------------------------------------------------------    -------------------

                         (clock sys_clk_pin rise edge)
                                                     40.000    40.000 r  
    W5                                                0.000    40.000 r  clk (IN)
                         net (fo=0)                   0.000    40.000    clk
    W5                   IBUF (Prop_ibuf_I_O)         1.388    41.388 r  clk_IBUF_inst/O
                         net (fo=1, routed)           1.862    43.250    clk_IBUF
    BUFGCTRL_X0Y0        BUFG (Prop_bufg_I_O)         0.091    43.341 r  clk_IBUF_BUFG_inst/O
                         net (fo=5432, routed)        1.445    44.786    calc_mode_top_inst/u_exec/u_alu/u_trig/CORDIC_trigo_inst/clk_IBUF_BUFG
    SLICE_X51Y16         FDRE                                         r  calc_mode_top_inst/u_exec/u_alu/u_trig/CORDIC_trigo_inst/z_reg[18]/C
                         clock pessimism              0.260    45.046    
                         clock uncertainty           -0.035    45.011    
    SLICE_X51Y16         FDRE (Setup_fdre_C_D)        0.031    45.042    calc_mode_top_inst/u_exec/u_alu/u_trig/CORDIC_trigo_inst/z_reg[18]
  -------------------------------------------------------------------
                         required time                         45.042    
                         arrival time                         -38.454    
  -------------------------------------------------------------------
                         slack                                  6.588    

Slack (MET) :             6.597ns  (required time - arrival time)
  Source:                 calc_mode_top_inst/u_exec/u_alu/b_q_reg[0]/C
                            (rising edge-triggered cell FDCE clocked by sys_clk_pin  {rise@0.000ns fall@20.000ns period=40.000ns})
  Destination:            calc_mode_top_inst/u_exec/u_alu/u_trig/CORDIC_trigo_inst/z_reg[23]/D
                            (rising edge-triggered cell FDRE clocked by sys_clk_pin  {rise@0.000ns fall@20.000ns period=40.000ns})
  Path Group:             sys_clk_pin
  Path Type:              Setup (Max at Slow Process Corner)
  Requirement:            40.000ns  (sys_clk_pin rise@40.000ns - sys_clk_pin rise@0.000ns)
  Data Path Delay:        33.357ns  (logic 16.620ns (49.824%)  route 16.737ns (50.176%))
  Logic Levels:           46  (CARRY4=30 DSP48E1=1 LUT1=1 LUT2=2 LUT3=2 LUT4=1 LUT5=2 LUT6=7)
  Clock Path Skew:        -0.041ns (DCD - SCD + CPR)
    Destination Clock Delay (DCD):    4.778ns = ( 44.778 - 40.000 ) 
    Source Clock Delay      (SCD):    5.079ns
    Clock Pessimism Removal (CPR):    0.260ns
  Clock Uncertainty:      0.035ns  ((TSJ^2 + TIJ^2)^1/2 + DJ) / 2 + PE
    Total System Jitter     (TSJ):    0.071ns
    Total Input Jitter      (TIJ):    0.000ns
    Discrete Jitter          (DJ):    0.000ns
    Phase Error              (PE):    0.000ns

    Location             Delay type                Incr(ns)  Path(ns)    Netlist Resource(s)
  -------------------------------------------------------------------    -------------------
                         (clock sys_clk_pin rise edge)
                                                      0.000     0.000 r  
    W5                                                0.000     0.000 r  clk (IN)
                         net (fo=0)                   0.000     0.000    clk
    W5                   IBUF (Prop_ibuf_I_O)         1.458     1.458 r  clk_IBUF_inst/O
                         net (fo=1, routed)           1.967     3.425    clk_IBUF
    BUFGCTRL_X0Y0        BUFG (Prop_bufg_I_O)         0.096     3.521 r  clk_IBUF_BUFG_inst/O
                         net (fo=5432, routed)        1.558     5.079    calc_mode_top_inst/u_exec/u_alu/clk_IBUF_BUFG
    SLICE_X44Y17         FDCE                                         r  calc_mode_top_inst/u_exec/u_alu/b_q_reg[0]/C
  -------------------------------------------------------------------    -------------------
    SLICE_X44Y17         FDCE (Prop_fdce_C_Q)         0.456     5.535 f  calc_mode_top_inst/u_exec/u_alu/b_q_reg[0]/Q
                         net (fo=38, routed)          1.212     6.747    calc_mode_top_inst/u_exec/u_alu/u_mul/Q[0]
    SLICE_X51Y37         LUT1 (Prop_lut1_I0_O)        0.124     6.871 r  calc_mode_top_inst/u_exec/u_alu/u_mul/i___51_i_2/O
                         net (fo=4, routed)           0.946     7.818    calc_mode_top_inst/u_exec/u_alu/mult_inst/out_num1[0]
    SLICE_X61Y37         CARRY4 (Prop_carry4_CYINIT_CO[3])
                                                      0.580     8.398 r  calc_mode_top_inst/u_exec/u_alu/i___51_i_1/CO[3]
                         net (fo=1, routed)           0.000     8.398    calc_mode_top_inst/u_exec/u_alu/i___51_i_1_n_0
    SLICE_X61Y38         CARRY4 (Prop_carry4_CI_O[3])
                                                      0.313     8.711 r  calc_mode_top_inst/u_exec/u_alu/i___52_i_1/O[3]
                         net (fo=8, routed)           0.766     9.476    calc_mode_top_inst/u_exec/u_alu/u_trig/angle_prep_inst/wrapped7[1]
    SLICE_X57Y41         LUT3 (Prop_lut3_I0_O)        0.306     9.782 r  calc_mode_top_inst/u_exec/u_alu/u_trig/angle_prep_inst/wrapped5_carry__1_i_11/O
                         net (fo=13, routed)          1.107    10.890    calc_mode_top_inst/u_exec/u_alu/u_trig/angle_prep_inst/wrapped5_carry__1_i_11_n_0
    SLICE_X63Y37         LUT6 (Prop_lut6_I5_O)        0.124    11.014 r  calc_mode_top_inst/u_exec/u_alu/u_trig/angle_prep_inst/wrapped5_carry__1_i_4/O
                         net (fo=1, routed)           0.481    11.495    calc_mode_top_inst/u_exec/u_alu/u_trig/angle_prep_inst/wrapped5_carry__1_i_4_n_0
    SLICE_X60Y37         CARRY4 (Prop_carry4_DI[0]_CO[3])
                                                      0.550    12.045 r  calc_mode_top_inst/u_exec/u_alu/u_trig/angle_prep_inst/wrapped5_carry__1/CO[3]
                         net (fo=1, routed)           0.000    12.045    calc_mode_top_inst/u_exec/u_alu/u_trig/angle_prep_inst/wrapped5_carry__1_n_0
    SLICE_X60Y38         CARRY4 (Prop_carry4_CI_O[3])
                                                      0.315    12.360 r  calc_mode_top_inst/u_exec/u_alu/u_trig/angle_prep_inst/wrapped5_carry__2/O[3]
                         net (fo=3, routed)           0.585    12.945    calc_mode_top_inst/u_exec/u_alu/u_trig/angle_prep_inst/wrapped5_carry__2_n_4
    SLICE_X59Y38         LUT6 (Prop_lut6_I2_O)        0.307    13.252 r  calc_mode_top_inst/u_exec/u_alu/u_trig/angle_prep_inst/wrapped5__92_carry__1_i_11/O
                         net (fo=3, routed)           0.413    13.664    calc_mode_top_inst/u_exec/u_alu/u_trig/angle_prep_inst/wrapped5__92_carry__1_i_11_n_0
    SLICE_X57Y38         LUT5 (Prop_lut5_I4_O)        0.124    13.788 r  calc_mode_top_inst/u_exec/u_alu/u_trig/angle_prep_inst/wrapped5__92_carry__1_i_3/O
                         net (fo=2, routed)           0.741    14.529    calc_mode_top_inst/u_exec/u_alu/u_trig/angle_prep_inst/wrapped5__92_carry__1_i_3_n_0
    SLICE_X58Y38         LUT6 (Prop_lut6_I0_O)        0.124    14.653 r  calc_mode_top_inst/u_exec/u_alu/u_trig/angle_prep_inst/wrapped5__92_carry__1_i_7/O
                         net (fo=1, routed)           0.000    14.653    calc_mode_top_inst/u_exec/u_alu/u_trig/angle_prep_inst/wrapped5__92_carry__1_i_7_n_0
    SLICE_X58Y38         CARRY4 (Prop_carry4_S[1]_CO[3])
                                                      0.550    15.203 r  calc_mode_top_inst/u_exec/u_alu/u_trig/angle_prep_inst/wrapped5__92_carry__1/CO[3]
                         net (fo=1, routed)           0.000    15.203    calc_mode_top_inst/u_exec/u_alu/u_trig/angle_prep_inst/wrapped5__92_carry__1_n_0
    SLICE_X58Y39         CARRY4 (Prop_carry4_CI_CO[3])
                                                      0.114    15.317 r  calc_mode_top_inst/u_exec/u_alu/u_trig/angle_prep_inst/wrapped5__92_carry__2/CO[3]
                         net (fo=1, routed)           0.000    15.317    calc_mode_top_inst/u_exec/u_alu/u_trig/angle_prep_inst/wrapped5__92_carry__2_n_0
    SLICE_X58Y40         CARRY4 (Prop_carry4_CI_CO[3])
                                                      0.114    15.431 r  calc_mode_top_inst/u_exec/u_alu/u_trig/angle_prep_inst/wrapped5__92_carry__3/CO[3]
                         net (fo=1, routed)           0.000    15.431    calc_mode_top_inst/u_exec/u_alu/u_trig/angle_prep_inst/wrapped5__92_carry__3_n_0
    SLICE_X58Y41         CARRY4 (Prop_carry4_CI_CO[3])
                                                      0.114    15.545 r  calc_mode_top_inst/u_exec/u_alu/u_trig/angle_prep_inst/wrapped5__92_carry__4/CO[3]
                         net (fo=1, routed)           0.000    15.545    calc_mode_top_inst/u_exec/u_alu/u_trig/angle_prep_inst/wrapped5__92_carry__4_n_0
    SLICE_X58Y42         CARRY4 (Prop_carry4_CI_CO[3])
                                                      0.114    15.659 r  calc_mode_top_inst/u_exec/u_alu/u_trig/angle_prep_inst/wrapped5__92_carry__5/CO[3]
                         net (fo=1, routed)           0.000    15.659    calc_mode_top_inst/u_exec/u_alu/u_trig/angle_prep_inst/wrapped5__92_carry__5_n_0
    SLICE_X58Y43         CARRY4 (Prop_carry4_CI_O[1])
                                                      0.334    15.993 r  calc_mode_top_inst/u_exec/u_alu/u_trig/angle_prep_inst/wrapped5__92_carry__6/O[1]
                         net (fo=15, routed)          1.319    17.312    calc_mode_top_inst/u_exec/u_alu/u_trig/angle_prep_inst/wrapped5__92_carry__6_n_6
    SLICE_X54Y41         LUT3 (Prop_lut3_I0_O)        0.329    17.641 r  calc_mode_top_inst/u_exec/u_alu/u_trig/angle_prep_inst/wrapped5__174_carry__2_i_9/O
                         net (fo=2, routed)           0.468    18.109    calc_mode_top_inst/u_exec/u_alu/u_trig/angle_prep_inst/wrapped5__174_carry__2_i_9_n_0
    SLICE_X54Y41         LUT5 (Prop_lut5_I4_O)        0.328    18.437 r  calc_mode_top_inst/u_exec/u_alu/u_trig/angle_prep_inst/wrapped5__174_carry__2_i_3/O
                         net (fo=1, routed)           0.568    19.005    calc_mode_top_inst/u_exec/u_alu/u_trig/angle_prep_inst/wrapped5__174_carry__2_i_3_n_0
    SLICE_X55Y41         CARRY4 (Prop_carry4_DI[1]_CO[3])
                                                      0.507    19.512 r  calc_mode_top_inst/u_exec/u_alu/u_trig/angle_prep_inst/wrapped5__174_carry__2/CO[3]
                         net (fo=1, routed)           0.000    19.512    calc_mode_top_inst/u_exec/u_alu/u_trig/angle_prep_inst/wrapped5__174_carry__2_n_0
    SLICE_X55Y42         CARRY4 (Prop_carry4_CI_O[1])
                                                      0.334    19.846 r  calc_mode_top_inst/u_exec/u_alu/u_trig/angle_prep_inst/wrapped5__174_carry__3/O[1]
                         net (fo=3, routed)           0.503    20.350    calc_mode_top_inst/u_exec/u_alu/u_trig/angle_prep_inst/wrapped5__174_carry__3_n_6
    SLICE_X57Y42         LUT4 (Prop_lut4_I0_O)        0.303    20.653 r  calc_mode_top_inst/u_exec/u_alu/u_trig/angle_prep_inst/wrapped5__230_carry__4_i_2/O
                         net (fo=1, routed)           0.598    21.251    calc_mode_top_inst/u_exec/u_alu/u_trig/angle_prep_inst/wrapped5__230_carry__4_i_2_n_0
    SLICE_X56Y41         CARRY4 (Prop_carry4_DI[0]_CO[1])
                                                      0.488    21.739 r  calc_mode_top_inst/u_exec/u_alu/u_trig/angle_prep_inst/wrapped5__230_carry__4/CO[1]
                         net (fo=17, routed)          0.828    22.566    calc_mode_top_inst/u_exec/u_alu/u_trig/angle_prep_inst/wrapped5__230_carry__4_n_2
    SLICE_X54Y37         LUT6 (Prop_lut6_I1_O)        0.332    22.898 r  calc_mode_top_inst/u_exec/u_alu/u_trig/angle_prep_inst/wrapped3_i_36/O
                         net (fo=1, routed)           0.430    23.329    calc_mode_top_inst/u_exec/u_alu/u_trig/angle_prep_inst/wrapped3_i_36_n_0
    SLICE_X53Y37         CARRY4 (Prop_carry4_S[0]_CO[3])
                                                      0.656    23.985 r  calc_mode_top_inst/u_exec/u_alu/u_trig/angle_prep_inst/wrapped3_i_21/CO[3]
                         net (fo=1, routed)           0.000    23.985    calc_mode_top_inst/u_exec/u_alu/u_trig/angle_prep_inst/wrapped3_i_21_n_0
    SLICE_X53Y38         CARRY4 (Prop_carry4_CI_CO[3])
                                                      0.114    24.099 r  calc_mode_top_inst/u_exec/u_alu/u_trig/angle_prep_inst/wrapped3_i_20/CO[3]
                         net (fo=1, routed)           0.000    24.099    calc_mode_top_inst/u_exec/u_alu/u_trig/angle_prep_inst/wrapped3_i_20_n_0
    SLICE_X53Y39         CARRY4 (Prop_carry4_CI_CO[3])
                                                      0.114    24.213 r  calc_mode_top_inst/u_exec/u_alu/u_trig/angle_prep_inst/wrapped3_i_19/CO[3]
                         net (fo=1, routed)           0.000    24.213    calc_mode_top_inst/u_exec/u_alu/u_trig/angle_prep_inst/wrapped3_i_19_n_0
    SLICE_X53Y40         CARRY4 (Prop_carry4_CI_CO[2])
                                                      0.228    24.441 f  calc_mode_top_inst/u_exec/u_alu/u_trig/angle_prep_inst/wrapped3_i_17/CO[2]
                         net (fo=1, routed)           0.590    25.030    calc_mode_top_inst/u_exec/u_alu/u_trig/angle_prep_inst/wrapped3_i_17_n_1
    SLICE_X54Y38         LUT2 (Prop_lut2_I1_O)        0.313    25.343 r  calc_mode_top_inst/u_exec/u_alu/u_trig/angle_prep_inst/wrapped3_i_1/O
                         net (fo=15, routed)          0.718    26.061    calc_mode_top_inst/u_exec/u_alu/u_trig/angle_prep_inst/A[24]
    DSP48_X1Y15          DSP48E1 (Prop_dsp48e1_A[23]_P[0])
                                                      3.841    29.902 r  calc_mode_top_inst/u_exec/u_alu/u_trig/angle_prep_inst/wrapped3/P[0]
                         net (fo=7, routed)           0.974    30.876    calc_mode_top_inst/u_exec/u_alu_n_524
    SLICE_X54Y29         LUT2 (Prop_lut2_I1_O)        0.124    31.000 r  calc_mode_top_inst/u_exec/i___305_rep/O
                         net (fo=1, routed)           0.000    31.000    calc_mode_top_inst/u_exec/u_alu/u_trig/angle_prep_inst/b_q_reg[3][0]
    SLICE_X54Y29         CARRY4 (Prop_carry4_S[0]_CO[3])
                                                      0.513    31.513 r  calc_mode_top_inst/u_exec/u_alu/u_trig/angle_prep_inst/principal_angle1_carry_i_9/CO[3]
                         net (fo=1, routed)           0.000    31.513    calc_mode_top_inst/u_exec/u_alu/u_trig/angle_prep_inst/principal_angle1_carry_i_9_n_0
    SLICE_X54Y30         CARRY4 (Prop_carry4_CI_CO[3])
                                                      0.117    31.630 r  calc_mode_top_inst/u_exec/u_alu/u_trig/angle_prep_inst/principal_angle1_carry_i_11/CO[3]
                         net (fo=1, routed)           0.000    31.630    calc_mode_top_inst/u_exec/u_alu/u_trig/angle_prep_inst/principal_angle1_carry_i_11_n_0
    SLICE_X54Y31         CARRY4 (Prop_carry4_CI_CO[3])
                                                      0.117    31.747 r  calc_mode_top_inst/u_exec/u_alu/u_trig/angle_prep_inst/principal_angle1_carry_i_12/CO[3]
                         net (fo=1, routed)           0.000    31.747    calc_mode_top_inst/u_exec/u_alu/u_trig/angle_prep_inst/principal_angle1_carry_i_12_n_0
    SLICE_X54Y32         CARRY4 (Prop_carry4_CI_CO[3])
                                                      0.117    31.864 r  calc_mode_top_inst/u_exec/u_alu/u_trig/angle_prep_inst/principal_angle1_carry_i_16/CO[3]
                         net (fo=1, routed)           0.000    31.864    calc_mode_top_inst/u_exec/u_alu/u_trig/angle_prep_inst/principal_angle1_carry_i_16_n_0
    SLICE_X54Y33         CARRY4 (Prop_carry4_CI_CO[3])
                                                      0.117    31.981 r  calc_mode_top_inst/u_exec/u_alu/u_trig/angle_prep_inst/principal_angle1_carry_i_15/CO[3]
                         net (fo=1, routed)           0.000    31.981    calc_mode_top_inst/u_exec/u_alu/u_trig/angle_prep_inst/principal_angle1_carry_i_15_n_0
    SLICE_X54Y34         CARRY4 (Prop_carry4_CI_CO[3])
                                                      0.117    32.098 r  calc_mode_top_inst/u_exec/u_alu/u_trig/angle_prep_inst/principal_angle1_carry_i_13/CO[3]
                         net (fo=1, routed)           0.000    32.098    calc_mode_top_inst/u_exec/u_alu/u_trig/angle_prep_inst/principal_angle1_carry_i_13_n_0
    SLICE_X54Y35         CARRY4 (Prop_carry4_CI_O[0])
                                                      0.219    32.317 r  calc_mode_top_inst/u_exec/u_alu/u_trig/angle_prep_inst/principal_angle1_carry_i_10/O[0]
                         net (fo=71, routed)          0.824    33.141    calc_mode_top_inst/u_exec/u_alu/u_trig/angle_prep_inst/wrapped2__0[24]
    SLICE_X51Y28         LUT6 (Prop_lut6_I3_O)        0.295    33.436 r  calc_mode_top_inst/u_exec/u_alu/u_trig/angle_prep_inst/i__carry_i_1/O
                         net (fo=1, routed)           0.548    33.984    calc_mode_top_inst/u_exec/u_alu/u_trig/angle_prep_inst/i__carry_i_1_n_0
    SLICE_X49Y29         CARRY4 (Prop_carry4_CYINIT_CO[3])
                                                      0.580    34.564 r  calc_mode_top_inst/u_exec/u_alu/u_trig/angle_prep_inst/principal_angle1_inferred__0/i__carry/CO[3]
                         net (fo=1, routed)           0.000    34.564    calc_mode_top_inst/u_exec/u_alu/u_trig/angle_prep_inst/principal_angle1_inferred__0/i__carry_n_0
    SLICE_X49Y30         CARRY4 (Prop_carry4_CI_CO[1])
                                                      0.157    34.721 f  calc_mode_top_inst/u_exec/u_alu/u_trig/angle_prep_inst/principal_angle1_inferred__0/i__carry__0/CO[1]
                         net (fo=80, routed)          0.968    35.689    calc_mode_top_inst/u_exec/u_alu/u_trig/angle_prep_inst/z_reg[9][0]
    SLICE_X51Y27         LUT6 (Prop_lut6_I5_O)        0.329    36.018 r  calc_mode_top_inst/u_exec/u_alu/u_trig/angle_prep_inst/z[14]_i_7/O
                         net (fo=1, routed)           0.473    36.490    calc_mode_top_inst/u_exec/u_alu/u_trig/angle_prep_inst/p_1_out[12]
    SLICE_X50Y26         CARRY4 (Prop_carry4_DI[1]_CO[3])
                                                      0.520    37.010 r  calc_mode_top_inst/u_exec/u_alu/u_trig/angle_prep_inst/z_reg[14]_i_2/CO[3]
                         net (fo=1, routed)           0.000    37.010    calc_mode_top_inst/u_exec/u_alu/u_trig/angle_prep_inst/z_reg[14]_i_2_n_0
    SLICE_X50Y27         CARRY4 (Prop_carry4_CI_CO[3])
                                                      0.117    37.127 r  calc_mode_top_inst/u_exec/u_alu/u_trig/angle_prep_inst/z_reg[18]_i_2/CO[3]
                         net (fo=1, routed)           0.000    37.127    calc_mode_top_inst/u_exec/u_alu/u_trig/angle_prep_inst/z_reg[18]_i_2_n_0
    SLICE_X50Y28         CARRY4 (Prop_carry4_CI_CO[3])
                                                      0.117    37.244 r  calc_mode_top_inst/u_exec/u_alu/u_trig/angle_prep_inst/z_reg[22]_i_2/CO[3]
                         net (fo=1, routed)           0.000    37.244    calc_mode_top_inst/u_exec/u_alu/u_trig/angle_prep_inst/z_reg[22]_i_2_n_0
    SLICE_X50Y29         CARRY4 (Prop_carry4_CI_O[0])
                                                      0.219    37.463 r  calc_mode_top_inst/u_exec/u_alu/u_trig/angle_prep_inst/z_reg[24]_i_3/O[0]
                         net (fo=1, routed)           0.678    38.141    calc_mode_top_inst/u_exec/u_alu/u_trig/CORDIC_trigo_inst/b_q_reg[11][0]
    SLICE_X48Y22         LUT6 (Prop_lut6_I0_O)        0.295    38.436 r  calc_mode_top_inst/u_exec/u_alu/u_trig/CORDIC_trigo_inst/z[23]_i_1/O
                         net (fo=1, routed)           0.000    38.436    calc_mode_top_inst/u_exec/u_alu/u_trig/CORDIC_trigo_inst/z[23]
    SLICE_X48Y22         FDRE                                         r  calc_mode_top_inst/u_exec/u_alu/u_trig/CORDIC_trigo_inst/z_reg[23]/D
  -------------------------------------------------------------------    -------------------

                         (clock sys_clk_pin rise edge)
                                                     40.000    40.000 r  
    W5                                                0.000    40.000 r  clk (IN)
                         net (fo=0)                   0.000    40.000    clk
    W5                   IBUF (Prop_ibuf_I_O)         1.388    41.388 r  clk_IBUF_inst/O
                         net (fo=1, routed)           1.862    43.250    clk_IBUF
    BUFGCTRL_X0Y0        BUFG (Prop_bufg_I_O)         0.091    43.341 r  clk_IBUF_BUFG_inst/O
                         net (fo=5432, routed)        1.437    44.778    calc_mode_top_inst/u_exec/u_alu/u_trig/CORDIC_trigo_inst/clk_IBUF_BUFG
    SLICE_X48Y22         FDRE                                         r  calc_mode_top_inst/u_exec/u_alu/u_trig/CORDIC_trigo_inst/z_reg[23]/C
                         clock pessimism              0.260    45.038    
                         clock uncertainty           -0.035    45.003    
    SLICE_X48Y22         FDRE (Setup_fdre_C_D)        0.031    45.034    calc_mode_top_inst/u_exec/u_alu/u_trig/CORDIC_trigo_inst/z_reg[23]
  -------------------------------------------------------------------
                         required time                         45.034    
                         arrival time                         -38.436    
  -------------------------------------------------------------------
                         slack                                  6.597    

Slack (MET) :             6.690ns  (required time - arrival time)
  Source:                 calc_mode_top_inst/u_exec/u_alu/b_q_reg[0]/C
                            (rising edge-triggered cell FDCE clocked by sys_clk_pin  {rise@0.000ns fall@20.000ns period=40.000ns})
  Destination:            calc_mode_top_inst/u_exec/u_alu/u_trig/CORDIC_trigo_inst/z_reg[15]/D
                            (rising edge-triggered cell FDRE clocked by sys_clk_pin  {rise@0.000ns fall@20.000ns period=40.000ns})
  Path Group:             sys_clk_pin
  Path Type:              Setup (Max at Slow Process Corner)
  Requirement:            40.000ns  (sys_clk_pin rise@40.000ns - sys_clk_pin rise@0.000ns)
  Data Path Delay:        33.324ns  (logic 16.386ns (49.172%)  route 16.938ns (50.828%))
  Logic Levels:           44  (CARRY4=28 DSP48E1=1 LUT1=1 LUT2=2 LUT3=2 LUT4=1 LUT5=2 LUT6=7)
  Clock Path Skew:        -0.032ns (DCD - SCD + CPR)
    Destination Clock Delay (DCD):    4.787ns = ( 44.787 - 40.000 ) 
    Source Clock Delay      (SCD):    5.079ns
    Clock Pessimism Removal (CPR):    0.260ns
  Clock Uncertainty:      0.035ns  ((TSJ^2 + TIJ^2)^1/2 + DJ) / 2 + PE
    Total System Jitter     (TSJ):    0.071ns
    Total Input Jitter      (TIJ):    0.000ns
    Discrete Jitter          (DJ):    0.000ns
    Phase Error              (PE):    0.000ns

    Location             Delay type                Incr(ns)  Path(ns)    Netlist Resource(s)
  -------------------------------------------------------------------    -------------------
                         (clock sys_clk_pin rise edge)
                                                      0.000     0.000 r  
    W5                                                0.000     0.000 r  clk (IN)
                         net (fo=0)                   0.000     0.000    clk
    W5                   IBUF (Prop_ibuf_I_O)         1.458     1.458 r  clk_IBUF_inst/O
                         net (fo=1, routed)           1.967     3.425    clk_IBUF
    BUFGCTRL_X0Y0        BUFG (Prop_bufg_I_O)         0.096     3.521 r  clk_IBUF_BUFG_inst/O
                         net (fo=5432, routed)        1.558     5.079    calc_mode_top_inst/u_exec/u_alu/clk_IBUF_BUFG
    SLICE_X44Y17         FDCE                                         r  calc_mode_top_inst/u_exec/u_alu/b_q_reg[0]/C
  -------------------------------------------------------------------    -------------------
    SLICE_X44Y17         FDCE (Prop_fdce_C_Q)         0.456     5.535 f  calc_mode_top_inst/u_exec/u_alu/b_q_reg[0]/Q
                         net (fo=38, routed)          1.212     6.747    calc_mode_top_inst/u_exec/u_alu/u_mul/Q[0]
    SLICE_X51Y37         LUT1 (Prop_lut1_I0_O)        0.124     6.871 r  calc_mode_top_inst/u_exec/u_alu/u_mul/i___51_i_2/O
                         net (fo=4, routed)           0.946     7.818    calc_mode_top_inst/u_exec/u_alu/mult_inst/out_num1[0]
    SLICE_X61Y37         CARRY4 (Prop_carry4_CYINIT_CO[3])
                                                      0.580     8.398 r  calc_mode_top_inst/u_exec/u_alu/i___51_i_1/CO[3]
                         net (fo=1, routed)           0.000     8.398    calc_mode_top_inst/u_exec/u_alu/i___51_i_1_n_0
    SLICE_X61Y38         CARRY4 (Prop_carry4_CI_O[3])
                                                      0.313     8.711 r  calc_mode_top_inst/u_exec/u_alu/i___52_i_1/O[3]
                         net (fo=8, routed)           0.766     9.476    calc_mode_top_inst/u_exec/u_alu/u_trig/angle_prep_inst/wrapped7[1]
    SLICE_X57Y41         LUT3 (Prop_lut3_I0_O)        0.306     9.782 r  calc_mode_top_inst/u_exec/u_alu/u_trig/angle_prep_inst/wrapped5_carry__1_i_11/O
                         net (fo=13, routed)          1.107    10.890    calc_mode_top_inst/u_exec/u_alu/u_trig/angle_prep_inst/wrapped5_carry__1_i_11_n_0
    SLICE_X63Y37         LUT6 (Prop_lut6_I5_O)        0.124    11.014 r  calc_mode_top_inst/u_exec/u_alu/u_trig/angle_prep_inst/wrapped5_carry__1_i_4/O
                         net (fo=1, routed)           0.481    11.495    calc_mode_top_inst/u_exec/u_alu/u_trig/angle_prep_inst/wrapped5_carry__1_i_4_n_0
    SLICE_X60Y37         CARRY4 (Prop_carry4_DI[0]_CO[3])
                                                      0.550    12.045 r  calc_mode_top_inst/u_exec/u_alu/u_trig/angle_prep_inst/wrapped5_carry__1/CO[3]
                         net (fo=1, routed)           0.000    12.045    calc_mode_top_inst/u_exec/u_alu/u_trig/angle_prep_inst/wrapped5_carry__1_n_0
    SLICE_X60Y38         CARRY4 (Prop_carry4_CI_O[3])
                                                      0.315    12.360 r  calc_mode_top_inst/u_exec/u_alu/u_trig/angle_prep_inst/wrapped5_carry__2/O[3]
                         net (fo=3, routed)           0.585    12.945    calc_mode_top_inst/u_exec/u_alu/u_trig/angle_prep_inst/wrapped5_carry__2_n_4
    SLICE_X59Y38         LUT6 (Prop_lut6_I2_O)        0.307    13.252 r  calc_mode_top_inst/u_exec/u_alu/u_trig/angle_prep_inst/wrapped5__92_carry__1_i_11/O
                         net (fo=3, routed)           0.413    13.664    calc_mode_top_inst/u_exec/u_alu/u_trig/angle_prep_inst/wrapped5__92_carry__1_i_11_n_0
    SLICE_X57Y38         LUT5 (Prop_lut5_I4_O)        0.124    13.788 r  calc_mode_top_inst/u_exec/u_alu/u_trig/angle_prep_inst/wrapped5__92_carry__1_i_3/O
                         net (fo=2, routed)           0.741    14.529    calc_mode_top_inst/u_exec/u_alu/u_trig/angle_prep_inst/wrapped5__92_carry__1_i_3_n_0
    SLICE_X58Y38         LUT6 (Prop_lut6_I0_O)        0.124    14.653 r  calc_mode_top_inst/u_exec/u_alu/u_trig/angle_prep_inst/wrapped5__92_carry__1_i_7/O
                         net (fo=1, routed)           0.000    14.653    calc_mode_top_inst/u_exec/u_alu/u_trig/angle_prep_inst/wrapped5__92_carry__1_i_7_n_0
    SLICE_X58Y38         CARRY4 (Prop_carry4_S[1]_CO[3])
                                                      0.550    15.203 r  calc_mode_top_inst/u_exec/u_alu/u_trig/angle_prep_inst/wrapped5__92_carry__1/CO[3]
                         net (fo=1, routed)           0.000    15.203    calc_mode_top_inst/u_exec/u_alu/u_trig/angle_prep_inst/wrapped5__92_carry__1_n_0
    SLICE_X58Y39         CARRY4 (Prop_carry4_CI_CO[3])
                                                      0.114    15.317 r  calc_mode_top_inst/u_exec/u_alu/u_trig/angle_prep_inst/wrapped5__92_carry__2/CO[3]
                         net (fo=1, routed)           0.000    15.317    calc_mode_top_inst/u_exec/u_alu/u_trig/angle_prep_inst/wrapped5__92_carry__2_n_0
    SLICE_X58Y40         CARRY4 (Prop_carry4_CI_CO[3])
                                                      0.114    15.431 r  calc_mode_top_inst/u_exec/u_alu/u_trig/angle_prep_inst/wrapped5__92_carry__3/CO[3]
                         net (fo=1, routed)           0.000    15.431    calc_mode_top_inst/u_exec/u_alu/u_trig/angle_prep_inst/wrapped5__92_carry__3_n_0
    SLICE_X58Y41         CARRY4 (Prop_carry4_CI_CO[3])
                                                      0.114    15.545 r  calc_mode_top_inst/u_exec/u_alu/u_trig/angle_prep_inst/wrapped5__92_carry__4/CO[3]
                         net (fo=1, routed)           0.000    15.545    calc_mode_top_inst/u_exec/u_alu/u_trig/angle_prep_inst/wrapped5__92_carry__4_n_0
    SLICE_X58Y42         CARRY4 (Prop_carry4_CI_CO[3])
                                                      0.114    15.659 r  calc_mode_top_inst/u_exec/u_alu/u_trig/angle_prep_inst/wrapped5__92_carry__5/CO[3]
                         net (fo=1, routed)           0.000    15.659    calc_mode_top_inst/u_exec/u_alu/u_trig/angle_prep_inst/wrapped5__92_carry__5_n_0
    SLICE_X58Y43         CARRY4 (Prop_carry4_CI_O[1])
                                                      0.334    15.993 r  calc_mode_top_inst/u_exec/u_alu/u_trig/angle_prep_inst/wrapped5__92_carry__6/O[1]
                         net (fo=15, routed)          1.319    17.312    calc_mode_top_inst/u_exec/u_alu/u_trig/angle_prep_inst/wrapped5__92_carry__6_n_6
    SLICE_X54Y41         LUT3 (Prop_lut3_I0_O)        0.329    17.641 r  calc_mode_top_inst/u_exec/u_alu/u_trig/angle_prep_inst/wrapped5__174_carry__2_i_9/O
                         net (fo=2, routed)           0.468    18.109    calc_mode_top_inst/u_exec/u_alu/u_trig/angle_prep_inst/wrapped5__174_carry__2_i_9_n_0
    SLICE_X54Y41         LUT5 (Prop_lut5_I4_O)        0.328    18.437 r  calc_mode_top_inst/u_exec/u_alu/u_trig/angle_prep_inst/wrapped5__174_carry__2_i_3/O
                         net (fo=1, routed)           0.568    19.005    calc_mode_top_inst/u_exec/u_alu/u_trig/angle_prep_inst/wrapped5__174_carry__2_i_3_n_0
    SLICE_X55Y41         CARRY4 (Prop_carry4_DI[1]_CO[3])
                                                      0.507    19.512 r  calc_mode_top_inst/u_exec/u_alu/u_trig/angle_prep_inst/wrapped5__174_carry__2/CO[3]
                         net (fo=1, routed)           0.000    19.512    calc_mode_top_inst/u_exec/u_alu/u_trig/angle_prep_inst/wrapped5__174_carry__2_n_0
    SLICE_X55Y42         CARRY4 (Prop_carry4_CI_O[1])
                                                      0.334    19.846 r  calc_mode_top_inst/u_exec/u_alu/u_trig/angle_prep_inst/wrapped5__174_carry__3/O[1]
                         net (fo=3, routed)           0.503    20.350    calc_mode_top_inst/u_exec/u_alu/u_trig/angle_prep_inst/wrapped5__174_carry__3_n_6
    SLICE_X57Y42         LUT4 (Prop_lut4_I0_O)        0.303    20.653 r  calc_mode_top_inst/u_exec/u_alu/u_trig/angle_prep_inst/wrapped5__230_carry__4_i_2/O
                         net (fo=1, routed)           0.598    21.251    calc_mode_top_inst/u_exec/u_alu/u_trig/angle_prep_inst/wrapped5__230_carry__4_i_2_n_0
    SLICE_X56Y41         CARRY4 (Prop_carry4_DI[0]_CO[1])
                                                      0.488    21.739 r  calc_mode_top_inst/u_exec/u_alu/u_trig/angle_prep_inst/wrapped5__230_carry__4/CO[1]
                         net (fo=17, routed)          0.828    22.566    calc_mode_top_inst/u_exec/u_alu/u_trig/angle_prep_inst/wrapped5__230_carry__4_n_2
    SLICE_X54Y37         LUT6 (Prop_lut6_I1_O)        0.332    22.898 r  calc_mode_top_inst/u_exec/u_alu/u_trig/angle_prep_inst/wrapped3_i_36/O
                         net (fo=1, routed)           0.430    23.329    calc_mode_top_inst/u_exec/u_alu/u_trig/angle_prep_inst/wrapped3_i_36_n_0
    SLICE_X53Y37         CARRY4 (Prop_carry4_S[0]_CO[3])
                                                      0.656    23.985 r  calc_mode_top_inst/u_exec/u_alu/u_trig/angle_prep_inst/wrapped3_i_21/CO[3]
                         net (fo=1, routed)           0.000    23.985    calc_mode_top_inst/u_exec/u_alu/u_trig/angle_prep_inst/wrapped3_i_21_n_0
    SLICE_X53Y38         CARRY4 (Prop_carry4_CI_CO[3])
                                                      0.114    24.099 r  calc_mode_top_inst/u_exec/u_alu/u_trig/angle_prep_inst/wrapped3_i_20/CO[3]
                         net (fo=1, routed)           0.000    24.099    calc_mode_top_inst/u_exec/u_alu/u_trig/angle_prep_inst/wrapped3_i_20_n_0
    SLICE_X53Y39         CARRY4 (Prop_carry4_CI_CO[3])
                                                      0.114    24.213 r  calc_mode_top_inst/u_exec/u_alu/u_trig/angle_prep_inst/wrapped3_i_19/CO[3]
                         net (fo=1, routed)           0.000    24.213    calc_mode_top_inst/u_exec/u_alu/u_trig/angle_prep_inst/wrapped3_i_19_n_0
    SLICE_X53Y40         CARRY4 (Prop_carry4_CI_CO[2])
                                                      0.228    24.441 f  calc_mode_top_inst/u_exec/u_alu/u_trig/angle_prep_inst/wrapped3_i_17/CO[2]
                         net (fo=1, routed)           0.590    25.030    calc_mode_top_inst/u_exec/u_alu/u_trig/angle_prep_inst/wrapped3_i_17_n_1
    SLICE_X54Y38         LUT2 (Prop_lut2_I1_O)        0.313    25.343 r  calc_mode_top_inst/u_exec/u_alu/u_trig/angle_prep_inst/wrapped3_i_1/O
                         net (fo=15, routed)          0.718    26.061    calc_mode_top_inst/u_exec/u_alu/u_trig/angle_prep_inst/A[24]
    DSP48_X1Y15          DSP48E1 (Prop_dsp48e1_A[23]_P[0])
                                                      3.841    29.902 r  calc_mode_top_inst/u_exec/u_alu/u_trig/angle_prep_inst/wrapped3/P[0]
                         net (fo=7, routed)           0.974    30.876    calc_mode_top_inst/u_exec/u_alu_n_524
    SLICE_X54Y29         LUT2 (Prop_lut2_I1_O)        0.124    31.000 r  calc_mode_top_inst/u_exec/i___305_rep/O
                         net (fo=1, routed)           0.000    31.000    calc_mode_top_inst/u_exec/u_alu/u_trig/angle_prep_inst/b_q_reg[3][0]
    SLICE_X54Y29         CARRY4 (Prop_carry4_S[0]_CO[3])
                                                      0.513    31.513 r  calc_mode_top_inst/u_exec/u_alu/u_trig/angle_prep_inst/principal_angle1_carry_i_9/CO[3]
                         net (fo=1, routed)           0.000    31.513    calc_mode_top_inst/u_exec/u_alu/u_trig/angle_prep_inst/principal_angle1_carry_i_9_n_0
    SLICE_X54Y30         CARRY4 (Prop_carry4_CI_CO[3])
                                                      0.117    31.630 r  calc_mode_top_inst/u_exec/u_alu/u_trig/angle_prep_inst/principal_angle1_carry_i_11/CO[3]
                         net (fo=1, routed)           0.000    31.630    calc_mode_top_inst/u_exec/u_alu/u_trig/angle_prep_inst/principal_angle1_carry_i_11_n_0
    SLICE_X54Y31         CARRY4 (Prop_carry4_CI_CO[3])
                                                      0.117    31.747 r  calc_mode_top_inst/u_exec/u_alu/u_trig/angle_prep_inst/principal_angle1_carry_i_12/CO[3]
                         net (fo=1, routed)           0.000    31.747    calc_mode_top_inst/u_exec/u_alu/u_trig/angle_prep_inst/principal_angle1_carry_i_12_n_0
    SLICE_X54Y32         CARRY4 (Prop_carry4_CI_CO[3])
                                                      0.117    31.864 r  calc_mode_top_inst/u_exec/u_alu/u_trig/angle_prep_inst/principal_angle1_carry_i_16/CO[3]
                         net (fo=1, routed)           0.000    31.864    calc_mode_top_inst/u_exec/u_alu/u_trig/angle_prep_inst/principal_angle1_carry_i_16_n_0
    SLICE_X54Y33         CARRY4 (Prop_carry4_CI_CO[3])
                                                      0.117    31.981 r  calc_mode_top_inst/u_exec/u_alu/u_trig/angle_prep_inst/principal_angle1_carry_i_15/CO[3]
                         net (fo=1, routed)           0.000    31.981    calc_mode_top_inst/u_exec/u_alu/u_trig/angle_prep_inst/principal_angle1_carry_i_15_n_0
    SLICE_X54Y34         CARRY4 (Prop_carry4_CI_CO[3])
                                                      0.117    32.098 r  calc_mode_top_inst/u_exec/u_alu/u_trig/angle_prep_inst/principal_angle1_carry_i_13/CO[3]
                         net (fo=1, routed)           0.000    32.098    calc_mode_top_inst/u_exec/u_alu/u_trig/angle_prep_inst/principal_angle1_carry_i_13_n_0
    SLICE_X54Y35         CARRY4 (Prop_carry4_CI_O[0])
                                                      0.219    32.317 r  calc_mode_top_inst/u_exec/u_alu/u_trig/angle_prep_inst/principal_angle1_carry_i_10/O[0]
                         net (fo=71, routed)          0.824    33.141    calc_mode_top_inst/u_exec/u_alu/u_trig/angle_prep_inst/wrapped2__0[24]
    SLICE_X51Y28         LUT6 (Prop_lut6_I3_O)        0.295    33.436 r  calc_mode_top_inst/u_exec/u_alu/u_trig/angle_prep_inst/i__carry_i_1/O
                         net (fo=1, routed)           0.548    33.984    calc_mode_top_inst/u_exec/u_alu/u_trig/angle_prep_inst/i__carry_i_1_n_0
    SLICE_X49Y29         CARRY4 (Prop_carry4_CYINIT_CO[3])
                                                      0.580    34.564 r  calc_mode_top_inst/u_exec/u_alu/u_trig/angle_prep_inst/principal_angle1_inferred__0/i__carry/CO[3]
                         net (fo=1, routed)           0.000    34.564    calc_mode_top_inst/u_exec/u_alu/u_trig/angle_prep_inst/principal_angle1_inferred__0/i__carry_n_0
    SLICE_X49Y30         CARRY4 (Prop_carry4_CI_CO[1])
                                                      0.157    34.721 f  calc_mode_top_inst/u_exec/u_alu/u_trig/angle_prep_inst/principal_angle1_inferred__0/i__carry__0/CO[1]
                         net (fo=80, routed)          0.968    35.689    calc_mode_top_inst/u_exec/u_alu/u_trig/angle_prep_inst/z_reg[9][0]
    SLICE_X51Y27         LUT6 (Prop_lut6_I5_O)        0.329    36.018 r  calc_mode_top_inst/u_exec/u_alu/u_trig/angle_prep_inst/z[14]_i_7/O
                         net (fo=1, routed)           0.473    36.490    calc_mode_top_inst/u_exec/u_alu/u_trig/angle_prep_inst/p_1_out[12]
    SLICE_X50Y26         CARRY4 (Prop_carry4_DI[1]_CO[3])
                                                      0.520    37.010 r  calc_mode_top_inst/u_exec/u_alu/u_trig/angle_prep_inst/z_reg[14]_i_2/CO[3]
                         net (fo=1, routed)           0.000    37.010    calc_mode_top_inst/u_exec/u_alu/u_trig/angle_prep_inst/z_reg[14]_i_2_n_0
    SLICE_X50Y27         CARRY4 (Prop_carry4_CI_O[0])
                                                      0.219    37.229 r  calc_mode_top_inst/u_exec/u_alu/u_trig/angle_prep_inst/z_reg[18]_i_2/O[0]
                         net (fo=1, routed)           0.879    38.108    calc_mode_top_inst/u_exec/u_alu/u_trig/CORDIC_trigo_inst/b_q_reg[0][0]
    SLICE_X50Y15         LUT6 (Prop_lut6_I0_O)        0.295    38.403 r  calc_mode_top_inst/u_exec/u_alu/u_trig/CORDIC_trigo_inst/z[15]_i_1/O
                         net (fo=1, routed)           0.000    38.403    calc_mode_top_inst/u_exec/u_alu/u_trig/CORDIC_trigo_inst/z[15]
    SLICE_X50Y15         FDRE                                         r  calc_mode_top_inst/u_exec/u_alu/u_trig/CORDIC_trigo_inst/z_reg[15]/D
  -------------------------------------------------------------------    -------------------

                         (clock sys_clk_pin rise edge)
                                                     40.000    40.000 r  
    W5                                                0.000    40.000 r  clk (IN)
                         net (fo=0)                   0.000    40.000    clk
    W5                   IBUF (Prop_ibuf_I_O)         1.388    41.388 r  clk_IBUF_inst/O
                         net (fo=1, routed)           1.862    43.250    clk_IBUF
    BUFGCTRL_X0Y0        BUFG (Prop_bufg_I_O)         0.091    43.341 r  clk_IBUF_BUFG_inst/O
                         net (fo=5432, routed)        1.446    44.787    calc_mode_top_inst/u_exec/u_alu/u_trig/CORDIC_trigo_inst/clk_IBUF_BUFG
    SLICE_X50Y15         FDRE                                         r  calc_mode_top_inst/u_exec/u_alu/u_trig/CORDIC_trigo_inst/z_reg[15]/C
                         clock pessimism              0.260    45.047    
                         clock uncertainty           -0.035    45.012    
    SLICE_X50Y15         FDRE (Setup_fdre_C_D)        0.081    45.093    calc_mode_top_inst/u_exec/u_alu/u_trig/CORDIC_trigo_inst/z_reg[15]
  -------------------------------------------------------------------
                         required time                         45.093    
                         arrival time                         -38.403    
  -------------------------------------------------------------------
                         slack                                  6.690    

Slack (MET) :             6.698ns  (required time - arrival time)
  Source:                 calc_mode_top_inst/u_exec/u_alu/b_q_reg[0]/C
                            (rising edge-triggered cell FDCE clocked by sys_clk_pin  {rise@0.000ns fall@20.000ns period=40.000ns})
  Destination:            calc_mode_top_inst/u_exec/u_alu/u_trig/CORDIC_trigo_inst/z_reg[21]/D
                            (rising edge-triggered cell FDRE clocked by sys_clk_pin  {rise@0.000ns fall@20.000ns period=40.000ns})
  Path Group:             sys_clk_pin
  Path Type:              Setup (Max at Slow Process Corner)
  Requirement:            40.000ns  (sys_clk_pin rise@40.000ns - sys_clk_pin rise@0.000ns)
  Data Path Delay:        33.255ns  (logic 16.529ns (49.704%)  route 16.726ns (50.296%))
  Logic Levels:           45  (CARRY4=29 DSP48E1=1 LUT1=1 LUT2=2 LUT3=2 LUT4=1 LUT5=2 LUT6=7)
  Clock Path Skew:        -0.041ns (DCD - SCD + CPR)
    Destination Clock Delay (DCD):    4.778ns = ( 44.778 - 40.000 ) 
    Source Clock Delay      (SCD):    5.079ns
    Clock Pessimism Removal (CPR):    0.260ns
  Clock Uncertainty:      0.035ns  ((TSJ^2 + TIJ^2)^1/2 + DJ) / 2 + PE
    Total System Jitter     (TSJ):    0.071ns
    Total Input Jitter      (TIJ):    0.000ns
    Discrete Jitter          (DJ):    0.000ns
    Phase Error              (PE):    0.000ns

    Location             Delay type                Incr(ns)  Path(ns)    Netlist Resource(s)
  -------------------------------------------------------------------    -------------------
                         (clock sys_clk_pin rise edge)
                                                      0.000     0.000 r  
    W5                                                0.000     0.000 r  clk (IN)
                         net (fo=0)                   0.000     0.000    clk
    W5                   IBUF (Prop_ibuf_I_O)         1.458     1.458 r  clk_IBUF_inst/O
                         net (fo=1, routed)           1.967     3.425    clk_IBUF
    BUFGCTRL_X0Y0        BUFG (Prop_bufg_I_O)         0.096     3.521 r  clk_IBUF_BUFG_inst/O
                         net (fo=5432, routed)        1.558     5.079    calc_mode_top_inst/u_exec/u_alu/clk_IBUF_BUFG
    SLICE_X44Y17         FDCE                                         r  calc_mode_top_inst/u_exec/u_alu/b_q_reg[0]/C
  -------------------------------------------------------------------    -------------------
    SLICE_X44Y17         FDCE (Prop_fdce_C_Q)         0.456     5.535 f  calc_mode_top_inst/u_exec/u_alu/b_q_reg[0]/Q
                         net (fo=38, routed)          1.212     6.747    calc_mode_top_inst/u_exec/u_alu/u_mul/Q[0]
    SLICE_X51Y37         LUT1 (Prop_lut1_I0_O)        0.124     6.871 r  calc_mode_top_inst/u_exec/u_alu/u_mul/i___51_i_2/O
                         net (fo=4, routed)           0.946     7.818    calc_mode_top_inst/u_exec/u_alu/mult_inst/out_num1[0]
    SLICE_X61Y37         CARRY4 (Prop_carry4_CYINIT_CO[3])
                                                      0.580     8.398 r  calc_mode_top_inst/u_exec/u_alu/i___51_i_1/CO[3]
                         net (fo=1, routed)           0.000     8.398    calc_mode_top_inst/u_exec/u_alu/i___51_i_1_n_0
    SLICE_X61Y38         CARRY4 (Prop_carry4_CI_O[3])
                                                      0.313     8.711 r  calc_mode_top_inst/u_exec/u_alu/i___52_i_1/O[3]
                         net (fo=8, routed)           0.766     9.476    calc_mode_top_inst/u_exec/u_alu/u_trig/angle_prep_inst/wrapped7[1]
    SLICE_X57Y41         LUT3 (Prop_lut3_I0_O)        0.306     9.782 r  calc_mode_top_inst/u_exec/u_alu/u_trig/angle_prep_inst/wrapped5_carry__1_i_11/O
                         net (fo=13, routed)          1.107    10.890    calc_mode_top_inst/u_exec/u_alu/u_trig/angle_prep_inst/wrapped5_carry__1_i_11_n_0
    SLICE_X63Y37         LUT6 (Prop_lut6_I5_O)        0.124    11.014 r  calc_mode_top_inst/u_exec/u_alu/u_trig/angle_prep_inst/wrapped5_carry__1_i_4/O
                         net (fo=1, routed)           0.481    11.495    calc_mode_top_inst/u_exec/u_alu/u_trig/angle_prep_inst/wrapped5_carry__1_i_4_n_0
    SLICE_X60Y37         CARRY4 (Prop_carry4_DI[0]_CO[3])
                                                      0.550    12.045 r  calc_mode_top_inst/u_exec/u_alu/u_trig/angle_prep_inst/wrapped5_carry__1/CO[3]
                         net (fo=1, routed)           0.000    12.045    calc_mode_top_inst/u_exec/u_alu/u_trig/angle_prep_inst/wrapped5_carry__1_n_0
    SLICE_X60Y38         CARRY4 (Prop_carry4_CI_O[3])
                                                      0.315    12.360 r  calc_mode_top_inst/u_exec/u_alu/u_trig/angle_prep_inst/wrapped5_carry__2/O[3]
                         net (fo=3, routed)           0.585    12.945    calc_mode_top_inst/u_exec/u_alu/u_trig/angle_prep_inst/wrapped5_carry__2_n_4
    SLICE_X59Y38         LUT6 (Prop_lut6_I2_O)        0.307    13.252 r  calc_mode_top_inst/u_exec/u_alu/u_trig/angle_prep_inst/wrapped5__92_carry__1_i_11/O
                         net (fo=3, routed)           0.413    13.664    calc_mode_top_inst/u_exec/u_alu/u_trig/angle_prep_inst/wrapped5__92_carry__1_i_11_n_0
    SLICE_X57Y38         LUT5 (Prop_lut5_I4_O)        0.124    13.788 r  calc_mode_top_inst/u_exec/u_alu/u_trig/angle_prep_inst/wrapped5__92_carry__1_i_3/O
                         net (fo=2, routed)           0.741    14.529    calc_mode_top_inst/u_exec/u_alu/u_trig/angle_prep_inst/wrapped5__92_carry__1_i_3_n_0
    SLICE_X58Y38         LUT6 (Prop_lut6_I0_O)        0.124    14.653 r  calc_mode_top_inst/u_exec/u_alu/u_trig/angle_prep_inst/wrapped5__92_carry__1_i_7/O
                         net (fo=1, routed)           0.000    14.653    calc_mode_top_inst/u_exec/u_alu/u_trig/angle_prep_inst/wrapped5__92_carry__1_i_7_n_0
    SLICE_X58Y38         CARRY4 (Prop_carry4_S[1]_CO[3])
                                                      0.550    15.203 r  calc_mode_top_inst/u_exec/u_alu/u_trig/angle_prep_inst/wrapped5__92_carry__1/CO[3]
                         net (fo=1, routed)           0.000    15.203    calc_mode_top_inst/u_exec/u_alu/u_trig/angle_prep_inst/wrapped5__92_carry__1_n_0
    SLICE_X58Y39         CARRY4 (Prop_carry4_CI_CO[3])
                                                      0.114    15.317 r  calc_mode_top_inst/u_exec/u_alu/u_trig/angle_prep_inst/wrapped5__92_carry__2/CO[3]
                         net (fo=1, routed)           0.000    15.317    calc_mode_top_inst/u_exec/u_alu/u_trig/angle_prep_inst/wrapped5__92_carry__2_n_0
    SLICE_X58Y40         CARRY4 (Prop_carry4_CI_CO[3])
                                                      0.114    15.431 r  calc_mode_top_inst/u_exec/u_alu/u_trig/angle_prep_inst/wrapped5__92_carry__3/CO[3]
                         net (fo=1, routed)           0.000    15.431    calc_mode_top_inst/u_exec/u_alu/u_trig/angle_prep_inst/wrapped5__92_carry__3_n_0
    SLICE_X58Y41         CARRY4 (Prop_carry4_CI_CO[3])
                                                      0.114    15.545 r  calc_mode_top_inst/u_exec/u_alu/u_trig/angle_prep_inst/wrapped5__92_carry__4/CO[3]
                         net (fo=1, routed)           0.000    15.545    calc_mode_top_inst/u_exec/u_alu/u_trig/angle_prep_inst/wrapped5__92_carry__4_n_0
    SLICE_X58Y42         CARRY4 (Prop_carry4_CI_CO[3])
                                                      0.114    15.659 r  calc_mode_top_inst/u_exec/u_alu/u_trig/angle_prep_inst/wrapped5__92_carry__5/CO[3]
                         net (fo=1, routed)           0.000    15.659    calc_mode_top_inst/u_exec/u_alu/u_trig/angle_prep_inst/wrapped5__92_carry__5_n_0
    SLICE_X58Y43         CARRY4 (Prop_carry4_CI_O[1])
                                                      0.334    15.993 r  calc_mode_top_inst/u_exec/u_alu/u_trig/angle_prep_inst/wrapped5__92_carry__6/O[1]
                         net (fo=15, routed)          1.319    17.312    calc_mode_top_inst/u_exec/u_alu/u_trig/angle_prep_inst/wrapped5__92_carry__6_n_6
    SLICE_X54Y41         LUT3 (Prop_lut3_I0_O)        0.329    17.641 r  calc_mode_top_inst/u_exec/u_alu/u_trig/angle_prep_inst/wrapped5__174_carry__2_i_9/O
                         net (fo=2, routed)           0.468    18.109    calc_mode_top_inst/u_exec/u_alu/u_trig/angle_prep_inst/wrapped5__174_carry__2_i_9_n_0
    SLICE_X54Y41         LUT5 (Prop_lut5_I4_O)        0.328    18.437 r  calc_mode_top_inst/u_exec/u_alu/u_trig/angle_prep_inst/wrapped5__174_carry__2_i_3/O
                         net (fo=1, routed)           0.568    19.005    calc_mode_top_inst/u_exec/u_alu/u_trig/angle_prep_inst/wrapped5__174_carry__2_i_3_n_0
    SLICE_X55Y41         CARRY4 (Prop_carry4_DI[1]_CO[3])
                                                      0.507    19.512 r  calc_mode_top_inst/u_exec/u_alu/u_trig/angle_prep_inst/wrapped5__174_carry__2/CO[3]
                         net (fo=1, routed)           0.000    19.512    calc_mode_top_inst/u_exec/u_alu/u_trig/angle_prep_inst/wrapped5__174_carry__2_n_0
    SLICE_X55Y42         CARRY4 (Prop_carry4_CI_O[1])
                                                      0.334    19.846 r  calc_mode_top_inst/u_exec/u_alu/u_trig/angle_prep_inst/wrapped5__174_carry__3/O[1]
                         net (fo=3, routed)           0.503    20.350    calc_mode_top_inst/u_exec/u_alu/u_trig/angle_prep_inst/wrapped5__174_carry__3_n_6
    SLICE_X57Y42         LUT4 (Prop_lut4_I0_O)        0.303    20.653 r  calc_mode_top_inst/u_exec/u_alu/u_trig/angle_prep_inst/wrapped5__230_carry__4_i_2/O
                         net (fo=1, routed)           0.598    21.251    calc_mode_top_inst/u_exec/u_alu/u_trig/angle_prep_inst/wrapped5__230_carry__4_i_2_n_0
    SLICE_X56Y41         CARRY4 (Prop_carry4_DI[0]_CO[1])
                                                      0.488    21.739 r  calc_mode_top_inst/u_exec/u_alu/u_trig/angle_prep_inst/wrapped5__230_carry__4/CO[1]
                         net (fo=17, routed)          0.828    22.566    calc_mode_top_inst/u_exec/u_alu/u_trig/angle_prep_inst/wrapped5__230_carry__4_n_2
    SLICE_X54Y37         LUT6 (Prop_lut6_I1_O)        0.332    22.898 r  calc_mode_top_inst/u_exec/u_alu/u_trig/angle_prep_inst/wrapped3_i_36/O
                         net (fo=1, routed)           0.430    23.329    calc_mode_top_inst/u_exec/u_alu/u_trig/angle_prep_inst/wrapped3_i_36_n_0
    SLICE_X53Y37         CARRY4 (Prop_carry4_S[0]_CO[3])
                                                      0.656    23.985 r  calc_mode_top_inst/u_exec/u_alu/u_trig/angle_prep_inst/wrapped3_i_21/CO[3]
                         net (fo=1, routed)           0.000    23.985    calc_mode_top_inst/u_exec/u_alu/u_trig/angle_prep_inst/wrapped3_i_21_n_0
    SLICE_X53Y38         CARRY4 (Prop_carry4_CI_CO[3])
                                                      0.114    24.099 r  calc_mode_top_inst/u_exec/u_alu/u_trig/angle_prep_inst/wrapped3_i_20/CO[3]
                         net (fo=1, routed)           0.000    24.099    calc_mode_top_inst/u_exec/u_alu/u_trig/angle_prep_inst/wrapped3_i_20_n_0
    SLICE_X53Y39         CARRY4 (Prop_carry4_CI_CO[3])
                                                      0.114    24.213 r  calc_mode_top_inst/u_exec/u_alu/u_trig/angle_prep_inst/wrapped3_i_19/CO[3]
                         net (fo=1, routed)           0.000    24.213    calc_mode_top_inst/u_exec/u_alu/u_trig/angle_prep_inst/wrapped3_i_19_n_0
    SLICE_X53Y40         CARRY4 (Prop_carry4_CI_CO[2])
                                                      0.228    24.441 f  calc_mode_top_inst/u_exec/u_alu/u_trig/angle_prep_inst/wrapped3_i_17/CO[2]
                         net (fo=1, routed)           0.590    25.030    calc_mode_top_inst/u_exec/u_alu/u_trig/angle_prep_inst/wrapped3_i_17_n_1
    SLICE_X54Y38         LUT2 (Prop_lut2_I1_O)        0.313    25.343 r  calc_mode_top_inst/u_exec/u_alu/u_trig/angle_prep_inst/wrapped3_i_1/O
                         net (fo=15, routed)          0.718    26.061    calc_mode_top_inst/u_exec/u_alu/u_trig/angle_prep_inst/A[24]
    DSP48_X1Y15          DSP48E1 (Prop_dsp48e1_A[23]_P[0])
                                                      3.841    29.902 r  calc_mode_top_inst/u_exec/u_alu/u_trig/angle_prep_inst/wrapped3/P[0]
                         net (fo=7, routed)           0.974    30.876    calc_mode_top_inst/u_exec/u_alu_n_524
    SLICE_X54Y29         LUT2 (Prop_lut2_I1_O)        0.124    31.000 r  calc_mode_top_inst/u_exec/i___305_rep/O
                         net (fo=1, routed)           0.000    31.000    calc_mode_top_inst/u_exec/u_alu/u_trig/angle_prep_inst/b_q_reg[3][0]
    SLICE_X54Y29         CARRY4 (Prop_carry4_S[0]_CO[3])
                                                      0.513    31.513 r  calc_mode_top_inst/u_exec/u_alu/u_trig/angle_prep_inst/principal_angle1_carry_i_9/CO[3]
                         net (fo=1, routed)           0.000    31.513    calc_mode_top_inst/u_exec/u_alu/u_trig/angle_prep_inst/principal_angle1_carry_i_9_n_0
    SLICE_X54Y30         CARRY4 (Prop_carry4_CI_CO[3])
                                                      0.117    31.630 r  calc_mode_top_inst/u_exec/u_alu/u_trig/angle_prep_inst/principal_angle1_carry_i_11/CO[3]
                         net (fo=1, routed)           0.000    31.630    calc_mode_top_inst/u_exec/u_alu/u_trig/angle_prep_inst/principal_angle1_carry_i_11_n_0
    SLICE_X54Y31         CARRY4 (Prop_carry4_CI_CO[3])
                                                      0.117    31.747 r  calc_mode_top_inst/u_exec/u_alu/u_trig/angle_prep_inst/principal_angle1_carry_i_12/CO[3]
                         net (fo=1, routed)           0.000    31.747    calc_mode_top_inst/u_exec/u_alu/u_trig/angle_prep_inst/principal_angle1_carry_i_12_n_0
    SLICE_X54Y32         CARRY4 (Prop_carry4_CI_CO[3])
                                                      0.117    31.864 r  calc_mode_top_inst/u_exec/u_alu/u_trig/angle_prep_inst/principal_angle1_carry_i_16/CO[3]
                         net (fo=1, routed)           0.000    31.864    calc_mode_top_inst/u_exec/u_alu/u_trig/angle_prep_inst/principal_angle1_carry_i_16_n_0
    SLICE_X54Y33         CARRY4 (Prop_carry4_CI_CO[3])
                                                      0.117    31.981 r  calc_mode_top_inst/u_exec/u_alu/u_trig/angle_prep_inst/principal_angle1_carry_i_15/CO[3]
                         net (fo=1, routed)           0.000    31.981    calc_mode_top_inst/u_exec/u_alu/u_trig/angle_prep_inst/principal_angle1_carry_i_15_n_0
    SLICE_X54Y34         CARRY4 (Prop_carry4_CI_CO[3])
                                                      0.117    32.098 r  calc_mode_top_inst/u_exec/u_alu/u_trig/angle_prep_inst/principal_angle1_carry_i_13/CO[3]
                         net (fo=1, routed)           0.000    32.098    calc_mode_top_inst/u_exec/u_alu/u_trig/angle_prep_inst/principal_angle1_carry_i_13_n_0
    SLICE_X54Y35         CARRY4 (Prop_carry4_CI_O[0])
                                                      0.219    32.317 r  calc_mode_top_inst/u_exec/u_alu/u_trig/angle_prep_inst/principal_angle1_carry_i_10/O[0]
                         net (fo=71, routed)          0.824    33.141    calc_mode_top_inst/u_exec/u_alu/u_trig/angle_prep_inst/wrapped2__0[24]
    SLICE_X51Y28         LUT6 (Prop_lut6_I3_O)        0.295    33.436 r  calc_mode_top_inst/u_exec/u_alu/u_trig/angle_prep_inst/i__carry_i_1/O
                         net (fo=1, routed)           0.548    33.984    calc_mode_top_inst/u_exec/u_alu/u_trig/angle_prep_inst/i__carry_i_1_n_0
    SLICE_X49Y29         CARRY4 (Prop_carry4_CYINIT_CO[3])
                                                      0.580    34.564 r  calc_mode_top_inst/u_exec/u_alu/u_trig/angle_prep_inst/principal_angle1_inferred__0/i__carry/CO[3]
                         net (fo=1, routed)           0.000    34.564    calc_mode_top_inst/u_exec/u_alu/u_trig/angle_prep_inst/principal_angle1_inferred__0/i__carry_n_0
    SLICE_X49Y30         CARRY4 (Prop_carry4_CI_CO[1])
                                                      0.157    34.721 f  calc_mode_top_inst/u_exec/u_alu/u_trig/angle_prep_inst/principal_angle1_inferred__0/i__carry__0/CO[1]
                         net (fo=80, routed)          0.968    35.689    calc_mode_top_inst/u_exec/u_alu/u_trig/angle_prep_inst/z_reg[9][0]
    SLICE_X51Y27         LUT6 (Prop_lut6_I5_O)        0.329    36.018 r  calc_mode_top_inst/u_exec/u_alu/u_trig/angle_prep_inst/z[14]_i_7/O
                         net (fo=1, routed)           0.473    36.490    calc_mode_top_inst/u_exec/u_alu/u_trig/angle_prep_inst/p_1_out[12]
    SLICE_X50Y26         CARRY4 (Prop_carry4_DI[1]_CO[3])
                                                      0.520    37.010 r  calc_mode_top_inst/u_exec/u_alu/u_trig/angle_prep_inst/z_reg[14]_i_2/CO[3]
                         net (fo=1, routed)           0.000    37.010    calc_mode_top_inst/u_exec/u_alu/u_trig/angle_prep_inst/z_reg[14]_i_2_n_0
    SLICE_X50Y27         CARRY4 (Prop_carry4_CI_CO[3])
                                                      0.117    37.127 r  calc_mode_top_inst/u_exec/u_alu/u_trig/angle_prep_inst/z_reg[18]_i_2/CO[3]
                         net (fo=1, routed)           0.000    37.127    calc_mode_top_inst/u_exec/u_alu/u_trig/angle_prep_inst/z_reg[18]_i_2_n_0
    SLICE_X50Y28         CARRY4 (Prop_carry4_CI_O[2])
                                                      0.239    37.366 r  calc_mode_top_inst/u_exec/u_alu/u_trig/angle_prep_inst/z_reg[22]_i_2/O[2]
                         net (fo=1, routed)           0.667    38.033    calc_mode_top_inst/u_exec/u_alu/u_trig/CORDIC_trigo_inst/b_q_reg[11]_0[2]
    SLICE_X48Y22         LUT6 (Prop_lut6_I0_O)        0.301    38.334 r  calc_mode_top_inst/u_exec/u_alu/u_trig/CORDIC_trigo_inst/z[21]_i_1/O
                         net (fo=1, routed)           0.000    38.334    calc_mode_top_inst/u_exec/u_alu/u_trig/CORDIC_trigo_inst/z[21]
    SLICE_X48Y22         FDRE                                         r  calc_mode_top_inst/u_exec/u_alu/u_trig/CORDIC_trigo_inst/z_reg[21]/D
  -------------------------------------------------------------------    -------------------

                         (clock sys_clk_pin rise edge)
                                                     40.000    40.000 r  
    W5                                                0.000    40.000 r  clk (IN)
                         net (fo=0)                   0.000    40.000    clk
    W5                   IBUF (Prop_ibuf_I_O)         1.388    41.388 r  clk_IBUF_inst/O
                         net (fo=1, routed)           1.862    43.250    clk_IBUF
    BUFGCTRL_X0Y0        BUFG (Prop_bufg_I_O)         0.091    43.341 r  clk_IBUF_BUFG_inst/O
                         net (fo=5432, routed)        1.437    44.778    calc_mode_top_inst/u_exec/u_alu/u_trig/CORDIC_trigo_inst/clk_IBUF_BUFG
    SLICE_X48Y22         FDRE                                         r  calc_mode_top_inst/u_exec/u_alu/u_trig/CORDIC_trigo_inst/z_reg[21]/C
                         clock pessimism              0.260    45.038    
                         clock uncertainty           -0.035    45.003    
    SLICE_X48Y22         FDRE (Setup_fdre_C_D)        0.029    45.032    calc_mode_top_inst/u_exec/u_alu/u_trig/CORDIC_trigo_inst/z_reg[21]
  -------------------------------------------------------------------
                         required time                         45.032    
                         arrival time                         -38.334    
  -------------------------------------------------------------------
                         slack                                  6.698    

Slack (MET) :             6.748ns  (required time - arrival time)
  Source:                 calc_mode_top_inst/u_exec/u_alu/b_q_reg[0]/C
                            (rising edge-triggered cell FDCE clocked by sys_clk_pin  {rise@0.000ns fall@20.000ns period=40.000ns})
  Destination:            calc_mode_top_inst/u_exec/u_alu/u_trig/CORDIC_trigo_inst/z_reg[22]/D
                            (rising edge-triggered cell FDRE clocked by sys_clk_pin  {rise@0.000ns fall@20.000ns period=40.000ns})
  Path Group:             sys_clk_pin
  Path Type:              Setup (Max at Slow Process Corner)
  Requirement:            40.000ns  (sys_clk_pin rise@40.000ns - sys_clk_pin rise@0.000ns)
  Data Path Delay:        33.205ns  (logic 16.611ns (50.025%)  route 16.594ns (49.975%))
  Logic Levels:           45  (CARRY4=29 DSP48E1=1 LUT1=1 LUT2=2 LUT3=2 LUT4=1 LUT5=2 LUT6=7)
  Clock Path Skew:        -0.042ns (DCD - SCD + CPR)
    Destination Clock Delay (DCD):    4.777ns = ( 44.777 - 40.000 ) 
    Source Clock Delay      (SCD):    5.079ns
    Clock Pessimism Removal (CPR):    0.260ns
  Clock Uncertainty:      0.035ns  ((TSJ^2 + TIJ^2)^1/2 + DJ) / 2 + PE
    Total System Jitter     (TSJ):    0.071ns
    Total Input Jitter      (TIJ):    0.000ns
    Discrete Jitter          (DJ):    0.000ns
    Phase Error              (PE):    0.000ns

    Location             Delay type                Incr(ns)  Path(ns)    Netlist Resource(s)
  -------------------------------------------------------------------    -------------------
                         (clock sys_clk_pin rise edge)
                                                      0.000     0.000 r  
    W5                                                0.000     0.000 r  clk (IN)
                         net (fo=0)                   0.000     0.000    clk
    W5                   IBUF (Prop_ibuf_I_O)         1.458     1.458 r  clk_IBUF_inst/O
                         net (fo=1, routed)           1.967     3.425    clk_IBUF
    BUFGCTRL_X0Y0        BUFG (Prop_bufg_I_O)         0.096     3.521 r  clk_IBUF_BUFG_inst/O
                         net (fo=5432, routed)        1.558     5.079    calc_mode_top_inst/u_exec/u_alu/clk_IBUF_BUFG
    SLICE_X44Y17         FDCE                                         r  calc_mode_top_inst/u_exec/u_alu/b_q_reg[0]/C
  -------------------------------------------------------------------    -------------------
    SLICE_X44Y17         FDCE (Prop_fdce_C_Q)         0.456     5.535 f  calc_mode_top_inst/u_exec/u_alu/b_q_reg[0]/Q
                         net (fo=38, routed)          1.212     6.747    calc_mode_top_inst/u_exec/u_alu/u_mul/Q[0]
    SLICE_X51Y37         LUT1 (Prop_lut1_I0_O)        0.124     6.871 r  calc_mode_top_inst/u_exec/u_alu/u_mul/i___51_i_2/O
                         net (fo=4, routed)           0.946     7.818    calc_mode_top_inst/u_exec/u_alu/mult_inst/out_num1[0]
    SLICE_X61Y37         CARRY4 (Prop_carry4_CYINIT_CO[3])
                                                      0.580     8.398 r  calc_mode_top_inst/u_exec/u_alu/i___51_i_1/CO[3]
                         net (fo=1, routed)           0.000     8.398    calc_mode_top_inst/u_exec/u_alu/i___51_i_1_n_0
    SLICE_X61Y38         CARRY4 (Prop_carry4_CI_O[3])
                                                      0.313     8.711 r  calc_mode_top_inst/u_exec/u_alu/i___52_i_1/O[3]
                         net (fo=8, routed)           0.766     9.476    calc_mode_top_inst/u_exec/u_alu/u_trig/angle_prep_inst/wrapped7[1]
    SLICE_X57Y41         LUT3 (Prop_lut3_I0_O)        0.306     9.782 r  calc_mode_top_inst/u_exec/u_alu/u_trig/angle_prep_inst/wrapped5_carry__1_i_11/O
                         net (fo=13, routed)          1.107    10.890    calc_mode_top_inst/u_exec/u_alu/u_trig/angle_prep_inst/wrapped5_carry__1_i_11_n_0
    SLICE_X63Y37         LUT6 (Prop_lut6_I5_O)        0.124    11.014 r  calc_mode_top_inst/u_exec/u_alu/u_trig/angle_prep_inst/wrapped5_carry__1_i_4/O
                         net (fo=1, routed)           0.481    11.495    calc_mode_top_inst/u_exec/u_alu/u_trig/angle_prep_inst/wrapped5_carry__1_i_4_n_0
    SLICE_X60Y37         CARRY4 (Prop_carry4_DI[0]_CO[3])
                                                      0.550    12.045 r  calc_mode_top_inst/u_exec/u_alu/u_trig/angle_prep_inst/wrapped5_carry__1/CO[3]
                         net (fo=1, routed)           0.000    12.045    calc_mode_top_inst/u_exec/u_alu/u_trig/angle_prep_inst/wrapped5_carry__1_n_0
    SLICE_X60Y38         CARRY4 (Prop_carry4_CI_O[3])
                                                      0.315    12.360 r  calc_mode_top_inst/u_exec/u_alu/u_trig/angle_prep_inst/wrapped5_carry__2/O[3]
                         net (fo=3, routed)           0.585    12.945    calc_mode_top_inst/u_exec/u_alu/u_trig/angle_prep_inst/wrapped5_carry__2_n_4
    SLICE_X59Y38         LUT6 (Prop_lut6_I2_O)        0.307    13.252 r  calc_mode_top_inst/u_exec/u_alu/u_trig/angle_prep_inst/wrapped5__92_carry__1_i_11/O
                         net (fo=3, routed)           0.413    13.664    calc_mode_top_inst/u_exec/u_alu/u_trig/angle_prep_inst/wrapped5__92_carry__1_i_11_n_0
    SLICE_X57Y38         LUT5 (Prop_lut5_I4_O)        0.124    13.788 r  calc_mode_top_inst/u_exec/u_alu/u_trig/angle_prep_inst/wrapped5__92_carry__1_i_3/O
                         net (fo=2, routed)           0.741    14.529    calc_mode_top_inst/u_exec/u_alu/u_trig/angle_prep_inst/wrapped5__92_carry__1_i_3_n_0
    SLICE_X58Y38         LUT6 (Prop_lut6_I0_O)        0.124    14.653 r  calc_mode_top_inst/u_exec/u_alu/u_trig/angle_prep_inst/wrapped5__92_carry__1_i_7/O
                         net (fo=1, routed)           0.000    14.653    calc_mode_top_inst/u_exec/u_alu/u_trig/angle_prep_inst/wrapped5__92_carry__1_i_7_n_0
    SLICE_X58Y38         CARRY4 (Prop_carry4_S[1]_CO[3])
                                                      0.550    15.203 r  calc_mode_top_inst/u_exec/u_alu/u_trig/angle_prep_inst/wrapped5__92_carry__1/CO[3]
                         net (fo=1, routed)           0.000    15.203    calc_mode_top_inst/u_exec/u_alu/u_trig/angle_prep_inst/wrapped5__92_carry__1_n_0
    SLICE_X58Y39         CARRY4 (Prop_carry4_CI_CO[3])
                                                      0.114    15.317 r  calc_mode_top_inst/u_exec/u_alu/u_trig/angle_prep_inst/wrapped5__92_carry__2/CO[3]
                         net (fo=1, routed)           0.000    15.317    calc_mode_top_inst/u_exec/u_alu/u_trig/angle_prep_inst/wrapped5__92_carry__2_n_0
    SLICE_X58Y40         CARRY4 (Prop_carry4_CI_CO[3])
                                                      0.114    15.431 r  calc_mode_top_inst/u_exec/u_alu/u_trig/angle_prep_inst/wrapped5__92_carry__3/CO[3]
                         net (fo=1, routed)           0.000    15.431    calc_mode_top_inst/u_exec/u_alu/u_trig/angle_prep_inst/wrapped5__92_carry__3_n_0
    SLICE_X58Y41         CARRY4 (Prop_carry4_CI_CO[3])
                                                      0.114    15.545 r  calc_mode_top_inst/u_exec/u_alu/u_trig/angle_prep_inst/wrapped5__92_carry__4/CO[3]
                         net (fo=1, routed)           0.000    15.545    calc_mode_top_inst/u_exec/u_alu/u_trig/angle_prep_inst/wrapped5__92_carry__4_n_0
    SLICE_X58Y42         CARRY4 (Prop_carry4_CI_CO[3])
                                                      0.114    15.659 r  calc_mode_top_inst/u_exec/u_alu/u_trig/angle_prep_inst/wrapped5__92_carry__5/CO[3]
                         net (fo=1, routed)           0.000    15.659    calc_mode_top_inst/u_exec/u_alu/u_trig/angle_prep_inst/wrapped5__92_carry__5_n_0
    SLICE_X58Y43         CARRY4 (Prop_carry4_CI_O[1])
                                                      0.334    15.993 r  calc_mode_top_inst/u_exec/u_alu/u_trig/angle_prep_inst/wrapped5__92_carry__6/O[1]
                         net (fo=15, routed)          1.319    17.312    calc_mode_top_inst/u_exec/u_alu/u_trig/angle_prep_inst/wrapped5__92_carry__6_n_6
    SLICE_X54Y41         LUT3 (Prop_lut3_I0_O)        0.329    17.641 r  calc_mode_top_inst/u_exec/u_alu/u_trig/angle_prep_inst/wrapped5__174_carry__2_i_9/O
                         net (fo=2, routed)           0.468    18.109    calc_mode_top_inst/u_exec/u_alu/u_trig/angle_prep_inst/wrapped5__174_carry__2_i_9_n_0
    SLICE_X54Y41         LUT5 (Prop_lut5_I4_O)        0.328    18.437 r  calc_mode_top_inst/u_exec/u_alu/u_trig/angle_prep_inst/wrapped5__174_carry__2_i_3/O
                         net (fo=1, routed)           0.568    19.005    calc_mode_top_inst/u_exec/u_alu/u_trig/angle_prep_inst/wrapped5__174_carry__2_i_3_n_0
    SLICE_X55Y41         CARRY4 (Prop_carry4_DI[1]_CO[3])
                                                      0.507    19.512 r  calc_mode_top_inst/u_exec/u_alu/u_trig/angle_prep_inst/wrapped5__174_carry__2/CO[3]
                         net (fo=1, routed)           0.000    19.512    calc_mode_top_inst/u_exec/u_alu/u_trig/angle_prep_inst/wrapped5__174_carry__2_n_0
    SLICE_X55Y42         CARRY4 (Prop_carry4_CI_O[1])
                                                      0.334    19.846 r  calc_mode_top_inst/u_exec/u_alu/u_trig/angle_prep_inst/wrapped5__174_carry__3/O[1]
                         net (fo=3, routed)           0.503    20.350    calc_mode_top_inst/u_exec/u_alu/u_trig/angle_prep_inst/wrapped5__174_carry__3_n_6
    SLICE_X57Y42         LUT4 (Prop_lut4_I0_O)        0.303    20.653 r  calc_mode_top_inst/u_exec/u_alu/u_trig/angle_prep_inst/wrapped5__230_carry__4_i_2/O
                         net (fo=1, routed)           0.598    21.251    calc_mode_top_inst/u_exec/u_alu/u_trig/angle_prep_inst/wrapped5__230_carry__4_i_2_n_0
    SLICE_X56Y41         CARRY4 (Prop_carry4_DI[0]_CO[1])
                                                      0.488    21.739 r  calc_mode_top_inst/u_exec/u_alu/u_trig/angle_prep_inst/wrapped5__230_carry__4/CO[1]
                         net (fo=17, routed)          0.828    22.566    calc_mode_top_inst/u_exec/u_alu/u_trig/angle_prep_inst/wrapped5__230_carry__4_n_2
    SLICE_X54Y37         LUT6 (Prop_lut6_I1_O)        0.332    22.898 r  calc_mode_top_inst/u_exec/u_alu/u_trig/angle_prep_inst/wrapped3_i_36/O
                         net (fo=1, routed)           0.430    23.329    calc_mode_top_inst/u_exec/u_alu/u_trig/angle_prep_inst/wrapped3_i_36_n_0
    SLICE_X53Y37         CARRY4 (Prop_carry4_S[0]_CO[3])
                                                      0.656    23.985 r  calc_mode_top_inst/u_exec/u_alu/u_trig/angle_prep_inst/wrapped3_i_21/CO[3]
                         net (fo=1, routed)           0.000    23.985    calc_mode_top_inst/u_exec/u_alu/u_trig/angle_prep_inst/wrapped3_i_21_n_0
    SLICE_X53Y38         CARRY4 (Prop_carry4_CI_CO[3])
                                                      0.114    24.099 r  calc_mode_top_inst/u_exec/u_alu/u_trig/angle_prep_inst/wrapped3_i_20/CO[3]
                         net (fo=1, routed)           0.000    24.099    calc_mode_top_inst/u_exec/u_alu/u_trig/angle_prep_inst/wrapped3_i_20_n_0
    SLICE_X53Y39         CARRY4 (Prop_carry4_CI_CO[3])
                                                      0.114    24.213 r  calc_mode_top_inst/u_exec/u_alu/u_trig/angle_prep_inst/wrapped3_i_19/CO[3]
                         net (fo=1, routed)           0.000    24.213    calc_mode_top_inst/u_exec/u_alu/u_trig/angle_prep_inst/wrapped3_i_19_n_0
    SLICE_X53Y40         CARRY4 (Prop_carry4_CI_CO[2])
                                                      0.228    24.441 f  calc_mode_top_inst/u_exec/u_alu/u_trig/angle_prep_inst/wrapped3_i_17/CO[2]
                         net (fo=1, routed)           0.590    25.030    calc_mode_top_inst/u_exec/u_alu/u_trig/angle_prep_inst/wrapped3_i_17_n_1
    SLICE_X54Y38         LUT2 (Prop_lut2_I1_O)        0.313    25.343 r  calc_mode_top_inst/u_exec/u_alu/u_trig/angle_prep_inst/wrapped3_i_1/O
                         net (fo=15, routed)          0.718    26.061    calc_mode_top_inst/u_exec/u_alu/u_trig/angle_prep_inst/A[24]
    DSP48_X1Y15          DSP48E1 (Prop_dsp48e1_A[23]_P[0])
                                                      3.841    29.902 r  calc_mode_top_inst/u_exec/u_alu/u_trig/angle_prep_inst/wrapped3/P[0]
                         net (fo=7, routed)           0.974    30.876    calc_mode_top_inst/u_exec/u_alu_n_524
    SLICE_X54Y29         LUT2 (Prop_lut2_I1_O)        0.124    31.000 r  calc_mode_top_inst/u_exec/i___305_rep/O
                         net (fo=1, routed)           0.000    31.000    calc_mode_top_inst/u_exec/u_alu/u_trig/angle_prep_inst/b_q_reg[3][0]
    SLICE_X54Y29         CARRY4 (Prop_carry4_S[0]_CO[3])
                                                      0.513    31.513 r  calc_mode_top_inst/u_exec/u_alu/u_trig/angle_prep_inst/principal_angle1_carry_i_9/CO[3]
                         net (fo=1, routed)           0.000    31.513    calc_mode_top_inst/u_exec/u_alu/u_trig/angle_prep_inst/principal_angle1_carry_i_9_n_0
    SLICE_X54Y30         CARRY4 (Prop_carry4_CI_CO[3])
                                                      0.117    31.630 r  calc_mode_top_inst/u_exec/u_alu/u_trig/angle_prep_inst/principal_angle1_carry_i_11/CO[3]
                         net (fo=1, routed)           0.000    31.630    calc_mode_top_inst/u_exec/u_alu/u_trig/angle_prep_inst/principal_angle1_carry_i_11_n_0
    SLICE_X54Y31         CARRY4 (Prop_carry4_CI_CO[3])
                                                      0.117    31.747 r  calc_mode_top_inst/u_exec/u_alu/u_trig/angle_prep_inst/principal_angle1_carry_i_12/CO[3]
                         net (fo=1, routed)           0.000    31.747    calc_mode_top_inst/u_exec/u_alu/u_trig/angle_prep_inst/principal_angle1_carry_i_12_n_0
    SLICE_X54Y32         CARRY4 (Prop_carry4_CI_CO[3])
                                                      0.117    31.864 r  calc_mode_top_inst/u_exec/u_alu/u_trig/angle_prep_inst/principal_angle1_carry_i_16/CO[3]
                         net (fo=1, routed)           0.000    31.864    calc_mode_top_inst/u_exec/u_alu/u_trig/angle_prep_inst/principal_angle1_carry_i_16_n_0
    SLICE_X54Y33         CARRY4 (Prop_carry4_CI_CO[3])
                                                      0.117    31.981 r  calc_mode_top_inst/u_exec/u_alu/u_trig/angle_prep_inst/principal_angle1_carry_i_15/CO[3]
                         net (fo=1, routed)           0.000    31.981    calc_mode_top_inst/u_exec/u_alu/u_trig/angle_prep_inst/principal_angle1_carry_i_15_n_0
    SLICE_X54Y34         CARRY4 (Prop_carry4_CI_CO[3])
                                                      0.117    32.098 r  calc_mode_top_inst/u_exec/u_alu/u_trig/angle_prep_inst/principal_angle1_carry_i_13/CO[3]
                         net (fo=1, routed)           0.000    32.098    calc_mode_top_inst/u_exec/u_alu/u_trig/angle_prep_inst/principal_angle1_carry_i_13_n_0
    SLICE_X54Y35         CARRY4 (Prop_carry4_CI_O[0])
                                                      0.219    32.317 r  calc_mode_top_inst/u_exec/u_alu/u_trig/angle_prep_inst/principal_angle1_carry_i_10/O[0]
                         net (fo=71, routed)          0.824    33.141    calc_mode_top_inst/u_exec/u_alu/u_trig/angle_prep_inst/wrapped2__0[24]
    SLICE_X51Y28         LUT6 (Prop_lut6_I3_O)        0.295    33.436 r  calc_mode_top_inst/u_exec/u_alu/u_trig/angle_prep_inst/i__carry_i_1/O
                         net (fo=1, routed)           0.548    33.984    calc_mode_top_inst/u_exec/u_alu/u_trig/angle_prep_inst/i__carry_i_1_n_0
    SLICE_X49Y29         CARRY4 (Prop_carry4_CYINIT_CO[3])
                                                      0.580    34.564 r  calc_mode_top_inst/u_exec/u_alu/u_trig/angle_prep_inst/principal_angle1_inferred__0/i__carry/CO[3]
                         net (fo=1, routed)           0.000    34.564    calc_mode_top_inst/u_exec/u_alu/u_trig/angle_prep_inst/principal_angle1_inferred__0/i__carry_n_0
    SLICE_X49Y30         CARRY4 (Prop_carry4_CI_CO[1])
                                                      0.157    34.721 f  calc_mode_top_inst/u_exec/u_alu/u_trig/angle_prep_inst/principal_angle1_inferred__0/i__carry__0/CO[1]
                         net (fo=80, routed)          0.968    35.689    calc_mode_top_inst/u_exec/u_alu/u_trig/angle_prep_inst/z_reg[9][0]
    SLICE_X51Y27         LUT6 (Prop_lut6_I5_O)        0.329    36.018 r  calc_mode_top_inst/u_exec/u_alu/u_trig/angle_prep_inst/z[14]_i_7/O
                         net (fo=1, routed)           0.473    36.490    calc_mode_top_inst/u_exec/u_alu/u_trig/angle_prep_inst/p_1_out[12]
    SLICE_X50Y26         CARRY4 (Prop_carry4_DI[1]_CO[3])
                                                      0.520    37.010 r  calc_mode_top_inst/u_exec/u_alu/u_trig/angle_prep_inst/z_reg[14]_i_2/CO[3]
                         net (fo=1, routed)           0.000    37.010    calc_mode_top_inst/u_exec/u_alu/u_trig/angle_prep_inst/z_reg[14]_i_2_n_0
    SLICE_X50Y27         CARRY4 (Prop_carry4_CI_CO[3])
                                                      0.117    37.127 r  calc_mode_top_inst/u_exec/u_alu/u_trig/angle_prep_inst/z_reg[18]_i_2/CO[3]
                         net (fo=1, routed)           0.000    37.127    calc_mode_top_inst/u_exec/u_alu/u_trig/angle_prep_inst/z_reg[18]_i_2_n_0
    SLICE_X50Y28         CARRY4 (Prop_carry4_CI_O[3])
                                                      0.315    37.442 r  calc_mode_top_inst/u_exec/u_alu/u_trig/angle_prep_inst/z_reg[22]_i_2/O[3]
                         net (fo=1, routed)           0.535    37.977    calc_mode_top_inst/u_exec/u_alu/u_trig/CORDIC_trigo_inst/b_q_reg[11]_0[3]
    SLICE_X48Y23         LUT6 (Prop_lut6_I0_O)        0.307    38.284 r  calc_mode_top_inst/u_exec/u_alu/u_trig/CORDIC_trigo_inst/z[22]_i_1/O
                         net (fo=1, routed)           0.000    38.284    calc_mode_top_inst/u_exec/u_alu/u_trig/CORDIC_trigo_inst/z[22]
    SLICE_X48Y23         FDRE                                         r  calc_mode_top_inst/u_exec/u_alu/u_trig/CORDIC_trigo_inst/z_reg[22]/D
  -------------------------------------------------------------------    -------------------

                         (clock sys_clk_pin rise edge)
                                                     40.000    40.000 r  
    W5                                                0.000    40.000 r  clk (IN)
                         net (fo=0)                   0.000    40.000    clk
    W5                   IBUF (Prop_ibuf_I_O)         1.388    41.388 r  clk_IBUF_inst/O
                         net (fo=1, routed)           1.862    43.250    clk_IBUF
    BUFGCTRL_X0Y0        BUFG (Prop_bufg_I_O)         0.091    43.341 r  clk_IBUF_BUFG_inst/O
                         net (fo=5432, routed)        1.436    44.777    calc_mode_top_inst/u_exec/u_alu/u_trig/CORDIC_trigo_inst/clk_IBUF_BUFG
    SLICE_X48Y23         FDRE                                         r  calc_mode_top_inst/u_exec/u_alu/u_trig/CORDIC_trigo_inst/z_reg[22]/C
                         clock pessimism              0.260    45.037    
                         clock uncertainty           -0.035    45.002    
    SLICE_X48Y23         FDRE (Setup_fdre_C_D)        0.031    45.033    calc_mode_top_inst/u_exec/u_alu/u_trig/CORDIC_trigo_inst/z_reg[22]
  -------------------------------------------------------------------
                         required time                         45.033    
                         arrival time                         -38.284    
  -------------------------------------------------------------------
                         slack                                  6.748    

Slack (MET) :             6.811ns  (required time - arrival time)
  Source:                 calc_mode_top_inst/u_exec/u_alu/b_q_reg[0]/C
                            (rising edge-triggered cell FDCE clocked by sys_clk_pin  {rise@0.000ns fall@20.000ns period=40.000ns})
  Destination:            calc_mode_top_inst/u_exec/u_alu/u_trig/CORDIC_trigo_inst/z_reg[12]/D
                            (rising edge-triggered cell FDRE clocked by sys_clk_pin  {rise@0.000ns fall@20.000ns period=40.000ns})
  Path Group:             sys_clk_pin
  Path Type:              Setup (Max at Slow Process Corner)
  Requirement:            40.000ns  (sys_clk_pin rise@40.000ns - sys_clk_pin rise@0.000ns)
  Data Path Delay:        33.162ns  (logic 16.288ns (49.117%)  route 16.874ns (50.883%))
  Logic Levels:           43  (CARRY4=27 DSP48E1=1 LUT1=1 LUT2=3 LUT3=2 LUT4=1 LUT5=2 LUT6=6)
  Clock Path Skew:        -0.023ns (DCD - SCD + CPR)
    Destination Clock Delay (DCD):    4.782ns = ( 44.782 - 40.000 ) 
    Source Clock Delay      (SCD):    5.079ns
    Clock Pessimism Removal (CPR):    0.274ns
  Clock Uncertainty:      0.035ns  ((TSJ^2 + TIJ^2)^1/2 + DJ) / 2 + PE
    Total System Jitter     (TSJ):    0.071ns
    Total Input Jitter      (TIJ):    0.000ns
    Discrete Jitter          (DJ):    0.000ns
    Phase Error              (PE):    0.000ns

    Location             Delay type                Incr(ns)  Path(ns)    Netlist Resource(s)
  -------------------------------------------------------------------    -------------------
                         (clock sys_clk_pin rise edge)
                                                      0.000     0.000 r  
    W5                                                0.000     0.000 r  clk (IN)
                         net (fo=0)                   0.000     0.000    clk
    W5                   IBUF (Prop_ibuf_I_O)         1.458     1.458 r  clk_IBUF_inst/O
                         net (fo=1, routed)           1.967     3.425    clk_IBUF
    BUFGCTRL_X0Y0        BUFG (Prop_bufg_I_O)         0.096     3.521 r  clk_IBUF_BUFG_inst/O
                         net (fo=5432, routed)        1.558     5.079    calc_mode_top_inst/u_exec/u_alu/clk_IBUF_BUFG
    SLICE_X44Y17         FDCE                                         r  calc_mode_top_inst/u_exec/u_alu/b_q_reg[0]/C
  -------------------------------------------------------------------    -------------------
    SLICE_X44Y17         FDCE (Prop_fdce_C_Q)         0.456     5.535 f  calc_mode_top_inst/u_exec/u_alu/b_q_reg[0]/Q
                         net (fo=38, routed)          1.212     6.747    calc_mode_top_inst/u_exec/u_alu/u_mul/Q[0]
    SLICE_X51Y37         LUT1 (Prop_lut1_I0_O)        0.124     6.871 r  calc_mode_top_inst/u_exec/u_alu/u_mul/i___51_i_2/O
                         net (fo=4, routed)           0.946     7.818    calc_mode_top_inst/u_exec/u_alu/mult_inst/out_num1[0]
    SLICE_X61Y37         CARRY4 (Prop_carry4_CYINIT_CO[3])
                                                      0.580     8.398 r  calc_mode_top_inst/u_exec/u_alu/i___51_i_1/CO[3]
                         net (fo=1, routed)           0.000     8.398    calc_mode_top_inst/u_exec/u_alu/i___51_i_1_n_0
    SLICE_X61Y38         CARRY4 (Prop_carry4_CI_O[3])
                                                      0.313     8.711 r  calc_mode_top_inst/u_exec/u_alu/i___52_i_1/O[3]
                         net (fo=8, routed)           0.766     9.476    calc_mode_top_inst/u_exec/u_alu/u_trig/angle_prep_inst/wrapped7[1]
    SLICE_X57Y41         LUT3 (Prop_lut3_I0_O)        0.306     9.782 r  calc_mode_top_inst/u_exec/u_alu/u_trig/angle_prep_inst/wrapped5_carry__1_i_11/O
                         net (fo=13, routed)          1.107    10.890    calc_mode_top_inst/u_exec/u_alu/u_trig/angle_prep_inst/wrapped5_carry__1_i_11_n_0
    SLICE_X63Y37         LUT6 (Prop_lut6_I5_O)        0.124    11.014 r  calc_mode_top_inst/u_exec/u_alu/u_trig/angle_prep_inst/wrapped5_carry__1_i_4/O
                         net (fo=1, routed)           0.481    11.495    calc_mode_top_inst/u_exec/u_alu/u_trig/angle_prep_inst/wrapped5_carry__1_i_4_n_0
    SLICE_X60Y37         CARRY4 (Prop_carry4_DI[0]_CO[3])
                                                      0.550    12.045 r  calc_mode_top_inst/u_exec/u_alu/u_trig/angle_prep_inst/wrapped5_carry__1/CO[3]
                         net (fo=1, routed)           0.000    12.045    calc_mode_top_inst/u_exec/u_alu/u_trig/angle_prep_inst/wrapped5_carry__1_n_0
    SLICE_X60Y38         CARRY4 (Prop_carry4_CI_O[3])
                                                      0.315    12.360 r  calc_mode_top_inst/u_exec/u_alu/u_trig/angle_prep_inst/wrapped5_carry__2/O[3]
                         net (fo=3, routed)           0.585    12.945    calc_mode_top_inst/u_exec/u_alu/u_trig/angle_prep_inst/wrapped5_carry__2_n_4
    SLICE_X59Y38         LUT6 (Prop_lut6_I2_O)        0.307    13.252 r  calc_mode_top_inst/u_exec/u_alu/u_trig/angle_prep_inst/wrapped5__92_carry__1_i_11/O
                         net (fo=3, routed)           0.413    13.664    calc_mode_top_inst/u_exec/u_alu/u_trig/angle_prep_inst/wrapped5__92_carry__1_i_11_n_0
    SLICE_X57Y38         LUT5 (Prop_lut5_I4_O)        0.124    13.788 r  calc_mode_top_inst/u_exec/u_alu/u_trig/angle_prep_inst/wrapped5__92_carry__1_i_3/O
                         net (fo=2, routed)           0.741    14.529    calc_mode_top_inst/u_exec/u_alu/u_trig/angle_prep_inst/wrapped5__92_carry__1_i_3_n_0
    SLICE_X58Y38         LUT6 (Prop_lut6_I0_O)        0.124    14.653 r  calc_mode_top_inst/u_exec/u_alu/u_trig/angle_prep_inst/wrapped5__92_carry__1_i_7/O
                         net (fo=1, routed)           0.000    14.653    calc_mode_top_inst/u_exec/u_alu/u_trig/angle_prep_inst/wrapped5__92_carry__1_i_7_n_0
    SLICE_X58Y38         CARRY4 (Prop_carry4_S[1]_CO[3])
                                                      0.550    15.203 r  calc_mode_top_inst/u_exec/u_alu/u_trig/angle_prep_inst/wrapped5__92_carry__1/CO[3]
                         net (fo=1, routed)           0.000    15.203    calc_mode_top_inst/u_exec/u_alu/u_trig/angle_prep_inst/wrapped5__92_carry__1_n_0
    SLICE_X58Y39         CARRY4 (Prop_carry4_CI_CO[3])
                                                      0.114    15.317 r  calc_mode_top_inst/u_exec/u_alu/u_trig/angle_prep_inst/wrapped5__92_carry__2/CO[3]
                         net (fo=1, routed)           0.000    15.317    calc_mode_top_inst/u_exec/u_alu/u_trig/angle_prep_inst/wrapped5__92_carry__2_n_0
    SLICE_X58Y40         CARRY4 (Prop_carry4_CI_CO[3])
                                                      0.114    15.431 r  calc_mode_top_inst/u_exec/u_alu/u_trig/angle_prep_inst/wrapped5__92_carry__3/CO[3]
                         net (fo=1, routed)           0.000    15.431    calc_mode_top_inst/u_exec/u_alu/u_trig/angle_prep_inst/wrapped5__92_carry__3_n_0
    SLICE_X58Y41         CARRY4 (Prop_carry4_CI_CO[3])
                                                      0.114    15.545 r  calc_mode_top_inst/u_exec/u_alu/u_trig/angle_prep_inst/wrapped5__92_carry__4/CO[3]
                         net (fo=1, routed)           0.000    15.545    calc_mode_top_inst/u_exec/u_alu/u_trig/angle_prep_inst/wrapped5__92_carry__4_n_0
    SLICE_X58Y42         CARRY4 (Prop_carry4_CI_CO[3])
                                                      0.114    15.659 r  calc_mode_top_inst/u_exec/u_alu/u_trig/angle_prep_inst/wrapped5__92_carry__5/CO[3]
                         net (fo=1, routed)           0.000    15.659    calc_mode_top_inst/u_exec/u_alu/u_trig/angle_prep_inst/wrapped5__92_carry__5_n_0
    SLICE_X58Y43         CARRY4 (Prop_carry4_CI_O[1])
                                                      0.334    15.993 r  calc_mode_top_inst/u_exec/u_alu/u_trig/angle_prep_inst/wrapped5__92_carry__6/O[1]
                         net (fo=15, routed)          1.319    17.312    calc_mode_top_inst/u_exec/u_alu/u_trig/angle_prep_inst/wrapped5__92_carry__6_n_6
    SLICE_X54Y41         LUT3 (Prop_lut3_I0_O)        0.329    17.641 r  calc_mode_top_inst/u_exec/u_alu/u_trig/angle_prep_inst/wrapped5__174_carry__2_i_9/O
                         net (fo=2, routed)           0.468    18.109    calc_mode_top_inst/u_exec/u_alu/u_trig/angle_prep_inst/wrapped5__174_carry__2_i_9_n_0
    SLICE_X54Y41         LUT5 (Prop_lut5_I4_O)        0.328    18.437 r  calc_mode_top_inst/u_exec/u_alu/u_trig/angle_prep_inst/wrapped5__174_carry__2_i_3/O
                         net (fo=1, routed)           0.568    19.005    calc_mode_top_inst/u_exec/u_alu/u_trig/angle_prep_inst/wrapped5__174_carry__2_i_3_n_0
    SLICE_X55Y41         CARRY4 (Prop_carry4_DI[1]_CO[3])
                                                      0.507    19.512 r  calc_mode_top_inst/u_exec/u_alu/u_trig/angle_prep_inst/wrapped5__174_carry__2/CO[3]
                         net (fo=1, routed)           0.000    19.512    calc_mode_top_inst/u_exec/u_alu/u_trig/angle_prep_inst/wrapped5__174_carry__2_n_0
    SLICE_X55Y42         CARRY4 (Prop_carry4_CI_O[1])
                                                      0.334    19.846 r  calc_mode_top_inst/u_exec/u_alu/u_trig/angle_prep_inst/wrapped5__174_carry__3/O[1]
                         net (fo=3, routed)           0.503    20.350    calc_mode_top_inst/u_exec/u_alu/u_trig/angle_prep_inst/wrapped5__174_carry__3_n_6
    SLICE_X57Y42         LUT4 (Prop_lut4_I0_O)        0.303    20.653 r  calc_mode_top_inst/u_exec/u_alu/u_trig/angle_prep_inst/wrapped5__230_carry__4_i_2/O
                         net (fo=1, routed)           0.598    21.251    calc_mode_top_inst/u_exec/u_alu/u_trig/angle_prep_inst/wrapped5__230_carry__4_i_2_n_0
    SLICE_X56Y41         CARRY4 (Prop_carry4_DI[0]_CO[1])
                                                      0.488    21.739 r  calc_mode_top_inst/u_exec/u_alu/u_trig/angle_prep_inst/wrapped5__230_carry__4/CO[1]
                         net (fo=17, routed)          0.828    22.566    calc_mode_top_inst/u_exec/u_alu/u_trig/angle_prep_inst/wrapped5__230_carry__4_n_2
    SLICE_X54Y37         LUT6 (Prop_lut6_I1_O)        0.332    22.898 r  calc_mode_top_inst/u_exec/u_alu/u_trig/angle_prep_inst/wrapped3_i_36/O
                         net (fo=1, routed)           0.430    23.329    calc_mode_top_inst/u_exec/u_alu/u_trig/angle_prep_inst/wrapped3_i_36_n_0
    SLICE_X53Y37         CARRY4 (Prop_carry4_S[0]_CO[3])
                                                      0.656    23.985 r  calc_mode_top_inst/u_exec/u_alu/u_trig/angle_prep_inst/wrapped3_i_21/CO[3]
                         net (fo=1, routed)           0.000    23.985    calc_mode_top_inst/u_exec/u_alu/u_trig/angle_prep_inst/wrapped3_i_21_n_0
    SLICE_X53Y38         CARRY4 (Prop_carry4_CI_CO[3])
                                                      0.114    24.099 r  calc_mode_top_inst/u_exec/u_alu/u_trig/angle_prep_inst/wrapped3_i_20/CO[3]
                         net (fo=1, routed)           0.000    24.099    calc_mode_top_inst/u_exec/u_alu/u_trig/angle_prep_inst/wrapped3_i_20_n_0
    SLICE_X53Y39         CARRY4 (Prop_carry4_CI_CO[3])
                                                      0.114    24.213 r  calc_mode_top_inst/u_exec/u_alu/u_trig/angle_prep_inst/wrapped3_i_19/CO[3]
                         net (fo=1, routed)           0.000    24.213    calc_mode_top_inst/u_exec/u_alu/u_trig/angle_prep_inst/wrapped3_i_19_n_0
    SLICE_X53Y40         CARRY4 (Prop_carry4_CI_CO[2])
                                                      0.228    24.441 f  calc_mode_top_inst/u_exec/u_alu/u_trig/angle_prep_inst/wrapped3_i_17/CO[2]
                         net (fo=1, routed)           0.590    25.030    calc_mode_top_inst/u_exec/u_alu/u_trig/angle_prep_inst/wrapped3_i_17_n_1
    SLICE_X54Y38         LUT2 (Prop_lut2_I1_O)        0.313    25.343 r  calc_mode_top_inst/u_exec/u_alu/u_trig/angle_prep_inst/wrapped3_i_1/O
                         net (fo=15, routed)          0.718    26.061    calc_mode_top_inst/u_exec/u_alu/u_trig/angle_prep_inst/A[24]
    DSP48_X1Y15          DSP48E1 (Prop_dsp48e1_A[23]_P[0])
                                                      3.841    29.902 r  calc_mode_top_inst/u_exec/u_alu/u_trig/angle_prep_inst/wrapped3/P[0]
                         net (fo=7, routed)           0.974    30.876    calc_mode_top_inst/u_exec/u_alu_n_524
    SLICE_X54Y29         LUT2 (Prop_lut2_I1_O)        0.124    31.000 r  calc_mode_top_inst/u_exec/i___305_rep/O
                         net (fo=1, routed)           0.000    31.000    calc_mode_top_inst/u_exec/u_alu/u_trig/angle_prep_inst/b_q_reg[3][0]
    SLICE_X54Y29         CARRY4 (Prop_carry4_S[0]_CO[3])
                                                      0.513    31.513 r  calc_mode_top_inst/u_exec/u_alu/u_trig/angle_prep_inst/principal_angle1_carry_i_9/CO[3]
                         net (fo=1, routed)           0.000    31.513    calc_mode_top_inst/u_exec/u_alu/u_trig/angle_prep_inst/principal_angle1_carry_i_9_n_0
    SLICE_X54Y30         CARRY4 (Prop_carry4_CI_CO[3])
                                                      0.117    31.630 r  calc_mode_top_inst/u_exec/u_alu/u_trig/angle_prep_inst/principal_angle1_carry_i_11/CO[3]
                         net (fo=1, routed)           0.000    31.630    calc_mode_top_inst/u_exec/u_alu/u_trig/angle_prep_inst/principal_angle1_carry_i_11_n_0
    SLICE_X54Y31         CARRY4 (Prop_carry4_CI_CO[3])
                                                      0.117    31.747 r  calc_mode_top_inst/u_exec/u_alu/u_trig/angle_prep_inst/principal_angle1_carry_i_12/CO[3]
                         net (fo=1, routed)           0.000    31.747    calc_mode_top_inst/u_exec/u_alu/u_trig/angle_prep_inst/principal_angle1_carry_i_12_n_0
    SLICE_X54Y32         CARRY4 (Prop_carry4_CI_CO[3])
                                                      0.117    31.864 r  calc_mode_top_inst/u_exec/u_alu/u_trig/angle_prep_inst/principal_angle1_carry_i_16/CO[3]
                         net (fo=1, routed)           0.000    31.864    calc_mode_top_inst/u_exec/u_alu/u_trig/angle_prep_inst/principal_angle1_carry_i_16_n_0
    SLICE_X54Y33         CARRY4 (Prop_carry4_CI_CO[3])
                                                      0.117    31.981 r  calc_mode_top_inst/u_exec/u_alu/u_trig/angle_prep_inst/principal_angle1_carry_i_15/CO[3]
                         net (fo=1, routed)           0.000    31.981    calc_mode_top_inst/u_exec/u_alu/u_trig/angle_prep_inst/principal_angle1_carry_i_15_n_0
    SLICE_X54Y34         CARRY4 (Prop_carry4_CI_CO[3])
                                                      0.117    32.098 r  calc_mode_top_inst/u_exec/u_alu/u_trig/angle_prep_inst/principal_angle1_carry_i_13/CO[3]
                         net (fo=1, routed)           0.000    32.098    calc_mode_top_inst/u_exec/u_alu/u_trig/angle_prep_inst/principal_angle1_carry_i_13_n_0
    SLICE_X54Y35         CARRY4 (Prop_carry4_CI_O[0])
                                                      0.219    32.317 r  calc_mode_top_inst/u_exec/u_alu/u_trig/angle_prep_inst/principal_angle1_carry_i_10/O[0]
                         net (fo=71, routed)          0.824    33.141    calc_mode_top_inst/u_exec/u_alu/u_trig/angle_prep_inst/wrapped2__0[24]
    SLICE_X51Y28         LUT6 (Prop_lut6_I3_O)        0.295    33.436 r  calc_mode_top_inst/u_exec/u_alu/u_trig/angle_prep_inst/i__carry_i_1/O
                         net (fo=1, routed)           0.548    33.984    calc_mode_top_inst/u_exec/u_alu/u_trig/angle_prep_inst/i__carry_i_1_n_0
    SLICE_X49Y29         CARRY4 (Prop_carry4_CYINIT_CO[3])
                                                      0.580    34.564 r  calc_mode_top_inst/u_exec/u_alu/u_trig/angle_prep_inst/principal_angle1_inferred__0/i__carry/CO[3]
                         net (fo=1, routed)           0.000    34.564    calc_mode_top_inst/u_exec/u_alu/u_trig/angle_prep_inst/principal_angle1_inferred__0/i__carry_n_0
    SLICE_X49Y30         CARRY4 (Prop_carry4_CI_CO[1])
                                                      0.157    34.721 r  calc_mode_top_inst/u_exec/u_alu/u_trig/angle_prep_inst/principal_angle1_inferred__0/i__carry__0/CO[1]
                         net (fo=80, routed)          0.779    35.500    calc_mode_top_inst/u_exec/u_alu/u_trig/angle_prep_inst/z_reg[9][0]
    SLICE_X50Y25         LUT2 (Prop_lut2_I0_O)        0.329    35.829 r  calc_mode_top_inst/u_exec/u_alu/u_trig/angle_prep_inst/z[14]_i_4/O
                         net (fo=1, routed)           0.520    36.349    calc_mode_top_inst/u_exec/u_alu/u_trig/angle_prep_inst/z[14]_i_4_n_0
    SLICE_X50Y26         CARRY4 (Prop_carry4_CYINIT_O[1])
                                                      0.630    36.979 r  calc_mode_top_inst/u_exec/u_alu/u_trig/angle_prep_inst/z_reg[14]_i_2/O[1]
                         net (fo=1, routed)           0.956    37.935    calc_mode_top_inst/u_exec/u_alu/u_trig/CORDIC_trigo_inst/b_q_reg[0]_0[0]
    SLICE_X44Y16         LUT6 (Prop_lut6_I0_O)        0.306    38.241 r  calc_mode_top_inst/u_exec/u_alu/u_trig/CORDIC_trigo_inst/z[12]_i_1/O
                         net (fo=1, routed)           0.000    38.241    calc_mode_top_inst/u_exec/u_alu/u_trig/CORDIC_trigo_inst/z[12]
    SLICE_X44Y16         FDRE                                         r  calc_mode_top_inst/u_exec/u_alu/u_trig/CORDIC_trigo_inst/z_reg[12]/D
  -------------------------------------------------------------------    -------------------

                         (clock sys_clk_pin rise edge)
                                                     40.000    40.000 r  
    W5                                                0.000    40.000 r  clk (IN)
                         net (fo=0)                   0.000    40.000    clk
    W5                   IBUF (Prop_ibuf_I_O)         1.388    41.388 r  clk_IBUF_inst/O
                         net (fo=1, routed)           1.862    43.250    clk_IBUF
    BUFGCTRL_X0Y0        BUFG (Prop_bufg_I_O)         0.091    43.341 r  clk_IBUF_BUFG_inst/O
                         net (fo=5432, routed)        1.441    44.782    calc_mode_top_inst/u_exec/u_alu/u_trig/CORDIC_trigo_inst/clk_IBUF_BUFG
    SLICE_X44Y16         FDRE                                         r  calc_mode_top_inst/u_exec/u_alu/u_trig/CORDIC_trigo_inst/z_reg[12]/C
                         clock pessimism              0.274    45.056    
                         clock uncertainty           -0.035    45.021    
    SLICE_X44Y16         FDRE (Setup_fdre_C_D)        0.031    45.052    calc_mode_top_inst/u_exec/u_alu/u_trig/CORDIC_trigo_inst/z_reg[12]
  -------------------------------------------------------------------
                         required time                         45.052    
                         arrival time                         -38.241    
  -------------------------------------------------------------------
                         slack                                  6.811    





Min Delay Paths
--------------------------------------------------------------------------------------
Slack (MET) :             0.042ns  (arrival time - required time)
  Source:                 grapher_module_inst/equation_parser_inst/coeff_reg[0][3]/C
                            (rising edge-triggered cell FDRE clocked by sys_clk_pin  {rise@0.000ns fall@20.000ns period=40.000ns})
  Destination:            grapher_module_inst/equation_parser_inst/parsed_coeff_d_reg[3]/D
                            (rising edge-triggered cell FDRE clocked by sys_clk_pin  {rise@0.000ns fall@20.000ns period=40.000ns})
  Path Group:             sys_clk_pin
  Path Type:              Hold (Min at Fast Process Corner)
  Requirement:            0.000ns  (sys_clk_pin rise@0.000ns - sys_clk_pin rise@0.000ns)
  Data Path Delay:        0.436ns  (logic 0.230ns (52.765%)  route 0.206ns (47.235%))
  Logic Levels:           1  (LUT3=1)
  Clock Path Skew:        0.263ns (DCD - SCD - CPR)
    Destination Clock Delay (DCD):    1.958ns
    Source Clock Delay      (SCD):    1.446ns
    Clock Pessimism Removal (CPR):    0.249ns

    Location             Delay type                Incr(ns)  Path(ns)    Netlist Resource(s)
  -------------------------------------------------------------------    -------------------
                         (clock sys_clk_pin rise edge)
                                                      0.000     0.000 r  
    W5                                                0.000     0.000 r  clk (IN)
                         net (fo=0)                   0.000     0.000    clk
    W5                   IBUF (Prop_ibuf_I_O)         0.226     0.226 r  clk_IBUF_inst/O
                         net (fo=1, routed)           0.631     0.858    clk_IBUF
    BUFGCTRL_X0Y0        BUFG (Prop_bufg_I_O)         0.026     0.884 r  clk_IBUF_BUFG_inst/O
                         net (fo=5432, routed)        0.563     1.446    grapher_module_inst/equation_parser_inst/clk_IBUF_BUFG
    SLICE_X36Y46         FDRE                                         r  grapher_module_inst/equation_parser_inst/coeff_reg[0][3]/C
  -------------------------------------------------------------------    -------------------
    SLICE_X36Y46         FDRE (Prop_fdre_C_Q)         0.128     1.574 r  grapher_module_inst/equation_parser_inst/coeff_reg[0][3]/Q
                         net (fo=4, routed)           0.206     1.780    grapher_module_inst/equation_parser_inst/coeff_reg[0]__0[3]
    SLICE_X34Y44         LUT3 (Prop_lut3_I0_O)        0.102     1.882 r  grapher_module_inst/equation_parser_inst/parsed_coeff_d[3]_i_1/O
                         net (fo=1, routed)           0.000     1.882    grapher_module_inst/equation_parser_inst/parsed_coeff_d[3]_i_1_n_0
    SLICE_X34Y44         FDRE                                         r  grapher_module_inst/equation_parser_inst/parsed_coeff_d_reg[3]/D
  -------------------------------------------------------------------    -------------------

                         (clock sys_clk_pin rise edge)
                                                      0.000     0.000 r  
    W5                                                0.000     0.000 r  clk (IN)
                         net (fo=0)                   0.000     0.000    clk
    W5                   IBUF (Prop_ibuf_I_O)         0.414     0.414 r  clk_IBUF_inst/O
                         net (fo=1, routed)           0.685     1.099    clk_IBUF
    BUFGCTRL_X0Y0        BUFG (Prop_bufg_I_O)         0.029     1.128 r  clk_IBUF_BUFG_inst/O
                         net (fo=5432, routed)        0.831     1.958    grapher_module_inst/equation_parser_inst/clk_IBUF_BUFG
    SLICE_X34Y44         FDRE                                         r  grapher_module_inst/equation_parser_inst/parsed_coeff_d_reg[3]/C
                         clock pessimism             -0.249     1.709    
    SLICE_X34Y44         FDRE (Hold_fdre_C_D)         0.131     1.840    grapher_module_inst/equation_parser_inst/parsed_coeff_d_reg[3]
  -------------------------------------------------------------------
                         required time                         -1.840    
                         arrival time                           1.882    
  -------------------------------------------------------------------
                         slack                                  0.042    

Slack (MET) :             0.046ns  (arrival time - required time)
  Source:                 shared_buffer_inst/shared_equation_buffer_reg[484]/C
                            (rising edge-triggered cell FDRE clocked by sys_clk_pin  {rise@0.000ns fall@20.000ns period=40.000ns})
  Destination:            grapher_module_inst/equation_parser_inst/local_equation_buffer_reg[484]/D
                            (rising edge-triggered cell FDRE clocked by sys_clk_pin  {rise@0.000ns fall@20.000ns period=40.000ns})
  Path Group:             sys_clk_pin
  Path Type:              Hold (Min at Fast Process Corner)
  Requirement:            0.000ns  (sys_clk_pin rise@0.000ns - sys_clk_pin rise@0.000ns)
  Data Path Delay:        0.379ns  (logic 0.141ns (37.218%)  route 0.238ns (62.782%))
  Logic Levels:           0  
  Clock Path Skew:        0.263ns (DCD - SCD - CPR)
    Destination Clock Delay (DCD):    1.949ns
    Source Clock Delay      (SCD):    1.437ns
    Clock Pessimism Removal (CPR):    0.249ns

    Location             Delay type                Incr(ns)  Path(ns)    Netlist Resource(s)
  -------------------------------------------------------------------    -------------------
                         (clock sys_clk_pin rise edge)
                                                      0.000     0.000 r  
    W5                                                0.000     0.000 r  clk (IN)
                         net (fo=0)                   0.000     0.000    clk
    W5                   IBUF (Prop_ibuf_I_O)         0.226     0.226 r  clk_IBUF_inst/O
                         net (fo=1, routed)           0.631     0.858    clk_IBUF
    BUFGCTRL_X0Y0        BUFG (Prop_bufg_I_O)         0.026     0.884 r  clk_IBUF_BUFG_inst/O
                         net (fo=5432, routed)        0.554     1.437    shared_buffer_inst/clk_IBUF_BUFG
    SLICE_X37Y68         FDRE                                         r  shared_buffer_inst/shared_equation_buffer_reg[484]/C
  -------------------------------------------------------------------    -------------------
    SLICE_X37Y68         FDRE (Prop_fdre_C_Q)         0.141     1.578 r  shared_buffer_inst/shared_equation_buffer_reg[484]/Q
                         net (fo=5, routed)           0.238     1.816    grapher_module_inst/equation_parser_inst/shared_equation_buffer_reg[511][484]
    SLICE_X31Y67         FDRE                                         r  grapher_module_inst/equation_parser_inst/local_equation_buffer_reg[484]/D
  -------------------------------------------------------------------    -------------------

                         (clock sys_clk_pin rise edge)
                                                      0.000     0.000 r  
    W5                                                0.000     0.000 r  clk (IN)
                         net (fo=0)                   0.000     0.000    clk
    W5                   IBUF (Prop_ibuf_I_O)         0.414     0.414 r  clk_IBUF_inst/O
                         net (fo=1, routed)           0.685     1.099    clk_IBUF
    BUFGCTRL_X0Y0        BUFG (Prop_bufg_I_O)         0.029     1.128 r  clk_IBUF_BUFG_inst/O
                         net (fo=5432, routed)        0.821     1.949    grapher_module_inst/equation_parser_inst/clk_IBUF_BUFG
    SLICE_X31Y67         FDRE                                         r  grapher_module_inst/equation_parser_inst/local_equation_buffer_reg[484]/C
                         clock pessimism             -0.249     1.700    
    SLICE_X31Y67         FDRE (Hold_fdre_C_D)         0.070     1.770    grapher_module_inst/equation_parser_inst/local_equation_buffer_reg[484]
  -------------------------------------------------------------------
                         required time                         -1.770    
                         arrival time                           1.816    
  -------------------------------------------------------------------
                         slack                                  0.046    

Slack (MET) :             0.048ns  (arrival time - required time)
  Source:                 grapher_module_inst/equation_parser_inst/coeff_reg[0][3]/C
                            (rising edge-triggered cell FDRE clocked by sys_clk_pin  {rise@0.000ns fall@20.000ns period=40.000ns})
  Destination:            grapher_module_inst/equation_parser_inst/parsed_coeff_c_reg[3]/D
                            (rising edge-triggered cell FDRE clocked by sys_clk_pin  {rise@0.000ns fall@20.000ns period=40.000ns})
  Path Group:             sys_clk_pin
  Path Type:              Hold (Min at Fast Process Corner)
  Requirement:            0.000ns  (sys_clk_pin rise@0.000ns - sys_clk_pin rise@0.000ns)
  Data Path Delay:        0.432ns  (logic 0.226ns (52.327%)  route 0.206ns (47.673%))
  Logic Levels:           1  (LUT5=1)
  Clock Path Skew:        0.263ns (DCD - SCD - CPR)
    Destination Clock Delay (DCD):    1.958ns
    Source Clock Delay      (SCD):    1.446ns
    Clock Pessimism Removal (CPR):    0.249ns

    Location             Delay type                Incr(ns)  Path(ns)    Netlist Resource(s)
  -------------------------------------------------------------------    -------------------
                         (clock sys_clk_pin rise edge)
                                                      0.000     0.000 r  
    W5                                                0.000     0.000 r  clk (IN)
                         net (fo=0)                   0.000     0.000    clk
    W5                   IBUF (Prop_ibuf_I_O)         0.226     0.226 r  clk_IBUF_inst/O
                         net (fo=1, routed)           0.631     0.858    clk_IBUF
    BUFGCTRL_X0Y0        BUFG (Prop_bufg_I_O)         0.026     0.884 r  clk_IBUF_BUFG_inst/O
                         net (fo=5432, routed)        0.563     1.446    grapher_module_inst/equation_parser_inst/clk_IBUF_BUFG
    SLICE_X36Y46         FDRE                                         r  grapher_module_inst/equation_parser_inst/coeff_reg[0][3]/C
  -------------------------------------------------------------------    -------------------
    SLICE_X36Y46         FDRE (Prop_fdre_C_Q)         0.128     1.574 r  grapher_module_inst/equation_parser_inst/coeff_reg[0][3]/Q
                         net (fo=4, routed)           0.206     1.780    grapher_module_inst/equation_parser_inst/coeff_reg[0]__0[3]
    SLICE_X34Y44         LUT5 (Prop_lut5_I1_O)        0.098     1.878 r  grapher_module_inst/equation_parser_inst/parsed_coeff_c[3]_i_1/O
                         net (fo=1, routed)           0.000     1.878    grapher_module_inst/equation_parser_inst/parsed_coeff_c[3]_i_1_n_0
    SLICE_X34Y44         FDRE                                         r  grapher_module_inst/equation_parser_inst/parsed_coeff_c_reg[3]/D
  -------------------------------------------------------------------    -------------------

                         (clock sys_clk_pin rise edge)
                                                      0.000     0.000 r  
    W5                                                0.000     0.000 r  clk (IN)
                         net (fo=0)                   0.000     0.000    clk
    W5                   IBUF (Prop_ibuf_I_O)         0.414     0.414 r  clk_IBUF_inst/O
                         net (fo=1, routed)           0.685     1.099    clk_IBUF
    BUFGCTRL_X0Y0        BUFG (Prop_bufg_I_O)         0.029     1.128 r  clk_IBUF_BUFG_inst/O
                         net (fo=5432, routed)        0.831     1.958    grapher_module_inst/equation_parser_inst/clk_IBUF_BUFG
    SLICE_X34Y44         FDRE                                         r  grapher_module_inst/equation_parser_inst/parsed_coeff_c_reg[3]/C
                         clock pessimism             -0.249     1.709    
    SLICE_X34Y44         FDRE (Hold_fdre_C_D)         0.121     1.830    grapher_module_inst/equation_parser_inst/parsed_coeff_c_reg[3]
  -------------------------------------------------------------------
                         required time                         -1.830    
                         arrival time                           1.878    
  -------------------------------------------------------------------
                         slack                                  0.048    

Slack (MET) :             0.054ns  (arrival time - required time)
  Source:                 calc_mode_top_inst/u_exec/u_pe/alu_b_reg[11]/C
                            (rising edge-triggered cell FDCE clocked by sys_clk_pin  {rise@0.000ns fall@20.000ns period=40.000ns})
  Destination:            calc_mode_top_inst/u_exec/alu_b_r_reg[11]/D
                            (rising edge-triggered cell FDCE clocked by sys_clk_pin  {rise@0.000ns fall@20.000ns period=40.000ns})
  Path Group:             sys_clk_pin
  Path Type:              Hold (Min at Fast Process Corner)
  Requirement:            0.000ns  (sys_clk_pin rise@0.000ns - sys_clk_pin rise@0.000ns)
  Data Path Delay:        0.383ns  (logic 0.141ns (36.799%)  route 0.242ns (63.201%))
  Logic Levels:           0  
  Clock Path Skew:        0.263ns (DCD - SCD - CPR)
    Destination Clock Delay (DCD):    1.953ns
    Source Clock Delay      (SCD):    1.441ns
    Clock Pessimism Removal (CPR):    0.249ns

    Location             Delay type                Incr(ns)  Path(ns)    Netlist Resource(s)
  -------------------------------------------------------------------    -------------------
                         (clock sys_clk_pin rise edge)
                                                      0.000     0.000 r  
    W5                                                0.000     0.000 r  clk (IN)
                         net (fo=0)                   0.000     0.000    clk
    W5                   IBUF (Prop_ibuf_I_O)         0.226     0.226 r  clk_IBUF_inst/O
                         net (fo=1, routed)           0.631     0.858    clk_IBUF
    BUFGCTRL_X0Y0        BUFG (Prop_bufg_I_O)         0.026     0.884 r  clk_IBUF_BUFG_inst/O
                         net (fo=5432, routed)        0.558     1.441    calc_mode_top_inst/u_exec/u_pe/clk_IBUF_BUFG
    SLICE_X33Y16         FDCE                                         r  calc_mode_top_inst/u_exec/u_pe/alu_b_reg[11]/C
  -------------------------------------------------------------------    -------------------
    SLICE_X33Y16         FDCE (Prop_fdce_C_Q)         0.141     1.582 r  calc_mode_top_inst/u_exec/u_pe/alu_b_reg[11]/Q
                         net (fo=1, routed)           0.242     1.824    calc_mode_top_inst/u_exec/pe_alu_b[11]
    SLICE_X40Y16         FDCE                                         r  calc_mode_top_inst/u_exec/alu_b_r_reg[11]/D
  -------------------------------------------------------------------    -------------------

                         (clock sys_clk_pin rise edge)
                                                      0.000     0.000 r  
    W5                                                0.000     0.000 r  clk (IN)
                         net (fo=0)                   0.000     0.000    clk
    W5                   IBUF (Prop_ibuf_I_O)         0.414     0.414 r  clk_IBUF_inst/O
                         net (fo=1, routed)           0.685     1.099    clk_IBUF
    BUFGCTRL_X0Y0        BUFG (Prop_bufg_I_O)         0.029     1.128 r  clk_IBUF_BUFG_inst/O
                         net (fo=5432, routed)        0.826     1.953    calc_mode_top_inst/u_exec/clk_IBUF_BUFG
    SLICE_X40Y16         FDCE                                         r  calc_mode_top_inst/u_exec/alu_b_r_reg[11]/C
                         clock pessimism             -0.249     1.704    
    SLICE_X40Y16         FDCE (Hold_fdce_C_D)         0.066     1.770    calc_mode_top_inst/u_exec/alu_b_r_reg[11]
  -------------------------------------------------------------------
                         required time                         -1.770    
                         arrival time                           1.824    
  -------------------------------------------------------------------
                         slack                                  0.054    

Slack (MET) :             0.057ns  (arrival time - required time)
  Source:                 calc_mode_top_inst/u_exec/u_alu/u_log/rom_addr_reg[0]/C
                            (rising edge-triggered cell FDCE clocked by sys_clk_pin  {rise@0.000ns fall@20.000ns period=40.000ns})
  Destination:            calc_mode_top_inst/u_exec/u_alu/u_log/rom_inst/U0/inst_blk_mem_gen/gnbram.gnativebmg.native_blk_mem_gen/valid.cstr/ramloop[0].ram.r/prim_init.ram/DEVICE_7SERIES.NO_BMM_INFO.SP.SIMPLE_PRIM36.ram/ADDRARDADDR[3]
                            (rising edge-triggered cell RAMB36E1 clocked by sys_clk_pin  {rise@0.000ns fall@20.000ns period=40.000ns})
  Path Group:             sys_clk_pin
  Path Type:              Hold (Min at Fast Process Corner)
  Requirement:            0.000ns  (sys_clk_pin rise@0.000ns - sys_clk_pin rise@0.000ns)
  Data Path Delay:        0.299ns  (logic 0.141ns (47.203%)  route 0.158ns (52.797%))
  Logic Levels:           0  
  Clock Path Skew:        0.058ns (DCD - SCD - CPR)
    Destination Clock Delay (DCD):    2.005ns
    Source Clock Delay      (SCD):    1.448ns
    Clock Pessimism Removal (CPR):    0.498ns

    Location             Delay type                Incr(ns)  Path(ns)    Netlist Resource(s)
  -------------------------------------------------------------------    -------------------
                         (clock sys_clk_pin rise edge)
                                                      0.000     0.000 r  
    W5                                                0.000     0.000 r  clk (IN)
                         net (fo=0)                   0.000     0.000    clk
    W5                   IBUF (Prop_ibuf_I_O)         0.226     0.226 r  clk_IBUF_inst/O
                         net (fo=1, routed)           0.631     0.858    clk_IBUF
    BUFGCTRL_X0Y0        BUFG (Prop_bufg_I_O)         0.026     0.884 r  clk_IBUF_BUFG_inst/O
                         net (fo=5432, routed)        0.565     1.448    calc_mode_top_inst/u_exec/u_alu/u_log/clk_IBUF_BUFG
    SLICE_X49Y8          FDCE                                         r  calc_mode_top_inst/u_exec/u_alu/u_log/rom_addr_reg[0]/C
  -------------------------------------------------------------------    -------------------
    SLICE_X49Y8          FDCE (Prop_fdce_C_Q)         0.141     1.589 r  calc_mode_top_inst/u_exec/u_alu/u_log/rom_addr_reg[0]/Q
                         net (fo=1, routed)           0.158     1.747    calc_mode_top_inst/u_exec/u_alu/u_log/rom_inst/U0/inst_blk_mem_gen/gnbram.gnativebmg.native_blk_mem_gen/valid.cstr/ramloop[0].ram.r/prim_init.ram/addra[0]
    RAMB36_X1Y1          RAMB36E1                                     r  calc_mode_top_inst/u_exec/u_alu/u_log/rom_inst/U0/inst_blk_mem_gen/gnbram.gnativebmg.native_blk_mem_gen/valid.cstr/ramloop[0].ram.r/prim_init.ram/DEVICE_7SERIES.NO_BMM_INFO.SP.SIMPLE_PRIM36.ram/ADDRARDADDR[3]
  -------------------------------------------------------------------    -------------------

                         (clock sys_clk_pin rise edge)
                                                      0.000     0.000 r  
    W5                                                0.000     0.000 r  clk (IN)
                         net (fo=0)                   0.000     0.000    clk
    W5                   IBUF (Prop_ibuf_I_O)         0.414     0.414 r  clk_IBUF_inst/O
                         net (fo=1, routed)           0.685     1.099    clk_IBUF
    BUFGCTRL_X0Y0        BUFG (Prop_bufg_I_O)         0.029     1.128 r  clk_IBUF_BUFG_inst/O
                         net (fo=5432, routed)        0.877     2.005    calc_mode_top_inst/u_exec/u_alu/u_log/rom_inst/U0/inst_blk_mem_gen/gnbram.gnativebmg.native_blk_mem_gen/valid.cstr/ramloop[0].ram.r/prim_init.ram/clka
    RAMB36_X1Y1          RAMB36E1                                     r  calc_mode_top_inst/u_exec/u_alu/u_log/rom_inst/U0/inst_blk_mem_gen/gnbram.gnativebmg.native_blk_mem_gen/valid.cstr/ramloop[0].ram.r/prim_init.ram/DEVICE_7SERIES.NO_BMM_INFO.SP.SIMPLE_PRIM36.ram/CLKARDCLK
                         clock pessimism             -0.498     1.507    
    RAMB36_X1Y1          RAMB36E1 (Hold_ramb36e1_CLKARDCLK_ADDRARDADDR[3])
                                                      0.183     1.690    calc_mode_top_inst/u_exec/u_alu/u_log/rom_inst/U0/inst_blk_mem_gen/gnbram.gnativebmg.native_blk_mem_gen/valid.cstr/ramloop[0].ram.r/prim_init.ram/DEVICE_7SERIES.NO_BMM_INFO.SP.SIMPLE_PRIM36.ram
  -------------------------------------------------------------------
                         required time                         -1.690    
                         arrival time                           1.747    
  -------------------------------------------------------------------
                         slack                                  0.057    

Slack (MET) :             0.062ns  (arrival time - required time)
  Source:                 calc_mode_top_inst/u_exec/u_pe/A_reg[10]/C
                            (rising edge-triggered cell FDCE clocked by sys_clk_pin  {rise@0.000ns fall@20.000ns period=40.000ns})
  Destination:            calc_mode_top_inst/u_exec/u_pe/alu_a_reg[10]/D
                            (rising edge-triggered cell FDCE clocked by sys_clk_pin  {rise@0.000ns fall@20.000ns period=40.000ns})
  Path Group:             sys_clk_pin
  Path Type:              Hold (Min at Fast Process Corner)
  Requirement:            0.000ns  (sys_clk_pin rise@0.000ns - sys_clk_pin rise@0.000ns)
  Data Path Delay:        0.417ns  (logic 0.186ns (44.603%)  route 0.231ns (55.397%))
  Logic Levels:           1  (LUT5=1)
  Clock Path Skew:        0.263ns (DCD - SCD - CPR)
    Destination Clock Delay (DCD):    1.950ns
    Source Clock Delay      (SCD):    1.438ns
    Clock Pessimism Removal (CPR):    0.249ns

    Location             Delay type                Incr(ns)  Path(ns)    Netlist Resource(s)
  -------------------------------------------------------------------    -------------------
                         (clock sys_clk_pin rise edge)
                                                      0.000     0.000 r  
    W5                                                0.000     0.000 r  clk (IN)
                         net (fo=0)                   0.000     0.000    clk
    W5                   IBUF (Prop_ibuf_I_O)         0.226     0.226 r  clk_IBUF_inst/O
                         net (fo=1, routed)           0.631     0.858    clk_IBUF
    BUFGCTRL_X0Y0        BUFG (Prop_bufg_I_O)         0.026     0.884 r  clk_IBUF_BUFG_inst/O
                         net (fo=5432, routed)        0.555     1.438    calc_mode_top_inst/u_exec/u_pe/clk_IBUF_BUFG
    SLICE_X33Y19         FDCE                                         r  calc_mode_top_inst/u_exec/u_pe/A_reg[10]/C
  -------------------------------------------------------------------    -------------------
    SLICE_X33Y19         FDCE (Prop_fdce_C_Q)         0.141     1.579 r  calc_mode_top_inst/u_exec/u_pe/A_reg[10]/Q
                         net (fo=1, routed)           0.231     1.810    calc_mode_top_inst/u_exec/u_pe/A_reg_n_0_[10]
    SLICE_X40Y19         LUT5 (Prop_lut5_I4_O)        0.045     1.855 r  calc_mode_top_inst/u_exec/u_pe/alu_a[10]_i_1/O
                         net (fo=1, routed)           0.000     1.855    calc_mode_top_inst/u_exec/u_pe/alu_a[10]_i_1_n_0
    SLICE_X40Y19         FDCE                                         r  calc_mode_top_inst/u_exec/u_pe/alu_a_reg[10]/D
  -------------------------------------------------------------------    -------------------

                         (clock sys_clk_pin rise edge)
                                                      0.000     0.000 r  
    W5                                                0.000     0.000 r  clk (IN)
                         net (fo=0)                   0.000     0.000    clk
    W5                   IBUF (Prop_ibuf_I_O)         0.414     0.414 r  clk_IBUF_inst/O
                         net (fo=1, routed)           0.685     1.099    clk_IBUF
    BUFGCTRL_X0Y0        BUFG (Prop_bufg_I_O)         0.029     1.128 r  clk_IBUF_BUFG_inst/O
                         net (fo=5432, routed)        0.823     1.950    calc_mode_top_inst/u_exec/u_pe/clk_IBUF_BUFG
    SLICE_X40Y19         FDCE                                         r  calc_mode_top_inst/u_exec/u_pe/alu_a_reg[10]/C
                         clock pessimism             -0.249     1.701    
    SLICE_X40Y19         FDCE (Hold_fdce_C_D)         0.092     1.793    calc_mode_top_inst/u_exec/u_pe/alu_a_reg[10]
  -------------------------------------------------------------------
                         required time                         -1.793    
                         arrival time                           1.855    
  -------------------------------------------------------------------
                         slack                                  0.062    

Slack (MET) :             0.066ns  (arrival time - required time)
  Source:                 calc_mode_top_inst/u_exec/alu_b_r_reg[23]/C
                            (rising edge-triggered cell FDCE clocked by sys_clk_pin  {rise@0.000ns fall@20.000ns period=40.000ns})
  Destination:            calc_mode_top_inst/u_exec/u_alu/b_q_reg[23]/D
                            (rising edge-triggered cell FDCE clocked by sys_clk_pin  {rise@0.000ns fall@20.000ns period=40.000ns})
  Path Group:             sys_clk_pin
  Path Type:              Hold (Min at Fast Process Corner)
  Requirement:            0.000ns  (sys_clk_pin rise@0.000ns - sys_clk_pin rise@0.000ns)
  Data Path Delay:        0.450ns  (logic 0.209ns (46.417%)  route 0.241ns (53.583%))
  Logic Levels:           1  (LUT2=1)
  Clock Path Skew:        0.263ns (DCD - SCD - CPR)
    Destination Clock Delay (DCD):    1.950ns
    Source Clock Delay      (SCD):    1.438ns
    Clock Pessimism Removal (CPR):    0.249ns

    Location             Delay type                Incr(ns)  Path(ns)    Netlist Resource(s)
  -------------------------------------------------------------------    -------------------
                         (clock sys_clk_pin rise edge)
                                                      0.000     0.000 r  
    W5                                                0.000     0.000 r  clk (IN)
                         net (fo=0)                   0.000     0.000    clk
    W5                   IBUF (Prop_ibuf_I_O)         0.226     0.226 r  clk_IBUF_inst/O
                         net (fo=1, routed)           0.631     0.858    clk_IBUF
    BUFGCTRL_X0Y0        BUFG (Prop_bufg_I_O)         0.026     0.884 r  clk_IBUF_BUFG_inst/O
                         net (fo=5432, routed)        0.555     1.438    calc_mode_top_inst/u_exec/clk_IBUF_BUFG
    SLICE_X30Y19         FDCE                                         r  calc_mode_top_inst/u_exec/alu_b_r_reg[23]/C
  -------------------------------------------------------------------    -------------------
    SLICE_X30Y19         FDCE (Prop_fdce_C_Q)         0.164     1.602 r  calc_mode_top_inst/u_exec/alu_b_r_reg[23]/Q
                         net (fo=2, routed)           0.241     1.843    calc_mode_top_inst/u_exec/u_alu/alu_b_r_reg[24][23]
    SLICE_X42Y19         LUT2 (Prop_lut2_I0_O)        0.045     1.888 r  calc_mode_top_inst/u_exec/u_alu/b_q[23]_i_1/O
                         net (fo=1, routed)           0.000     1.888    calc_mode_top_inst/u_exec/u_alu/b_q[23]
    SLICE_X42Y19         FDCE                                         r  calc_mode_top_inst/u_exec/u_alu/b_q_reg[23]/D
  -------------------------------------------------------------------    -------------------

                         (clock sys_clk_pin rise edge)
                                                      0.000     0.000 r  
    W5                                                0.000     0.000 r  clk (IN)
                         net (fo=0)                   0.000     0.000    clk
    W5                   IBUF (Prop_ibuf_I_O)         0.414     0.414 r  clk_IBUF_inst/O
                         net (fo=1, routed)           0.685     1.099    clk_IBUF
    BUFGCTRL_X0Y0        BUFG (Prop_bufg_I_O)         0.029     1.128 r  clk_IBUF_BUFG_inst/O
                         net (fo=5432, routed)        0.823     1.950    calc_mode_top_inst/u_exec/u_alu/clk_IBUF_BUFG
    SLICE_X42Y19         FDCE                                         r  calc_mode_top_inst/u_exec/u_alu/b_q_reg[23]/C
                         clock pessimism             -0.249     1.701    
    SLICE_X42Y19         FDCE (Hold_fdce_C_D)         0.121     1.822    calc_mode_top_inst/u_exec/u_alu/b_q_reg[23]
  -------------------------------------------------------------------
                         required time                         -1.822    
                         arrival time                           1.888    
  -------------------------------------------------------------------
                         slack                                  0.066    

Slack (MET) :             0.073ns  (arrival time - required time)
  Source:                 grapher_module_inst/graph_renderer_inst/eg1/expected_y_p5_reg[13]/C
                            (rising edge-triggered cell FDRE clocked by sys_clk_pin  {rise@0.000ns fall@20.000ns period=40.000ns})
  Destination:            grapher_module_inst/graph_renderer_inst/eg1/expected_y_prev_reg[13]/D
                            (rising edge-triggered cell FDRE clocked by sys_clk_pin  {rise@0.000ns fall@20.000ns period=40.000ns})
  Path Group:             sys_clk_pin
  Path Type:              Hold (Min at Fast Process Corner)
  Requirement:            0.000ns  (sys_clk_pin rise@0.000ns - sys_clk_pin rise@0.000ns)
  Data Path Delay:        0.401ns  (logic 0.141ns (35.121%)  route 0.260ns (64.879%))
  Logic Levels:           0  
  Clock Path Skew:        0.258ns (DCD - SCD - CPR)
    Destination Clock Delay (DCD):    1.943ns
    Source Clock Delay      (SCD):    1.436ns
    Clock Pessimism Removal (CPR):    0.249ns

    Location             Delay type                Incr(ns)  Path(ns)    Netlist Resource(s)
  -------------------------------------------------------------------    -------------------
                         (clock sys_clk_pin rise edge)
                                                      0.000     0.000 r  
    W5                                                0.000     0.000 r  clk (IN)
                         net (fo=0)                   0.000     0.000    clk
    W5                   IBUF (Prop_ibuf_I_O)         0.226     0.226 r  clk_IBUF_inst/O
                         net (fo=1, routed)           0.631     0.858    clk_IBUF
    BUFGCTRL_X0Y0        BUFG (Prop_bufg_I_O)         0.026     0.884 r  clk_IBUF_BUFG_inst/O
                         net (fo=5432, routed)        0.553     1.436    grapher_module_inst/graph_renderer_inst/eg1/clk_IBUF_BUFG
    SLICE_X40Y27         FDRE                                         r  grapher_module_inst/graph_renderer_inst/eg1/expected_y_p5_reg[13]/C
  -------------------------------------------------------------------    -------------------
    SLICE_X40Y27         FDRE (Prop_fdre_C_Q)         0.141     1.577 r  grapher_module_inst/graph_renderer_inst/eg1/expected_y_p5_reg[13]/Q
                         net (fo=8, routed)           0.260     1.838    grapher_module_inst/graph_renderer_inst/eg1/expected_y_p5[13]
    SLICE_X35Y26         FDRE                                         r  grapher_module_inst/graph_renderer_inst/eg1/expected_y_prev_reg[13]/D
  -------------------------------------------------------------------    -------------------

                         (clock sys_clk_pin rise edge)
                                                      0.000     0.000 r  
    W5                                                0.000     0.000 r  clk (IN)
                         net (fo=0)                   0.000     0.000    clk
    W5                   IBUF (Prop_ibuf_I_O)         0.414     0.414 r  clk_IBUF_inst/O
                         net (fo=1, routed)           0.685     1.099    clk_IBUF
    BUFGCTRL_X0Y0        BUFG (Prop_bufg_I_O)         0.029     1.128 r  clk_IBUF_BUFG_inst/O
                         net (fo=5432, routed)        0.816     1.943    grapher_module_inst/graph_renderer_inst/eg1/clk_IBUF_BUFG
    SLICE_X35Y26         FDRE                                         r  grapher_module_inst/graph_renderer_inst/eg1/expected_y_prev_reg[13]/C
                         clock pessimism             -0.249     1.694    
    SLICE_X35Y26         FDRE (Hold_fdre_C_D)         0.070     1.764    grapher_module_inst/graph_renderer_inst/eg1/expected_y_prev_reg[13]
  -------------------------------------------------------------------
                         required time                         -1.764    
                         arrival time                           1.838    
  -------------------------------------------------------------------
                         slack                                  0.073    

Slack (MET) :             0.074ns  (arrival time - required time)
  Source:                 grapher_module_inst/graph_type_selector_inst/char_code_reg_reg[1]/C
                            (rising edge-triggered cell FDRE clocked by sys_clk_pin  {rise@0.000ns fall@20.000ns period=40.000ns})
  Destination:            grapher_module_inst/graph_type_selector_inst/font_rom_inst/U0/inst_blk_mem_gen/gnbram.gnativebmg.native_blk_mem_gen/valid.cstr/ramloop[0].ram.r/prim_init.ram/DEVICE_7SERIES.NO_BMM_INFO.SP.SIMPLE_PRIM18.ram/ADDRARDADDR[7]
                            (rising edge-triggered cell RAMB18E1 clocked by sys_clk_pin  {rise@0.000ns fall@20.000ns period=40.000ns})
  Path Group:             sys_clk_pin
  Path Type:              Hold (Min at Fast Process Corner)
  Requirement:            0.000ns  (sys_clk_pin rise@0.000ns - sys_clk_pin rise@0.000ns)
  Data Path Delay:        0.314ns  (logic 0.164ns (52.190%)  route 0.150ns (47.810%))
  Logic Levels:           0  
  Clock Path Skew:        0.057ns (DCD - SCD - CPR)
    Destination Clock Delay (DCD):    2.003ns
    Source Clock Delay      (SCD):    1.447ns
    Clock Pessimism Removal (CPR):    0.498ns

    Location             Delay type                Incr(ns)  Path(ns)    Netlist Resource(s)
  -------------------------------------------------------------------    -------------------
                         (clock sys_clk_pin rise edge)
                                                      0.000     0.000 r  
    W5                                                0.000     0.000 r  clk (IN)
                         net (fo=0)                   0.000     0.000    clk
    W5                   IBUF (Prop_ibuf_I_O)         0.226     0.226 r  clk_IBUF_inst/O
                         net (fo=1, routed)           0.631     0.858    clk_IBUF
    BUFGCTRL_X0Y0        BUFG (Prop_bufg_I_O)         0.026     0.884 r  clk_IBUF_BUFG_inst/O
                         net (fo=5432, routed)        0.564     1.447    grapher_module_inst/graph_type_selector_inst/clk_IBUF_BUFG
    SLICE_X8Y56          FDRE                                         r  grapher_module_inst/graph_type_selector_inst/char_code_reg_reg[1]/C
  -------------------------------------------------------------------    -------------------
    SLICE_X8Y56          FDRE (Prop_fdre_C_Q)         0.164     1.611 r  grapher_module_inst/graph_type_selector_inst/char_code_reg_reg[1]/Q
                         net (fo=1, routed)           0.150     1.761    grapher_module_inst/graph_type_selector_inst/font_rom_inst/U0/inst_blk_mem_gen/gnbram.gnativebmg.native_blk_mem_gen/valid.cstr/ramloop[0].ram.r/prim_init.ram/addra[4]
    RAMB18_X0Y23         RAMB18E1                                     r  grapher_module_inst/graph_type_selector_inst/font_rom_inst/U0/inst_blk_mem_gen/gnbram.gnativebmg.native_blk_mem_gen/valid.cstr/ramloop[0].ram.r/prim_init.ram/DEVICE_7SERIES.NO_BMM_INFO.SP.SIMPLE_PRIM18.ram/ADDRARDADDR[7]
  -------------------------------------------------------------------    -------------------

                         (clock sys_clk_pin rise edge)
                                                      0.000     0.000 r  
    W5                                                0.000     0.000 r  clk (IN)
                         net (fo=0)                   0.000     0.000    clk
    W5                   IBUF (Prop_ibuf_I_O)         0.414     0.414 r  clk_IBUF_inst/O
                         net (fo=1, routed)           0.685     1.099    clk_IBUF
    BUFGCTRL_X0Y0        BUFG (Prop_bufg_I_O)         0.029     1.128 r  clk_IBUF_BUFG_inst/O
                         net (fo=5432, routed)        0.875     2.003    grapher_module_inst/graph_type_selector_inst/font_rom_inst/U0/inst_blk_mem_gen/gnbram.gnativebmg.native_blk_mem_gen/valid.cstr/ramloop[0].ram.r/prim_init.ram/clka
    RAMB18_X0Y23         RAMB18E1                                     r  grapher_module_inst/graph_type_selector_inst/font_rom_inst/U0/inst_blk_mem_gen/gnbram.gnativebmg.native_blk_mem_gen/valid.cstr/ramloop[0].ram.r/prim_init.ram/DEVICE_7SERIES.NO_BMM_INFO.SP.SIMPLE_PRIM18.ram/CLKARDCLK
                         clock pessimism             -0.498     1.505    
    RAMB18_X0Y23         RAMB18E1 (Hold_ramb18e1_CLKARDCLK_ADDRARDADDR[7])
                                                      0.183     1.688    grapher_module_inst/graph_type_selector_inst/font_rom_inst/U0/inst_blk_mem_gen/gnbram.gnativebmg.native_blk_mem_gen/valid.cstr/ramloop[0].ram.r/prim_init.ram/DEVICE_7SERIES.NO_BMM_INFO.SP.SIMPLE_PRIM18.ram
  -------------------------------------------------------------------
                         required time                         -1.688    
                         arrival time                           1.761    
  -------------------------------------------------------------------
                         slack                                  0.074    

Slack (MET) :             0.075ns  (arrival time - required time)
  Source:                 grapher_module_inst/equation_parser_inst/coeff_reg[2][0]/C
                            (rising edge-triggered cell FDRE clocked by sys_clk_pin  {rise@0.000ns fall@20.000ns period=40.000ns})
  Destination:            grapher_module_inst/equation_parser_inst/parsed_coeff_b_reg[0]/D
                            (rising edge-triggered cell FDRE clocked by sys_clk_pin  {rise@0.000ns fall@20.000ns period=40.000ns})
  Path Group:             sys_clk_pin
  Path Type:              Hold (Min at Fast Process Corner)
  Requirement:            0.000ns  (sys_clk_pin rise@0.000ns - sys_clk_pin rise@0.000ns)
  Data Path Delay:        0.429ns  (logic 0.209ns (48.756%)  route 0.220ns (51.244%))
  Logic Levels:           1  (LUT6=1)
  Clock Path Skew:        0.262ns (DCD - SCD - CPR)
    Destination Clock Delay (DCD):    1.958ns
    Source Clock Delay      (SCD):    1.447ns
    Clock Pessimism Removal (CPR):    0.249ns

    Location             Delay type                Incr(ns)  Path(ns)    Netlist Resource(s)
  -------------------------------------------------------------------    -------------------
                         (clock sys_clk_pin rise edge)
                                                      0.000     0.000 r  
    W5                                                0.000     0.000 r  clk (IN)
                         net (fo=0)                   0.000     0.000    clk
    W5                   IBUF (Prop_ibuf_I_O)         0.226     0.226 r  clk_IBUF_inst/O
                         net (fo=1, routed)           0.631     0.858    clk_IBUF
    BUFGCTRL_X0Y0        BUFG (Prop_bufg_I_O)         0.026     0.884 r  clk_IBUF_BUFG_inst/O
                         net (fo=5432, routed)        0.564     1.447    grapher_module_inst/equation_parser_inst/clk_IBUF_BUFG
    SLICE_X38Y47         FDRE                                         r  grapher_module_inst/equation_parser_inst/coeff_reg[2][0]/C
  -------------------------------------------------------------------    -------------------
    SLICE_X38Y47         FDRE (Prop_fdre_C_Q)         0.164     1.611 r  grapher_module_inst/equation_parser_inst/coeff_reg[2][0]/Q
                         net (fo=4, routed)           0.220     1.831    grapher_module_inst/equation_parser_inst/coeff_reg[2]__0[0]
    SLICE_X35Y46         LUT6 (Prop_lut6_I4_O)        0.045     1.876 r  grapher_module_inst/equation_parser_inst/parsed_coeff_b[0]_i_1/O
                         net (fo=1, routed)           0.000     1.876    grapher_module_inst/equation_parser_inst/parsed_coeff_b[0]_i_1_n_0
    SLICE_X35Y46         FDRE                                         r  grapher_module_inst/equation_parser_inst/parsed_coeff_b_reg[0]/D
  -------------------------------------------------------------------    -------------------

                         (clock sys_clk_pin rise edge)
                                                      0.000     0.000 r  
    W5                                                0.000     0.000 r  clk (IN)
                         net (fo=0)                   0.000     0.000    clk
    W5                   IBUF (Prop_ibuf_I_O)         0.414     0.414 r  clk_IBUF_inst/O
                         net (fo=1, routed)           0.685     1.099    clk_IBUF
    BUFGCTRL_X0Y0        BUFG (Prop_bufg_I_O)         0.029     1.128 r  clk_IBUF_BUFG_inst/O
                         net (fo=5432, routed)        0.831     1.958    grapher_module_inst/equation_parser_inst/clk_IBUF_BUFG
    SLICE_X35Y46         FDRE                                         r  grapher_module_inst/equation_parser_inst/parsed_coeff_b_reg[0]/C
                         clock pessimism             -0.249     1.709    
    SLICE_X35Y46         FDRE (Hold_fdre_C_D)         0.092     1.801    grapher_module_inst/equation_parser_inst/parsed_coeff_b_reg[0]
  -------------------------------------------------------------------
                         required time                         -1.801    
                         arrival time                           1.876    
  -------------------------------------------------------------------
                         slack                                  0.075    





Pulse Width Checks
--------------------------------------------------------------------------------------
Clock Name:         sys_clk_pin
Waveform(ns):       { 0.000 20.000 }
Period(ns):         40.000
Sources:            { clk }

Check Type        Corner  Lib Pin      Reference Pin  Required(ns)  Actual(ns)  Slack(ns)  Location      Pin
Min Period        n/a     DSP48E1/CLK  n/a            3.884         40.000      36.116     DSP48_X0Y13   grapher_module_inst/graph_renderer_inst/cg0/x_squared_p2_reg/CLK
Min Period        n/a     DSP48E1/CLK  n/a            3.884         40.000      36.116     DSP48_X0Y9    grapher_module_inst/graph_renderer_inst/eg0/expected_y_p31/CLK
Min Period        n/a     DSP48E1/CLK  n/a            3.884         40.000      36.116     DSP48_X0Y12   grapher_module_inst/graph_renderer_inst/cg0/b_x_squared_p4_reg/CLK
Min Period        n/a     DSP48E1/CLK  n/a            3.884         40.000      36.116     DSP48_X1Y8    grapher_module_inst/graph_renderer_inst/cg1/b_x_squared_p4_reg/CLK
Min Period        n/a     DSP48E1/CLK  n/a            3.884         40.000      36.116     DSP48_X0Y1    grapher_module_inst/graph_renderer_inst/scg1/expected_y_p31/CLK
Min Period        n/a     DSP48E1/CLK  n/a            3.884         40.000      36.116     DSP48_X0Y10   grapher_module_inst/graph_renderer_inst/lng0/expected_y_p31/CLK
Min Period        n/a     DSP48E1/CLK  n/a            3.884         40.000      36.116     DSP48_X0Y3    grapher_module_inst/graph_renderer_inst/scg0/expected_y_p31/CLK
Min Period        n/a     DSP48E1/CLK  n/a            3.884         40.000      36.116     DSP48_X0Y8    grapher_module_inst/graph_renderer_inst/tg0/expected_y_p31/CLK
Min Period        n/a     DSP48E1/CLK  n/a            3.884         40.000      36.116     DSP48_X1Y9    grapher_module_inst/graph_renderer_inst/cg1/x_squared_p2_reg/CLK
Min Period        n/a     DSP48E1/CLK  n/a            3.884         40.000      36.116     DSP48_X1Y7    grapher_module_inst/graph_renderer_inst/eg1/expected_y_p31/CLK
Low Pulse Width   Fast    SRL16E/CLK   n/a            0.980         20.000      19.020     SLICE_X6Y48   grapher_module_inst/graph_renderer_inst/cg0/is_axis_p4_reg_srl4/CLK
Low Pulse Width   Fast    SRL16E/CLK   n/a            0.980         20.000      19.020     SLICE_X2Y42   grapher_module_inst/graph_renderer_inst/lng0/is_axis_p4_reg_srl4/CLK
Low Pulse Width   Fast    SRL16E/CLK   n/a            0.980         20.000      19.020     SLICE_X6Y48   grapher_module_inst/graph_renderer_inst/auto_color_en_p6_reg_srl6/CLK
Low Pulse Width   Fast    SRL16E/CLK   n/a            0.980         20.000      19.020     SLICE_X2Y42   vga_display_handler_inst/video_on_p6_reg_srl6_vga_display_handler_inst_video_on_p6_reg_c/CLK
Low Pulse Width   Slow    SRL16E/CLK   n/a            0.980         20.000      19.020     SLICE_X10Y44  grapher_module_inst/graph_renderer_inst/scg0_cos/is_axis_p4_reg_srl4/CLK
Low Pulse Width   Slow    SRL16E/CLK   n/a            0.980         20.000      19.020     SLICE_X6Y29   grapher_module_inst/graph_renderer_inst/cg0/y_p4_reg[10]_srl3/CLK
Low Pulse Width   Fast    SRL16E/CLK   n/a            0.980         20.000      19.020     SLICE_X2Y11   grapher_module_inst/graph_renderer_inst/scg0_cos/x_valid_p4_reg_srl4/CLK
Low Pulse Width   Fast    SRL16E/CLK   n/a            0.980         20.000      19.020     SLICE_X2Y11   grapher_module_inst/graph_renderer_inst/scg1_cos/x_valid_p4_reg_srl4/CLK
Low Pulse Width   Slow    SRL16E/CLK   n/a            0.980         20.000      19.020     SLICE_X6Y29   grapher_module_inst/graph_renderer_inst/vga_y_p4_reg[0]_srl4/CLK
Low Pulse Width   Slow    SRL16E/CLK   n/a            0.980         20.000      19.020     SLICE_X10Y44  grapher_module_inst/graph_renderer_inst/highlight_intersect_en_p6_reg_srl6/CLK
High Pulse Width  Slow    SRL16E/CLK   n/a            0.980         20.000      19.020     SLICE_X6Y48   grapher_module_inst/graph_renderer_inst/cg0/is_axis_p4_reg_srl4/CLK
High Pulse Width  Slow    SRL16E/CLK   n/a            0.980         20.000      19.020     SLICE_X6Y39   grapher_module_inst/graph_renderer_inst/scg1/color_slot_p4_reg[0]_srl4/CLK
High Pulse Width  Slow    SRL16E/CLK   n/a            0.980         20.000      19.020     SLICE_X6Y39   grapher_module_inst/graph_renderer_inst/scg1/color_slot_p4_reg[1]_srl4/CLK
High Pulse Width  Slow    SRL16E/CLK   n/a            0.980         20.000      19.020     SLICE_X6Y39   grapher_module_inst/graph_renderer_inst/scg1/color_slot_p4_reg[2]_srl4/CLK
High Pulse Width  Slow    SRL16E/CLK   n/a            0.980         20.000      19.020     SLICE_X6Y45   grapher_module_inst/graph_renderer_inst/vga_y_p6_reg[1]_srl6/CLK
High Pulse Width  Slow    SRL16E/CLK   n/a            0.980         20.000      19.020     SLICE_X6Y45   grapher_module_inst/graph_renderer_inst/vga_y_p6_reg[2]_srl6/CLK
High Pulse Width  Slow    SRL16E/CLK   n/a            0.980         20.000      19.020     SLICE_X6Y45   grapher_module_inst/graph_renderer_inst/vga_y_p6_reg[3]_srl6/CLK
High Pulse Width  Slow    SRL16E/CLK   n/a            0.980         20.000      19.020     SLICE_X6Y45   grapher_module_inst/graph_renderer_inst/vga_y_p6_reg[4]_srl6/CLK
High Pulse Width  Slow    SRL16E/CLK   n/a            0.980         20.000      19.020     SLICE_X6Y45   grapher_module_inst/graph_renderer_inst/vga_y_p6_reg[5]_srl6/CLK
High Pulse Width  Slow    SRL16E/CLK   n/a            0.980         20.000      19.020     SLICE_X6Y45   grapher_module_inst/graph_renderer_inst/vga_y_p6_reg[6]_srl6/CLK



---------------------------------------------------------------------------------------------------
Path Group:  **async_default**
From Clock:  sys_clk_pin
  To Clock:  sys_clk_pin

Setup :            0  Failing Endpoints,  Worst Slack       25.456ns,  Total Violation        0.000ns
Hold  :            0  Failing Endpoints,  Worst Slack        0.357ns,  Total Violation        0.000ns
---------------------------------------------------------------------------------------------------


Max Delay Paths
--------------------------------------------------------------------------------------
Slack (MET) :             25.456ns  (required time - arrival time)
  Source:                 current_main_mode_reg[1]/C
                            (rising edge-triggered cell FDCE clocked by sys_clk_pin  {rise@0.000ns fall@20.000ns period=40.000ns})
  Destination:            calc_mode_top_inst/u_exec/u_alu/res_q_reg[8]/CLR
                            (recovery check against rising-edge clock sys_clk_pin  {rise@0.000ns fall@20.000ns period=40.000ns})
  Path Group:             **async_default**
  Path Type:              Recovery (Max at Slow Process Corner)
  Requirement:            40.000ns  (sys_clk_pin rise@40.000ns - sys_clk_pin rise@0.000ns)
  Data Path Delay:        13.986ns  (logic 1.058ns (7.565%)  route 12.928ns (92.435%))
  Logic Levels:           3  (LUT3=1 LUT4=1 LUT6=1)
  Clock Path Skew:        -0.118ns (DCD - SCD + CPR)
    Destination Clock Delay (DCD):    4.781ns = ( 44.781 - 40.000 ) 
    Source Clock Delay      (SCD):    5.079ns
    Clock Pessimism Removal (CPR):    0.180ns
  Clock Uncertainty:      0.035ns  ((TSJ^2 + TIJ^2)^1/2 + DJ) / 2 + PE
    Total System Jitter     (TSJ):    0.071ns
    Total Input Jitter      (TIJ):    0.000ns
    Discrete Jitter          (DJ):    0.000ns
    Phase Error              (PE):    0.000ns

    Location             Delay type                Incr(ns)  Path(ns)    Netlist Resource(s)
  -------------------------------------------------------------------    -------------------
                         (clock sys_clk_pin rise edge)
                                                      0.000     0.000 r  
    W5                                                0.000     0.000 r  clk (IN)
                         net (fo=0)                   0.000     0.000    clk
    W5                   IBUF (Prop_ibuf_I_O)         1.458     1.458 r  clk_IBUF_inst/O
                         net (fo=1, routed)           1.967     3.425    clk_IBUF
    BUFGCTRL_X0Y0        BUFG (Prop_bufg_I_O)         0.096     3.521 r  clk_IBUF_BUFG_inst/O
                         net (fo=5432, routed)        1.558     5.079    clk_IBUF_BUFG
    SLICE_X13Y52         FDCE                                         r  current_main_mode_reg[1]/C
  -------------------------------------------------------------------    -------------------
    SLICE_X13Y52         FDCE (Prop_fdce_C_Q)         0.456     5.535 f  current_main_mode_reg[1]/Q
                         net (fo=57, routed)          4.338     9.873    shared_ascii_inst/current_main_mode_reg[1][1]
    SLICE_X15Y22         LUT3 (Prop_lut3_I2_O)        0.152    10.025 f  shared_ascii_inst/st[4]_i_11/O
                         net (fo=5, routed)           0.866    10.891    shared_ascii_inst/calculator_ascii_valid
    SLICE_X15Y22         LUT6 (Prop_lut6_I0_O)        0.326    11.217 f  shared_ascii_inst/st[4]_i_7/O
                         net (fo=5, routed)           0.339    11.556    shared_ascii_inst/clr_p
    SLICE_X15Y21         LUT4 (Prop_lut4_I3_O)        0.124    11.680 f  shared_ascii_inst/st[4]_i_3/O
                         net (fo=123, routed)         7.385    19.065    calc_mode_top_inst/u_exec/u_alu/current_main_mode_reg[1]_0
    SLICE_X51Y21         FDCE                                         f  calc_mode_top_inst/u_exec/u_alu/res_q_reg[8]/CLR
  -------------------------------------------------------------------    -------------------

                         (clock sys_clk_pin rise edge)
                                                     40.000    40.000 r  
    W5                                                0.000    40.000 r  clk (IN)
                         net (fo=0)                   0.000    40.000    clk
    W5                   IBUF (Prop_ibuf_I_O)         1.388    41.388 r  clk_IBUF_inst/O
                         net (fo=1, routed)           1.862    43.250    clk_IBUF
    BUFGCTRL_X0Y0        BUFG (Prop_bufg_I_O)         0.091    43.341 r  clk_IBUF_BUFG_inst/O
                         net (fo=5432, routed)        1.440    44.781    calc_mode_top_inst/u_exec/u_alu/clk_IBUF_BUFG
    SLICE_X51Y21         FDCE                                         r  calc_mode_top_inst/u_exec/u_alu/res_q_reg[8]/C
                         clock pessimism              0.180    44.961    
                         clock uncertainty           -0.035    44.926    
    SLICE_X51Y21         FDCE (Recov_fdce_C_CLR)     -0.405    44.521    calc_mode_top_inst/u_exec/u_alu/res_q_reg[8]
  -------------------------------------------------------------------
                         required time                         44.521    
                         arrival time                         -19.065    
  -------------------------------------------------------------------
                         slack                                 25.456    

Slack (MET) :             25.456ns  (required time - arrival time)
  Source:                 current_main_mode_reg[1]/C
                            (rising edge-triggered cell FDCE clocked by sys_clk_pin  {rise@0.000ns fall@20.000ns period=40.000ns})
  Destination:            calc_mode_top_inst/u_exec/u_alu/res_q_reg[9]/CLR
                            (recovery check against rising-edge clock sys_clk_pin  {rise@0.000ns fall@20.000ns period=40.000ns})
  Path Group:             **async_default**
  Path Type:              Recovery (Max at Slow Process Corner)
  Requirement:            40.000ns  (sys_clk_pin rise@40.000ns - sys_clk_pin rise@0.000ns)
  Data Path Delay:        13.986ns  (logic 1.058ns (7.565%)  route 12.928ns (92.435%))
  Logic Levels:           3  (LUT3=1 LUT4=1 LUT6=1)
  Clock Path Skew:        -0.118ns (DCD - SCD + CPR)
    Destination Clock Delay (DCD):    4.781ns = ( 44.781 - 40.000 ) 
    Source Clock Delay      (SCD):    5.079ns
    Clock Pessimism Removal (CPR):    0.180ns
  Clock Uncertainty:      0.035ns  ((TSJ^2 + TIJ^2)^1/2 + DJ) / 2 + PE
    Total System Jitter     (TSJ):    0.071ns
    Total Input Jitter      (TIJ):    0.000ns
    Discrete Jitter          (DJ):    0.000ns
    Phase Error              (PE):    0.000ns

    Location             Delay type                Incr(ns)  Path(ns)    Netlist Resource(s)
  -------------------------------------------------------------------    -------------------
                         (clock sys_clk_pin rise edge)
                                                      0.000     0.000 r  
    W5                                                0.000     0.000 r  clk (IN)
                         net (fo=0)                   0.000     0.000    clk
    W5                   IBUF (Prop_ibuf_I_O)         1.458     1.458 r  clk_IBUF_inst/O
                         net (fo=1, routed)           1.967     3.425    clk_IBUF
    BUFGCTRL_X0Y0        BUFG (Prop_bufg_I_O)         0.096     3.521 r  clk_IBUF_BUFG_inst/O
                         net (fo=5432, routed)        1.558     5.079    clk_IBUF_BUFG
    SLICE_X13Y52         FDCE                                         r  current_main_mode_reg[1]/C
  -------------------------------------------------------------------    -------------------
    SLICE_X13Y52         FDCE (Prop_fdce_C_Q)         0.456     5.535 f  current_main_mode_reg[1]/Q
                         net (fo=57, routed)          4.338     9.873    shared_ascii_inst/current_main_mode_reg[1][1]
    SLICE_X15Y22         LUT3 (Prop_lut3_I2_O)        0.152    10.025 f  shared_ascii_inst/st[4]_i_11/O
                         net (fo=5, routed)           0.866    10.891    shared_ascii_inst/calculator_ascii_valid
    SLICE_X15Y22         LUT6 (Prop_lut6_I0_O)        0.326    11.217 f  shared_ascii_inst/st[4]_i_7/O
                         net (fo=5, routed)           0.339    11.556    shared_ascii_inst/clr_p
    SLICE_X15Y21         LUT4 (Prop_lut4_I3_O)        0.124    11.680 f  shared_ascii_inst/st[4]_i_3/O
                         net (fo=123, routed)         7.385    19.065    calc_mode_top_inst/u_exec/u_alu/current_main_mode_reg[1]_0
    SLICE_X51Y21         FDCE                                         f  calc_mode_top_inst/u_exec/u_alu/res_q_reg[9]/CLR
  -------------------------------------------------------------------    -------------------

                         (clock sys_clk_pin rise edge)
                                                     40.000    40.000 r  
    W5                                                0.000    40.000 r  clk (IN)
                         net (fo=0)                   0.000    40.000    clk
    W5                   IBUF (Prop_ibuf_I_O)         1.388    41.388 r  clk_IBUF_inst/O
                         net (fo=1, routed)           1.862    43.250    clk_IBUF
    BUFGCTRL_X0Y0        BUFG (Prop_bufg_I_O)         0.091    43.341 r  clk_IBUF_BUFG_inst/O
                         net (fo=5432, routed)        1.440    44.781    calc_mode_top_inst/u_exec/u_alu/clk_IBUF_BUFG
    SLICE_X51Y21         FDCE                                         r  calc_mode_top_inst/u_exec/u_alu/res_q_reg[9]/C
                         clock pessimism              0.180    44.961    
                         clock uncertainty           -0.035    44.926    
    SLICE_X51Y21         FDCE (Recov_fdce_C_CLR)     -0.405    44.521    calc_mode_top_inst/u_exec/u_alu/res_q_reg[9]
  -------------------------------------------------------------------
                         required time                         44.521    
                         arrival time                         -19.065    
  -------------------------------------------------------------------
                         slack                                 25.456    

Slack (MET) :             25.722ns  (required time - arrival time)
  Source:                 current_main_mode_reg[1]/C
                            (rising edge-triggered cell FDCE clocked by sys_clk_pin  {rise@0.000ns fall@20.000ns period=40.000ns})
  Destination:            calc_mode_top_inst/u_exec/u_alu/res_q_reg[13]/CLR
                            (recovery check against rising-edge clock sys_clk_pin  {rise@0.000ns fall@20.000ns period=40.000ns})
  Path Group:             **async_default**
  Path Type:              Recovery (Max at Slow Process Corner)
  Requirement:            40.000ns  (sys_clk_pin rise@40.000ns - sys_clk_pin rise@0.000ns)
  Data Path Delay:        13.721ns  (logic 1.058ns (7.711%)  route 12.663ns (92.289%))
  Logic Levels:           3  (LUT3=1 LUT4=1 LUT6=1)
  Clock Path Skew:        -0.117ns (DCD - SCD + CPR)
    Destination Clock Delay (DCD):    4.782ns = ( 44.782 - 40.000 ) 
    Source Clock Delay      (SCD):    5.079ns
    Clock Pessimism Removal (CPR):    0.180ns
  Clock Uncertainty:      0.035ns  ((TSJ^2 + TIJ^2)^1/2 + DJ) / 2 + PE
    Total System Jitter     (TSJ):    0.071ns
    Total Input Jitter      (TIJ):    0.000ns
    Discrete Jitter          (DJ):    0.000ns
    Phase Error              (PE):    0.000ns

    Location             Delay type                Incr(ns)  Path(ns)    Netlist Resource(s)
  -------------------------------------------------------------------    -------------------
                         (clock sys_clk_pin rise edge)
                                                      0.000     0.000 r  
    W5                                                0.000     0.000 r  clk (IN)
                         net (fo=0)                   0.000     0.000    clk
    W5                   IBUF (Prop_ibuf_I_O)         1.458     1.458 r  clk_IBUF_inst/O
                         net (fo=1, routed)           1.967     3.425    clk_IBUF
    BUFGCTRL_X0Y0        BUFG (Prop_bufg_I_O)         0.096     3.521 r  clk_IBUF_BUFG_inst/O
                         net (fo=5432, routed)        1.558     5.079    clk_IBUF_BUFG
    SLICE_X13Y52         FDCE                                         r  current_main_mode_reg[1]/C
  -------------------------------------------------------------------    -------------------
    SLICE_X13Y52         FDCE (Prop_fdce_C_Q)         0.456     5.535 f  current_main_mode_reg[1]/Q
                         net (fo=57, routed)          4.338     9.873    shared_ascii_inst/current_main_mode_reg[1][1]
    SLICE_X15Y22         LUT3 (Prop_lut3_I2_O)        0.152    10.025 f  shared_ascii_inst/st[4]_i_11/O
                         net (fo=5, routed)           0.866    10.891    shared_ascii_inst/calculator_ascii_valid
    SLICE_X15Y22         LUT6 (Prop_lut6_I0_O)        0.326    11.217 f  shared_ascii_inst/st[4]_i_7/O
                         net (fo=5, routed)           0.339    11.556    shared_ascii_inst/clr_p
    SLICE_X15Y21         LUT4 (Prop_lut4_I3_O)        0.124    11.680 f  shared_ascii_inst/st[4]_i_3/O
                         net (fo=123, routed)         7.120    18.800    calc_mode_top_inst/u_exec/u_alu/current_main_mode_reg[1]_0
    SLICE_X48Y18         FDCE                                         f  calc_mode_top_inst/u_exec/u_alu/res_q_reg[13]/CLR
  -------------------------------------------------------------------    -------------------

                         (clock sys_clk_pin rise edge)
                                                     40.000    40.000 r  
    W5                                                0.000    40.000 r  clk (IN)
                         net (fo=0)                   0.000    40.000    clk
    W5                   IBUF (Prop_ibuf_I_O)         1.388    41.388 r  clk_IBUF_inst/O
                         net (fo=1, routed)           1.862    43.250    clk_IBUF
    BUFGCTRL_X0Y0        BUFG (Prop_bufg_I_O)         0.091    43.341 r  clk_IBUF_BUFG_inst/O
                         net (fo=5432, routed)        1.441    44.782    calc_mode_top_inst/u_exec/u_alu/clk_IBUF_BUFG
    SLICE_X48Y18         FDCE                                         r  calc_mode_top_inst/u_exec/u_alu/res_q_reg[13]/C
                         clock pessimism              0.180    44.962    
                         clock uncertainty           -0.035    44.927    
    SLICE_X48Y18         FDCE (Recov_fdce_C_CLR)     -0.405    44.522    calc_mode_top_inst/u_exec/u_alu/res_q_reg[13]
  -------------------------------------------------------------------
                         required time                         44.522    
                         arrival time                         -18.800    
  -------------------------------------------------------------------
                         slack                                 25.722    

Slack (MET) :             25.865ns  (required time - arrival time)
  Source:                 current_main_mode_reg[1]/C
                            (rising edge-triggered cell FDCE clocked by sys_clk_pin  {rise@0.000ns fall@20.000ns period=40.000ns})
  Destination:            calc_mode_top_inst/u_exec/u_alu/ovf_q_reg/CLR
                            (recovery check against rising-edge clock sys_clk_pin  {rise@0.000ns fall@20.000ns period=40.000ns})
  Path Group:             **async_default**
  Path Type:              Recovery (Max at Slow Process Corner)
  Requirement:            40.000ns  (sys_clk_pin rise@40.000ns - sys_clk_pin rise@0.000ns)
  Data Path Delay:        13.572ns  (logic 1.058ns (7.795%)  route 12.514ns (92.205%))
  Logic Levels:           3  (LUT3=1 LUT4=1 LUT6=1)
  Clock Path Skew:        -0.123ns (DCD - SCD + CPR)
    Destination Clock Delay (DCD):    4.776ns = ( 44.776 - 40.000 ) 
    Source Clock Delay      (SCD):    5.079ns
    Clock Pessimism Removal (CPR):    0.180ns
  Clock Uncertainty:      0.035ns  ((TSJ^2 + TIJ^2)^1/2 + DJ) / 2 + PE
    Total System Jitter     (TSJ):    0.071ns
    Total Input Jitter      (TIJ):    0.000ns
    Discrete Jitter          (DJ):    0.000ns
    Phase Error              (PE):    0.000ns

    Location             Delay type                Incr(ns)  Path(ns)    Netlist Resource(s)
  -------------------------------------------------------------------    -------------------
                         (clock sys_clk_pin rise edge)
                                                      0.000     0.000 r  
    W5                                                0.000     0.000 r  clk (IN)
                         net (fo=0)                   0.000     0.000    clk
    W5                   IBUF (Prop_ibuf_I_O)         1.458     1.458 r  clk_IBUF_inst/O
                         net (fo=1, routed)           1.967     3.425    clk_IBUF
    BUFGCTRL_X0Y0        BUFG (Prop_bufg_I_O)         0.096     3.521 r  clk_IBUF_BUFG_inst/O
                         net (fo=5432, routed)        1.558     5.079    clk_IBUF_BUFG
    SLICE_X13Y52         FDCE                                         r  current_main_mode_reg[1]/C
  -------------------------------------------------------------------    -------------------
    SLICE_X13Y52         FDCE (Prop_fdce_C_Q)         0.456     5.535 f  current_main_mode_reg[1]/Q
                         net (fo=57, routed)          4.338     9.873    shared_ascii_inst/current_main_mode_reg[1][1]
    SLICE_X15Y22         LUT3 (Prop_lut3_I2_O)        0.152    10.025 f  shared_ascii_inst/st[4]_i_11/O
                         net (fo=5, routed)           0.866    10.891    shared_ascii_inst/calculator_ascii_valid
    SLICE_X15Y22         LUT6 (Prop_lut6_I0_O)        0.326    11.217 f  shared_ascii_inst/st[4]_i_7/O
                         net (fo=5, routed)           0.339    11.556    shared_ascii_inst/clr_p
    SLICE_X15Y21         LUT4 (Prop_lut4_I3_O)        0.124    11.680 f  shared_ascii_inst/st[4]_i_3/O
                         net (fo=123, routed)         6.971    18.651    calc_mode_top_inst/u_exec/u_alu/current_main_mode_reg[1]_0
    SLICE_X55Y24         FDCE                                         f  calc_mode_top_inst/u_exec/u_alu/ovf_q_reg/CLR
  -------------------------------------------------------------------    -------------------

                         (clock sys_clk_pin rise edge)
                                                     40.000    40.000 r  
    W5                                                0.000    40.000 r  clk (IN)
                         net (fo=0)                   0.000    40.000    clk
    W5                   IBUF (Prop_ibuf_I_O)         1.388    41.388 r  clk_IBUF_inst/O
                         net (fo=1, routed)           1.862    43.250    clk_IBUF
    BUFGCTRL_X0Y0        BUFG (Prop_bufg_I_O)         0.091    43.341 r  clk_IBUF_BUFG_inst/O
                         net (fo=5432, routed)        1.435    44.776    calc_mode_top_inst/u_exec/u_alu/clk_IBUF_BUFG
    SLICE_X55Y24         FDCE                                         r  calc_mode_top_inst/u_exec/u_alu/ovf_q_reg/C
                         clock pessimism              0.180    44.956    
                         clock uncertainty           -0.035    44.921    
    SLICE_X55Y24         FDCE (Recov_fdce_C_CLR)     -0.405    44.516    calc_mode_top_inst/u_exec/u_alu/ovf_q_reg
  -------------------------------------------------------------------
                         required time                         44.516    
                         arrival time                         -18.651    
  -------------------------------------------------------------------
                         slack                                 25.865    

Slack (MET) :             25.913ns  (required time - arrival time)
  Source:                 current_main_mode_reg[1]/C
                            (rising edge-triggered cell FDCE clocked by sys_clk_pin  {rise@0.000ns fall@20.000ns period=40.000ns})
  Destination:            calc_mode_top_inst/u_exec/u_alu/res_q_reg[11]/CLR
                            (recovery check against rising-edge clock sys_clk_pin  {rise@0.000ns fall@20.000ns period=40.000ns})
  Path Group:             **async_default**
  Path Type:              Recovery (Max at Slow Process Corner)
  Requirement:            40.000ns  (sys_clk_pin rise@40.000ns - sys_clk_pin rise@0.000ns)
  Data Path Delay:        13.527ns  (logic 1.058ns (7.821%)  route 12.469ns (92.179%))
  Logic Levels:           3  (LUT3=1 LUT4=1 LUT6=1)
  Clock Path Skew:        -0.120ns (DCD - SCD + CPR)
    Destination Clock Delay (DCD):    4.779ns = ( 44.779 - 40.000 ) 
    Source Clock Delay      (SCD):    5.079ns
    Clock Pessimism Removal (CPR):    0.180ns
  Clock Uncertainty:      0.035ns  ((TSJ^2 + TIJ^2)^1/2 + DJ) / 2 + PE
    Total System Jitter     (TSJ):    0.071ns
    Total Input Jitter      (TIJ):    0.000ns
    Discrete Jitter          (DJ):    0.000ns
    Phase Error              (PE):    0.000ns

    Location             Delay type                Incr(ns)  Path(ns)    Netlist Resource(s)
  -------------------------------------------------------------------    -------------------
                         (clock sys_clk_pin rise edge)
                                                      0.000     0.000 r  
    W5                                                0.000     0.000 r  clk (IN)
                         net (fo=0)                   0.000     0.000    clk
    W5                   IBUF (Prop_ibuf_I_O)         1.458     1.458 r  clk_IBUF_inst/O
                         net (fo=1, routed)           1.967     3.425    clk_IBUF
    BUFGCTRL_X0Y0        BUFG (Prop_bufg_I_O)         0.096     3.521 r  clk_IBUF_BUFG_inst/O
                         net (fo=5432, routed)        1.558     5.079    clk_IBUF_BUFG
    SLICE_X13Y52         FDCE                                         r  current_main_mode_reg[1]/C
  -------------------------------------------------------------------    -------------------
    SLICE_X13Y52         FDCE (Prop_fdce_C_Q)         0.456     5.535 f  current_main_mode_reg[1]/Q
                         net (fo=57, routed)          4.338     9.873    shared_ascii_inst/current_main_mode_reg[1][1]
    SLICE_X15Y22         LUT3 (Prop_lut3_I2_O)        0.152    10.025 f  shared_ascii_inst/st[4]_i_11/O
                         net (fo=5, routed)           0.866    10.891    shared_ascii_inst/calculator_ascii_valid
    SLICE_X15Y22         LUT6 (Prop_lut6_I0_O)        0.326    11.217 f  shared_ascii_inst/st[4]_i_7/O
                         net (fo=5, routed)           0.339    11.556    shared_ascii_inst/clr_p
    SLICE_X15Y21         LUT4 (Prop_lut4_I3_O)        0.124    11.680 f  shared_ascii_inst/st[4]_i_3/O
                         net (fo=123, routed)         6.926    18.606    calc_mode_top_inst/u_exec/u_alu/current_main_mode_reg[1]_0
    SLICE_X53Y22         FDCE                                         f  calc_mode_top_inst/u_exec/u_alu/res_q_reg[11]/CLR
  -------------------------------------------------------------------    -------------------

                         (clock sys_clk_pin rise edge)
                                                     40.000    40.000 r  
    W5                                                0.000    40.000 r  clk (IN)
                         net (fo=0)                   0.000    40.000    clk
    W5                   IBUF (Prop_ibuf_I_O)         1.388    41.388 r  clk_IBUF_inst/O
                         net (fo=1, routed)           1.862    43.250    clk_IBUF
    BUFGCTRL_X0Y0        BUFG (Prop_bufg_I_O)         0.091    43.341 r  clk_IBUF_BUFG_inst/O
                         net (fo=5432, routed)        1.438    44.779    calc_mode_top_inst/u_exec/u_alu/clk_IBUF_BUFG
    SLICE_X53Y22         FDCE                                         r  calc_mode_top_inst/u_exec/u_alu/res_q_reg[11]/C
                         clock pessimism              0.180    44.959    
                         clock uncertainty           -0.035    44.924    
    SLICE_X53Y22         FDCE (Recov_fdce_C_CLR)     -0.405    44.519    calc_mode_top_inst/u_exec/u_alu/res_q_reg[11]
  -------------------------------------------------------------------
                         required time                         44.519    
                         arrival time                         -18.606    
  -------------------------------------------------------------------
                         slack                                 25.913    

Slack (MET) :             25.913ns  (required time - arrival time)
  Source:                 current_main_mode_reg[1]/C
                            (rising edge-triggered cell FDCE clocked by sys_clk_pin  {rise@0.000ns fall@20.000ns period=40.000ns})
  Destination:            calc_mode_top_inst/u_exec/u_alu/res_q_reg[12]/CLR
                            (recovery check against rising-edge clock sys_clk_pin  {rise@0.000ns fall@20.000ns period=40.000ns})
  Path Group:             **async_default**
  Path Type:              Recovery (Max at Slow Process Corner)
  Requirement:            40.000ns  (sys_clk_pin rise@40.000ns - sys_clk_pin rise@0.000ns)
  Data Path Delay:        13.527ns  (logic 1.058ns (7.821%)  route 12.469ns (92.179%))
  Logic Levels:           3  (LUT3=1 LUT4=1 LUT6=1)
  Clock Path Skew:        -0.120ns (DCD - SCD + CPR)
    Destination Clock Delay (DCD):    4.779ns = ( 44.779 - 40.000 ) 
    Source Clock Delay      (SCD):    5.079ns
    Clock Pessimism Removal (CPR):    0.180ns
  Clock Uncertainty:      0.035ns  ((TSJ^2 + TIJ^2)^1/2 + DJ) / 2 + PE
    Total System Jitter     (TSJ):    0.071ns
    Total Input Jitter      (TIJ):    0.000ns
    Discrete Jitter          (DJ):    0.000ns
    Phase Error              (PE):    0.000ns

    Location             Delay type                Incr(ns)  Path(ns)    Netlist Resource(s)
  -------------------------------------------------------------------    -------------------
                         (clock sys_clk_pin rise edge)
                                                      0.000     0.000 r  
    W5                                                0.000     0.000 r  clk (IN)
                         net (fo=0)                   0.000     0.000    clk
    W5                   IBUF (Prop_ibuf_I_O)         1.458     1.458 r  clk_IBUF_inst/O
                         net (fo=1, routed)           1.967     3.425    clk_IBUF
    BUFGCTRL_X0Y0        BUFG (Prop_bufg_I_O)         0.096     3.521 r  clk_IBUF_BUFG_inst/O
                         net (fo=5432, routed)        1.558     5.079    clk_IBUF_BUFG
    SLICE_X13Y52         FDCE                                         r  current_main_mode_reg[1]/C
  -------------------------------------------------------------------    -------------------
    SLICE_X13Y52         FDCE (Prop_fdce_C_Q)         0.456     5.535 f  current_main_mode_reg[1]/Q
                         net (fo=57, routed)          4.338     9.873    shared_ascii_inst/current_main_mode_reg[1][1]
    SLICE_X15Y22         LUT3 (Prop_lut3_I2_O)        0.152    10.025 f  shared_ascii_inst/st[4]_i_11/O
                         net (fo=5, routed)           0.866    10.891    shared_ascii_inst/calculator_ascii_valid
    SLICE_X15Y22         LUT6 (Prop_lut6_I0_O)        0.326    11.217 f  shared_ascii_inst/st[4]_i_7/O
                         net (fo=5, routed)           0.339    11.556    shared_ascii_inst/clr_p
    SLICE_X15Y21         LUT4 (Prop_lut4_I3_O)        0.124    11.680 f  shared_ascii_inst/st[4]_i_3/O
                         net (fo=123, routed)         6.926    18.606    calc_mode_top_inst/u_exec/u_alu/current_main_mode_reg[1]_0
    SLICE_X53Y22         FDCE                                         f  calc_mode_top_inst/u_exec/u_alu/res_q_reg[12]/CLR
  -------------------------------------------------------------------    -------------------

                         (clock sys_clk_pin rise edge)
                                                     40.000    40.000 r  
    W5                                                0.000    40.000 r  clk (IN)
                         net (fo=0)                   0.000    40.000    clk
    W5                   IBUF (Prop_ibuf_I_O)         1.388    41.388 r  clk_IBUF_inst/O
                         net (fo=1, routed)           1.862    43.250    clk_IBUF
    BUFGCTRL_X0Y0        BUFG (Prop_bufg_I_O)         0.091    43.341 r  clk_IBUF_BUFG_inst/O
                         net (fo=5432, routed)        1.438    44.779    calc_mode_top_inst/u_exec/u_alu/clk_IBUF_BUFG
    SLICE_X53Y22         FDCE                                         r  calc_mode_top_inst/u_exec/u_alu/res_q_reg[12]/C
                         clock pessimism              0.180    44.959    
                         clock uncertainty           -0.035    44.924    
    SLICE_X53Y22         FDCE (Recov_fdce_C_CLR)     -0.405    44.519    calc_mode_top_inst/u_exec/u_alu/res_q_reg[12]
  -------------------------------------------------------------------
                         required time                         44.519    
                         arrival time                         -18.606    
  -------------------------------------------------------------------
                         slack                                 25.913    

Slack (MET) :             26.258ns  (required time - arrival time)
  Source:                 current_main_mode_reg[1]/C
                            (rising edge-triggered cell FDCE clocked by sys_clk_pin  {rise@0.000ns fall@20.000ns period=40.000ns})
  Destination:            calc_mode_top_inst/u_exec/u_alu/res_q_reg[15]/CLR
                            (recovery check against rising-edge clock sys_clk_pin  {rise@0.000ns fall@20.000ns period=40.000ns})
  Path Group:             **async_default**
  Path Type:              Recovery (Max at Slow Process Corner)
  Requirement:            40.000ns  (sys_clk_pin rise@40.000ns - sys_clk_pin rise@0.000ns)
  Data Path Delay:        13.267ns  (logic 1.058ns (7.975%)  route 12.209ns (92.025%))
  Logic Levels:           3  (LUT3=1 LUT4=1 LUT6=1)
  Clock Path Skew:        -0.121ns (DCD - SCD + CPR)
    Destination Clock Delay (DCD):    4.778ns = ( 44.778 - 40.000 ) 
    Source Clock Delay      (SCD):    5.079ns
    Clock Pessimism Removal (CPR):    0.180ns
  Clock Uncertainty:      0.035ns  ((TSJ^2 + TIJ^2)^1/2 + DJ) / 2 + PE
    Total System Jitter     (TSJ):    0.071ns
    Total Input Jitter      (TIJ):    0.000ns
    Discrete Jitter          (DJ):    0.000ns
    Phase Error              (PE):    0.000ns

    Location             Delay type                Incr(ns)  Path(ns)    Netlist Resource(s)
  -------------------------------------------------------------------    -------------------
                         (clock sys_clk_pin rise edge)
                                                      0.000     0.000 r  
    W5                                                0.000     0.000 r  clk (IN)
                         net (fo=0)                   0.000     0.000    clk
    W5                   IBUF (Prop_ibuf_I_O)         1.458     1.458 r  clk_IBUF_inst/O
                         net (fo=1, routed)           1.967     3.425    clk_IBUF
    BUFGCTRL_X0Y0        BUFG (Prop_bufg_I_O)         0.096     3.521 r  clk_IBUF_BUFG_inst/O
                         net (fo=5432, routed)        1.558     5.079    clk_IBUF_BUFG
    SLICE_X13Y52         FDCE                                         r  current_main_mode_reg[1]/C
  -------------------------------------------------------------------    -------------------
    SLICE_X13Y52         FDCE (Prop_fdce_C_Q)         0.456     5.535 f  current_main_mode_reg[1]/Q
                         net (fo=57, routed)          4.338     9.873    shared_ascii_inst/current_main_mode_reg[1][1]
    SLICE_X15Y22         LUT3 (Prop_lut3_I2_O)        0.152    10.025 f  shared_ascii_inst/st[4]_i_11/O
                         net (fo=5, routed)           0.866    10.891    shared_ascii_inst/calculator_ascii_valid
    SLICE_X15Y22         LUT6 (Prop_lut6_I0_O)        0.326    11.217 f  shared_ascii_inst/st[4]_i_7/O
                         net (fo=5, routed)           0.339    11.556    shared_ascii_inst/clr_p
    SLICE_X15Y21         LUT4 (Prop_lut4_I3_O)        0.124    11.680 f  shared_ascii_inst/st[4]_i_3/O
                         net (fo=123, routed)         6.666    18.346    calc_mode_top_inst/u_exec/u_alu/current_main_mode_reg[1]_0
    SLICE_X52Y26         FDCE                                         f  calc_mode_top_inst/u_exec/u_alu/res_q_reg[15]/CLR
  -------------------------------------------------------------------    -------------------

                         (clock sys_clk_pin rise edge)
                                                     40.000    40.000 r  
    W5                                                0.000    40.000 r  clk (IN)
                         net (fo=0)                   0.000    40.000    clk
    W5                   IBUF (Prop_ibuf_I_O)         1.388    41.388 r  clk_IBUF_inst/O
                         net (fo=1, routed)           1.862    43.250    clk_IBUF
    BUFGCTRL_X0Y0        BUFG (Prop_bufg_I_O)         0.091    43.341 r  clk_IBUF_BUFG_inst/O
                         net (fo=5432, routed)        1.437    44.778    calc_mode_top_inst/u_exec/u_alu/clk_IBUF_BUFG
    SLICE_X52Y26         FDCE                                         r  calc_mode_top_inst/u_exec/u_alu/res_q_reg[15]/C
                         clock pessimism              0.180    44.958    
                         clock uncertainty           -0.035    44.923    
    SLICE_X52Y26         FDCE (Recov_fdce_C_CLR)     -0.319    44.604    calc_mode_top_inst/u_exec/u_alu/res_q_reg[15]
  -------------------------------------------------------------------
                         required time                         44.604    
                         arrival time                         -18.346    
  -------------------------------------------------------------------
                         slack                                 26.258    

Slack (MET) :             26.388ns  (required time - arrival time)
  Source:                 current_main_mode_reg[1]/C
                            (rising edge-triggered cell FDCE clocked by sys_clk_pin  {rise@0.000ns fall@20.000ns period=40.000ns})
  Destination:            calc_mode_top_inst/u_exec/u_alu/res_q_reg[19]/CLR
                            (recovery check against rising-edge clock sys_clk_pin  {rise@0.000ns fall@20.000ns period=40.000ns})
  Path Group:             **async_default**
  Path Type:              Recovery (Max at Slow Process Corner)
  Requirement:            40.000ns  (sys_clk_pin rise@40.000ns - sys_clk_pin rise@0.000ns)
  Data Path Delay:        13.052ns  (logic 1.058ns (8.106%)  route 11.994ns (91.894%))
  Logic Levels:           3  (LUT3=1 LUT4=1 LUT6=1)
  Clock Path Skew:        -0.120ns (DCD - SCD + CPR)
    Destination Clock Delay (DCD):    4.779ns = ( 44.779 - 40.000 ) 
    Source Clock Delay      (SCD):    5.079ns
    Clock Pessimism Removal (CPR):    0.180ns
  Clock Uncertainty:      0.035ns  ((TSJ^2 + TIJ^2)^1/2 + DJ) / 2 + PE
    Total System Jitter     (TSJ):    0.071ns
    Total Input Jitter      (TIJ):    0.000ns
    Discrete Jitter          (DJ):    0.000ns
    Phase Error              (PE):    0.000ns

    Location             Delay type                Incr(ns)  Path(ns)    Netlist Resource(s)
  -------------------------------------------------------------------    -------------------
                         (clock sys_clk_pin rise edge)
                                                      0.000     0.000 r  
    W5                                                0.000     0.000 r  clk (IN)
                         net (fo=0)                   0.000     0.000    clk
    W5                   IBUF (Prop_ibuf_I_O)         1.458     1.458 r  clk_IBUF_inst/O
                         net (fo=1, routed)           1.967     3.425    clk_IBUF
    BUFGCTRL_X0Y0        BUFG (Prop_bufg_I_O)         0.096     3.521 r  clk_IBUF_BUFG_inst/O
                         net (fo=5432, routed)        1.558     5.079    clk_IBUF_BUFG
    SLICE_X13Y52         FDCE                                         r  current_main_mode_reg[1]/C
  -------------------------------------------------------------------    -------------------
    SLICE_X13Y52         FDCE (Prop_fdce_C_Q)         0.456     5.535 f  current_main_mode_reg[1]/Q
                         net (fo=57, routed)          4.338     9.873    shared_ascii_inst/current_main_mode_reg[1][1]
    SLICE_X15Y22         LUT3 (Prop_lut3_I2_O)        0.152    10.025 f  shared_ascii_inst/st[4]_i_11/O
                         net (fo=5, routed)           0.866    10.891    shared_ascii_inst/calculator_ascii_valid
    SLICE_X15Y22         LUT6 (Prop_lut6_I0_O)        0.326    11.217 f  shared_ascii_inst/st[4]_i_7/O
                         net (fo=5, routed)           0.339    11.556    shared_ascii_inst/clr_p
    SLICE_X15Y21         LUT4 (Prop_lut4_I3_O)        0.124    11.680 f  shared_ascii_inst/st[4]_i_3/O
                         net (fo=123, routed)         6.451    18.131    calc_mode_top_inst/u_exec/u_alu/current_main_mode_reg[1]_0
    SLICE_X53Y27         FDCE                                         f  calc_mode_top_inst/u_exec/u_alu/res_q_reg[19]/CLR
  -------------------------------------------------------------------    -------------------

                         (clock sys_clk_pin rise edge)
                                                     40.000    40.000 r  
    W5                                                0.000    40.000 r  clk (IN)
                         net (fo=0)                   0.000    40.000    clk
    W5                   IBUF (Prop_ibuf_I_O)         1.388    41.388 r  clk_IBUF_inst/O
                         net (fo=1, routed)           1.862    43.250    clk_IBUF
    BUFGCTRL_X0Y0        BUFG (Prop_bufg_I_O)         0.091    43.341 r  clk_IBUF_BUFG_inst/O
                         net (fo=5432, routed)        1.438    44.779    calc_mode_top_inst/u_exec/u_alu/clk_IBUF_BUFG
    SLICE_X53Y27         FDCE                                         r  calc_mode_top_inst/u_exec/u_alu/res_q_reg[19]/C
                         clock pessimism              0.180    44.959    
                         clock uncertainty           -0.035    44.924    
    SLICE_X53Y27         FDCE (Recov_fdce_C_CLR)     -0.405    44.519    calc_mode_top_inst/u_exec/u_alu/res_q_reg[19]
  -------------------------------------------------------------------
                         required time                         44.519    
                         arrival time                         -18.131    
  -------------------------------------------------------------------
                         slack                                 26.388    

Slack (MET) :             26.388ns  (required time - arrival time)
  Source:                 current_main_mode_reg[1]/C
                            (rising edge-triggered cell FDCE clocked by sys_clk_pin  {rise@0.000ns fall@20.000ns period=40.000ns})
  Destination:            calc_mode_top_inst/u_exec/u_alu/res_q_reg[20]/CLR
                            (recovery check against rising-edge clock sys_clk_pin  {rise@0.000ns fall@20.000ns period=40.000ns})
  Path Group:             **async_default**
  Path Type:              Recovery (Max at Slow Process Corner)
  Requirement:            40.000ns  (sys_clk_pin rise@40.000ns - sys_clk_pin rise@0.000ns)
  Data Path Delay:        13.052ns  (logic 1.058ns (8.106%)  route 11.994ns (91.894%))
  Logic Levels:           3  (LUT3=1 LUT4=1 LUT6=1)
  Clock Path Skew:        -0.120ns (DCD - SCD + CPR)
    Destination Clock Delay (DCD):    4.779ns = ( 44.779 - 40.000 ) 
    Source Clock Delay      (SCD):    5.079ns
    Clock Pessimism Removal (CPR):    0.180ns
  Clock Uncertainty:      0.035ns  ((TSJ^2 + TIJ^2)^1/2 + DJ) / 2 + PE
    Total System Jitter     (TSJ):    0.071ns
    Total Input Jitter      (TIJ):    0.000ns
    Discrete Jitter          (DJ):    0.000ns
    Phase Error              (PE):    0.000ns

    Location             Delay type                Incr(ns)  Path(ns)    Netlist Resource(s)
  -------------------------------------------------------------------    -------------------
                         (clock sys_clk_pin rise edge)
                                                      0.000     0.000 r  
    W5                                                0.000     0.000 r  clk (IN)
                         net (fo=0)                   0.000     0.000    clk
    W5                   IBUF (Prop_ibuf_I_O)         1.458     1.458 r  clk_IBUF_inst/O
                         net (fo=1, routed)           1.967     3.425    clk_IBUF
    BUFGCTRL_X0Y0        BUFG (Prop_bufg_I_O)         0.096     3.521 r  clk_IBUF_BUFG_inst/O
                         net (fo=5432, routed)        1.558     5.079    clk_IBUF_BUFG
    SLICE_X13Y52         FDCE                                         r  current_main_mode_reg[1]/C
  -------------------------------------------------------------------    -------------------
    SLICE_X13Y52         FDCE (Prop_fdce_C_Q)         0.456     5.535 f  current_main_mode_reg[1]/Q
                         net (fo=57, routed)          4.338     9.873    shared_ascii_inst/current_main_mode_reg[1][1]
    SLICE_X15Y22         LUT3 (Prop_lut3_I2_O)        0.152    10.025 f  shared_ascii_inst/st[4]_i_11/O
                         net (fo=5, routed)           0.866    10.891    shared_ascii_inst/calculator_ascii_valid
    SLICE_X15Y22         LUT6 (Prop_lut6_I0_O)        0.326    11.217 f  shared_ascii_inst/st[4]_i_7/O
                         net (fo=5, routed)           0.339    11.556    shared_ascii_inst/clr_p
    SLICE_X15Y21         LUT4 (Prop_lut4_I3_O)        0.124    11.680 f  shared_ascii_inst/st[4]_i_3/O
                         net (fo=123, routed)         6.451    18.131    calc_mode_top_inst/u_exec/u_alu/current_main_mode_reg[1]_0
    SLICE_X53Y27         FDCE                                         f  calc_mode_top_inst/u_exec/u_alu/res_q_reg[20]/CLR
  -------------------------------------------------------------------    -------------------

                         (clock sys_clk_pin rise edge)
                                                     40.000    40.000 r  
    W5                                                0.000    40.000 r  clk (IN)
                         net (fo=0)                   0.000    40.000    clk
    W5                   IBUF (Prop_ibuf_I_O)         1.388    41.388 r  clk_IBUF_inst/O
                         net (fo=1, routed)           1.862    43.250    clk_IBUF
    BUFGCTRL_X0Y0        BUFG (Prop_bufg_I_O)         0.091    43.341 r  clk_IBUF_BUFG_inst/O
                         net (fo=5432, routed)        1.438    44.779    calc_mode_top_inst/u_exec/u_alu/clk_IBUF_BUFG
    SLICE_X53Y27         FDCE                                         r  calc_mode_top_inst/u_exec/u_alu/res_q_reg[20]/C
                         clock pessimism              0.180    44.959    
                         clock uncertainty           -0.035    44.924    
    SLICE_X53Y27         FDCE (Recov_fdce_C_CLR)     -0.405    44.519    calc_mode_top_inst/u_exec/u_alu/res_q_reg[20]
  -------------------------------------------------------------------
                         required time                         44.519    
                         arrival time                         -18.131    
  -------------------------------------------------------------------
                         slack                                 26.388    

Slack (MET) :             26.390ns  (required time - arrival time)
  Source:                 current_main_mode_reg[1]/C
                            (rising edge-triggered cell FDCE clocked by sys_clk_pin  {rise@0.000ns fall@20.000ns period=40.000ns})
  Destination:            calc_mode_top_inst/u_exec/u_alu/res_q_reg[17]/CLR
                            (recovery check against rising-edge clock sys_clk_pin  {rise@0.000ns fall@20.000ns period=40.000ns})
  Path Group:             **async_default**
  Path Type:              Recovery (Max at Slow Process Corner)
  Requirement:            40.000ns  (sys_clk_pin rise@40.000ns - sys_clk_pin rise@0.000ns)
  Data Path Delay:        13.043ns  (logic 1.058ns (8.111%)  route 11.985ns (91.889%))
  Logic Levels:           3  (LUT3=1 LUT4=1 LUT6=1)
  Clock Path Skew:        -0.127ns (DCD - SCD + CPR)
    Destination Clock Delay (DCD):    4.772ns = ( 44.772 - 40.000 ) 
    Source Clock Delay      (SCD):    5.079ns
    Clock Pessimism Removal (CPR):    0.180ns
  Clock Uncertainty:      0.035ns  ((TSJ^2 + TIJ^2)^1/2 + DJ) / 2 + PE
    Total System Jitter     (TSJ):    0.071ns
    Total Input Jitter      (TIJ):    0.000ns
    Discrete Jitter          (DJ):    0.000ns
    Phase Error              (PE):    0.000ns

    Location             Delay type                Incr(ns)  Path(ns)    Netlist Resource(s)
  -------------------------------------------------------------------    -------------------
                         (clock sys_clk_pin rise edge)
                                                      0.000     0.000 r  
    W5                                                0.000     0.000 r  clk (IN)
                         net (fo=0)                   0.000     0.000    clk
    W5                   IBUF (Prop_ibuf_I_O)         1.458     1.458 r  clk_IBUF_inst/O
                         net (fo=1, routed)           1.967     3.425    clk_IBUF
    BUFGCTRL_X0Y0        BUFG (Prop_bufg_I_O)         0.096     3.521 r  clk_IBUF_BUFG_inst/O
                         net (fo=5432, routed)        1.558     5.079    clk_IBUF_BUFG
    SLICE_X13Y52         FDCE                                         r  current_main_mode_reg[1]/C
  -------------------------------------------------------------------    -------------------
    SLICE_X13Y52         FDCE (Prop_fdce_C_Q)         0.456     5.535 f  current_main_mode_reg[1]/Q
                         net (fo=57, routed)          4.338     9.873    shared_ascii_inst/current_main_mode_reg[1][1]
    SLICE_X15Y22         LUT3 (Prop_lut3_I2_O)        0.152    10.025 f  shared_ascii_inst/st[4]_i_11/O
                         net (fo=5, routed)           0.866    10.891    shared_ascii_inst/calculator_ascii_valid
    SLICE_X15Y22         LUT6 (Prop_lut6_I0_O)        0.326    11.217 f  shared_ascii_inst/st[4]_i_7/O
                         net (fo=5, routed)           0.339    11.556    shared_ascii_inst/clr_p
    SLICE_X15Y21         LUT4 (Prop_lut4_I3_O)        0.124    11.680 f  shared_ascii_inst/st[4]_i_3/O
                         net (fo=123, routed)         6.442    18.122    calc_mode_top_inst/u_exec/u_alu/current_main_mode_reg[1]_0
    SLICE_X47Y25         FDCE                                         f  calc_mode_top_inst/u_exec/u_alu/res_q_reg[17]/CLR
  -------------------------------------------------------------------    -------------------

                         (clock sys_clk_pin rise edge)
                                                     40.000    40.000 r  
    W5                                                0.000    40.000 r  clk (IN)
                         net (fo=0)                   0.000    40.000    clk
    W5                   IBUF (Prop_ibuf_I_O)         1.388    41.388 r  clk_IBUF_inst/O
                         net (fo=1, routed)           1.862    43.250    clk_IBUF
    BUFGCTRL_X0Y0        BUFG (Prop_bufg_I_O)         0.091    43.341 r  clk_IBUF_BUFG_inst/O
                         net (fo=5432, routed)        1.431    44.772    calc_mode_top_inst/u_exec/u_alu/clk_IBUF_BUFG
    SLICE_X47Y25         FDCE                                         r  calc_mode_top_inst/u_exec/u_alu/res_q_reg[17]/C
                         clock pessimism              0.180    44.952    
                         clock uncertainty           -0.035    44.917    
    SLICE_X47Y25         FDCE (Recov_fdce_C_CLR)     -0.405    44.512    calc_mode_top_inst/u_exec/u_alu/res_q_reg[17]
  -------------------------------------------------------------------
                         required time                         44.512    
                         arrival time                         -18.122    
  -------------------------------------------------------------------
                         slack                                 26.390    





Min Delay Paths
--------------------------------------------------------------------------------------
Slack (MET) :             0.357ns  (arrival time - required time)
  Source:                 calc_mode_top_inst/u_exec/u_alu/u_trig/cordic_clr_reg/C
                            (rising edge-triggered cell FDPE clocked by sys_clk_pin  {rise@0.000ns fall@20.000ns period=40.000ns})
  Destination:            calc_mode_top_inst/u_exec/u_alu/u_trig/CORDIC_trigo_inst/done_reg/CLR
                            (removal check against rising-edge clock sys_clk_pin  {rise@0.000ns fall@20.000ns period=40.000ns})
  Path Group:             **async_default**
  Path Type:              Removal (Min at Fast Process Corner)
  Requirement:            0.000ns  (sys_clk_pin rise@0.000ns - sys_clk_pin rise@0.000ns)
  Data Path Delay:        0.281ns  (logic 0.141ns (50.216%)  route 0.140ns (49.784%))
  Logic Levels:           0  
  Clock Path Skew:        0.016ns (DCD - SCD - CPR)
    Destination Clock Delay (DCD):    1.962ns
    Source Clock Delay      (SCD):    1.449ns
    Clock Pessimism Removal (CPR):    0.497ns

    Location             Delay type                Incr(ns)  Path(ns)    Netlist Resource(s)
  -------------------------------------------------------------------    -------------------
                         (clock sys_clk_pin rise edge)
                                                      0.000     0.000 r  
    W5                                                0.000     0.000 r  clk (IN)
                         net (fo=0)                   0.000     0.000    clk
    W5                   IBUF (Prop_ibuf_I_O)         0.226     0.226 r  clk_IBUF_inst/O
                         net (fo=1, routed)           0.631     0.858    clk_IBUF
    BUFGCTRL_X0Y0        BUFG (Prop_bufg_I_O)         0.026     0.884 r  clk_IBUF_BUFG_inst/O
                         net (fo=5432, routed)        0.566     1.449    calc_mode_top_inst/u_exec/u_alu/u_trig/clk_IBUF_BUFG
    SLICE_X57Y11         FDPE                                         r  calc_mode_top_inst/u_exec/u_alu/u_trig/cordic_clr_reg/C
  -------------------------------------------------------------------    -------------------
    SLICE_X57Y11         FDPE (Prop_fdpe_C_Q)         0.141     1.590 f  calc_mode_top_inst/u_exec/u_alu/u_trig/cordic_clr_reg/Q
                         net (fo=19, routed)          0.140     1.730    calc_mode_top_inst/u_exec/u_alu/u_trig/CORDIC_trigo_inst/cordic_clr_reg_0
    SLICE_X57Y10         FDCE                                         f  calc_mode_top_inst/u_exec/u_alu/u_trig/CORDIC_trigo_inst/done_reg/CLR
  -------------------------------------------------------------------    -------------------

                         (clock sys_clk_pin rise edge)
                                                      0.000     0.000 r  
    W5                                                0.000     0.000 r  clk (IN)
                         net (fo=0)                   0.000     0.000    clk
    W5                   IBUF (Prop_ibuf_I_O)         0.414     0.414 r  clk_IBUF_inst/O
                         net (fo=1, routed)           0.685     1.099    clk_IBUF
    BUFGCTRL_X0Y0        BUFG (Prop_bufg_I_O)         0.029     1.128 r  clk_IBUF_BUFG_inst/O
                         net (fo=5432, routed)        0.835     1.962    calc_mode_top_inst/u_exec/u_alu/u_trig/CORDIC_trigo_inst/clk_IBUF_BUFG
    SLICE_X57Y10         FDCE                                         r  calc_mode_top_inst/u_exec/u_alu/u_trig/CORDIC_trigo_inst/done_reg/C
                         clock pessimism             -0.497     1.465    
    SLICE_X57Y10         FDCE (Remov_fdce_C_CLR)     -0.092     1.373    calc_mode_top_inst/u_exec/u_alu/u_trig/CORDIC_trigo_inst/done_reg
  -------------------------------------------------------------------
                         required time                         -1.373    
                         arrival time                           1.730    
  -------------------------------------------------------------------
                         slack                                  0.357    

Slack (MET) :             0.361ns  (arrival time - required time)
  Source:                 calc_mode_top_inst/u_exec/u_alu/u_pow/pow2_clr_reg/C
                            (rising edge-triggered cell FDPE clocked by sys_clk_pin  {rise@0.000ns fall@20.000ns period=40.000ns})
  Destination:            calc_mode_top_inst/u_exec/u_alu/u_pow/pow2_inst/val_reg[15]/CLR
                            (removal check against rising-edge clock sys_clk_pin  {rise@0.000ns fall@20.000ns period=40.000ns})
  Path Group:             **async_default**
  Path Type:              Removal (Min at Fast Process Corner)
  Requirement:            0.000ns  (sys_clk_pin rise@0.000ns - sys_clk_pin rise@0.000ns)
  Data Path Delay:        0.309ns  (logic 0.164ns (53.076%)  route 0.145ns (46.924%))
  Logic Levels:           0  
  Clock Path Skew:        0.015ns (DCD - SCD - CPR)
    Destination Clock Delay (DCD):    1.958ns
    Source Clock Delay      (SCD):    1.446ns
    Clock Pessimism Removal (CPR):    0.497ns

    Location             Delay type                Incr(ns)  Path(ns)    Netlist Resource(s)
  -------------------------------------------------------------------    -------------------
                         (clock sys_clk_pin rise edge)
                                                      0.000     0.000 r  
    W5                                                0.000     0.000 r  clk (IN)
                         net (fo=0)                   0.000     0.000    clk
    W5                   IBUF (Prop_ibuf_I_O)         0.226     0.226 r  clk_IBUF_inst/O
                         net (fo=1, routed)           0.631     0.858    clk_IBUF
    BUFGCTRL_X0Y0        BUFG (Prop_bufg_I_O)         0.026     0.884 r  clk_IBUF_BUFG_inst/O
                         net (fo=5432, routed)        0.563     1.446    calc_mode_top_inst/u_exec/u_alu/u_pow/clk_IBUF_BUFG
    SLICE_X56Y16         FDPE                                         r  calc_mode_top_inst/u_exec/u_alu/u_pow/pow2_clr_reg/C
  -------------------------------------------------------------------    -------------------
    SLICE_X56Y16         FDPE (Prop_fdpe_C_Q)         0.164     1.610 f  calc_mode_top_inst/u_exec/u_alu/u_pow/pow2_clr_reg/Q
                         net (fo=66, routed)          0.145     1.755    calc_mode_top_inst/u_exec/u_alu/u_pow/pow2_inst/AR[0]
    SLICE_X56Y15         FDCE                                         f  calc_mode_top_inst/u_exec/u_alu/u_pow/pow2_inst/val_reg[15]/CLR
  -------------------------------------------------------------------    -------------------

                         (clock sys_clk_pin rise edge)
                                                      0.000     0.000 r  
    W5                                                0.000     0.000 r  clk (IN)
                         net (fo=0)                   0.000     0.000    clk
    W5                   IBUF (Prop_ibuf_I_O)         0.414     0.414 r  clk_IBUF_inst/O
                         net (fo=1, routed)           0.685     1.099    clk_IBUF
    BUFGCTRL_X0Y0        BUFG (Prop_bufg_I_O)         0.029     1.128 r  clk_IBUF_BUFG_inst/O
                         net (fo=5432, routed)        0.831     1.958    calc_mode_top_inst/u_exec/u_alu/u_pow/pow2_inst/clk_IBUF_BUFG
    SLICE_X56Y15         FDCE                                         r  calc_mode_top_inst/u_exec/u_alu/u_pow/pow2_inst/val_reg[15]/C
                         clock pessimism             -0.497     1.461    
    SLICE_X56Y15         FDCE (Remov_fdce_C_CLR)     -0.067     1.394    calc_mode_top_inst/u_exec/u_alu/u_pow/pow2_inst/val_reg[15]
  -------------------------------------------------------------------
                         required time                         -1.394    
                         arrival time                           1.755    
  -------------------------------------------------------------------
                         slack                                  0.361    

Slack (MET) :             0.361ns  (arrival time - required time)
  Source:                 calc_mode_top_inst/u_exec/u_alu/u_pow/pow2_clr_reg/C
                            (rising edge-triggered cell FDPE clocked by sys_clk_pin  {rise@0.000ns fall@20.000ns period=40.000ns})
  Destination:            calc_mode_top_inst/u_exec/u_alu/u_pow/pow2_inst/val_reg[4]/CLR
                            (removal check against rising-edge clock sys_clk_pin  {rise@0.000ns fall@20.000ns period=40.000ns})
  Path Group:             **async_default**
  Path Type:              Removal (Min at Fast Process Corner)
  Requirement:            0.000ns  (sys_clk_pin rise@0.000ns - sys_clk_pin rise@0.000ns)
  Data Path Delay:        0.309ns  (logic 0.164ns (53.076%)  route 0.145ns (46.924%))
  Logic Levels:           0  
  Clock Path Skew:        0.015ns (DCD - SCD - CPR)
    Destination Clock Delay (DCD):    1.958ns
    Source Clock Delay      (SCD):    1.446ns
    Clock Pessimism Removal (CPR):    0.497ns

    Location             Delay type                Incr(ns)  Path(ns)    Netlist Resource(s)
  -------------------------------------------------------------------    -------------------
                         (clock sys_clk_pin rise edge)
                                                      0.000     0.000 r  
    W5                                                0.000     0.000 r  clk (IN)
                         net (fo=0)                   0.000     0.000    clk
    W5                   IBUF (Prop_ibuf_I_O)         0.226     0.226 r  clk_IBUF_inst/O
                         net (fo=1, routed)           0.631     0.858    clk_IBUF
    BUFGCTRL_X0Y0        BUFG (Prop_bufg_I_O)         0.026     0.884 r  clk_IBUF_BUFG_inst/O
                         net (fo=5432, routed)        0.563     1.446    calc_mode_top_inst/u_exec/u_alu/u_pow/clk_IBUF_BUFG
    SLICE_X56Y16         FDPE                                         r  calc_mode_top_inst/u_exec/u_alu/u_pow/pow2_clr_reg/C
  -------------------------------------------------------------------    -------------------
    SLICE_X56Y16         FDPE (Prop_fdpe_C_Q)         0.164     1.610 f  calc_mode_top_inst/u_exec/u_alu/u_pow/pow2_clr_reg/Q
                         net (fo=66, routed)          0.145     1.755    calc_mode_top_inst/u_exec/u_alu/u_pow/pow2_inst/AR[0]
    SLICE_X56Y15         FDCE                                         f  calc_mode_top_inst/u_exec/u_alu/u_pow/pow2_inst/val_reg[4]/CLR
  -------------------------------------------------------------------    -------------------

                         (clock sys_clk_pin rise edge)
                                                      0.000     0.000 r  
    W5                                                0.000     0.000 r  clk (IN)
                         net (fo=0)                   0.000     0.000    clk
    W5                   IBUF (Prop_ibuf_I_O)         0.414     0.414 r  clk_IBUF_inst/O
                         net (fo=1, routed)           0.685     1.099    clk_IBUF
    BUFGCTRL_X0Y0        BUFG (Prop_bufg_I_O)         0.029     1.128 r  clk_IBUF_BUFG_inst/O
                         net (fo=5432, routed)        0.831     1.958    calc_mode_top_inst/u_exec/u_alu/u_pow/pow2_inst/clk_IBUF_BUFG
    SLICE_X56Y15         FDCE                                         r  calc_mode_top_inst/u_exec/u_alu/u_pow/pow2_inst/val_reg[4]/C
                         clock pessimism             -0.497     1.461    
    SLICE_X56Y15         FDCE (Remov_fdce_C_CLR)     -0.067     1.394    calc_mode_top_inst/u_exec/u_alu/u_pow/pow2_inst/val_reg[4]
  -------------------------------------------------------------------
                         required time                         -1.394    
                         arrival time                           1.755    
  -------------------------------------------------------------------
                         slack                                  0.361    

Slack (MET) :             0.361ns  (arrival time - required time)
  Source:                 calc_mode_top_inst/u_exec/u_alu/u_pow/pow2_clr_reg/C
                            (rising edge-triggered cell FDPE clocked by sys_clk_pin  {rise@0.000ns fall@20.000ns period=40.000ns})
  Destination:            calc_mode_top_inst/u_exec/u_alu/u_pow/pow2_inst/val_reg[5]/CLR
                            (removal check against rising-edge clock sys_clk_pin  {rise@0.000ns fall@20.000ns period=40.000ns})
  Path Group:             **async_default**
  Path Type:              Removal (Min at Fast Process Corner)
  Requirement:            0.000ns  (sys_clk_pin rise@0.000ns - sys_clk_pin rise@0.000ns)
  Data Path Delay:        0.309ns  (logic 0.164ns (53.076%)  route 0.145ns (46.924%))
  Logic Levels:           0  
  Clock Path Skew:        0.015ns (DCD - SCD - CPR)
    Destination Clock Delay (DCD):    1.958ns
    Source Clock Delay      (SCD):    1.446ns
    Clock Pessimism Removal (CPR):    0.497ns

    Location             Delay type                Incr(ns)  Path(ns)    Netlist Resource(s)
  -------------------------------------------------------------------    -------------------
                         (clock sys_clk_pin rise edge)
                                                      0.000     0.000 r  
    W5                                                0.000     0.000 r  clk (IN)
                         net (fo=0)                   0.000     0.000    clk
    W5                   IBUF (Prop_ibuf_I_O)         0.226     0.226 r  clk_IBUF_inst/O
                         net (fo=1, routed)           0.631     0.858    clk_IBUF
    BUFGCTRL_X0Y0        BUFG (Prop_bufg_I_O)         0.026     0.884 r  clk_IBUF_BUFG_inst/O
                         net (fo=5432, routed)        0.563     1.446    calc_mode_top_inst/u_exec/u_alu/u_pow/clk_IBUF_BUFG
    SLICE_X56Y16         FDPE                                         r  calc_mode_top_inst/u_exec/u_alu/u_pow/pow2_clr_reg/C
  -------------------------------------------------------------------    -------------------
    SLICE_X56Y16         FDPE (Prop_fdpe_C_Q)         0.164     1.610 f  calc_mode_top_inst/u_exec/u_alu/u_pow/pow2_clr_reg/Q
                         net (fo=66, routed)          0.145     1.755    calc_mode_top_inst/u_exec/u_alu/u_pow/pow2_inst/AR[0]
    SLICE_X56Y15         FDCE                                         f  calc_mode_top_inst/u_exec/u_alu/u_pow/pow2_inst/val_reg[5]/CLR
  -------------------------------------------------------------------    -------------------

                         (clock sys_clk_pin rise edge)
                                                      0.000     0.000 r  
    W5                                                0.000     0.000 r  clk (IN)
                         net (fo=0)                   0.000     0.000    clk
    W5                   IBUF (Prop_ibuf_I_O)         0.414     0.414 r  clk_IBUF_inst/O
                         net (fo=1, routed)           0.685     1.099    clk_IBUF
    BUFGCTRL_X0Y0        BUFG (Prop_bufg_I_O)         0.029     1.128 r  clk_IBUF_BUFG_inst/O
                         net (fo=5432, routed)        0.831     1.958    calc_mode_top_inst/u_exec/u_alu/u_pow/pow2_inst/clk_IBUF_BUFG
    SLICE_X56Y15         FDCE                                         r  calc_mode_top_inst/u_exec/u_alu/u_pow/pow2_inst/val_reg[5]/C
                         clock pessimism             -0.497     1.461    
    SLICE_X56Y15         FDCE (Remov_fdce_C_CLR)     -0.067     1.394    calc_mode_top_inst/u_exec/u_alu/u_pow/pow2_inst/val_reg[5]
  -------------------------------------------------------------------
                         required time                         -1.394    
                         arrival time                           1.755    
  -------------------------------------------------------------------
                         slack                                  0.361    

Slack (MET) :             0.386ns  (arrival time - required time)
  Source:                 calc_mode_top_inst/u_exec/u_alu/u_pow/pow2_clr_reg/C
                            (rising edge-triggered cell FDPE clocked by sys_clk_pin  {rise@0.000ns fall@20.000ns period=40.000ns})
  Destination:            calc_mode_top_inst/u_exec/u_alu/u_pow/pow2_inst/val_reg[2]/CLR
                            (removal check against rising-edge clock sys_clk_pin  {rise@0.000ns fall@20.000ns period=40.000ns})
  Path Group:             **async_default**
  Path Type:              Removal (Min at Fast Process Corner)
  Requirement:            0.000ns  (sys_clk_pin rise@0.000ns - sys_clk_pin rise@0.000ns)
  Data Path Delay:        0.309ns  (logic 0.164ns (53.076%)  route 0.145ns (46.924%))
  Logic Levels:           0  
  Clock Path Skew:        0.015ns (DCD - SCD - CPR)
    Destination Clock Delay (DCD):    1.958ns
    Source Clock Delay      (SCD):    1.446ns
    Clock Pessimism Removal (CPR):    0.497ns

    Location             Delay type                Incr(ns)  Path(ns)    Netlist Resource(s)
  -------------------------------------------------------------------    -------------------
                         (clock sys_clk_pin rise edge)
                                                      0.000     0.000 r  
    W5                                                0.000     0.000 r  clk (IN)
                         net (fo=0)                   0.000     0.000    clk
    W5                   IBUF (Prop_ibuf_I_O)         0.226     0.226 r  clk_IBUF_inst/O
                         net (fo=1, routed)           0.631     0.858    clk_IBUF
    BUFGCTRL_X0Y0        BUFG (Prop_bufg_I_O)         0.026     0.884 r  clk_IBUF_BUFG_inst/O
                         net (fo=5432, routed)        0.563     1.446    calc_mode_top_inst/u_exec/u_alu/u_pow/clk_IBUF_BUFG
    SLICE_X56Y16         FDPE                                         r  calc_mode_top_inst/u_exec/u_alu/u_pow/pow2_clr_reg/C
  -------------------------------------------------------------------    -------------------
    SLICE_X56Y16         FDPE (Prop_fdpe_C_Q)         0.164     1.610 f  calc_mode_top_inst/u_exec/u_alu/u_pow/pow2_clr_reg/Q
                         net (fo=66, routed)          0.145     1.755    calc_mode_top_inst/u_exec/u_alu/u_pow/pow2_inst/AR[0]
    SLICE_X57Y15         FDCE                                         f  calc_mode_top_inst/u_exec/u_alu/u_pow/pow2_inst/val_reg[2]/CLR
  -------------------------------------------------------------------    -------------------

                         (clock sys_clk_pin rise edge)
                                                      0.000     0.000 r  
    W5                                                0.000     0.000 r  clk (IN)
                         net (fo=0)                   0.000     0.000    clk
    W5                   IBUF (Prop_ibuf_I_O)         0.414     0.414 r  clk_IBUF_inst/O
                         net (fo=1, routed)           0.685     1.099    clk_IBUF
    BUFGCTRL_X0Y0        BUFG (Prop_bufg_I_O)         0.029     1.128 r  clk_IBUF_BUFG_inst/O
                         net (fo=5432, routed)        0.831     1.958    calc_mode_top_inst/u_exec/u_alu/u_pow/pow2_inst/clk_IBUF_BUFG
    SLICE_X57Y15         FDCE                                         r  calc_mode_top_inst/u_exec/u_alu/u_pow/pow2_inst/val_reg[2]/C
                         clock pessimism             -0.497     1.461    
    SLICE_X57Y15         FDCE (Remov_fdce_C_CLR)     -0.092     1.369    calc_mode_top_inst/u_exec/u_alu/u_pow/pow2_inst/val_reg[2]
  -------------------------------------------------------------------
                         required time                         -1.369    
                         arrival time                           1.755    
  -------------------------------------------------------------------
                         slack                                  0.386    

Slack (MET) :             0.386ns  (arrival time - required time)
  Source:                 calc_mode_top_inst/u_exec/u_alu/u_pow/pow2_clr_reg/C
                            (rising edge-triggered cell FDPE clocked by sys_clk_pin  {rise@0.000ns fall@20.000ns period=40.000ns})
  Destination:            calc_mode_top_inst/u_exec/u_alu/u_pow/pow2_inst/val_reg[3]/CLR
                            (removal check against rising-edge clock sys_clk_pin  {rise@0.000ns fall@20.000ns period=40.000ns})
  Path Group:             **async_default**
  Path Type:              Removal (Min at Fast Process Corner)
  Requirement:            0.000ns  (sys_clk_pin rise@0.000ns - sys_clk_pin rise@0.000ns)
  Data Path Delay:        0.309ns  (logic 0.164ns (53.076%)  route 0.145ns (46.924%))
  Logic Levels:           0  
  Clock Path Skew:        0.015ns (DCD - SCD - CPR)
    Destination Clock Delay (DCD):    1.958ns
    Source Clock Delay      (SCD):    1.446ns
    Clock Pessimism Removal (CPR):    0.497ns

    Location             Delay type                Incr(ns)  Path(ns)    Netlist Resource(s)
  -------------------------------------------------------------------    -------------------
                         (clock sys_clk_pin rise edge)
                                                      0.000     0.000 r  
    W5                                                0.000     0.000 r  clk (IN)
                         net (fo=0)                   0.000     0.000    clk
    W5                   IBUF (Prop_ibuf_I_O)         0.226     0.226 r  clk_IBUF_inst/O
                         net (fo=1, routed)           0.631     0.858    clk_IBUF
    BUFGCTRL_X0Y0        BUFG (Prop_bufg_I_O)         0.026     0.884 r  clk_IBUF_BUFG_inst/O
                         net (fo=5432, routed)        0.563     1.446    calc_mode_top_inst/u_exec/u_alu/u_pow/clk_IBUF_BUFG
    SLICE_X56Y16         FDPE                                         r  calc_mode_top_inst/u_exec/u_alu/u_pow/pow2_clr_reg/C
  -------------------------------------------------------------------    -------------------
    SLICE_X56Y16         FDPE (Prop_fdpe_C_Q)         0.164     1.610 f  calc_mode_top_inst/u_exec/u_alu/u_pow/pow2_clr_reg/Q
                         net (fo=66, routed)          0.145     1.755    calc_mode_top_inst/u_exec/u_alu/u_pow/pow2_inst/AR[0]
    SLICE_X57Y15         FDCE                                         f  calc_mode_top_inst/u_exec/u_alu/u_pow/pow2_inst/val_reg[3]/CLR
  -------------------------------------------------------------------    -------------------

                         (clock sys_clk_pin rise edge)
                                                      0.000     0.000 r  
    W5                                                0.000     0.000 r  clk (IN)
                         net (fo=0)                   0.000     0.000    clk
    W5                   IBUF (Prop_ibuf_I_O)         0.414     0.414 r  clk_IBUF_inst/O
                         net (fo=1, routed)           0.685     1.099    clk_IBUF
    BUFGCTRL_X0Y0        BUFG (Prop_bufg_I_O)         0.029     1.128 r  clk_IBUF_BUFG_inst/O
                         net (fo=5432, routed)        0.831     1.958    calc_mode_top_inst/u_exec/u_alu/u_pow/pow2_inst/clk_IBUF_BUFG
    SLICE_X57Y15         FDCE                                         r  calc_mode_top_inst/u_exec/u_alu/u_pow/pow2_inst/val_reg[3]/C
                         clock pessimism             -0.497     1.461    
    SLICE_X57Y15         FDCE (Remov_fdce_C_CLR)     -0.092     1.369    calc_mode_top_inst/u_exec/u_alu/u_pow/pow2_inst/val_reg[3]
  -------------------------------------------------------------------
                         required time                         -1.369    
                         arrival time                           1.755    
  -------------------------------------------------------------------
                         slack                                  0.386    

Slack (MET) :             0.394ns  (arrival time - required time)
  Source:                 calc_mode_top_inst/u_exec/u_alu/u_trig/divider_clr_reg_rep/C
                            (rising edge-triggered cell FDPE clocked by sys_clk_pin  {rise@0.000ns fall@20.000ns period=40.000ns})
  Destination:            calc_mode_top_inst/u_exec/u_alu/u_trig/divider_inst/remainder_reg_reg[19]/CLR
                            (removal check against rising-edge clock sys_clk_pin  {rise@0.000ns fall@20.000ns period=40.000ns})
  Path Group:             **async_default**
  Path Type:              Removal (Min at Fast Process Corner)
  Requirement:            0.000ns  (sys_clk_pin rise@0.000ns - sys_clk_pin rise@0.000ns)
  Data Path Delay:        0.343ns  (logic 0.141ns (41.126%)  route 0.202ns (58.874%))
  Logic Levels:           0  
  Clock Path Skew:        0.016ns (DCD - SCD - CPR)
    Destination Clock Delay (DCD):    1.963ns
    Source Clock Delay      (SCD):    1.450ns
    Clock Pessimism Removal (CPR):    0.497ns

    Location             Delay type                Incr(ns)  Path(ns)    Netlist Resource(s)
  -------------------------------------------------------------------    -------------------
                         (clock sys_clk_pin rise edge)
                                                      0.000     0.000 r  
    W5                                                0.000     0.000 r  clk (IN)
                         net (fo=0)                   0.000     0.000    clk
    W5                   IBUF (Prop_ibuf_I_O)         0.226     0.226 r  clk_IBUF_inst/O
                         net (fo=1, routed)           0.631     0.858    clk_IBUF
    BUFGCTRL_X0Y0        BUFG (Prop_bufg_I_O)         0.026     0.884 r  clk_IBUF_BUFG_inst/O
                         net (fo=5432, routed)        0.567     1.450    calc_mode_top_inst/u_exec/u_alu/u_trig/clk_IBUF_BUFG
    SLICE_X57Y9          FDPE                                         r  calc_mode_top_inst/u_exec/u_alu/u_trig/divider_clr_reg_rep/C
  -------------------------------------------------------------------    -------------------
    SLICE_X57Y9          FDPE (Prop_fdpe_C_Q)         0.141     1.591 f  calc_mode_top_inst/u_exec/u_alu/u_trig/divider_clr_reg_rep/Q
                         net (fo=56, routed)          0.202     1.793    calc_mode_top_inst/u_exec/u_alu/u_trig/divider_inst/AR[0]
    SLICE_X56Y7          FDCE                                         f  calc_mode_top_inst/u_exec/u_alu/u_trig/divider_inst/remainder_reg_reg[19]/CLR
  -------------------------------------------------------------------    -------------------

                         (clock sys_clk_pin rise edge)
                                                      0.000     0.000 r  
    W5                                                0.000     0.000 r  clk (IN)
                         net (fo=0)                   0.000     0.000    clk
    W5                   IBUF (Prop_ibuf_I_O)         0.414     0.414 r  clk_IBUF_inst/O
                         net (fo=1, routed)           0.685     1.099    clk_IBUF
    BUFGCTRL_X0Y0        BUFG (Prop_bufg_I_O)         0.029     1.128 r  clk_IBUF_BUFG_inst/O
                         net (fo=5432, routed)        0.836     1.963    calc_mode_top_inst/u_exec/u_alu/u_trig/divider_inst/clk_IBUF_BUFG
    SLICE_X56Y7          FDCE                                         r  calc_mode_top_inst/u_exec/u_alu/u_trig/divider_inst/remainder_reg_reg[19]/C
                         clock pessimism             -0.497     1.466    
    SLICE_X56Y7          FDCE (Remov_fdce_C_CLR)     -0.067     1.399    calc_mode_top_inst/u_exec/u_alu/u_trig/divider_inst/remainder_reg_reg[19]
  -------------------------------------------------------------------
                         required time                         -1.399    
                         arrival time                           1.793    
  -------------------------------------------------------------------
                         slack                                  0.394    

Slack (MET) :             0.394ns  (arrival time - required time)
  Source:                 calc_mode_top_inst/u_exec/u_alu/u_trig/divider_clr_reg_rep/C
                            (rising edge-triggered cell FDPE clocked by sys_clk_pin  {rise@0.000ns fall@20.000ns period=40.000ns})
  Destination:            calc_mode_top_inst/u_exec/u_alu/u_trig/divider_inst/remainder_reg_reg[20]/CLR
                            (removal check against rising-edge clock sys_clk_pin  {rise@0.000ns fall@20.000ns period=40.000ns})
  Path Group:             **async_default**
  Path Type:              Removal (Min at Fast Process Corner)
  Requirement:            0.000ns  (sys_clk_pin rise@0.000ns - sys_clk_pin rise@0.000ns)
  Data Path Delay:        0.343ns  (logic 0.141ns (41.126%)  route 0.202ns (58.874%))
  Logic Levels:           0  
  Clock Path Skew:        0.016ns (DCD - SCD - CPR)
    Destination Clock Delay (DCD):    1.963ns
    Source Clock Delay      (SCD):    1.450ns
    Clock Pessimism Removal (CPR):    0.497ns

    Location             Delay type                Incr(ns)  Path(ns)    Netlist Resource(s)
  -------------------------------------------------------------------    -------------------
                         (clock sys_clk_pin rise edge)
                                                      0.000     0.000 r  
    W5                                                0.000     0.000 r  clk (IN)
                         net (fo=0)                   0.000     0.000    clk
    W5                   IBUF (Prop_ibuf_I_O)         0.226     0.226 r  clk_IBUF_inst/O
                         net (fo=1, routed)           0.631     0.858    clk_IBUF
    BUFGCTRL_X0Y0        BUFG (Prop_bufg_I_O)         0.026     0.884 r  clk_IBUF_BUFG_inst/O
                         net (fo=5432, routed)        0.567     1.450    calc_mode_top_inst/u_exec/u_alu/u_trig/clk_IBUF_BUFG
    SLICE_X57Y9          FDPE                                         r  calc_mode_top_inst/u_exec/u_alu/u_trig/divider_clr_reg_rep/C
  -------------------------------------------------------------------    -------------------
    SLICE_X57Y9          FDPE (Prop_fdpe_C_Q)         0.141     1.591 f  calc_mode_top_inst/u_exec/u_alu/u_trig/divider_clr_reg_rep/Q
                         net (fo=56, routed)          0.202     1.793    calc_mode_top_inst/u_exec/u_alu/u_trig/divider_inst/AR[0]
    SLICE_X56Y7          FDCE                                         f  calc_mode_top_inst/u_exec/u_alu/u_trig/divider_inst/remainder_reg_reg[20]/CLR
  -------------------------------------------------------------------    -------------------

                         (clock sys_clk_pin rise edge)
                                                      0.000     0.000 r  
    W5                                                0.000     0.000 r  clk (IN)
                         net (fo=0)                   0.000     0.000    clk
    W5                   IBUF (Prop_ibuf_I_O)         0.414     0.414 r  clk_IBUF_inst/O
                         net (fo=1, routed)           0.685     1.099    clk_IBUF
    BUFGCTRL_X0Y0        BUFG (Prop_bufg_I_O)         0.029     1.128 r  clk_IBUF_BUFG_inst/O
                         net (fo=5432, routed)        0.836     1.963    calc_mode_top_inst/u_exec/u_alu/u_trig/divider_inst/clk_IBUF_BUFG
    SLICE_X56Y7          FDCE                                         r  calc_mode_top_inst/u_exec/u_alu/u_trig/divider_inst/remainder_reg_reg[20]/C
                         clock pessimism             -0.497     1.466    
    SLICE_X56Y7          FDCE (Remov_fdce_C_CLR)     -0.067     1.399    calc_mode_top_inst/u_exec/u_alu/u_trig/divider_inst/remainder_reg_reg[20]
  -------------------------------------------------------------------
                         required time                         -1.399    
                         arrival time                           1.793    
  -------------------------------------------------------------------
                         slack                                  0.394    

Slack (MET) :             0.394ns  (arrival time - required time)
  Source:                 calc_mode_top_inst/u_exec/u_alu/u_trig/divider_clr_reg_rep/C
                            (rising edge-triggered cell FDPE clocked by sys_clk_pin  {rise@0.000ns fall@20.000ns period=40.000ns})
  Destination:            calc_mode_top_inst/u_exec/u_alu/u_trig/divider_inst/remainder_reg_reg[21]/CLR
                            (removal check against rising-edge clock sys_clk_pin  {rise@0.000ns fall@20.000ns period=40.000ns})
  Path Group:             **async_default**
  Path Type:              Removal (Min at Fast Process Corner)
  Requirement:            0.000ns  (sys_clk_pin rise@0.000ns - sys_clk_pin rise@0.000ns)
  Data Path Delay:        0.343ns  (logic 0.141ns (41.126%)  route 0.202ns (58.874%))
  Logic Levels:           0  
  Clock Path Skew:        0.016ns (DCD - SCD - CPR)
    Destination Clock Delay (DCD):    1.963ns
    Source Clock Delay      (SCD):    1.450ns
    Clock Pessimism Removal (CPR):    0.497ns

    Location             Delay type                Incr(ns)  Path(ns)    Netlist Resource(s)
  -------------------------------------------------------------------    -------------------
                         (clock sys_clk_pin rise edge)
                                                      0.000     0.000 r  
    W5                                                0.000     0.000 r  clk (IN)
                         net (fo=0)                   0.000     0.000    clk
    W5                   IBUF (Prop_ibuf_I_O)         0.226     0.226 r  clk_IBUF_inst/O
                         net (fo=1, routed)           0.631     0.858    clk_IBUF
    BUFGCTRL_X0Y0        BUFG (Prop_bufg_I_O)         0.026     0.884 r  clk_IBUF_BUFG_inst/O
                         net (fo=5432, routed)        0.567     1.450    calc_mode_top_inst/u_exec/u_alu/u_trig/clk_IBUF_BUFG
    SLICE_X57Y9          FDPE                                         r  calc_mode_top_inst/u_exec/u_alu/u_trig/divider_clr_reg_rep/C
  -------------------------------------------------------------------    -------------------
    SLICE_X57Y9          FDPE (Prop_fdpe_C_Q)         0.141     1.591 f  calc_mode_top_inst/u_exec/u_alu/u_trig/divider_clr_reg_rep/Q
                         net (fo=56, routed)          0.202     1.793    calc_mode_top_inst/u_exec/u_alu/u_trig/divider_inst/AR[0]
    SLICE_X56Y7          FDCE                                         f  calc_mode_top_inst/u_exec/u_alu/u_trig/divider_inst/remainder_reg_reg[21]/CLR
  -------------------------------------------------------------------    -------------------

                         (clock sys_clk_pin rise edge)
                                                      0.000     0.000 r  
    W5                                                0.000     0.000 r  clk (IN)
                         net (fo=0)                   0.000     0.000    clk
    W5                   IBUF (Prop_ibuf_I_O)         0.414     0.414 r  clk_IBUF_inst/O
                         net (fo=1, routed)           0.685     1.099    clk_IBUF
    BUFGCTRL_X0Y0        BUFG (Prop_bufg_I_O)         0.029     1.128 r  clk_IBUF_BUFG_inst/O
                         net (fo=5432, routed)        0.836     1.963    calc_mode_top_inst/u_exec/u_alu/u_trig/divider_inst/clk_IBUF_BUFG
    SLICE_X56Y7          FDCE                                         r  calc_mode_top_inst/u_exec/u_alu/u_trig/divider_inst/remainder_reg_reg[21]/C
                         clock pessimism             -0.497     1.466    
    SLICE_X56Y7          FDCE (Remov_fdce_C_CLR)     -0.067     1.399    calc_mode_top_inst/u_exec/u_alu/u_trig/divider_inst/remainder_reg_reg[21]
  -------------------------------------------------------------------
                         required time                         -1.399    
                         arrival time                           1.793    
  -------------------------------------------------------------------
                         slack                                  0.394    

Slack (MET) :             0.394ns  (arrival time - required time)
  Source:                 calc_mode_top_inst/u_exec/u_alu/u_trig/divider_clr_reg_rep/C
                            (rising edge-triggered cell FDPE clocked by sys_clk_pin  {rise@0.000ns fall@20.000ns period=40.000ns})
  Destination:            calc_mode_top_inst/u_exec/u_alu/u_trig/divider_inst/remainder_reg_reg[22]/CLR
                            (removal check against rising-edge clock sys_clk_pin  {rise@0.000ns fall@20.000ns period=40.000ns})
  Path Group:             **async_default**
  Path Type:              Removal (Min at Fast Process Corner)
  Requirement:            0.000ns  (sys_clk_pin rise@0.000ns - sys_clk_pin rise@0.000ns)
  Data Path Delay:        0.343ns  (logic 0.141ns (41.126%)  route 0.202ns (58.874%))
  Logic Levels:           0  
  Clock Path Skew:        0.016ns (DCD - SCD - CPR)
    Destination Clock Delay (DCD):    1.963ns
    Source Clock Delay      (SCD):    1.450ns
    Clock Pessimism Removal (CPR):    0.497ns

    Location             Delay type                Incr(ns)  Path(ns)    Netlist Resource(s)
  -------------------------------------------------------------------    -------------------
                         (clock sys_clk_pin rise edge)
                                                      0.000     0.000 r  
    W5                                                0.000     0.000 r  clk (IN)
                         net (fo=0)                   0.000     0.000    clk
    W5                   IBUF (Prop_ibuf_I_O)         0.226     0.226 r  clk_IBUF_inst/O
                         net (fo=1, routed)           0.631     0.858    clk_IBUF
    BUFGCTRL_X0Y0        BUFG (Prop_bufg_I_O)         0.026     0.884 r  clk_IBUF_BUFG_inst/O
                         net (fo=5432, routed)        0.567     1.450    calc_mode_top_inst/u_exec/u_alu/u_trig/clk_IBUF_BUFG
    SLICE_X57Y9          FDPE                                         r  calc_mode_top_inst/u_exec/u_alu/u_trig/divider_clr_reg_rep/C
  -------------------------------------------------------------------    -------------------
    SLICE_X57Y9          FDPE (Prop_fdpe_C_Q)         0.141     1.591 f  calc_mode_top_inst/u_exec/u_alu/u_trig/divider_clr_reg_rep/Q
                         net (fo=56, routed)          0.202     1.793    calc_mode_top_inst/u_exec/u_alu/u_trig/divider_inst/AR[0]
    SLICE_X56Y7          FDCE                                         f  calc_mode_top_inst/u_exec/u_alu/u_trig/divider_inst/remainder_reg_reg[22]/CLR
  -------------------------------------------------------------------    -------------------

                         (clock sys_clk_pin rise edge)
                                                      0.000     0.000 r  
    W5                                                0.000     0.000 r  clk (IN)
                         net (fo=0)                   0.000     0.000    clk
    W5                   IBUF (Prop_ibuf_I_O)         0.414     0.414 r  clk_IBUF_inst/O
                         net (fo=1, routed)           0.685     1.099    clk_IBUF
    BUFGCTRL_X0Y0        BUFG (Prop_bufg_I_O)         0.029     1.128 r  clk_IBUF_BUFG_inst/O
                         net (fo=5432, routed)        0.836     1.963    calc_mode_top_inst/u_exec/u_alu/u_trig/divider_inst/clk_IBUF_BUFG
    SLICE_X56Y7          FDCE                                         r  calc_mode_top_inst/u_exec/u_alu/u_trig/divider_inst/remainder_reg_reg[22]/C
                         clock pessimism             -0.497     1.466    
    SLICE_X56Y7          FDCE (Remov_fdce_C_CLR)     -0.067     1.399    calc_mode_top_inst/u_exec/u_alu/u_trig/divider_inst/remainder_reg_reg[22]
  -------------------------------------------------------------------
                         required time                         -1.399    
                         arrival time                           1.793    
  -------------------------------------------------------------------
                         slack                                  0.394    





