Copyright 1986-2018 Xilinx, Inc. All Rights Reserved.
--------------------------------------------------------------------------------------------------------------------------------------------------------------------------------------------------------
| Tool Version : Vivado v.2018.2 (win64) Build 2258646 Thu Jun 14 20:03:12 MDT 2018
| Date         : Sun Nov  9 01:41:44 2025
| Host         : Plup1 running 64-bit major release  (build 9200)
| Command      : report_timing_summary -max_paths 10 -file Top_Student_timing_summary_routed.rpt -pb Top_Student_timing_summary_routed.pb -rpx Top_Student_timing_summary_routed.rpx -warn_on_violation
| Design       : Top_Student
| Device       : 7a35t-cpg236
| Speed File   : -1  PRODUCTION 1.22 2018-03-21
--------------------------------------------------------------------------------------------------------------------------------------------------------------------------------------------------------

Timing Summary Report

------------------------------------------------------------------------------------------------
| Timer Settings
| --------------
------------------------------------------------------------------------------------------------

  Enable Multi Corner Analysis               :  Yes
  Enable Pessimism Removal                   :  Yes
  Pessimism Removal Resolution               :  Nearest Common Node
  Enable Input Delay Default Clock           :  No
  Enable Preset / Clear Arcs                 :  No
  Disable Flight Delays                      :  No
  Ignore I/O Paths                           :  No
  Timing Early Launch at Borrowing Latches   :  false

  Corner  Analyze    Analyze    
  Name    Max Paths  Min Paths  
  ------  ---------  ---------  
  Slow    Yes        Yes        
  Fast    Yes        Yes        



check_timing report

Table of Contents
-----------------
1. checking no_clock
2. checking constant_clock
3. checking pulse_width_clock
4. checking unconstrained_internal_endpoints
5. checking no_input_delay
6. checking no_output_delay
7. checking multiple_clock
8. checking generated_clocks
9. checking loops
10. checking partial_input_delay
11. checking partial_output_delay
12. checking latch_loops

1. checking no_clock
--------------------
 There are 115 register/latch pins with no clock driven by root clock pin: display_handler_inst/clk_6p25m/SLOW_CLOCK_reg/Q (HIGH)


2. checking constant_clock
--------------------------
 There are 0 register/latch pins with constant_clock.


3. checking pulse_width_clock
-----------------------------
 There are 0 register/latch pins which need pulse_width check


4. checking unconstrained_internal_endpoints
--------------------------------------------
 There are 228 pins that are not constrained for maximum delay. (HIGH)

 There are 0 pins that are not constrained for maximum delay due to constant clock.


5. checking no_input_delay
--------------------------
 There are 6 input ports with no input delay specified. (HIGH)

 There are 0 input ports with no input delay but user has a false path constraint.


6. checking no_output_delay
---------------------------
 There are 37 ports with no output delay specified. (HIGH)

 There are 0 ports with no output delay but user has a false path constraint

 There are 0 ports with no output delay but with a timing clock defined on it or propagating through it


7. checking multiple_clock
--------------------------
 There are 0 register/latch pins with multiple clocks.


8. checking generated_clocks
----------------------------
 There are 0 generated clocks that are not connected to a clock source.


9. checking loops
-----------------
 There are 0 combinational loops in the design.


10. checking partial_input_delay
--------------------------------
 There are 0 input ports with partial input delay specified.


11. checking partial_output_delay
---------------------------------
 There are 0 ports with partial output delay specified.


12. checking latch_loops
------------------------
 There are 0 combinational latch loops in the design through latch input



------------------------------------------------------------------------------------------------
| Design Timing Summary
| ---------------------
------------------------------------------------------------------------------------------------

    WNS(ns)      TNS(ns)  TNS Failing Endpoints  TNS Total Endpoints      WHS(ns)      THS(ns)  THS Failing Endpoints  THS Total Endpoints     WPWS(ns)     TPWS(ns)  TPWS Failing Endpoints  TPWS Total Endpoints  
    -------      -------  ---------------------  -------------------      -------      -------  ---------------------  -------------------     --------     --------  ----------------------  --------------------  
    -33.429   -18236.742                   3241                13304        0.017        0.000                      0                13304        4.020        0.000                       0                  9645  


Timing constraints are not met.


------------------------------------------------------------------------------------------------
| Clock Summary
| -------------
------------------------------------------------------------------------------------------------

Clock        Waveform(ns)       Period(ns)      Frequency(MHz)
-----        ------------       ----------      --------------
sys_clk_pin  {0.000 5.000}      10.000          100.000         


------------------------------------------------------------------------------------------------
| Intra Clock Table
| -----------------
------------------------------------------------------------------------------------------------

Clock             WNS(ns)      TNS(ns)  TNS Failing Endpoints  TNS Total Endpoints      WHS(ns)      THS(ns)  THS Failing Endpoints  THS Total Endpoints     WPWS(ns)     TPWS(ns)  TPWS Failing Endpoints  TPWS Total Endpoints  
-----             -------      -------  ---------------------  -------------------      -------      -------  ---------------------  -------------------     --------     --------  ----------------------  --------------------  
sys_clk_pin       -33.429   -18236.742                   3241                13304        0.017        0.000                      0                13304        4.020        0.000                       0                  9645  


------------------------------------------------------------------------------------------------
| Inter Clock Table
| -----------------
------------------------------------------------------------------------------------------------

From Clock    To Clock          WNS(ns)      TNS(ns)  TNS Failing Endpoints  TNS Total Endpoints      WHS(ns)      THS(ns)  THS Failing Endpoints  THS Total Endpoints  
----------    --------          -------      -------  ---------------------  -------------------      -------      -------  ---------------------  -------------------  


------------------------------------------------------------------------------------------------
| Other Path Groups Table
| -----------------------
------------------------------------------------------------------------------------------------

Path Group    From Clock    To Clock          WNS(ns)      TNS(ns)  TNS Failing Endpoints  TNS Total Endpoints      WHS(ns)      THS(ns)  THS Failing Endpoints  THS Total Endpoints  
----------    ----------    --------          -------      -------  ---------------------  -------------------      -------      -------  ---------------------  -------------------  


------------------------------------------------------------------------------------------------
| Timing Details
| --------------
------------------------------------------------------------------------------------------------


---------------------------------------------------------------------------------------------------
From Clock:  sys_clk_pin
  To Clock:  sys_clk_pin

Setup :         3241  Failing Endpoints,  Worst Slack      -33.429ns,  Total Violation   -18236.742ns
Hold  :            0  Failing Endpoints,  Worst Slack        0.017ns,  Total Violation        0.000ns
PW    :            0  Failing Endpoints,  Worst Slack        4.020ns,  Total Violation        0.000ns
---------------------------------------------------------------------------------------------------


Max Delay Paths
--------------------------------------------------------------------------------------
Slack (VIOLATED) :        -33.429ns  (required time - arrival time)
  Source:                 display_handler_inst/vga_sync_unit/v_count_reg_reg[3]/C
                            (rising edge-triggered cell FDCE clocked by sys_clk_pin  {rise@0.000ns fall@5.000ns period=10.000ns})
  Destination:            poly_mode_inst/poly_vga_inst/char_code_reg_reg[4]/D
                            (rising edge-triggered cell FDRE clocked by sys_clk_pin  {rise@0.000ns fall@5.000ns period=10.000ns})
  Path Group:             sys_clk_pin
  Path Type:              Setup (Max at Slow Process Corner)
  Requirement:            10.000ns  (sys_clk_pin rise@10.000ns - sys_clk_pin rise@0.000ns)
  Data Path Delay:        43.479ns  (logic 17.896ns (41.160%)  route 25.583ns (58.840%))
  Logic Levels:           57  (CARRY4=29 LUT1=1 LUT2=1 LUT3=8 LUT4=3 LUT5=5 LUT6=10)
  Clock Path Skew:        0.055ns (DCD - SCD + CPR)
    Destination Clock Delay (DCD):    4.939ns = ( 14.939 - 10.000 ) 
    Source Clock Delay      (SCD):    5.071ns
    Clock Pessimism Removal (CPR):    0.187ns
  Clock Uncertainty:      0.035ns  ((TSJ^2 + TIJ^2)^1/2 + DJ) / 2 + PE
    Total System Jitter     (TSJ):    0.071ns
    Total Input Jitter      (TIJ):    0.000ns
    Discrete Jitter          (DJ):    0.000ns
    Phase Error              (PE):    0.000ns

    Location             Delay type                Incr(ns)  Path(ns)    Netlist Resource(s)
  -------------------------------------------------------------------    -------------------
                         (clock sys_clk_pin rise edge)
                                                      0.000     0.000 r  
    W5                                                0.000     0.000 r  clk (IN)
                         net (fo=0)                   0.000     0.000    clk
    W5                   IBUF (Prop_ibuf_I_O)         1.458     1.458 r  clk_IBUF_inst/O
                         net (fo=1, routed)           1.967     3.425    clk_IBUF
    BUFGCTRL_X0Y0        BUFG (Prop_bufg_I_O)         0.096     3.521 r  clk_IBUF_BUFG_inst/O
                         net (fo=9644, routed)        1.550     5.071    display_handler_inst/vga_sync_unit/clk_IBUF_BUFG
    SLICE_X35Y89         FDCE                                         r  display_handler_inst/vga_sync_unit/v_count_reg_reg[3]/C
  -------------------------------------------------------------------    -------------------
    SLICE_X35Y89         FDCE (Prop_fdce_C_Q)         0.456     5.527 f  display_handler_inst/vga_sync_unit/v_count_reg_reg[3]/Q
                         net (fo=108, routed)         0.910     6.437    display_handler_inst/vga_sync_unit/Q[3]
    SLICE_X35Y88         LUT6 (Prop_lut6_I1_O)        0.124     6.561 f  display_handler_inst/vga_sync_unit/char_code_reg[6]_i_26/O
                         net (fo=4, routed)           0.302     6.863    display_handler_inst/vga_sync_unit/char_code_reg[6]_i_26_n_0
    SLICE_X35Y89         LUT6 (Prop_lut6_I5_O)        0.124     6.987 r  display_handler_inst/vga_sync_unit/char_code_reg[1]_i_59/O
                         net (fo=155, routed)         0.826     7.812    display_handler_inst/vga_sync_unit/char_code_reg[1]_i_59_n_0
    SLICE_X31Y90         LUT5 (Prop_lut5_I4_O)        0.124     7.936 r  display_handler_inst/vga_sync_unit/char_code_reg[4]_i_1097/O
                         net (fo=1, routed)           0.634     8.571    display_handler_inst/vga_sync_unit/char_code_reg[4]_i_1097_n_0
    SLICE_X28Y93         CARRY4 (Prop_carry4_CYINIT_CO[3])
                                                      0.580     9.151 r  display_handler_inst/vga_sync_unit/char_code_reg_reg[4]_i_572/CO[3]
                         net (fo=1, routed)           0.000     9.151    display_handler_inst/vga_sync_unit/char_code_reg_reg[4]_i_572_n_0
    SLICE_X28Y94         CARRY4 (Prop_carry4_CI_O[1])
                                                      0.334     9.485 f  display_handler_inst/vga_sync_unit/char_code_reg_reg[4]_i_317/O[1]
                         net (fo=13, routed)          0.915    10.400    display_handler_inst/vga_sync_unit/poly_mode_inst/poly_vga_inst/imag_leading_zeros9[6]
    SLICE_X28Y100        LUT3 (Prop_lut3_I0_O)        0.303    10.703 f  display_handler_inst/vga_sync_unit/char_code_reg[4]_i_321/O
                         net (fo=144, routed)         0.708    11.411    display_handler_inst/vga_sync_unit/char_code_reg[4]_i_321_n_0
    SLICE_X25Y100        LUT1 (Prop_lut1_I0_O)        0.124    11.535 r  display_handler_inst/vga_sync_unit/char_code_reg[4]_i_563/O
                         net (fo=3, routed)           0.357    11.892    display_handler_inst/vga_sync_unit/char_code_reg[4]_i_563_n_0
    SLICE_X26Y100        CARRY4 (Prop_carry4_CYINIT_CO[3])
                                                      0.580    12.472 r  display_handler_inst/vga_sync_unit/char_code_reg_reg[4]_i_312/CO[3]
                         net (fo=1, routed)           0.000    12.472    display_handler_inst/vga_sync_unit/char_code_reg_reg[4]_i_312_n_0
    SLICE_X26Y101        CARRY4 (Prop_carry4_CI_O[1])
                                                      0.334    12.806 r  display_handler_inst/vga_sync_unit/char_code_reg_reg[4]_i_923/O[1]
                         net (fo=46, routed)          0.526    13.332    display_handler_inst/vga_sync_unit/poly_mode_inst/poly_vga_inst/imag_leading_zeros7[6]
    SLICE_X24Y101        LUT3 (Prop_lut3_I0_O)        0.303    13.635 r  display_handler_inst/vga_sync_unit/char_code_reg[4]_i_1416/O
                         net (fo=129, routed)         0.893    14.528    display_handler_inst/vga_sync_unit/poly_mode_inst/poly_vga_inst/imag_leading_zeros6[6]
    SLICE_X32Y101        LUT6 (Prop_lut6_I3_O)        0.124    14.652 r  display_handler_inst/vga_sync_unit/char_code_reg[3]_i_1563/O
                         net (fo=1, routed)           1.233    15.885    display_handler_inst/vga_sync_unit/char_code_reg[3]_i_1563_n_0
    SLICE_X32Y115        CARRY4 (Prop_carry4_DI[1]_CO[3])
                                                      0.507    16.392 r  display_handler_inst/vga_sync_unit/char_code_reg_reg[3]_i_1275/CO[3]
                         net (fo=1, routed)           0.000    16.392    display_handler_inst/vga_sync_unit/char_code_reg_reg[3]_i_1275_n_0
    SLICE_X32Y116        CARRY4 (Prop_carry4_CI_O[2])
                                                      0.239    16.631 r  display_handler_inst/vga_sync_unit/char_code_reg_reg[3]_i_1051/O[2]
                         net (fo=3, routed)           1.015    17.646    display_handler_inst/vga_sync_unit/char_code_reg_reg[3]_8[2]
    SLICE_X32Y110        LUT3 (Prop_lut3_I1_O)        0.302    17.948 r  display_handler_inst/vga_sync_unit/char_code_reg[3]_i_753/O
                         net (fo=1, routed)           0.774    18.722    display_handler_inst/vga_sync_unit/char_code_reg[3]_i_753_n_0
    SLICE_X30Y110        CARRY4 (Prop_carry4_DI[0]_CO[3])
                                                      0.550    19.272 r  display_handler_inst/vga_sync_unit/char_code_reg_reg[3]_i_556/CO[3]
                         net (fo=1, routed)           0.000    19.272    display_handler_inst/vga_sync_unit/char_code_reg_reg[3]_i_556_n_0
    SLICE_X30Y111        CARRY4 (Prop_carry4_CI_CO[3])
                                                      0.117    19.389 r  display_handler_inst/vga_sync_unit/char_code_reg_reg[3]_i_364/CO[3]
                         net (fo=1, routed)           0.000    19.389    display_handler_inst/vga_sync_unit/char_code_reg_reg[3]_i_364_n_0
    SLICE_X30Y112        CARRY4 (Prop_carry4_CI_CO[3])
                                                      0.117    19.506 r  display_handler_inst/vga_sync_unit/char_code_reg_reg[3]_i_244/CO[3]
                         net (fo=1, routed)           0.000    19.506    display_handler_inst/vga_sync_unit/char_code_reg_reg[3]_i_244_n_0
    SLICE_X30Y113        CARRY4 (Prop_carry4_CI_CO[3])
                                                      0.117    19.623 r  display_handler_inst/vga_sync_unit/char_code_reg_reg[3]_i_363/CO[3]
                         net (fo=1, routed)           0.000    19.623    display_handler_inst/vga_sync_unit/char_code_reg_reg[3]_i_363_n_0
    SLICE_X30Y114        CARRY4 (Prop_carry4_CI_O[1])
                                                      0.323    19.946 r  display_handler_inst/vga_sync_unit/char_code_reg_reg[4]_i_821/O[1]
                         net (fo=23, routed)          0.895    20.841    display_handler_inst_n_412
    SLICE_X33Y110        LUT3 (Prop_lut3_I0_O)        0.306    21.147 r  char_code_reg[3]_i_1585/O
                         net (fo=1, routed)           0.632    21.778    char_code_reg[3]_i_1585_n_0
    SLICE_X31Y110        CARRY4 (Prop_carry4_DI[0]_CO[3])
                                                      0.526    22.304 r  char_code_reg_reg[3]_i_1307/CO[3]
                         net (fo=1, routed)           0.000    22.304    char_code_reg_reg[3]_i_1307_n_0
    SLICE_X31Y111        CARRY4 (Prop_carry4_CI_O[3])
                                                      0.313    22.617 r  char_code_reg_reg[3]_i_1079/O[3]
                         net (fo=3, routed)           0.715    23.332    char_code_reg_reg[3]_i_1079_n_4
    SLICE_X29Y117        LUT3 (Prop_lut3_I1_O)        0.306    23.638 r  char_code_reg[3]_i_1081/O
                         net (fo=2, routed)           0.275    23.913    char_code_reg[3]_i_1081_n_0
    SLICE_X29Y117        LUT5 (Prop_lut5_I4_O)        0.124    24.037 r  char_code_reg[3]_i_773/O
                         net (fo=2, routed)           0.793    24.830    char_code_reg[3]_i_773_n_0
    SLICE_X31Y116        LUT6 (Prop_lut6_I0_O)        0.124    24.954 r  char_code_reg[3]_i_777/O
                         net (fo=1, routed)           0.000    24.954    char_code_reg[3]_i_777_n_0
    SLICE_X31Y116        CARRY4 (Prop_carry4_S[1]_CO[3])
                                                      0.550    25.504 r  char_code_reg_reg[3]_i_569/CO[3]
                         net (fo=1, routed)           0.000    25.504    char_code_reg_reg[3]_i_569_n_0
    SLICE_X31Y117        CARRY4 (Prop_carry4_CI_O[1])
                                                      0.334    25.838 r  char_code_reg_reg[3]_i_373/O[1]
                         net (fo=3, routed)           0.782    26.620    display_handler_inst/vga_sync_unit/root3_imag_reg[23]_242[1]
    SLICE_X34Y116        LUT4 (Prop_lut4_I3_O)        0.303    26.923 r  display_handler_inst/vga_sync_unit/char_code_reg[3]_i_585/O
                         net (fo=1, routed)           0.000    26.923    display_handler_inst/vga_sync_unit/char_code_reg[3]_i_585_n_0
    SLICE_X34Y116        CARRY4 (Prop_carry4_S[1]_CO[3])
                                                      0.533    27.456 r  display_handler_inst/vga_sync_unit/char_code_reg_reg[3]_i_379/CO[3]
                         net (fo=1, routed)           0.000    27.456    display_handler_inst/vga_sync_unit/char_code_reg_reg[3]_i_379_n_0
    SLICE_X34Y117        CARRY4 (Prop_carry4_CI_CO[2])
                                                      0.229    27.685 r  display_handler_inst/vga_sync_unit/char_code_reg_reg[3]_i_246/CO[2]
                         net (fo=41, routed)          0.584    28.269    display_handler_inst/vga_sync_unit/char_code_reg_reg[3]_i_246_n_1
    SLICE_X31Y119        LUT6 (Prop_lut6_I3_O)        0.310    28.579 r  display_handler_inst/vga_sync_unit/char_code_reg[3]_i_362/O
                         net (fo=1, routed)           0.605    29.184    display_handler_inst/vga_sync_unit/poly_mode_inst/poly_vga_inst/p_0_in[1]
    SLICE_X30Y119        CARRY4 (Prop_carry4_S[0]_CO[3])
                                                      0.637    29.821 r  display_handler_inst/vga_sync_unit/char_code_reg_reg[3]_i_240/CO[3]
                         net (fo=1, routed)           0.000    29.821    display_handler_inst/vga_sync_unit/char_code_reg_reg[3]_i_240_n_0
    SLICE_X30Y120        CARRY4 (Prop_carry4_CI_O[1])
                                                      0.323    30.144 f  display_handler_inst/vga_sync_unit/char_code_reg_reg[4]_i_429/O[1]
                         net (fo=2, routed)           0.639    30.784    display_handler_inst/vga_sync_unit/char_code_reg_reg[4]_i_429_n_6
    SLICE_X29Y122        LUT5 (Prop_lut5_I4_O)        0.306    31.090 r  display_handler_inst/vga_sync_unit/char_code_reg[3]_i_1641/O
                         net (fo=1, routed)           0.000    31.090    display_handler_inst/vga_sync_unit/char_code_reg[3]_i_1641_n_0
    SLICE_X29Y122        CARRY4 (Prop_carry4_S[1]_CO[3])
                                                      0.550    31.640 r  display_handler_inst/vga_sync_unit/char_code_reg_reg[3]_i_1354/CO[3]
                         net (fo=1, routed)           0.000    31.640    display_handler_inst/vga_sync_unit/char_code_reg_reg[3]_i_1354_n_0
    SLICE_X29Y123        CARRY4 (Prop_carry4_CI_CO[3])
                                                      0.114    31.754 r  display_handler_inst/vga_sync_unit/char_code_reg_reg[3]_i_1348/CO[3]
                         net (fo=1, routed)           0.000    31.754    display_handler_inst/vga_sync_unit/char_code_reg_reg[3]_i_1348_n_0
    SLICE_X29Y124        CARRY4 (Prop_carry4_CI_O[1])
                                                      0.334    32.088 r  display_handler_inst/vga_sync_unit/char_code_reg_reg[3]_i_1346/O[1]
                         net (fo=1, routed)           0.590    32.678    display_handler_inst/vga_sync_unit/char_code_reg_reg[3]_i_1346_n_6
    SLICE_X28Y121        LUT5 (Prop_lut5_I0_O)        0.303    32.981 r  display_handler_inst/vga_sync_unit/char_code_reg[3]_i_1122/O
                         net (fo=27, routed)          0.867    33.848    display_handler_inst/vga_sync_unit/poly_mode_inst/poly_vga_inst/imag_leading_zeros4__0[14]
    SLICE_X31Y122        LUT3 (Prop_lut3_I2_O)        0.124    33.972 r  display_handler_inst/vga_sync_unit/char_code_reg[3]_i_1393/O
                         net (fo=2, routed)           0.881    34.853    display_handler_inst/vga_sync_unit/char_code_reg[3]_i_1393_n_0
    SLICE_X32Y125        CARRY4 (Prop_carry4_DI[0]_CO[3])
                                                      0.526    35.379 r  display_handler_inst/vga_sync_unit/char_code_reg_reg[3]_i_1616/CO[3]
                         net (fo=1, routed)           0.000    35.379    display_handler_inst/vga_sync_unit/char_code_reg_reg[3]_i_1616_n_0
    SLICE_X32Y126        CARRY4 (Prop_carry4_CI_O[3])
                                                      0.313    35.692 r  display_handler_inst/vga_sync_unit/char_code_reg_reg[3]_i_1343/O[3]
                         net (fo=3, routed)           0.665    36.357    display_handler_inst_n_435
    SLICE_X27Y126        LUT3 (Prop_lut3_I0_O)        0.306    36.663 r  char_code_reg[3]_i_1117/O
                         net (fo=1, routed)           0.646    37.309    display_handler_inst/vga_sync_unit/root3_imag_reg[23]_99[0]
    SLICE_X24Y126        CARRY4 (Prop_carry4_DI[0]_CO[3])
                                                      0.526    37.835 r  display_handler_inst/vga_sync_unit/char_code_reg_reg[3]_i_804/CO[3]
                         net (fo=1, routed)           0.000    37.835    display_handler_inst/vga_sync_unit/char_code_reg_reg[3]_i_804_n_0
    SLICE_X24Y127        CARRY4 (Prop_carry4_CI_O[3])
                                                      0.313    38.148 r  display_handler_inst/vga_sync_unit/char_code_reg_reg[3]_i_601/O[3]
                         net (fo=3, routed)           0.754    38.902    display_handler_inst_n_512
    SLICE_X24Y130        LUT3 (Prop_lut3_I1_O)        0.306    39.208 r  char_code_reg[3]_i_393/O
                         net (fo=1, routed)           0.735    39.943    display_handler_inst/vga_sync_unit/root3_imag_reg[23]_111[0]
    SLICE_X25Y128        CARRY4 (Prop_carry4_DI[0]_O[3])
                                                      0.615    40.558 r  display_handler_inst/vga_sync_unit/char_code_reg_reg[3]_i_249/O[3]
                         net (fo=2, routed)           0.599    41.157    display_handler_inst_n_520
    SLICE_X20Y128        LUT2 (Prop_lut2_I0_O)        0.306    41.463 r  char_code_reg[3]_i_388/O
                         net (fo=1, routed)           0.000    41.463    char_code_reg[3]_i_388_n_0
    SLICE_X20Y128        CARRY4 (Prop_carry4_S[1]_O[1])
                                                      0.227    41.690 r  char_code_reg_reg[3]_i_248/O[1]
                         net (fo=1, routed)           0.784    42.473    display_handler_inst/vga_sync_unit/root3_imag_reg[23]_227[1]
    SLICE_X27Y122        LUT6 (Prop_lut6_I5_O)        0.303    42.776 r  display_handler_inst/vga_sync_unit/char_code_reg[3]_i_143/O
                         net (fo=1, routed)           0.000    42.776    display_handler_inst/vga_sync_unit/char_code_reg[3]_i_143_n_0
    SLICE_X27Y122        CARRY4 (Prop_carry4_S[3]_O[3])
                                                      0.248    43.024 r  display_handler_inst/vga_sync_unit/char_code_reg_reg[3]_i_72/O[3]
                         net (fo=3, routed)           0.811    43.835    display_handler_inst/vga_sync_unit/char_code_reg_reg[3]_i_72_n_4
    SLICE_X27Y124        LUT4 (Prop_lut4_I3_O)        0.334    44.169 r  display_handler_inst/vga_sync_unit/char_code_reg[3]_i_71/O
                         net (fo=2, routed)           0.712    44.881    display_handler_inst/vga_sync_unit/char_code_reg[3]_i_71_n_0
    SLICE_X26Y121        LUT4 (Prop_lut4_I3_O)        0.320    45.201 f  display_handler_inst/vga_sync_unit/char_code_reg[4]_i_67/O
                         net (fo=2, routed)           0.313    45.514    display_handler_inst/vga_sync_unit/char_code_reg[4]_i_67_n_0
    SLICE_X26Y120        LUT6 (Prop_lut6_I0_O)        0.326    45.840 r  display_handler_inst/vga_sync_unit/char_code_reg[4]_i_29/O
                         net (fo=3, routed)           0.596    46.436    display_handler_inst/vga_sync_unit/char_code_reg[4]_i_29_n_0
    SLICE_X25Y119        LUT5 (Prop_lut5_I0_O)        0.124    46.560 r  display_handler_inst/vga_sync_unit/char_code_reg[4]_i_38/O
                         net (fo=1, routed)           0.149    46.709    display_handler_inst/vga_sync_unit/char_code_reg[4]_i_38_n_0
    SLICE_X25Y119        LUT6 (Prop_lut6_I5_O)        0.124    46.833 f  display_handler_inst/vga_sync_unit/char_code_reg[4]_i_11/O
                         net (fo=1, routed)           0.885    47.718    display_handler_inst/vga_sync_unit/char_code_reg[4]_i_11_n_0
    SLICE_X36Y120        LUT6 (Prop_lut6_I1_O)        0.124    47.842 r  display_handler_inst/vga_sync_unit/char_code_reg[4]_i_3__0/O
                         net (fo=1, routed)           0.584    48.426    display_handler_inst/vga_sync_unit/char_code_reg[4]_i_3__0_n_0
    SLICE_X40Y120        LUT6 (Prop_lut6_I1_O)        0.124    48.550 r  display_handler_inst/vga_sync_unit/char_code_reg[4]_i_1/O
                         net (fo=1, routed)           0.000    48.550    poly_mode_inst/poly_vga_inst/h_count_reg_reg[9]_0[4]
    SLICE_X40Y120        FDRE                                         r  poly_mode_inst/poly_vga_inst/char_code_reg_reg[4]/D
  -------------------------------------------------------------------    -------------------

                         (clock sys_clk_pin rise edge)
                                                     10.000    10.000 r  
    W5                                                0.000    10.000 r  clk (IN)
                         net (fo=0)                   0.000    10.000    clk
    W5                   IBUF (Prop_ibuf_I_O)         1.388    11.388 r  clk_IBUF_inst/O
                         net (fo=1, routed)           1.862    13.250    clk_IBUF
    BUFGCTRL_X0Y0        BUFG (Prop_bufg_I_O)         0.091    13.341 r  clk_IBUF_BUFG_inst/O
                         net (fo=9644, routed)        1.598    14.939    poly_mode_inst/poly_vga_inst/clk_IBUF_BUFG
    SLICE_X40Y120        FDRE                                         r  poly_mode_inst/poly_vga_inst/char_code_reg_reg[4]/C
                         clock pessimism              0.187    15.126    
                         clock uncertainty           -0.035    15.091    
    SLICE_X40Y120        FDRE (Setup_fdre_C_D)        0.031    15.122    poly_mode_inst/poly_vga_inst/char_code_reg_reg[4]
  -------------------------------------------------------------------
                         required time                         15.122    
                         arrival time                         -48.550    
  -------------------------------------------------------------------
                         slack                                -33.429    

Slack (VIOLATED) :        -33.102ns  (required time - arrival time)
  Source:                 display_handler_inst/vga_sync_unit/v_count_reg_reg[3]/C
                            (rising edge-triggered cell FDCE clocked by sys_clk_pin  {rise@0.000ns fall@5.000ns period=10.000ns})
  Destination:            poly_mode_inst/poly_vga_inst/char_code_reg_reg[3]/D
                            (rising edge-triggered cell FDRE clocked by sys_clk_pin  {rise@0.000ns fall@5.000ns period=10.000ns})
  Path Group:             sys_clk_pin
  Path Type:              Setup (Max at Slow Process Corner)
  Requirement:            10.000ns  (sys_clk_pin rise@10.000ns - sys_clk_pin rise@0.000ns)
  Data Path Delay:        43.153ns  (logic 19.633ns (45.496%)  route 23.520ns (54.504%))
  Logic Levels:           61  (CARRY4=34 LUT2=2 LUT3=6 LUT4=6 LUT5=3 LUT6=8 MUXF7=1 MUXF8=1)
  Clock Path Skew:        0.055ns (DCD - SCD + CPR)
    Destination Clock Delay (DCD):    4.939ns = ( 14.939 - 10.000 ) 
    Source Clock Delay      (SCD):    5.071ns
    Clock Pessimism Removal (CPR):    0.187ns
  Clock Uncertainty:      0.035ns  ((TSJ^2 + TIJ^2)^1/2 + DJ) / 2 + PE
    Total System Jitter     (TSJ):    0.071ns
    Total Input Jitter      (TIJ):    0.000ns
    Discrete Jitter          (DJ):    0.000ns
    Phase Error              (PE):    0.000ns

    Location             Delay type                Incr(ns)  Path(ns)    Netlist Resource(s)
  -------------------------------------------------------------------    -------------------
                         (clock sys_clk_pin rise edge)
                                                      0.000     0.000 r  
    W5                                                0.000     0.000 r  clk (IN)
                         net (fo=0)                   0.000     0.000    clk
    W5                   IBUF (Prop_ibuf_I_O)         1.458     1.458 r  clk_IBUF_inst/O
                         net (fo=1, routed)           1.967     3.425    clk_IBUF
    BUFGCTRL_X0Y0        BUFG (Prop_bufg_I_O)         0.096     3.521 r  clk_IBUF_BUFG_inst/O
                         net (fo=9644, routed)        1.550     5.071    display_handler_inst/vga_sync_unit/clk_IBUF_BUFG
    SLICE_X35Y89         FDCE                                         r  display_handler_inst/vga_sync_unit/v_count_reg_reg[3]/C
  -------------------------------------------------------------------    -------------------
    SLICE_X35Y89         FDCE (Prop_fdce_C_Q)         0.456     5.527 f  display_handler_inst/vga_sync_unit/v_count_reg_reg[3]/Q
                         net (fo=108, routed)         0.910     6.437    display_handler_inst/vga_sync_unit/Q[3]
    SLICE_X35Y88         LUT6 (Prop_lut6_I1_O)        0.124     6.561 f  display_handler_inst/vga_sync_unit/char_code_reg[6]_i_26/O
                         net (fo=4, routed)           0.302     6.863    display_handler_inst/vga_sync_unit/char_code_reg[6]_i_26_n_0
    SLICE_X35Y89         LUT6 (Prop_lut6_I5_O)        0.124     6.987 r  display_handler_inst/vga_sync_unit/char_code_reg[1]_i_59/O
                         net (fo=155, routed)         1.104     8.091    display_handler_inst/vga_sync_unit/char_code_reg[1]_i_59_n_0
    SLICE_X39Y83         LUT2 (Prop_lut2_I0_O)        0.124     8.215 r  display_handler_inst/vga_sync_unit/char_code_reg[0]_i_125/O
                         net (fo=1, routed)           0.000     8.215    display_handler_inst/vga_sync_unit/char_code_reg[0]_i_125_n_0
    SLICE_X39Y83         CARRY4 (Prop_carry4_S[1]_CO[3])
                                                      0.550     8.765 r  display_handler_inst/vga_sync_unit/char_code_reg_reg[0]_i_66/CO[3]
                         net (fo=1, routed)           0.000     8.765    display_handler_inst/vga_sync_unit/char_code_reg_reg[0]_i_66_n_0
    SLICE_X39Y84         CARRY4 (Prop_carry4_CI_O[1])
                                                      0.334     9.099 f  display_handler_inst/vga_sync_unit/char_code_reg_reg[4]_i_388/O[1]
                         net (fo=27, routed)          0.408     9.506    display_handler_inst/vga_sync_unit/poly_mode_inst/poly_vga_inst/real_leading_zeros9[6]
    SLICE_X41Y84         LUT4 (Prop_lut4_I3_O)        0.303     9.809 r  display_handler_inst/vga_sync_unit/char_code_reg[4]_i_733/O
                         net (fo=3, routed)           0.206    10.016    display_handler_inst/vga_sync_unit/char_code_reg[4]_i_733_n_0
    SLICE_X40Y84         CARRY4 (Prop_carry4_CYINIT_CO[3])
                                                      0.580    10.596 r  display_handler_inst/vga_sync_unit/char_code_reg_reg[4]_i_386/CO[3]
                         net (fo=1, routed)           0.000    10.596    display_handler_inst/vga_sync_unit/char_code_reg_reg[4]_i_386_n_0
    SLICE_X40Y85         CARRY4 (Prop_carry4_CI_O[1])
                                                      0.334    10.930 f  display_handler_inst/vga_sync_unit/char_code_reg_reg[3]_i_512/O[1]
                         net (fo=1, routed)           0.752    11.681    display_handler_inst/vga_sync_unit/poly_mode_inst/poly_vga_inst/real_leading_zeros7[6]
    SLICE_X49Y84         LUT6 (Prop_lut6_I5_O)        0.303    11.984 f  display_handler_inst/vga_sync_unit/char_code_reg[1]_i_318/O
                         net (fo=163, routed)         0.972    12.956    display_handler_inst/vga_sync_unit/char_code_reg[1]_i_318_n_0
    SLICE_X47Y83         LUT3 (Prop_lut3_I0_O)        0.124    13.080 r  display_handler_inst/vga_sync_unit/char_code_reg[1]_i_458/O
                         net (fo=6, routed)           0.812    13.892    display_handler_inst/vga_sync_unit/char_code_reg[1]_i_458_n_0
    SLICE_X47Y85         CARRY4 (Prop_carry4_DI[3]_CO[3])
                                                      0.385    14.277 r  display_handler_inst/vga_sync_unit/char_code_reg_reg[1]_i_1601/CO[3]
                         net (fo=1, routed)           0.000    14.277    display_handler_inst/vga_sync_unit/char_code_reg_reg[1]_i_1601_n_0
    SLICE_X47Y86         CARRY4 (Prop_carry4_CI_CO[3])
                                                      0.114    14.391 r  display_handler_inst/vga_sync_unit/char_code_reg_reg[1]_i_1461/CO[3]
                         net (fo=1, routed)           0.000    14.391    display_handler_inst/vga_sync_unit/char_code_reg_reg[1]_i_1461_n_0
    SLICE_X47Y87         CARRY4 (Prop_carry4_CI_CO[3])
                                                      0.114    14.505 r  display_handler_inst/vga_sync_unit/char_code_reg_reg[1]_i_1271/CO[3]
                         net (fo=1, routed)           0.000    14.505    display_handler_inst/vga_sync_unit/char_code_reg_reg[1]_i_1271_n_0
    SLICE_X47Y88         CARRY4 (Prop_carry4_CI_CO[3])
                                                      0.114    14.619 r  display_handler_inst/vga_sync_unit/char_code_reg_reg[1]_i_987/CO[3]
                         net (fo=1, routed)           0.000    14.619    display_handler_inst/vga_sync_unit/char_code_reg_reg[1]_i_987_n_0
    SLICE_X47Y89         CARRY4 (Prop_carry4_CI_CO[1])
                                                      0.157    14.776 r  display_handler_inst/vga_sync_unit/char_code_reg_reg[1]_i_740/CO[1]
                         net (fo=17, routed)          0.984    15.760    display_handler_inst/vga_sync_unit/char_code_reg_reg[1]_4[0]
    SLICE_X54Y90         CARRY4 (Prop_carry4_CYINIT_CO[2])
                                                      0.813    16.573 r  display_handler_inst/vga_sync_unit/char_code_reg_reg[1]_i_739/CO[2]
                         net (fo=5, routed)           0.814    17.386    display_handler_inst/vga_sync_unit/char_code_reg_reg[1]_i_739_n_1
    SLICE_X45Y90         CARRY4 (Prop_carry4_CYINIT_CO[2])
                                                      0.778    18.164 r  display_handler_inst/vga_sync_unit/char_code_reg_reg[1]_i_970/CO[2]
                         net (fo=3, routed)           0.347    18.511    display_handler_inst/vga_sync_unit/char_code_reg_reg[1]_i_970_n_1
    SLICE_X47Y91         CARRY4 (Prop_carry4_CYINIT_CO[2])
                                                      0.781    19.292 f  display_handler_inst/vga_sync_unit/char_code_reg_reg[4]_i_3064/CO[2]
                         net (fo=34, routed)          0.729    20.021    display_handler_inst_n_917
    SLICE_X49Y92         LUT3 (Prop_lut3_I2_O)        0.313    20.334 r  char_code_reg[4]_i_3923/O
                         net (fo=2, routed)           0.834    21.168    char_code_reg[4]_i_3923_n_0
    SLICE_X46Y93         LUT4 (Prop_lut4_I3_O)        0.124    21.292 r  char_code_reg[4]_i_3927/O
                         net (fo=1, routed)           0.000    21.292    display_handler_inst/vga_sync_unit/v_count_reg_reg[7]_16[0]
    SLICE_X46Y93         CARRY4 (Prop_carry4_S[1]_CO[3])
                                                      0.533    21.825 r  display_handler_inst/vga_sync_unit/char_code_reg_reg[4]_i_3047/CO[3]
                         net (fo=1, routed)           0.000    21.825    display_handler_inst/vga_sync_unit/char_code_reg_reg[4]_i_3047_n_0
    SLICE_X46Y94         CARRY4 (Prop_carry4_CI_O[1])
                                                      0.323    22.148 r  display_handler_inst/vga_sync_unit/char_code_reg_reg[4]_i_2133/O[1]
                         net (fo=2, routed)           0.716    22.863    display_handler_inst/vga_sync_unit/char_code_reg_reg[4]_i_2133_n_6
    SLICE_X50Y94         LUT3 (Prop_lut3_I1_O)        0.306    23.169 r  display_handler_inst/vga_sync_unit/char_code_reg[4]_i_2126/O
                         net (fo=2, routed)           0.765    23.934    display_handler_inst/vga_sync_unit/char_code_reg[4]_i_2126_n_0
    SLICE_X43Y94         CARRY4 (Prop_carry4_DI[2]_CO[3])
                                                      0.398    24.332 r  display_handler_inst/vga_sync_unit/char_code_reg_reg[4]_i_1285/CO[3]
                         net (fo=1, routed)           0.000    24.332    display_handler_inst/vga_sync_unit/char_code_reg_reg[4]_i_1285_n_0
    SLICE_X43Y95         CARRY4 (Prop_carry4_CI_O[3])
                                                      0.313    24.645 r  display_handler_inst/vga_sync_unit/char_code_reg_reg[4]_i_708/O[3]
                         net (fo=7, routed)           0.821    25.467    display_handler_inst_n_1050
    SLICE_X39Y96         LUT2 (Prop_lut2_I1_O)        0.306    25.773 r  char_code_reg[1]_i_507/O
                         net (fo=1, routed)           0.000    25.773    char_code_reg[1]_i_507_n_0
    SLICE_X39Y96         CARRY4 (Prop_carry4_S[3]_CO[3])
                                                      0.401    26.174 r  char_code_reg_reg[1]_i_278/CO[3]
                         net (fo=1, routed)           0.000    26.174    char_code_reg_reg[1]_i_278_n_0
    SLICE_X39Y97         CARRY4 (Prop_carry4_CI_O[1])
                                                      0.334    26.508 r  char_code_reg_reg[1]_i_169/O[1]
                         net (fo=3, routed)           0.680    27.188    display_handler_inst/vga_sync_unit/v_count_reg_reg[7]_161[1]
    SLICE_X38Y96         LUT4 (Prop_lut4_I2_O)        0.303    27.491 r  display_handler_inst/vga_sync_unit/char_code_reg[1]_i_274/O
                         net (fo=1, routed)           0.000    27.491    display_handler_inst/vga_sync_unit/char_code_reg[1]_i_274_n_0
    SLICE_X38Y96         CARRY4 (Prop_carry4_S[3]_CO[3])
                                                      0.376    27.867 r  display_handler_inst/vga_sync_unit/char_code_reg_reg[1]_i_162/CO[3]
                         net (fo=1, routed)           0.000    27.867    display_handler_inst/vga_sync_unit/char_code_reg_reg[1]_i_162_n_0
    SLICE_X38Y97         CARRY4 (Prop_carry4_CI_CO[2])
                                                      0.229    28.096 r  display_handler_inst/vga_sync_unit/char_code_reg_reg[1]_i_92/CO[2]
                         net (fo=70, routed)          1.143    29.239    display_handler_inst/vga_sync_unit/char_code_reg_reg[1]_i_92_n_1
    SLICE_X51Y90         LUT6 (Prop_lut6_I4_O)        0.310    29.549 r  display_handler_inst/vga_sync_unit/char_code_reg[1]_i_148/O
                         net (fo=1, routed)           0.427    29.975    display_handler_inst/vga_sync_unit/char_code_reg[1]_i_148_n_0
    SLICE_X48Y90         CARRY4 (Prop_carry4_S[0]_CO[3])
                                                      0.656    30.631 r  display_handler_inst/vga_sync_unit/char_code_reg_reg[1]_i_86/CO[3]
                         net (fo=1, routed)           0.000    30.631    display_handler_inst/vga_sync_unit/char_code_reg_reg[1]_i_86_n_0
    SLICE_X48Y91         CARRY4 (Prop_carry4_CI_O[1])
                                                      0.334    30.965 f  display_handler_inst/vga_sync_unit/char_code_reg_reg[4]_i_2118/O[1]
                         net (fo=2, routed)           0.684    31.650    display_handler_inst/vga_sync_unit/char_code_reg_reg[4]_i_2118_n_6
    SLICE_X44Y91         LUT5 (Prop_lut5_I0_O)        0.303    31.953 r  display_handler_inst/vga_sync_unit/char_code_reg[1]_i_1333/O
                         net (fo=1, routed)           0.000    31.953    display_handler_inst/vga_sync_unit/char_code_reg[1]_i_1333_n_0
    SLICE_X44Y91         CARRY4 (Prop_carry4_S[1]_CO[3])
                                                      0.550    32.503 r  display_handler_inst/vga_sync_unit/char_code_reg_reg[1]_i_1053/CO[3]
                         net (fo=1, routed)           0.000    32.503    display_handler_inst/vga_sync_unit/char_code_reg_reg[1]_i_1053_n_0
    SLICE_X44Y92         CARRY4 (Prop_carry4_CI_O[1])
                                                      0.334    32.837 r  display_handler_inst/vga_sync_unit/char_code_reg_reg[1]_i_1055/O[1]
                         net (fo=1, routed)           0.632    33.469    display_handler_inst/vga_sync_unit/char_code_reg_reg[1]_i_1055_n_6
    SLICE_X49Y93         LUT5 (Prop_lut5_I4_O)        0.303    33.772 r  display_handler_inst/vga_sync_unit/char_code_reg[1]_i_791/O
                         net (fo=19, routed)          0.650    34.422    display_handler_inst/vga_sync_unit/char_code_reg[1]_i_791_n_0
    SLICE_X49Y92         LUT3 (Prop_lut3_I2_O)        0.124    34.546 r  display_handler_inst/vga_sync_unit/char_code_reg[1]_i_1133/O
                         net (fo=5, routed)           1.023    35.570    display_handler_inst/vga_sync_unit/char_code_reg[1]_i_1133_n_0
    SLICE_X41Y90         LUT4 (Prop_lut4_I0_O)        0.124    35.694 r  display_handler_inst/vga_sync_unit/char_code_reg[1]_i_1640/O
                         net (fo=1, routed)           0.000    35.694    display_handler_inst/vga_sync_unit/char_code_reg[1]_i_1640_n_0
    SLICE_X41Y90         CARRY4 (Prop_carry4_S[0]_CO[3])
                                                      0.532    36.226 r  display_handler_inst/vga_sync_unit/char_code_reg_reg[1]_i_1502/CO[3]
                         net (fo=1, routed)           0.000    36.226    display_handler_inst/vga_sync_unit/char_code_reg_reg[1]_i_1502_n_0
    SLICE_X41Y91         CARRY4 (Prop_carry4_CI_CO[3])
                                                      0.114    36.340 r  display_handler_inst/vga_sync_unit/char_code_reg_reg[1]_i_1317/CO[3]
                         net (fo=1, routed)           0.000    36.340    display_handler_inst/vga_sync_unit/char_code_reg_reg[1]_i_1317_n_0
    SLICE_X41Y92         CARRY4 (Prop_carry4_CI_CO[3])
                                                      0.114    36.454 r  display_handler_inst/vga_sync_unit/char_code_reg_reg[1]_i_1050/CO[3]
                         net (fo=1, routed)           0.000    36.454    display_handler_inst/vga_sync_unit/char_code_reg_reg[1]_i_1050_n_0
    SLICE_X41Y93         CARRY4 (Prop_carry4_CI_O[0])
                                                      0.222    36.676 r  display_handler_inst/vga_sync_unit/char_code_reg_reg[1]_i_804/O[0]
                         net (fo=2, routed)           0.928    37.603    display_handler_inst_n_1076
    SLICE_X48Y102        LUT3 (Prop_lut3_I1_O)        0.299    37.902 r  char_code_reg[1]_i_779/O
                         net (fo=2, routed)           0.653    38.555    char_code_reg[1]_i_779_n_0
    SLICE_X41Y103        LUT4 (Prop_lut4_I3_O)        0.124    38.679 r  char_code_reg[1]_i_783/O
                         net (fo=1, routed)           0.000    38.679    display_handler_inst/vga_sync_unit/v_count_reg_reg[8]_12[1]
    SLICE_X41Y103        CARRY4 (Prop_carry4_S[1]_CO[3])
                                                      0.550    39.229 r  display_handler_inst/vga_sync_unit/char_code_reg_reg[1]_i_522/CO[3]
                         net (fo=1, routed)           0.000    39.229    display_handler_inst/vga_sync_unit/char_code_reg_reg[1]_i_522_n_0
    SLICE_X41Y104        CARRY4 (Prop_carry4_CI_O[2])
                                                      0.239    39.468 r  display_handler_inst/vga_sync_unit/char_code_reg_reg[1]_i_298/O[2]
                         net (fo=2, routed)           0.719    40.187    display_handler_inst_n_1158
    SLICE_X39Y99         LUT3 (Prop_lut3_I2_O)        0.302    40.489 r  char_code_reg[1]_i_285/O
                         net (fo=2, routed)           0.575    41.064    char_code_reg[1]_i_285_n_0
    SLICE_X40Y98         LUT4 (Prop_lut4_I3_O)        0.124    41.188 r  char_code_reg[1]_i_289/O
                         net (fo=1, routed)           0.000    41.188    display_handler_inst/vga_sync_unit/v_count_reg_reg[8]_22[1]
    SLICE_X40Y98         CARRY4 (Prop_carry4_S[3]_CO[3])
                                                      0.401    41.589 r  display_handler_inst/vga_sync_unit/char_code_reg_reg[1]_i_173/CO[3]
                         net (fo=1, routed)           0.000    41.589    display_handler_inst/vga_sync_unit/char_code_reg_reg[1]_i_173_n_0
    SLICE_X40Y99         CARRY4 (Prop_carry4_CI_O[2])
                                                      0.239    41.828 r  display_handler_inst/vga_sync_unit/char_code_reg_reg[1]_i_97/O[2]
                         net (fo=2, routed)           0.473    42.301    display_handler_inst_n_1166
    SLICE_X38Y99         CARRY4 (Prop_carry4_S[0]_O[1])
                                                      0.729    43.030 r  char_code_reg_reg[1]_i_96/O[1]
                         net (fo=1, routed)           0.587    43.617    display_handler_inst/vga_sync_unit/v_count_reg_reg[8]_172[1]
    SLICE_X35Y99         LUT6 (Prop_lut6_I5_O)        0.306    43.923 r  display_handler_inst/vga_sync_unit/char_code_reg[1]_i_55/O
                         net (fo=1, routed)           0.000    43.923    display_handler_inst/vga_sync_unit/char_code_reg[1]_i_55_n_0
    SLICE_X35Y99         CARRY4 (Prop_carry4_S[3]_O[3])
                                                      0.248    44.171 r  display_handler_inst/vga_sync_unit/char_code_reg_reg[1]_i_22/O[3]
                         net (fo=6, routed)           1.437    45.609    poly_mode_inst/poly_vga_inst/v_count_reg_reg[8]_10[3]
    SLICE_X40Y116        LUT5 (Prop_lut5_I0_O)        0.306    45.915 r  poly_mode_inst/poly_vga_inst/char_code_reg[3]_i_153/O
                         net (fo=1, routed)           0.492    46.407    display_handler_inst/vga_sync_unit/v_count_reg_reg[8]_146
    SLICE_X41Y116        LUT6 (Prop_lut6_I3_O)        0.124    46.531 f  display_handler_inst/vga_sync_unit/char_code_reg[3]_i_81/O
                         net (fo=1, routed)           0.000    46.531    display_handler_inst/vga_sync_unit/char_code_reg[3]_i_81_n_0
    SLICE_X41Y116        MUXF7 (Prop_muxf7_I1_O)      0.217    46.748 f  display_handler_inst/vga_sync_unit/char_code_reg_reg[3]_i_40/O
                         net (fo=1, routed)           0.000    46.748    display_handler_inst/vga_sync_unit/char_code_reg_reg[3]_i_40_n_0
    SLICE_X41Y116        MUXF8 (Prop_muxf8_I1_O)      0.094    46.842 f  display_handler_inst/vga_sync_unit/char_code_reg_reg[3]_i_17/O
                         net (fo=1, routed)           0.790    47.632    display_handler_inst/vga_sync_unit/char_code_reg_reg[3]_i_17_n_0
    SLICE_X41Y120        LUT6 (Prop_lut6_I5_O)        0.316    47.948 r  display_handler_inst/vga_sync_unit/char_code_reg[3]_i_4/O
                         net (fo=1, routed)           0.151    48.100    display_handler_inst/vga_sync_unit/char_code_reg[3]_i_4_n_0
    SLICE_X41Y120        LUT6 (Prop_lut6_I3_O)        0.124    48.224 r  display_handler_inst/vga_sync_unit/char_code_reg[3]_i_1/O
                         net (fo=1, routed)           0.000    48.224    poly_mode_inst/poly_vga_inst/h_count_reg_reg[9]_0[3]
    SLICE_X41Y120        FDRE                                         r  poly_mode_inst/poly_vga_inst/char_code_reg_reg[3]/D
  -------------------------------------------------------------------    -------------------

                         (clock sys_clk_pin rise edge)
                                                     10.000    10.000 r  
    W5                                                0.000    10.000 r  clk (IN)
                         net (fo=0)                   0.000    10.000    clk
    W5                   IBUF (Prop_ibuf_I_O)         1.388    11.388 r  clk_IBUF_inst/O
                         net (fo=1, routed)           1.862    13.250    clk_IBUF
    BUFGCTRL_X0Y0        BUFG (Prop_bufg_I_O)         0.091    13.341 r  clk_IBUF_BUFG_inst/O
                         net (fo=9644, routed)        1.598    14.939    poly_mode_inst/poly_vga_inst/clk_IBUF_BUFG
    SLICE_X41Y120        FDRE                                         r  poly_mode_inst/poly_vga_inst/char_code_reg_reg[3]/C
                         clock pessimism              0.187    15.126    
                         clock uncertainty           -0.035    15.091    
    SLICE_X41Y120        FDRE (Setup_fdre_C_D)        0.031    15.122    poly_mode_inst/poly_vga_inst/char_code_reg_reg[3]
  -------------------------------------------------------------------
                         required time                         15.122    
                         arrival time                         -48.224    
  -------------------------------------------------------------------
                         slack                                -33.102    

Slack (VIOLATED) :        -32.999ns  (required time - arrival time)
  Source:                 display_handler_inst/vga_sync_unit/v_count_reg_reg[3]/C
                            (rising edge-triggered cell FDCE clocked by sys_clk_pin  {rise@0.000ns fall@5.000ns period=10.000ns})
  Destination:            poly_mode_inst/poly_vga_inst/char_code_reg_reg[2]/D
                            (rising edge-triggered cell FDRE clocked by sys_clk_pin  {rise@0.000ns fall@5.000ns period=10.000ns})
  Path Group:             sys_clk_pin
  Path Type:              Setup (Max at Slow Process Corner)
  Requirement:            10.000ns  (sys_clk_pin rise@10.000ns - sys_clk_pin rise@0.000ns)
  Data Path Delay:        43.101ns  (logic 17.685ns (41.032%)  route 25.416ns (58.968%))
  Logic Levels:           56  (CARRY4=31 LUT1=1 LUT2=1 LUT3=7 LUT4=2 LUT5=4 LUT6=10)
  Clock Path Skew:        0.056ns (DCD - SCD + CPR)
    Destination Clock Delay (DCD):    4.940ns = ( 14.940 - 10.000 ) 
    Source Clock Delay      (SCD):    5.071ns
    Clock Pessimism Removal (CPR):    0.187ns
  Clock Uncertainty:      0.035ns  ((TSJ^2 + TIJ^2)^1/2 + DJ) / 2 + PE
    Total System Jitter     (TSJ):    0.071ns
    Total Input Jitter      (TIJ):    0.000ns
    Discrete Jitter          (DJ):    0.000ns
    Phase Error              (PE):    0.000ns

    Location             Delay type                Incr(ns)  Path(ns)    Netlist Resource(s)
  -------------------------------------------------------------------    -------------------
                         (clock sys_clk_pin rise edge)
                                                      0.000     0.000 r  
    W5                                                0.000     0.000 r  clk (IN)
                         net (fo=0)                   0.000     0.000    clk
    W5                   IBUF (Prop_ibuf_I_O)         1.458     1.458 r  clk_IBUF_inst/O
                         net (fo=1, routed)           1.967     3.425    clk_IBUF
    BUFGCTRL_X0Y0        BUFG (Prop_bufg_I_O)         0.096     3.521 r  clk_IBUF_BUFG_inst/O
                         net (fo=9644, routed)        1.550     5.071    display_handler_inst/vga_sync_unit/clk_IBUF_BUFG
    SLICE_X35Y89         FDCE                                         r  display_handler_inst/vga_sync_unit/v_count_reg_reg[3]/C
  -------------------------------------------------------------------    -------------------
    SLICE_X35Y89         FDCE (Prop_fdce_C_Q)         0.456     5.527 f  display_handler_inst/vga_sync_unit/v_count_reg_reg[3]/Q
                         net (fo=108, routed)         0.910     6.437    display_handler_inst/vga_sync_unit/Q[3]
    SLICE_X35Y88         LUT6 (Prop_lut6_I1_O)        0.124     6.561 f  display_handler_inst/vga_sync_unit/char_code_reg[6]_i_26/O
                         net (fo=4, routed)           0.302     6.863    display_handler_inst/vga_sync_unit/char_code_reg[6]_i_26_n_0
    SLICE_X35Y89         LUT6 (Prop_lut6_I5_O)        0.124     6.987 r  display_handler_inst/vga_sync_unit/char_code_reg[1]_i_59/O
                         net (fo=155, routed)         0.826     7.812    display_handler_inst/vga_sync_unit/char_code_reg[1]_i_59_n_0
    SLICE_X31Y90         LUT5 (Prop_lut5_I4_O)        0.124     7.936 r  display_handler_inst/vga_sync_unit/char_code_reg[4]_i_1097/O
                         net (fo=1, routed)           0.634     8.571    display_handler_inst/vga_sync_unit/char_code_reg[4]_i_1097_n_0
    SLICE_X28Y93         CARRY4 (Prop_carry4_CYINIT_CO[3])
                                                      0.580     9.151 r  display_handler_inst/vga_sync_unit/char_code_reg_reg[4]_i_572/CO[3]
                         net (fo=1, routed)           0.000     9.151    display_handler_inst/vga_sync_unit/char_code_reg_reg[4]_i_572_n_0
    SLICE_X28Y94         CARRY4 (Prop_carry4_CI_O[1])
                                                      0.334     9.485 f  display_handler_inst/vga_sync_unit/char_code_reg_reg[4]_i_317/O[1]
                         net (fo=13, routed)          0.915    10.400    display_handler_inst/vga_sync_unit/poly_mode_inst/poly_vga_inst/imag_leading_zeros9[6]
    SLICE_X28Y100        LUT3 (Prop_lut3_I0_O)        0.303    10.703 f  display_handler_inst/vga_sync_unit/char_code_reg[4]_i_321/O
                         net (fo=144, routed)         0.708    11.411    display_handler_inst/vga_sync_unit/char_code_reg[4]_i_321_n_0
    SLICE_X25Y100        LUT1 (Prop_lut1_I0_O)        0.124    11.535 r  display_handler_inst/vga_sync_unit/char_code_reg[4]_i_563/O
                         net (fo=3, routed)           0.357    11.892    display_handler_inst/vga_sync_unit/char_code_reg[4]_i_563_n_0
    SLICE_X26Y100        CARRY4 (Prop_carry4_CYINIT_CO[3])
                                                      0.580    12.472 r  display_handler_inst/vga_sync_unit/char_code_reg_reg[4]_i_312/CO[3]
                         net (fo=1, routed)           0.000    12.472    display_handler_inst/vga_sync_unit/char_code_reg_reg[4]_i_312_n_0
    SLICE_X26Y101        CARRY4 (Prop_carry4_CI_CO[3])
                                                      0.114    12.586 r  display_handler_inst/vga_sync_unit/char_code_reg_reg[4]_i_923/CO[3]
                         net (fo=1, routed)           0.000    12.586    display_handler_inst/vga_sync_unit/char_code_reg_reg[4]_i_923_n_0
    SLICE_X26Y102        CARRY4 (Prop_carry4_CI_O[0])
                                                      0.222    12.808 f  display_handler_inst/vga_sync_unit/char_code_reg_reg[4]_i_490/O[0]
                         net (fo=41, routed)          0.691    13.499    display_handler_inst/vga_sync_unit/poly_mode_inst/poly_vga_inst/imag_leading_zeros7[9]
    SLICE_X25Y101        LUT3 (Prop_lut3_I0_O)        0.299    13.798 f  display_handler_inst/vga_sync_unit/char_code_reg[4]_i_856/O
                         net (fo=131, routed)         0.612    14.410    display_handler_inst/vga_sync_unit/poly_mode_inst/poly_vga_inst/imag_leading_zeros6[9]
    SLICE_X25Y100        LUT6 (Prop_lut6_I3_O)        0.124    14.534 r  display_handler_inst/vga_sync_unit/char_code_reg[4]_i_1752/O
                         net (fo=3, routed)           0.932    15.466    display_handler_inst/vga_sync_unit/char_code_reg[4]_i_1752_n_0
    SLICE_X24Y105        CARRY4 (Prop_carry4_DI[2]_CO[3])
                                                      0.398    15.864 r  display_handler_inst/vga_sync_unit/char_code_reg_reg[4]_i_3206/CO[3]
                         net (fo=1, routed)           0.000    15.864    display_handler_inst/vga_sync_unit/char_code_reg_reg[4]_i_3206_n_0
    SLICE_X24Y106        CARRY4 (Prop_carry4_CI_CO[3])
                                                      0.114    15.978 r  display_handler_inst/vga_sync_unit/char_code_reg_reg[4]_i_2350/CO[3]
                         net (fo=1, routed)           0.000    15.978    display_handler_inst/vga_sync_unit/char_code_reg_reg[4]_i_2350_n_0
    SLICE_X24Y107        CARRY4 (Prop_carry4_CI_CO[3])
                                                      0.114    16.092 r  display_handler_inst/vga_sync_unit/char_code_reg_reg[4]_i_1434/CO[3]
                         net (fo=1, routed)           0.000    16.092    display_handler_inst/vga_sync_unit/char_code_reg_reg[4]_i_1434_n_0
    SLICE_X24Y108        CARRY4 (Prop_carry4_CI_CO[3])
                                                      0.114    16.206 r  display_handler_inst/vga_sync_unit/char_code_reg_reg[4]_i_851/CO[3]
                         net (fo=25, routed)          1.215    17.421    display_handler_inst/vga_sync_unit/char_code_reg_reg[4]_i_851_n_0
    SLICE_X33Y111        CARRY4 (Prop_carry4_CYINIT_CO[3])
                                                      0.580    18.001 r  display_handler_inst/vga_sync_unit/char_code_reg_reg[4]_i_1555/CO[3]
                         net (fo=8, routed)           1.023    19.024    display_handler_inst/vga_sync_unit/char_code_reg_reg[4]_i_1555_n_0
    SLICE_X37Y113        CARRY4 (Prop_carry4_CYINIT_O[1])
                                                      0.598    19.622 r  display_handler_inst/vga_sync_unit/char_code_reg_reg[4]_i_913/O[1]
                         net (fo=5, routed)           0.682    20.304    display_handler_inst/vga_sync_unit/char_code_reg_reg[4]_i_913_n_6
    SLICE_X38Y114        LUT6 (Prop_lut6_I4_O)        0.303    20.607 r  display_handler_inst/vga_sync_unit/char_code_reg[4]_i_2450/O
                         net (fo=1, routed)           0.472    21.079    display_handler_inst/vga_sync_unit/char_code_reg[4]_i_2450_n_0
    SLICE_X36Y114        CARRY4 (Prop_carry4_DI[1]_CO[3])
                                                      0.507    21.586 r  display_handler_inst/vga_sync_unit/char_code_reg_reg[4]_i_1542/CO[3]
                         net (fo=1, routed)           0.000    21.586    display_handler_inst/vga_sync_unit/char_code_reg_reg[4]_i_1542_n_0
    SLICE_X36Y115        CARRY4 (Prop_carry4_CI_O[3])
                                                      0.313    21.899 f  display_handler_inst/vga_sync_unit/char_code_reg_reg[4]_i_902/O[3]
                         net (fo=19, routed)          1.043    22.942    display_handler_inst_n_386
    SLICE_X36Y119        LUT3 (Prop_lut3_I0_O)        0.306    23.248 r  char_code_reg[4]_i_3233/O
                         net (fo=1, routed)           0.660    23.908    char_code_reg[4]_i_3233_n_0
    SLICE_X33Y118        CARRY4 (Prop_carry4_DI[0]_CO[3])
                                                      0.526    24.434 r  char_code_reg_reg[4]_i_2382/CO[3]
                         net (fo=1, routed)           0.000    24.434    char_code_reg_reg[4]_i_2382_n_0
    SLICE_X33Y119        CARRY4 (Prop_carry4_CI_O[0])
                                                      0.222    24.656 r  char_code_reg_reg[4]_i_1465/O[0]
                         net (fo=3, routed)           0.498    25.153    char_code_reg_reg[4]_i_1465_n_7
    SLICE_X34Y119        LUT3 (Prop_lut3_I1_O)        0.299    25.452 r  char_code_reg[4]_i_1457/O
                         net (fo=1, routed)           0.569    26.021    char_code_reg[4]_i_1457_n_0
    SLICE_X35Y118        CARRY4 (Prop_carry4_DI[3]_CO[3])
                                                      0.385    26.406 r  char_code_reg_reg[4]_i_861/CO[3]
                         net (fo=1, routed)           0.000    26.406    char_code_reg_reg[4]_i_861_n_0
    SLICE_X35Y119        CARRY4 (Prop_carry4_CI_O[1])
                                                      0.334    26.740 r  char_code_reg_reg[4]_i_458/O[1]
                         net (fo=3, routed)           0.700    27.440    display_handler_inst/vga_sync_unit/root3_imag_reg[23]_231[1]
    SLICE_X39Y119        LUT4 (Prop_lut4_I3_O)        0.303    27.743 r  display_handler_inst/vga_sync_unit/char_code_reg[4]_i_878/O
                         net (fo=1, routed)           0.000    27.743    display_handler_inst/vga_sync_unit/char_code_reg[4]_i_878_n_0
    SLICE_X39Y119        CARRY4 (Prop_carry4_S[1]_CO[3])
                                                      0.550    28.293 r  display_handler_inst/vga_sync_unit/char_code_reg_reg[4]_i_460/CO[3]
                         net (fo=1, routed)           0.000    28.293    display_handler_inst/vga_sync_unit/char_code_reg_reg[4]_i_460_n_0
    SLICE_X39Y120        CARRY4 (Prop_carry4_CI_CO[0])
                                                      0.271    28.564 r  display_handler_inst/vga_sync_unit/char_code_reg_reg[4]_i_249/CO[0]
                         net (fo=55, routed)          0.438    29.002    display_handler_inst/vga_sync_unit/char_code_reg_reg[4]_i_249_n_3
    SLICE_X36Y121        LUT6 (Prop_lut6_I3_O)        0.373    29.375 r  display_handler_inst/vga_sync_unit/char_code_reg[4]_i_448/O
                         net (fo=1, routed)           0.450    29.825    display_handler_inst/vga_sync_unit/char_code_reg[4]_i_448_n_0
    SLICE_X37Y121        CARRY4 (Prop_carry4_S[0]_CO[3])
                                                      0.656    30.481 r  display_handler_inst/vga_sync_unit/char_code_reg_reg[4]_i_243/CO[3]
                         net (fo=1, routed)           0.000    30.481    display_handler_inst/vga_sync_unit/char_code_reg_reg[4]_i_243_n_0
    SLICE_X37Y122        CARRY4 (Prop_carry4_CI_O[1])
                                                      0.334    30.815 f  display_handler_inst/vga_sync_unit/char_code_reg_reg[4]_i_896/O[1]
                         net (fo=2, routed)           0.451    31.267    display_handler_inst/vga_sync_unit/char_code_reg_reg[4]_i_896_n_6
    SLICE_X35Y122        LUT5 (Prop_lut5_I4_O)        0.303    31.570 r  display_handler_inst/vga_sync_unit/char_code_reg[4]_i_4238/O
                         net (fo=1, routed)           0.000    31.570    display_handler_inst/vga_sync_unit/poly_mode_inst/poly_vga_inst/p_1_out[6]
    SLICE_X35Y122        CARRY4 (Prop_carry4_S[1]_O[2])
                                                      0.580    32.150 f  display_handler_inst/vga_sync_unit/char_code_reg_reg[4]_i_3275/O[2]
                         net (fo=1, routed)           0.944    33.093    display_handler_inst/vga_sync_unit/char_code_reg_reg[4]_i_3275_n_5
    SLICE_X33Y124        LUT5 (Prop_lut5_I0_O)        0.302    33.395 f  display_handler_inst/vga_sync_unit/char_code_reg[4]_i_2434/O
                         net (fo=34, routed)          0.976    34.371    display_handler_inst/vga_sync_unit/char_code_reg[4]_i_2434_n_0
    SLICE_X34Y130        LUT3 (Prop_lut3_I0_O)        0.124    34.495 r  display_handler_inst/vga_sync_unit/char_code_reg[4]_i_1517/O
                         net (fo=2, routed)           0.921    35.416    display_handler_inst/vga_sync_unit/char_code_reg[4]_i_1517_n_0
    SLICE_X30Y129        CARRY4 (Prop_carry4_DI[0]_CO[3])
                                                      0.550    35.966 r  display_handler_inst/vga_sync_unit/char_code_reg_reg[4]_i_4215/CO[3]
                         net (fo=1, routed)           0.000    35.966    display_handler_inst/vga_sync_unit/char_code_reg_reg[4]_i_4215_n_0
    SLICE_X30Y130        CARRY4 (Prop_carry4_CI_CO[3])
                                                      0.117    36.083 r  display_handler_inst/vga_sync_unit/char_code_reg_reg[4]_i_3266/CO[3]
                         net (fo=1, routed)           0.000    36.083    display_handler_inst/vga_sync_unit/char_code_reg_reg[4]_i_3266_n_0
    SLICE_X30Y131        CARRY4 (Prop_carry4_CI_O[3])
                                                      0.315    36.398 r  display_handler_inst/vga_sync_unit/char_code_reg_reg[4]_i_2447/O[3]
                         net (fo=3, routed)           0.882    37.281    display_handler_inst_n_589
    SLICE_X32Y133        LUT3 (Prop_lut3_I2_O)        0.307    37.588 r  char_code_reg[4]_i_1525/O
                         net (fo=1, routed)           0.632    38.219    display_handler_inst/vga_sync_unit/root3_imag_reg[23]_132[0]
    SLICE_X31Y133        CARRY4 (Prop_carry4_DI[0]_CO[3])
                                                      0.526    38.745 r  display_handler_inst/vga_sync_unit/char_code_reg_reg[4]_i_894/CO[3]
                         net (fo=1, routed)           0.000    38.745    display_handler_inst/vga_sync_unit/char_code_reg_reg[4]_i_894_n_0
    SLICE_X31Y134        CARRY4 (Prop_carry4_CI_O[1])
                                                      0.334    39.079 r  display_handler_inst/vga_sync_unit/char_code_reg_reg[4]_i_891/O[1]
                         net (fo=3, routed)           0.769    39.848    display_handler_inst_n_645
    SLICE_X24Y132        LUT3 (Prop_lut3_I1_O)        0.303    40.151 r  char_code_reg[4]_i_468/O
                         net (fo=1, routed)           0.555    40.706    display_handler_inst/vga_sync_unit/root3_imag_reg[23]_142[2]
    SLICE_X20Y132        CARRY4 (Prop_carry4_DI[2]_O[3])
                                                      0.438    41.144 r  display_handler_inst/vga_sync_unit/char_code_reg_reg[4]_i_252/O[3]
                         net (fo=2, routed)           0.731    41.875    display_handler_inst_n_648
    SLICE_X21Y129        LUT2 (Prop_lut2_I0_O)        0.306    42.181 r  char_code_reg[4]_i_465/O
                         net (fo=1, routed)           0.000    42.181    char_code_reg[4]_i_465_n_0
    SLICE_X21Y129        CARRY4 (Prop_carry4_S[1]_O[1])
                                                      0.227    42.408 r  char_code_reg_reg[4]_i_251/O[1]
                         net (fo=1, routed)           0.570    42.978    display_handler_inst/vga_sync_unit/root3_imag_reg[23]_226[1]
    SLICE_X19Y126        LUT6 (Prop_lut6_I5_O)        0.303    43.281 r  display_handler_inst/vga_sync_unit/char_code_reg[4]_i_135/O
                         net (fo=1, routed)           0.000    43.281    display_handler_inst/vga_sync_unit/char_code_reg[4]_i_135_n_0
    SLICE_X19Y126        CARRY4 (Prop_carry4_S[3]_CO[3])
                                                      0.401    43.682 r  display_handler_inst/vga_sync_unit/char_code_reg_reg[4]_i_71/CO[3]
                         net (fo=1, routed)           0.000    43.682    display_handler_inst/vga_sync_unit/char_code_reg_reg[4]_i_71_n_0
    SLICE_X19Y127        CARRY4 (Prop_carry4_CI_O[0])
                                                      0.222    43.904 r  display_handler_inst/vga_sync_unit/char_code_reg_reg[4]_i_130/O[0]
                         net (fo=3, routed)           0.499    44.403    display_handler_inst/vga_sync_unit/char_code_reg_reg[4]_i_130_n_7
    SLICE_X20Y127        LUT4 (Prop_lut4_I0_O)        0.299    44.702 r  display_handler_inst/vga_sync_unit/char_code_reg[4]_i_69/O
                         net (fo=5, routed)           1.117    45.819    display_handler_inst/vga_sync_unit/char_code_reg[4]_i_69_n_0
    SLICE_X26Y121        LUT6 (Prop_lut6_I0_O)        0.124    45.943 r  display_handler_inst/vga_sync_unit/char_code_reg[2]_i_51/O
                         net (fo=1, routed)           0.295    46.237    display_handler_inst/vga_sync_unit/char_code_reg[2]_i_51_n_0
    SLICE_X24Y121        LUT6 (Prop_lut6_I5_O)        0.124    46.361 r  display_handler_inst/vga_sync_unit/char_code_reg[2]_i_24/O
                         net (fo=1, routed)           0.405    46.766    display_handler_inst/vga_sync_unit/char_code_reg[2]_i_24_n_0
    SLICE_X25Y119        LUT6 (Prop_lut6_I4_O)        0.124    46.890 r  display_handler_inst/vga_sync_unit/char_code_reg[2]_i_10/O
                         net (fo=1, routed)           0.872    47.762    display_handler_inst/vga_sync_unit/char_code_reg[2]_i_10_n_0
    SLICE_X30Y118        LUT6 (Prop_lut6_I5_O)        0.124    47.886 f  display_handler_inst/vga_sync_unit/char_code_reg[2]_i_3/O
                         net (fo=1, routed)           0.162    48.047    display_handler_inst/vga_sync_unit/char_code_reg[2]_i_3_n_0
    SLICE_X30Y118        LUT5 (Prop_lut5_I1_O)        0.124    48.171 r  display_handler_inst/vga_sync_unit/char_code_reg[2]_i_1__0/O
                         net (fo=1, routed)           0.000    48.171    poly_mode_inst/poly_vga_inst/h_count_reg_reg[9]_0[2]
    SLICE_X30Y118        FDRE                                         r  poly_mode_inst/poly_vga_inst/char_code_reg_reg[2]/D
  -------------------------------------------------------------------    -------------------

                         (clock sys_clk_pin rise edge)
                                                     10.000    10.000 r  
    W5                                                0.000    10.000 r  clk (IN)
                         net (fo=0)                   0.000    10.000    clk
    W5                   IBUF (Prop_ibuf_I_O)         1.388    11.388 r  clk_IBUF_inst/O
                         net (fo=1, routed)           1.862    13.250    clk_IBUF
    BUFGCTRL_X0Y0        BUFG (Prop_bufg_I_O)         0.091    13.341 r  clk_IBUF_BUFG_inst/O
                         net (fo=9644, routed)        1.599    14.940    poly_mode_inst/poly_vga_inst/clk_IBUF_BUFG
    SLICE_X30Y118        FDRE                                         r  poly_mode_inst/poly_vga_inst/char_code_reg_reg[2]/C
                         clock pessimism              0.187    15.127    
                         clock uncertainty           -0.035    15.092    
    SLICE_X30Y118        FDRE (Setup_fdre_C_D)        0.081    15.173    poly_mode_inst/poly_vga_inst/char_code_reg_reg[2]
  -------------------------------------------------------------------
                         required time                         15.173    
                         arrival time                         -48.171    
  -------------------------------------------------------------------
                         slack                                -32.999    

Slack (VIOLATED) :        -32.613ns  (required time - arrival time)
  Source:                 display_handler_inst/vga_sync_unit/v_count_reg_reg[3]/C
                            (rising edge-triggered cell FDCE clocked by sys_clk_pin  {rise@0.000ns fall@5.000ns period=10.000ns})
  Destination:            poly_mode_inst/poly_vga_inst/char_code_reg_reg[1]/D
                            (rising edge-triggered cell FDRE clocked by sys_clk_pin  {rise@0.000ns fall@5.000ns period=10.000ns})
  Path Group:             sys_clk_pin
  Path Type:              Setup (Max at Slow Process Corner)
  Requirement:            10.000ns  (sys_clk_pin rise@10.000ns - sys_clk_pin rise@0.000ns)
  Data Path Delay:        42.660ns  (logic 17.561ns (41.165%)  route 25.099ns (58.835%))
  Logic Levels:           55  (CARRY4=31 LUT1=1 LUT2=1 LUT3=7 LUT4=2 LUT5=4 LUT6=9)
  Clock Path Skew:        0.051ns (DCD - SCD + CPR)
    Destination Clock Delay (DCD):    4.935ns = ( 14.935 - 10.000 ) 
    Source Clock Delay      (SCD):    5.071ns
    Clock Pessimism Removal (CPR):    0.187ns
  Clock Uncertainty:      0.035ns  ((TSJ^2 + TIJ^2)^1/2 + DJ) / 2 + PE
    Total System Jitter     (TSJ):    0.071ns
    Total Input Jitter      (TIJ):    0.000ns
    Discrete Jitter          (DJ):    0.000ns
    Phase Error              (PE):    0.000ns

    Location             Delay type                Incr(ns)  Path(ns)    Netlist Resource(s)
  -------------------------------------------------------------------    -------------------
                         (clock sys_clk_pin rise edge)
                                                      0.000     0.000 r  
    W5                                                0.000     0.000 r  clk (IN)
                         net (fo=0)                   0.000     0.000    clk
    W5                   IBUF (Prop_ibuf_I_O)         1.458     1.458 r  clk_IBUF_inst/O
                         net (fo=1, routed)           1.967     3.425    clk_IBUF
    BUFGCTRL_X0Y0        BUFG (Prop_bufg_I_O)         0.096     3.521 r  clk_IBUF_BUFG_inst/O
                         net (fo=9644, routed)        1.550     5.071    display_handler_inst/vga_sync_unit/clk_IBUF_BUFG
    SLICE_X35Y89         FDCE                                         r  display_handler_inst/vga_sync_unit/v_count_reg_reg[3]/C
  -------------------------------------------------------------------    -------------------
    SLICE_X35Y89         FDCE (Prop_fdce_C_Q)         0.456     5.527 f  display_handler_inst/vga_sync_unit/v_count_reg_reg[3]/Q
                         net (fo=108, routed)         0.910     6.437    display_handler_inst/vga_sync_unit/Q[3]
    SLICE_X35Y88         LUT6 (Prop_lut6_I1_O)        0.124     6.561 f  display_handler_inst/vga_sync_unit/char_code_reg[6]_i_26/O
                         net (fo=4, routed)           0.302     6.863    display_handler_inst/vga_sync_unit/char_code_reg[6]_i_26_n_0
    SLICE_X35Y89         LUT6 (Prop_lut6_I5_O)        0.124     6.987 r  display_handler_inst/vga_sync_unit/char_code_reg[1]_i_59/O
                         net (fo=155, routed)         0.826     7.812    display_handler_inst/vga_sync_unit/char_code_reg[1]_i_59_n_0
    SLICE_X31Y90         LUT5 (Prop_lut5_I4_O)        0.124     7.936 r  display_handler_inst/vga_sync_unit/char_code_reg[4]_i_1097/O
                         net (fo=1, routed)           0.634     8.571    display_handler_inst/vga_sync_unit/char_code_reg[4]_i_1097_n_0
    SLICE_X28Y93         CARRY4 (Prop_carry4_CYINIT_CO[3])
                                                      0.580     9.151 r  display_handler_inst/vga_sync_unit/char_code_reg_reg[4]_i_572/CO[3]
                         net (fo=1, routed)           0.000     9.151    display_handler_inst/vga_sync_unit/char_code_reg_reg[4]_i_572_n_0
    SLICE_X28Y94         CARRY4 (Prop_carry4_CI_O[1])
                                                      0.334     9.485 f  display_handler_inst/vga_sync_unit/char_code_reg_reg[4]_i_317/O[1]
                         net (fo=13, routed)          0.915    10.400    display_handler_inst/vga_sync_unit/poly_mode_inst/poly_vga_inst/imag_leading_zeros9[6]
    SLICE_X28Y100        LUT3 (Prop_lut3_I0_O)        0.303    10.703 f  display_handler_inst/vga_sync_unit/char_code_reg[4]_i_321/O
                         net (fo=144, routed)         0.708    11.411    display_handler_inst/vga_sync_unit/char_code_reg[4]_i_321_n_0
    SLICE_X25Y100        LUT1 (Prop_lut1_I0_O)        0.124    11.535 r  display_handler_inst/vga_sync_unit/char_code_reg[4]_i_563/O
                         net (fo=3, routed)           0.357    11.892    display_handler_inst/vga_sync_unit/char_code_reg[4]_i_563_n_0
    SLICE_X26Y100        CARRY4 (Prop_carry4_CYINIT_CO[3])
                                                      0.580    12.472 r  display_handler_inst/vga_sync_unit/char_code_reg_reg[4]_i_312/CO[3]
                         net (fo=1, routed)           0.000    12.472    display_handler_inst/vga_sync_unit/char_code_reg_reg[4]_i_312_n_0
    SLICE_X26Y101        CARRY4 (Prop_carry4_CI_CO[3])
                                                      0.114    12.586 r  display_handler_inst/vga_sync_unit/char_code_reg_reg[4]_i_923/CO[3]
                         net (fo=1, routed)           0.000    12.586    display_handler_inst/vga_sync_unit/char_code_reg_reg[4]_i_923_n_0
    SLICE_X26Y102        CARRY4 (Prop_carry4_CI_O[0])
                                                      0.222    12.808 f  display_handler_inst/vga_sync_unit/char_code_reg_reg[4]_i_490/O[0]
                         net (fo=41, routed)          0.691    13.499    display_handler_inst/vga_sync_unit/poly_mode_inst/poly_vga_inst/imag_leading_zeros7[9]
    SLICE_X25Y101        LUT3 (Prop_lut3_I0_O)        0.299    13.798 f  display_handler_inst/vga_sync_unit/char_code_reg[4]_i_856/O
                         net (fo=131, routed)         0.612    14.410    display_handler_inst/vga_sync_unit/poly_mode_inst/poly_vga_inst/imag_leading_zeros6[9]
    SLICE_X25Y100        LUT6 (Prop_lut6_I3_O)        0.124    14.534 r  display_handler_inst/vga_sync_unit/char_code_reg[4]_i_1752/O
                         net (fo=3, routed)           0.932    15.466    display_handler_inst/vga_sync_unit/char_code_reg[4]_i_1752_n_0
    SLICE_X24Y105        CARRY4 (Prop_carry4_DI[2]_CO[3])
                                                      0.398    15.864 r  display_handler_inst/vga_sync_unit/char_code_reg_reg[4]_i_3206/CO[3]
                         net (fo=1, routed)           0.000    15.864    display_handler_inst/vga_sync_unit/char_code_reg_reg[4]_i_3206_n_0
    SLICE_X24Y106        CARRY4 (Prop_carry4_CI_CO[3])
                                                      0.114    15.978 r  display_handler_inst/vga_sync_unit/char_code_reg_reg[4]_i_2350/CO[3]
                         net (fo=1, routed)           0.000    15.978    display_handler_inst/vga_sync_unit/char_code_reg_reg[4]_i_2350_n_0
    SLICE_X24Y107        CARRY4 (Prop_carry4_CI_CO[3])
                                                      0.114    16.092 r  display_handler_inst/vga_sync_unit/char_code_reg_reg[4]_i_1434/CO[3]
                         net (fo=1, routed)           0.000    16.092    display_handler_inst/vga_sync_unit/char_code_reg_reg[4]_i_1434_n_0
    SLICE_X24Y108        CARRY4 (Prop_carry4_CI_CO[3])
                                                      0.114    16.206 r  display_handler_inst/vga_sync_unit/char_code_reg_reg[4]_i_851/CO[3]
                         net (fo=25, routed)          1.215    17.421    display_handler_inst/vga_sync_unit/char_code_reg_reg[4]_i_851_n_0
    SLICE_X33Y111        CARRY4 (Prop_carry4_CYINIT_CO[3])
                                                      0.580    18.001 r  display_handler_inst/vga_sync_unit/char_code_reg_reg[4]_i_1555/CO[3]
                         net (fo=8, routed)           1.023    19.024    display_handler_inst/vga_sync_unit/char_code_reg_reg[4]_i_1555_n_0
    SLICE_X37Y113        CARRY4 (Prop_carry4_CYINIT_O[1])
                                                      0.598    19.622 r  display_handler_inst/vga_sync_unit/char_code_reg_reg[4]_i_913/O[1]
                         net (fo=5, routed)           0.682    20.304    display_handler_inst/vga_sync_unit/char_code_reg_reg[4]_i_913_n_6
    SLICE_X38Y114        LUT6 (Prop_lut6_I4_O)        0.303    20.607 r  display_handler_inst/vga_sync_unit/char_code_reg[4]_i_2450/O
                         net (fo=1, routed)           0.472    21.079    display_handler_inst/vga_sync_unit/char_code_reg[4]_i_2450_n_0
    SLICE_X36Y114        CARRY4 (Prop_carry4_DI[1]_CO[3])
                                                      0.507    21.586 r  display_handler_inst/vga_sync_unit/char_code_reg_reg[4]_i_1542/CO[3]
                         net (fo=1, routed)           0.000    21.586    display_handler_inst/vga_sync_unit/char_code_reg_reg[4]_i_1542_n_0
    SLICE_X36Y115        CARRY4 (Prop_carry4_CI_O[3])
                                                      0.313    21.899 f  display_handler_inst/vga_sync_unit/char_code_reg_reg[4]_i_902/O[3]
                         net (fo=19, routed)          1.043    22.942    display_handler_inst_n_386
    SLICE_X36Y119        LUT3 (Prop_lut3_I0_O)        0.306    23.248 r  char_code_reg[4]_i_3233/O
                         net (fo=1, routed)           0.660    23.908    char_code_reg[4]_i_3233_n_0
    SLICE_X33Y118        CARRY4 (Prop_carry4_DI[0]_CO[3])
                                                      0.526    24.434 r  char_code_reg_reg[4]_i_2382/CO[3]
                         net (fo=1, routed)           0.000    24.434    char_code_reg_reg[4]_i_2382_n_0
    SLICE_X33Y119        CARRY4 (Prop_carry4_CI_O[0])
                                                      0.222    24.656 r  char_code_reg_reg[4]_i_1465/O[0]
                         net (fo=3, routed)           0.498    25.153    char_code_reg_reg[4]_i_1465_n_7
    SLICE_X34Y119        LUT3 (Prop_lut3_I1_O)        0.299    25.452 r  char_code_reg[4]_i_1457/O
                         net (fo=1, routed)           0.569    26.021    char_code_reg[4]_i_1457_n_0
    SLICE_X35Y118        CARRY4 (Prop_carry4_DI[3]_CO[3])
                                                      0.385    26.406 r  char_code_reg_reg[4]_i_861/CO[3]
                         net (fo=1, routed)           0.000    26.406    char_code_reg_reg[4]_i_861_n_0
    SLICE_X35Y119        CARRY4 (Prop_carry4_CI_O[1])
                                                      0.334    26.740 r  char_code_reg_reg[4]_i_458/O[1]
                         net (fo=3, routed)           0.700    27.440    display_handler_inst/vga_sync_unit/root3_imag_reg[23]_231[1]
    SLICE_X39Y119        LUT4 (Prop_lut4_I3_O)        0.303    27.743 r  display_handler_inst/vga_sync_unit/char_code_reg[4]_i_878/O
                         net (fo=1, routed)           0.000    27.743    display_handler_inst/vga_sync_unit/char_code_reg[4]_i_878_n_0
    SLICE_X39Y119        CARRY4 (Prop_carry4_S[1]_CO[3])
                                                      0.550    28.293 r  display_handler_inst/vga_sync_unit/char_code_reg_reg[4]_i_460/CO[3]
                         net (fo=1, routed)           0.000    28.293    display_handler_inst/vga_sync_unit/char_code_reg_reg[4]_i_460_n_0
    SLICE_X39Y120        CARRY4 (Prop_carry4_CI_CO[0])
                                                      0.271    28.564 r  display_handler_inst/vga_sync_unit/char_code_reg_reg[4]_i_249/CO[0]
                         net (fo=55, routed)          0.438    29.002    display_handler_inst/vga_sync_unit/char_code_reg_reg[4]_i_249_n_3
    SLICE_X36Y121        LUT6 (Prop_lut6_I3_O)        0.373    29.375 r  display_handler_inst/vga_sync_unit/char_code_reg[4]_i_448/O
                         net (fo=1, routed)           0.450    29.825    display_handler_inst/vga_sync_unit/char_code_reg[4]_i_448_n_0
    SLICE_X37Y121        CARRY4 (Prop_carry4_S[0]_CO[3])
                                                      0.656    30.481 r  display_handler_inst/vga_sync_unit/char_code_reg_reg[4]_i_243/CO[3]
                         net (fo=1, routed)           0.000    30.481    display_handler_inst/vga_sync_unit/char_code_reg_reg[4]_i_243_n_0
    SLICE_X37Y122        CARRY4 (Prop_carry4_CI_O[1])
                                                      0.334    30.815 f  display_handler_inst/vga_sync_unit/char_code_reg_reg[4]_i_896/O[1]
                         net (fo=2, routed)           0.451    31.267    display_handler_inst/vga_sync_unit/char_code_reg_reg[4]_i_896_n_6
    SLICE_X35Y122        LUT5 (Prop_lut5_I4_O)        0.303    31.570 r  display_handler_inst/vga_sync_unit/char_code_reg[4]_i_4238/O
                         net (fo=1, routed)           0.000    31.570    display_handler_inst/vga_sync_unit/poly_mode_inst/poly_vga_inst/p_1_out[6]
    SLICE_X35Y122        CARRY4 (Prop_carry4_S[1]_O[2])
                                                      0.580    32.150 f  display_handler_inst/vga_sync_unit/char_code_reg_reg[4]_i_3275/O[2]
                         net (fo=1, routed)           0.944    33.093    display_handler_inst/vga_sync_unit/char_code_reg_reg[4]_i_3275_n_5
    SLICE_X33Y124        LUT5 (Prop_lut5_I0_O)        0.302    33.395 f  display_handler_inst/vga_sync_unit/char_code_reg[4]_i_2434/O
                         net (fo=34, routed)          0.976    34.371    display_handler_inst/vga_sync_unit/char_code_reg[4]_i_2434_n_0
    SLICE_X34Y130        LUT3 (Prop_lut3_I0_O)        0.124    34.495 r  display_handler_inst/vga_sync_unit/char_code_reg[4]_i_1517/O
                         net (fo=2, routed)           0.921    35.416    display_handler_inst/vga_sync_unit/char_code_reg[4]_i_1517_n_0
    SLICE_X30Y129        CARRY4 (Prop_carry4_DI[0]_CO[3])
                                                      0.550    35.966 r  display_handler_inst/vga_sync_unit/char_code_reg_reg[4]_i_4215/CO[3]
                         net (fo=1, routed)           0.000    35.966    display_handler_inst/vga_sync_unit/char_code_reg_reg[4]_i_4215_n_0
    SLICE_X30Y130        CARRY4 (Prop_carry4_CI_CO[3])
                                                      0.117    36.083 r  display_handler_inst/vga_sync_unit/char_code_reg_reg[4]_i_3266/CO[3]
                         net (fo=1, routed)           0.000    36.083    display_handler_inst/vga_sync_unit/char_code_reg_reg[4]_i_3266_n_0
    SLICE_X30Y131        CARRY4 (Prop_carry4_CI_O[3])
                                                      0.315    36.398 r  display_handler_inst/vga_sync_unit/char_code_reg_reg[4]_i_2447/O[3]
                         net (fo=3, routed)           0.882    37.281    display_handler_inst_n_589
    SLICE_X32Y133        LUT3 (Prop_lut3_I2_O)        0.307    37.588 r  char_code_reg[4]_i_1525/O
                         net (fo=1, routed)           0.632    38.219    display_handler_inst/vga_sync_unit/root3_imag_reg[23]_132[0]
    SLICE_X31Y133        CARRY4 (Prop_carry4_DI[0]_CO[3])
                                                      0.526    38.745 r  display_handler_inst/vga_sync_unit/char_code_reg_reg[4]_i_894/CO[3]
                         net (fo=1, routed)           0.000    38.745    display_handler_inst/vga_sync_unit/char_code_reg_reg[4]_i_894_n_0
    SLICE_X31Y134        CARRY4 (Prop_carry4_CI_O[1])
                                                      0.334    39.079 r  display_handler_inst/vga_sync_unit/char_code_reg_reg[4]_i_891/O[1]
                         net (fo=3, routed)           0.769    39.848    display_handler_inst_n_645
    SLICE_X24Y132        LUT3 (Prop_lut3_I1_O)        0.303    40.151 r  char_code_reg[4]_i_468/O
                         net (fo=1, routed)           0.555    40.706    display_handler_inst/vga_sync_unit/root3_imag_reg[23]_142[2]
    SLICE_X20Y132        CARRY4 (Prop_carry4_DI[2]_O[3])
                                                      0.438    41.144 r  display_handler_inst/vga_sync_unit/char_code_reg_reg[4]_i_252/O[3]
                         net (fo=2, routed)           0.731    41.875    display_handler_inst_n_648
    SLICE_X21Y129        LUT2 (Prop_lut2_I0_O)        0.306    42.181 r  char_code_reg[4]_i_465/O
                         net (fo=1, routed)           0.000    42.181    char_code_reg[4]_i_465_n_0
    SLICE_X21Y129        CARRY4 (Prop_carry4_S[1]_O[1])
                                                      0.227    42.408 r  char_code_reg_reg[4]_i_251/O[1]
                         net (fo=1, routed)           0.570    42.978    display_handler_inst/vga_sync_unit/root3_imag_reg[23]_226[1]
    SLICE_X19Y126        LUT6 (Prop_lut6_I5_O)        0.303    43.281 r  display_handler_inst/vga_sync_unit/char_code_reg[4]_i_135/O
                         net (fo=1, routed)           0.000    43.281    display_handler_inst/vga_sync_unit/char_code_reg[4]_i_135_n_0
    SLICE_X19Y126        CARRY4 (Prop_carry4_S[3]_CO[3])
                                                      0.401    43.682 r  display_handler_inst/vga_sync_unit/char_code_reg_reg[4]_i_71/CO[3]
                         net (fo=1, routed)           0.000    43.682    display_handler_inst/vga_sync_unit/char_code_reg_reg[4]_i_71_n_0
    SLICE_X19Y127        CARRY4 (Prop_carry4_CI_O[0])
                                                      0.222    43.904 r  display_handler_inst/vga_sync_unit/char_code_reg_reg[4]_i_130/O[0]
                         net (fo=3, routed)           0.457    44.361    display_handler_inst/vga_sync_unit/char_code_reg_reg[4]_i_130_n_7
    SLICE_X20Y127        LUT4 (Prop_lut4_I0_O)        0.299    44.660 r  display_handler_inst/vga_sync_unit/char_code_reg[4]_i_70/O
                         net (fo=6, routed)           0.801    45.461    display_handler_inst/vga_sync_unit/char_code_reg[4]_i_70_n_0
    SLICE_X26Y120        LUT5 (Prop_lut5_I0_O)        0.124    45.585 r  display_handler_inst/vga_sync_unit/char_code_reg[1]_i_33/O
                         net (fo=1, routed)           0.500    46.085    display_handler_inst/vga_sync_unit/char_code_reg[1]_i_33_n_0
    SLICE_X27Y120        LUT6 (Prop_lut6_I2_O)        0.124    46.209 f  display_handler_inst/vga_sync_unit/char_code_reg[1]_i_13/O
                         net (fo=1, routed)           1.115    47.324    display_handler_inst/vga_sync_unit/char_code_reg[1]_i_13_n_0
    SLICE_X40Y123        LUT6 (Prop_lut6_I5_O)        0.124    47.448 r  display_handler_inst/vga_sync_unit/char_code_reg[1]_i_4/O
                         net (fo=1, routed)           0.159    47.607    display_handler_inst/vga_sync_unit/char_code_reg[1]_i_4_n_0
    SLICE_X40Y123        LUT6 (Prop_lut6_I3_O)        0.124    47.731 r  display_handler_inst/vga_sync_unit/char_code_reg[1]_i_1/O
                         net (fo=1, routed)           0.000    47.731    poly_mode_inst/poly_vga_inst/h_count_reg_reg[9]_0[1]
    SLICE_X40Y123        FDRE                                         r  poly_mode_inst/poly_vga_inst/char_code_reg_reg[1]/D
  -------------------------------------------------------------------    -------------------

                         (clock sys_clk_pin rise edge)
                                                     10.000    10.000 r  
    W5                                                0.000    10.000 r  clk (IN)
                         net (fo=0)                   0.000    10.000    clk
    W5                   IBUF (Prop_ibuf_I_O)         1.388    11.388 r  clk_IBUF_inst/O
                         net (fo=1, routed)           1.862    13.250    clk_IBUF
    BUFGCTRL_X0Y0        BUFG (Prop_bufg_I_O)         0.091    13.341 r  clk_IBUF_BUFG_inst/O
                         net (fo=9644, routed)        1.594    14.935    poly_mode_inst/poly_vga_inst/clk_IBUF_BUFG
    SLICE_X40Y123        FDRE                                         r  poly_mode_inst/poly_vga_inst/char_code_reg_reg[1]/C
                         clock pessimism              0.187    15.122    
                         clock uncertainty           -0.035    15.087    
    SLICE_X40Y123        FDRE (Setup_fdre_C_D)        0.031    15.118    poly_mode_inst/poly_vga_inst/char_code_reg_reg[1]
  -------------------------------------------------------------------
                         required time                         15.118    
                         arrival time                         -47.731    
  -------------------------------------------------------------------
                         slack                                -32.613    

Slack (VIOLATED) :        -23.550ns  (required time - arrival time)
  Source:                 poly_mode_inst/coeff_str_reg[3][12]/C
                            (rising edge-triggered cell FDRE clocked by sys_clk_pin  {rise@0.000ns fall@5.000ns period=10.000ns})
  Destination:            poly_mode_inst/coeff_val_reg[3][22]/D
                            (rising edge-triggered cell FDRE clocked by sys_clk_pin  {rise@0.000ns fall@5.000ns period=10.000ns})
  Path Group:             sys_clk_pin
  Path Type:              Setup (Max at Slow Process Corner)
  Requirement:            10.000ns  (sys_clk_pin rise@10.000ns - sys_clk_pin rise@0.000ns)
  Data Path Delay:        33.349ns  (logic 7.821ns (23.452%)  route 25.528ns (76.548%))
  Logic Levels:           39  (CARRY4=9 LUT1=1 LUT2=1 LUT3=2 LUT4=3 LUT5=5 LUT6=18)
  Clock Path Skew:        -0.121ns (DCD - SCD + CPR)
    Destination Clock Delay (DCD):    4.851ns = ( 14.851 - 10.000 ) 
    Source Clock Delay      (SCD):    5.151ns
    Clock Pessimism Removal (CPR):    0.180ns
  Clock Uncertainty:      0.035ns  ((TSJ^2 + TIJ^2)^1/2 + DJ) / 2 + PE
    Total System Jitter     (TSJ):    0.071ns
    Total Input Jitter      (TIJ):    0.000ns
    Discrete Jitter          (DJ):    0.000ns
    Phase Error              (PE):    0.000ns

    Location             Delay type                Incr(ns)  Path(ns)    Netlist Resource(s)
  -------------------------------------------------------------------    -------------------
                         (clock sys_clk_pin rise edge)
                                                      0.000     0.000 r  
    W5                                                0.000     0.000 r  clk (IN)
                         net (fo=0)                   0.000     0.000    clk
    W5                   IBUF (Prop_ibuf_I_O)         1.458     1.458 r  clk_IBUF_inst/O
                         net (fo=1, routed)           1.967     3.425    clk_IBUF
    BUFGCTRL_X0Y0        BUFG (Prop_bufg_I_O)         0.096     3.521 r  clk_IBUF_BUFG_inst/O
                         net (fo=9644, routed)        1.630     5.151    poly_mode_inst/clk_IBUF_BUFG
    SLICE_X60Y34         FDRE                                         r  poly_mode_inst/coeff_str_reg[3][12]/C
  -------------------------------------------------------------------    -------------------
    SLICE_X60Y34         FDRE (Prop_fdre_C_Q)         0.518     5.669 f  poly_mode_inst/coeff_str_reg[3][12]/Q
                         net (fo=2, routed)           1.280     6.949    poly_mode_inst/coeff_str_reg_n_0_[3][12]
    SLICE_X59Y36         LUT6 (Prop_lut6_I0_O)        0.124     7.073 r  poly_mode_inst/fractional_digits[0][3]_i_82/O
                         net (fo=9, routed)           0.855     7.928    poly_mode_inst/fractional_digits[0][3]_i_82_n_0
    SLICE_X58Y37         LUT2 (Prop_lut2_I1_O)        0.149     8.077 r  poly_mode_inst/coeff_val[0][13]_i_58/O
                         net (fo=5, routed)           0.690     8.767    poly_mode_inst/coeff_val[0][13]_i_58_n_0
    SLICE_X60Y37         LUT6 (Prop_lut6_I1_O)        0.332     9.099 r  poly_mode_inst/coeff_val[0][13]_i_61/O
                         net (fo=14, routed)          0.644     9.744    poly_mode_inst/coeff_val[0][13]_i_61_n_0
    SLICE_X65Y37         LUT6 (Prop_lut6_I0_O)        0.124     9.868 f  poly_mode_inst/coeff_val[0][13]_i_82/O
                         net (fo=2, routed)           0.962    10.830    poly_mode_inst/coeff_val[0][13]_i_82_n_0
    SLICE_X64Y36         LUT6 (Prop_lut6_I3_O)        0.124    10.954 r  poly_mode_inst/coeff_val[0][13]_i_72/O
                         net (fo=12, routed)          0.717    11.671    poly_mode_inst/coeff_val[0][13]_i_72_n_0
    SLICE_X60Y38         LUT6 (Prop_lut6_I1_O)        0.124    11.795 f  poly_mode_inst/coeff_val[0][13]_i_68/O
                         net (fo=1, routed)           0.830    12.625    poly_mode_inst/coeff_val[0][13]_i_68_n_0
    SLICE_X60Y37         LUT6 (Prop_lut6_I0_O)        0.124    12.749 f  poly_mode_inst/coeff_val[0][13]_i_42/O
                         net (fo=27, routed)          1.027    13.776    poly_mode_inst/coeff_val[0][13]_i_42_n_0
    SLICE_X65Y38         LUT6 (Prop_lut6_I1_O)        0.124    13.900 r  poly_mode_inst/coeff_val[0][9]_i_82/O
                         net (fo=19, routed)          1.145    15.045    poly_mode_inst/coeff_val[0][9]_i_82_n_0
    SLICE_X61Y39         LUT6 (Prop_lut6_I2_O)        0.124    15.169 f  poly_mode_inst/coeff_val[0][9]_i_73/O
                         net (fo=3, routed)           0.819    15.988    poly_mode_inst/coeff_val[0][9]_i_73_n_0
    SLICE_X62Y40         LUT6 (Prop_lut6_I0_O)        0.124    16.112 f  poly_mode_inst/coeff_val[0][9]_i_55/O
                         net (fo=2, routed)           0.330    16.442    poly_mode_inst/coeff_val[0][9]_i_55_n_0
    SLICE_X60Y39         LUT6 (Prop_lut6_I3_O)        0.124    16.566 f  poly_mode_inst/coeff_val[0][9]_i_35/O
                         net (fo=9, routed)           1.258    17.824    poly_mode_inst/coeff_val[0][9]_i_35_n_0
    SLICE_X56Y41         LUT6 (Prop_lut6_I0_O)        0.124    17.948 r  poly_mode_inst/coeff_val[0][9]_i_13/O
                         net (fo=5, routed)           1.108    19.056    poly_mode_inst/coeff_val[0][9]_i_13_n_0
    SLICE_X56Y45         LUT6 (Prop_lut6_I2_O)        0.124    19.180 r  poly_mode_inst/coeff_val[0][9]_i_14/O
                         net (fo=48, routed)          0.729    19.909    poly_mode_inst/coeff_val[0][9]_i_14_n_0
    SLICE_X53Y44         LUT4 (Prop_lut4_I1_O)        0.124    20.033 r  poly_mode_inst/coeff_val[0][9]_i_100/O
                         net (fo=11, routed)          0.721    20.754    poly_mode_inst/coeff_val[0][9]_i_100_n_0
    SLICE_X56Y40         LUT6 (Prop_lut6_I4_O)        0.124    20.878 r  poly_mode_inst/coeff_val[0][3]_i_122/O
                         net (fo=12, routed)          0.847    21.725    poly_mode_inst/coeff_val[0][3]_i_122_n_0
    SLICE_X53Y44         LUT6 (Prop_lut6_I3_O)        0.124    21.849 r  poly_mode_inst/coeff_val[0][3]_i_83/O
                         net (fo=15, routed)          1.083    22.932    poly_mode_inst/coeff_val[0][3]_i_83_n_0
    SLICE_X55Y39         LUT6 (Prop_lut6_I2_O)        0.124    23.056 f  poly_mode_inst/coeff_val[0][5]_i_39/O
                         net (fo=1, routed)           0.967    24.023    poly_mode_inst/coeff_val[0][5]_i_39_n_0
    SLICE_X53Y41         LUT5 (Prop_lut5_I4_O)        0.124    24.147 r  poly_mode_inst/coeff_val[0][5]_i_20/O
                         net (fo=6, routed)           0.769    24.916    poly_mode_inst/coeff_val[0][5]_i_20_n_0
    SLICE_X48Y43         LUT6 (Prop_lut6_I2_O)        0.124    25.040 r  poly_mode_inst/coeff_val[0][3]_i_64/O
                         net (fo=19, routed)          0.829    25.869    poly_mode_inst/coeff_val[0][3]_i_64_n_0
    SLICE_X55Y38         LUT5 (Prop_lut5_I1_O)        0.124    25.993 f  poly_mode_inst/coeff_val[0][3]_i_150/O
                         net (fo=2, routed)           0.975    26.968    poly_mode_inst/coeff_val[0][3]_i_150_n_0
    SLICE_X48Y40         LUT3 (Prop_lut3_I2_O)        0.150    27.118 f  poly_mode_inst/coeff_val[0][3]_i_110/O
                         net (fo=3, routed)           0.691    27.810    poly_mode_inst/coeff_val[0][3]_i_110_n_0
    SLICE_X49Y40         LUT5 (Prop_lut5_I0_O)        0.326    28.136 f  poly_mode_inst/coeff_val[0][5]_i_23/O
                         net (fo=3, routed)           0.821    28.957    poly_mode_inst/coeff_val[0][5]_i_23_n_0
    SLICE_X49Y41         LUT6 (Prop_lut6_I2_O)        0.124    29.081 r  poly_mode_inst/coeff_val[0][5]_i_13/O
                         net (fo=9, routed)           0.779    29.860    poly_mode_inst/coeff_val[0][5]_i_13_n_0
    SLICE_X50Y38         LUT4 (Prop_lut4_I3_O)        0.124    29.984 r  poly_mode_inst/coeff_val[0][3]_i_38/O
                         net (fo=3, routed)           0.185    30.168    poly_mode_inst/coeff_val[0][3]_i_38_n_0
    SLICE_X50Y38         LUT5 (Prop_lut5_I3_O)        0.124    30.292 r  poly_mode_inst/coeff_val[0][3]_i_123/O
                         net (fo=1, routed)           0.519    30.811    poly_mode_inst/coeff_val[0][3]_i_123_n_0
    SLICE_X51Y39         CARRY4 (Prop_carry4_DI[1]_CO[1])
                                                      0.445    31.256 f  poly_mode_inst/coeff_val_reg[0][3]_i_80/CO[1]
                         net (fo=1, routed)           0.449    31.705    poly_mode_inst/coeff_val_reg[0][3]_i_80_n_2
    SLICE_X52Y40         LUT5 (Prop_lut5_I3_O)        0.329    32.034 r  poly_mode_inst/coeff_val[0][3]_i_36/O
                         net (fo=1, routed)           0.496    32.531    poly_mode_inst/coeff_val[0][3]_i_36_n_0
    SLICE_X52Y40         LUT6 (Prop_lut6_I3_O)        0.124    32.655 r  poly_mode_inst/coeff_val[0][3]_i_17/O
                         net (fo=6, routed)           0.623    33.278    poly_mode_inst/coeff_val[0][3]_i_17_n_0
    SLICE_X54Y39         LUT3 (Prop_lut3_I0_O)        0.124    33.402 r  poly_mode_inst/coeff_val[0][3]_i_15/O
                         net (fo=1, routed)           0.000    33.402    poly_mode_inst/coeff_val[0][3]_i_15_n_0
    SLICE_X54Y39         CARRY4 (Prop_carry4_S[1]_CO[3])
                                                      0.533    33.935 r  poly_mode_inst/coeff_val_reg[0][3]_i_3/CO[3]
                         net (fo=1, routed)           0.000    33.935    poly_mode_inst/coeff_val_reg[0][3]_i_3_n_0
    SLICE_X54Y40         CARRY4 (Prop_carry4_CI_O[0])
                                                      0.219    34.154 f  poly_mode_inst/coeff_val_reg[0][3]_i_2/O[0]
                         net (fo=2, routed)           0.548    34.702    poly_mode_inst/coeff_val_reg[2][0]_0[0]
    SLICE_X59Y40         LUT1 (Prop_lut1_I0_O)        0.295    34.997 r  poly_mode_inst/coeff_val[0][4]_i_3/O
                         net (fo=1, routed)           0.465    35.461    poly_mode_inst/coeff_val[0][4]_i_3_n_0
    SLICE_X61Y40         CARRY4 (Prop_carry4_CYINIT_CO[3])
                                                      0.580    36.041 r  poly_mode_inst/coeff_val_reg[0][4]_i_2/CO[3]
                         net (fo=1, routed)           0.000    36.041    poly_mode_inst/coeff_val_reg[0][4]_i_2_n_0
    SLICE_X61Y41         CARRY4 (Prop_carry4_CI_CO[3])
                                                      0.114    36.155 r  poly_mode_inst/coeff_val_reg[0][8]_i_2/CO[3]
                         net (fo=1, routed)           0.000    36.155    poly_mode_inst/coeff_val_reg[0][8]_i_2_n_0
    SLICE_X61Y42         CARRY4 (Prop_carry4_CI_CO[3])
                                                      0.114    36.269 r  poly_mode_inst/coeff_val_reg[0][12]_i_2/CO[3]
                         net (fo=1, routed)           0.000    36.269    poly_mode_inst/coeff_val_reg[0][12]_i_2_n_0
    SLICE_X61Y43         CARRY4 (Prop_carry4_CI_CO[3])
                                                      0.114    36.383 r  poly_mode_inst/coeff_val_reg[0][16]_i_2/CO[3]
                         net (fo=1, routed)           0.000    36.383    poly_mode_inst/coeff_val_reg[0][16]_i_2_n_0
    SLICE_X61Y44         CARRY4 (Prop_carry4_CI_CO[3])
                                                      0.114    36.497 r  poly_mode_inst/coeff_val_reg[0][20]_i_2/CO[3]
                         net (fo=1, routed)           0.000    36.497    poly_mode_inst/coeff_val_reg[0][20]_i_2_n_0
    SLICE_X61Y45         CARRY4 (Prop_carry4_CI_O[1])
                                                      0.334    36.831 r  poly_mode_inst/coeff_val_reg[0][23]_i_4/O[1]
                         net (fo=1, routed)           0.449    37.280    poly_mode_inst/coeff_val_reg[0][23]_i_4_n_6
    SLICE_X63Y45         LUT4 (Prop_lut4_I0_O)        0.303    37.583 r  poly_mode_inst/coeff_val[0][22]_i_1/O
                         net (fo=4, routed)           0.917    38.500    poly_mode_inst/coeff_val[0][22]_i_1_n_0
    SLICE_X64Y51         FDRE                                         r  poly_mode_inst/coeff_val_reg[3][22]/D
  -------------------------------------------------------------------    -------------------

                         (clock sys_clk_pin rise edge)
                                                     10.000    10.000 r  
    W5                                                0.000    10.000 r  clk (IN)
                         net (fo=0)                   0.000    10.000    clk
    W5                   IBUF (Prop_ibuf_I_O)         1.388    11.388 r  clk_IBUF_inst/O
                         net (fo=1, routed)           1.862    13.250    clk_IBUF
    BUFGCTRL_X0Y0        BUFG (Prop_bufg_I_O)         0.091    13.341 r  clk_IBUF_BUFG_inst/O
                         net (fo=9644, routed)        1.510    14.851    poly_mode_inst/clk_IBUF_BUFG
    SLICE_X64Y51         FDRE                                         r  poly_mode_inst/coeff_val_reg[3][22]/C
                         clock pessimism              0.180    15.031    
                         clock uncertainty           -0.035    14.995    
    SLICE_X64Y51         FDRE (Setup_fdre_C_D)       -0.045    14.950    poly_mode_inst/coeff_val_reg[3][22]
  -------------------------------------------------------------------
                         required time                         14.950    
                         arrival time                         -38.500    
  -------------------------------------------------------------------
                         slack                                -23.550    

Slack (VIOLATED) :        -23.496ns  (required time - arrival time)
  Source:                 poly_mode_inst/coeff_str_reg[3][12]/C
                            (rising edge-triggered cell FDRE clocked by sys_clk_pin  {rise@0.000ns fall@5.000ns period=10.000ns})
  Destination:            poly_mode_inst/coeff_val_reg[2][22]/D
                            (rising edge-triggered cell FDRE clocked by sys_clk_pin  {rise@0.000ns fall@5.000ns period=10.000ns})
  Path Group:             sys_clk_pin
  Path Type:              Setup (Max at Slow Process Corner)
  Requirement:            10.000ns  (sys_clk_pin rise@10.000ns - sys_clk_pin rise@0.000ns)
  Data Path Delay:        33.278ns  (logic 7.821ns (23.502%)  route 25.457ns (76.498%))
  Logic Levels:           39  (CARRY4=9 LUT1=1 LUT2=1 LUT3=2 LUT4=3 LUT5=5 LUT6=18)
  Clock Path Skew:        -0.121ns (DCD - SCD + CPR)
    Destination Clock Delay (DCD):    4.851ns = ( 14.851 - 10.000 ) 
    Source Clock Delay      (SCD):    5.151ns
    Clock Pessimism Removal (CPR):    0.180ns
  Clock Uncertainty:      0.035ns  ((TSJ^2 + TIJ^2)^1/2 + DJ) / 2 + PE
    Total System Jitter     (TSJ):    0.071ns
    Total Input Jitter      (TIJ):    0.000ns
    Discrete Jitter          (DJ):    0.000ns
    Phase Error              (PE):    0.000ns

    Location             Delay type                Incr(ns)  Path(ns)    Netlist Resource(s)
  -------------------------------------------------------------------    -------------------
                         (clock sys_clk_pin rise edge)
                                                      0.000     0.000 r  
    W5                                                0.000     0.000 r  clk (IN)
                         net (fo=0)                   0.000     0.000    clk
    W5                   IBUF (Prop_ibuf_I_O)         1.458     1.458 r  clk_IBUF_inst/O
                         net (fo=1, routed)           1.967     3.425    clk_IBUF
    BUFGCTRL_X0Y0        BUFG (Prop_bufg_I_O)         0.096     3.521 r  clk_IBUF_BUFG_inst/O
                         net (fo=9644, routed)        1.630     5.151    poly_mode_inst/clk_IBUF_BUFG
    SLICE_X60Y34         FDRE                                         r  poly_mode_inst/coeff_str_reg[3][12]/C
  -------------------------------------------------------------------    -------------------
    SLICE_X60Y34         FDRE (Prop_fdre_C_Q)         0.518     5.669 f  poly_mode_inst/coeff_str_reg[3][12]/Q
                         net (fo=2, routed)           1.280     6.949    poly_mode_inst/coeff_str_reg_n_0_[3][12]
    SLICE_X59Y36         LUT6 (Prop_lut6_I0_O)        0.124     7.073 r  poly_mode_inst/fractional_digits[0][3]_i_82/O
                         net (fo=9, routed)           0.855     7.928    poly_mode_inst/fractional_digits[0][3]_i_82_n_0
    SLICE_X58Y37         LUT2 (Prop_lut2_I1_O)        0.149     8.077 r  poly_mode_inst/coeff_val[0][13]_i_58/O
                         net (fo=5, routed)           0.690     8.767    poly_mode_inst/coeff_val[0][13]_i_58_n_0
    SLICE_X60Y37         LUT6 (Prop_lut6_I1_O)        0.332     9.099 r  poly_mode_inst/coeff_val[0][13]_i_61/O
                         net (fo=14, routed)          0.644     9.744    poly_mode_inst/coeff_val[0][13]_i_61_n_0
    SLICE_X65Y37         LUT6 (Prop_lut6_I0_O)        0.124     9.868 f  poly_mode_inst/coeff_val[0][13]_i_82/O
                         net (fo=2, routed)           0.962    10.830    poly_mode_inst/coeff_val[0][13]_i_82_n_0
    SLICE_X64Y36         LUT6 (Prop_lut6_I3_O)        0.124    10.954 r  poly_mode_inst/coeff_val[0][13]_i_72/O
                         net (fo=12, routed)          0.717    11.671    poly_mode_inst/coeff_val[0][13]_i_72_n_0
    SLICE_X60Y38         LUT6 (Prop_lut6_I1_O)        0.124    11.795 f  poly_mode_inst/coeff_val[0][13]_i_68/O
                         net (fo=1, routed)           0.830    12.625    poly_mode_inst/coeff_val[0][13]_i_68_n_0
    SLICE_X60Y37         LUT6 (Prop_lut6_I0_O)        0.124    12.749 f  poly_mode_inst/coeff_val[0][13]_i_42/O
                         net (fo=27, routed)          1.027    13.776    poly_mode_inst/coeff_val[0][13]_i_42_n_0
    SLICE_X65Y38         LUT6 (Prop_lut6_I1_O)        0.124    13.900 r  poly_mode_inst/coeff_val[0][9]_i_82/O
                         net (fo=19, routed)          1.145    15.045    poly_mode_inst/coeff_val[0][9]_i_82_n_0
    SLICE_X61Y39         LUT6 (Prop_lut6_I2_O)        0.124    15.169 f  poly_mode_inst/coeff_val[0][9]_i_73/O
                         net (fo=3, routed)           0.819    15.988    poly_mode_inst/coeff_val[0][9]_i_73_n_0
    SLICE_X62Y40         LUT6 (Prop_lut6_I0_O)        0.124    16.112 f  poly_mode_inst/coeff_val[0][9]_i_55/O
                         net (fo=2, routed)           0.330    16.442    poly_mode_inst/coeff_val[0][9]_i_55_n_0
    SLICE_X60Y39         LUT6 (Prop_lut6_I3_O)        0.124    16.566 f  poly_mode_inst/coeff_val[0][9]_i_35/O
                         net (fo=9, routed)           1.258    17.824    poly_mode_inst/coeff_val[0][9]_i_35_n_0
    SLICE_X56Y41         LUT6 (Prop_lut6_I0_O)        0.124    17.948 r  poly_mode_inst/coeff_val[0][9]_i_13/O
                         net (fo=5, routed)           1.108    19.056    poly_mode_inst/coeff_val[0][9]_i_13_n_0
    SLICE_X56Y45         LUT6 (Prop_lut6_I2_O)        0.124    19.180 r  poly_mode_inst/coeff_val[0][9]_i_14/O
                         net (fo=48, routed)          0.729    19.909    poly_mode_inst/coeff_val[0][9]_i_14_n_0
    SLICE_X53Y44         LUT4 (Prop_lut4_I1_O)        0.124    20.033 r  poly_mode_inst/coeff_val[0][9]_i_100/O
                         net (fo=11, routed)          0.721    20.754    poly_mode_inst/coeff_val[0][9]_i_100_n_0
    SLICE_X56Y40         LUT6 (Prop_lut6_I4_O)        0.124    20.878 r  poly_mode_inst/coeff_val[0][3]_i_122/O
                         net (fo=12, routed)          0.847    21.725    poly_mode_inst/coeff_val[0][3]_i_122_n_0
    SLICE_X53Y44         LUT6 (Prop_lut6_I3_O)        0.124    21.849 r  poly_mode_inst/coeff_val[0][3]_i_83/O
                         net (fo=15, routed)          1.083    22.932    poly_mode_inst/coeff_val[0][3]_i_83_n_0
    SLICE_X55Y39         LUT6 (Prop_lut6_I2_O)        0.124    23.056 f  poly_mode_inst/coeff_val[0][5]_i_39/O
                         net (fo=1, routed)           0.967    24.023    poly_mode_inst/coeff_val[0][5]_i_39_n_0
    SLICE_X53Y41         LUT5 (Prop_lut5_I4_O)        0.124    24.147 r  poly_mode_inst/coeff_val[0][5]_i_20/O
                         net (fo=6, routed)           0.769    24.916    poly_mode_inst/coeff_val[0][5]_i_20_n_0
    SLICE_X48Y43         LUT6 (Prop_lut6_I2_O)        0.124    25.040 r  poly_mode_inst/coeff_val[0][3]_i_64/O
                         net (fo=19, routed)          0.829    25.869    poly_mode_inst/coeff_val[0][3]_i_64_n_0
    SLICE_X55Y38         LUT5 (Prop_lut5_I1_O)        0.124    25.993 f  poly_mode_inst/coeff_val[0][3]_i_150/O
                         net (fo=2, routed)           0.975    26.968    poly_mode_inst/coeff_val[0][3]_i_150_n_0
    SLICE_X48Y40         LUT3 (Prop_lut3_I2_O)        0.150    27.118 f  poly_mode_inst/coeff_val[0][3]_i_110/O
                         net (fo=3, routed)           0.691    27.810    poly_mode_inst/coeff_val[0][3]_i_110_n_0
    SLICE_X49Y40         LUT5 (Prop_lut5_I0_O)        0.326    28.136 f  poly_mode_inst/coeff_val[0][5]_i_23/O
                         net (fo=3, routed)           0.821    28.957    poly_mode_inst/coeff_val[0][5]_i_23_n_0
    SLICE_X49Y41         LUT6 (Prop_lut6_I2_O)        0.124    29.081 r  poly_mode_inst/coeff_val[0][5]_i_13/O
                         net (fo=9, routed)           0.779    29.860    poly_mode_inst/coeff_val[0][5]_i_13_n_0
    SLICE_X50Y38         LUT4 (Prop_lut4_I3_O)        0.124    29.984 r  poly_mode_inst/coeff_val[0][3]_i_38/O
                         net (fo=3, routed)           0.185    30.168    poly_mode_inst/coeff_val[0][3]_i_38_n_0
    SLICE_X50Y38         LUT5 (Prop_lut5_I3_O)        0.124    30.292 r  poly_mode_inst/coeff_val[0][3]_i_123/O
                         net (fo=1, routed)           0.519    30.811    poly_mode_inst/coeff_val[0][3]_i_123_n_0
    SLICE_X51Y39         CARRY4 (Prop_carry4_DI[1]_CO[1])
                                                      0.445    31.256 f  poly_mode_inst/coeff_val_reg[0][3]_i_80/CO[1]
                         net (fo=1, routed)           0.449    31.705    poly_mode_inst/coeff_val_reg[0][3]_i_80_n_2
    SLICE_X52Y40         LUT5 (Prop_lut5_I3_O)        0.329    32.034 r  poly_mode_inst/coeff_val[0][3]_i_36/O
                         net (fo=1, routed)           0.496    32.531    poly_mode_inst/coeff_val[0][3]_i_36_n_0
    SLICE_X52Y40         LUT6 (Prop_lut6_I3_O)        0.124    32.655 r  poly_mode_inst/coeff_val[0][3]_i_17/O
                         net (fo=6, routed)           0.623    33.278    poly_mode_inst/coeff_val[0][3]_i_17_n_0
    SLICE_X54Y39         LUT3 (Prop_lut3_I0_O)        0.124    33.402 r  poly_mode_inst/coeff_val[0][3]_i_15/O
                         net (fo=1, routed)           0.000    33.402    poly_mode_inst/coeff_val[0][3]_i_15_n_0
    SLICE_X54Y39         CARRY4 (Prop_carry4_S[1]_CO[3])
                                                      0.533    33.935 r  poly_mode_inst/coeff_val_reg[0][3]_i_3/CO[3]
                         net (fo=1, routed)           0.000    33.935    poly_mode_inst/coeff_val_reg[0][3]_i_3_n_0
    SLICE_X54Y40         CARRY4 (Prop_carry4_CI_O[0])
                                                      0.219    34.154 f  poly_mode_inst/coeff_val_reg[0][3]_i_2/O[0]
                         net (fo=2, routed)           0.548    34.702    poly_mode_inst/coeff_val_reg[2][0]_0[0]
    SLICE_X59Y40         LUT1 (Prop_lut1_I0_O)        0.295    34.997 r  poly_mode_inst/coeff_val[0][4]_i_3/O
                         net (fo=1, routed)           0.465    35.461    poly_mode_inst/coeff_val[0][4]_i_3_n_0
    SLICE_X61Y40         CARRY4 (Prop_carry4_CYINIT_CO[3])
                                                      0.580    36.041 r  poly_mode_inst/coeff_val_reg[0][4]_i_2/CO[3]
                         net (fo=1, routed)           0.000    36.041    poly_mode_inst/coeff_val_reg[0][4]_i_2_n_0
    SLICE_X61Y41         CARRY4 (Prop_carry4_CI_CO[3])
                                                      0.114    36.155 r  poly_mode_inst/coeff_val_reg[0][8]_i_2/CO[3]
                         net (fo=1, routed)           0.000    36.155    poly_mode_inst/coeff_val_reg[0][8]_i_2_n_0
    SLICE_X61Y42         CARRY4 (Prop_carry4_CI_CO[3])
                                                      0.114    36.269 r  poly_mode_inst/coeff_val_reg[0][12]_i_2/CO[3]
                         net (fo=1, routed)           0.000    36.269    poly_mode_inst/coeff_val_reg[0][12]_i_2_n_0
    SLICE_X61Y43         CARRY4 (Prop_carry4_CI_CO[3])
                                                      0.114    36.383 r  poly_mode_inst/coeff_val_reg[0][16]_i_2/CO[3]
                         net (fo=1, routed)           0.000    36.383    poly_mode_inst/coeff_val_reg[0][16]_i_2_n_0
    SLICE_X61Y44         CARRY4 (Prop_carry4_CI_CO[3])
                                                      0.114    36.497 r  poly_mode_inst/coeff_val_reg[0][20]_i_2/CO[3]
                         net (fo=1, routed)           0.000    36.497    poly_mode_inst/coeff_val_reg[0][20]_i_2_n_0
    SLICE_X61Y45         CARRY4 (Prop_carry4_CI_O[1])
                                                      0.334    36.831 r  poly_mode_inst/coeff_val_reg[0][23]_i_4/O[1]
                         net (fo=1, routed)           0.449    37.280    poly_mode_inst/coeff_val_reg[0][23]_i_4_n_6
    SLICE_X63Y45         LUT4 (Prop_lut4_I0_O)        0.303    37.583 r  poly_mode_inst/coeff_val[0][22]_i_1/O
                         net (fo=4, routed)           0.847    38.430    poly_mode_inst/coeff_val[0][22]_i_1_n_0
    SLICE_X63Y51         FDRE                                         r  poly_mode_inst/coeff_val_reg[2][22]/D
  -------------------------------------------------------------------    -------------------

                         (clock sys_clk_pin rise edge)
                                                     10.000    10.000 r  
    W5                                                0.000    10.000 r  clk (IN)
                         net (fo=0)                   0.000    10.000    clk
    W5                   IBUF (Prop_ibuf_I_O)         1.388    11.388 r  clk_IBUF_inst/O
                         net (fo=1, routed)           1.862    13.250    clk_IBUF
    BUFGCTRL_X0Y0        BUFG (Prop_bufg_I_O)         0.091    13.341 r  clk_IBUF_BUFG_inst/O
                         net (fo=9644, routed)        1.510    14.851    poly_mode_inst/clk_IBUF_BUFG
    SLICE_X63Y51         FDRE                                         r  poly_mode_inst/coeff_val_reg[2][22]/C
                         clock pessimism              0.180    15.031    
                         clock uncertainty           -0.035    14.995    
    SLICE_X63Y51         FDRE (Setup_fdre_C_D)       -0.062    14.933    poly_mode_inst/coeff_val_reg[2][22]
  -------------------------------------------------------------------
                         required time                         14.933    
                         arrival time                         -38.430    
  -------------------------------------------------------------------
                         slack                                -23.496    

Slack (VIOLATED) :        -23.409ns  (required time - arrival time)
  Source:                 poly_mode_inst/coeff_str_reg[3][12]/C
                            (rising edge-triggered cell FDRE clocked by sys_clk_pin  {rise@0.000ns fall@5.000ns period=10.000ns})
  Destination:            poly_mode_inst/coeff_val_reg[0][22]/D
                            (rising edge-triggered cell FDRE clocked by sys_clk_pin  {rise@0.000ns fall@5.000ns period=10.000ns})
  Path Group:             sys_clk_pin
  Path Type:              Setup (Max at Slow Process Corner)
  Requirement:            10.000ns  (sys_clk_pin rise@10.000ns - sys_clk_pin rise@0.000ns)
  Data Path Delay:        33.208ns  (logic 7.821ns (23.552%)  route 25.387ns (76.448%))
  Logic Levels:           39  (CARRY4=9 LUT1=1 LUT2=1 LUT3=2 LUT4=3 LUT5=5 LUT6=18)
  Clock Path Skew:        -0.121ns (DCD - SCD + CPR)
    Destination Clock Delay (DCD):    4.851ns = ( 14.851 - 10.000 ) 
    Source Clock Delay      (SCD):    5.151ns
    Clock Pessimism Removal (CPR):    0.180ns
  Clock Uncertainty:      0.035ns  ((TSJ^2 + TIJ^2)^1/2 + DJ) / 2 + PE
    Total System Jitter     (TSJ):    0.071ns
    Total Input Jitter      (TIJ):    0.000ns
    Discrete Jitter          (DJ):    0.000ns
    Phase Error              (PE):    0.000ns

    Location             Delay type                Incr(ns)  Path(ns)    Netlist Resource(s)
  -------------------------------------------------------------------    -------------------
                         (clock sys_clk_pin rise edge)
                                                      0.000     0.000 r  
    W5                                                0.000     0.000 r  clk (IN)
                         net (fo=0)                   0.000     0.000    clk
    W5                   IBUF (Prop_ibuf_I_O)         1.458     1.458 r  clk_IBUF_inst/O
                         net (fo=1, routed)           1.967     3.425    clk_IBUF
    BUFGCTRL_X0Y0        BUFG (Prop_bufg_I_O)         0.096     3.521 r  clk_IBUF_BUFG_inst/O
                         net (fo=9644, routed)        1.630     5.151    poly_mode_inst/clk_IBUF_BUFG
    SLICE_X60Y34         FDRE                                         r  poly_mode_inst/coeff_str_reg[3][12]/C
  -------------------------------------------------------------------    -------------------
    SLICE_X60Y34         FDRE (Prop_fdre_C_Q)         0.518     5.669 f  poly_mode_inst/coeff_str_reg[3][12]/Q
                         net (fo=2, routed)           1.280     6.949    poly_mode_inst/coeff_str_reg_n_0_[3][12]
    SLICE_X59Y36         LUT6 (Prop_lut6_I0_O)        0.124     7.073 r  poly_mode_inst/fractional_digits[0][3]_i_82/O
                         net (fo=9, routed)           0.855     7.928    poly_mode_inst/fractional_digits[0][3]_i_82_n_0
    SLICE_X58Y37         LUT2 (Prop_lut2_I1_O)        0.149     8.077 r  poly_mode_inst/coeff_val[0][13]_i_58/O
                         net (fo=5, routed)           0.690     8.767    poly_mode_inst/coeff_val[0][13]_i_58_n_0
    SLICE_X60Y37         LUT6 (Prop_lut6_I1_O)        0.332     9.099 r  poly_mode_inst/coeff_val[0][13]_i_61/O
                         net (fo=14, routed)          0.644     9.744    poly_mode_inst/coeff_val[0][13]_i_61_n_0
    SLICE_X65Y37         LUT6 (Prop_lut6_I0_O)        0.124     9.868 f  poly_mode_inst/coeff_val[0][13]_i_82/O
                         net (fo=2, routed)           0.962    10.830    poly_mode_inst/coeff_val[0][13]_i_82_n_0
    SLICE_X64Y36         LUT6 (Prop_lut6_I3_O)        0.124    10.954 r  poly_mode_inst/coeff_val[0][13]_i_72/O
                         net (fo=12, routed)          0.717    11.671    poly_mode_inst/coeff_val[0][13]_i_72_n_0
    SLICE_X60Y38         LUT6 (Prop_lut6_I1_O)        0.124    11.795 f  poly_mode_inst/coeff_val[0][13]_i_68/O
                         net (fo=1, routed)           0.830    12.625    poly_mode_inst/coeff_val[0][13]_i_68_n_0
    SLICE_X60Y37         LUT6 (Prop_lut6_I0_O)        0.124    12.749 f  poly_mode_inst/coeff_val[0][13]_i_42/O
                         net (fo=27, routed)          1.027    13.776    poly_mode_inst/coeff_val[0][13]_i_42_n_0
    SLICE_X65Y38         LUT6 (Prop_lut6_I1_O)        0.124    13.900 r  poly_mode_inst/coeff_val[0][9]_i_82/O
                         net (fo=19, routed)          1.145    15.045    poly_mode_inst/coeff_val[0][9]_i_82_n_0
    SLICE_X61Y39         LUT6 (Prop_lut6_I2_O)        0.124    15.169 f  poly_mode_inst/coeff_val[0][9]_i_73/O
                         net (fo=3, routed)           0.819    15.988    poly_mode_inst/coeff_val[0][9]_i_73_n_0
    SLICE_X62Y40         LUT6 (Prop_lut6_I0_O)        0.124    16.112 f  poly_mode_inst/coeff_val[0][9]_i_55/O
                         net (fo=2, routed)           0.330    16.442    poly_mode_inst/coeff_val[0][9]_i_55_n_0
    SLICE_X60Y39         LUT6 (Prop_lut6_I3_O)        0.124    16.566 f  poly_mode_inst/coeff_val[0][9]_i_35/O
                         net (fo=9, routed)           1.258    17.824    poly_mode_inst/coeff_val[0][9]_i_35_n_0
    SLICE_X56Y41         LUT6 (Prop_lut6_I0_O)        0.124    17.948 r  poly_mode_inst/coeff_val[0][9]_i_13/O
                         net (fo=5, routed)           1.108    19.056    poly_mode_inst/coeff_val[0][9]_i_13_n_0
    SLICE_X56Y45         LUT6 (Prop_lut6_I2_O)        0.124    19.180 r  poly_mode_inst/coeff_val[0][9]_i_14/O
                         net (fo=48, routed)          0.729    19.909    poly_mode_inst/coeff_val[0][9]_i_14_n_0
    SLICE_X53Y44         LUT4 (Prop_lut4_I1_O)        0.124    20.033 r  poly_mode_inst/coeff_val[0][9]_i_100/O
                         net (fo=11, routed)          0.721    20.754    poly_mode_inst/coeff_val[0][9]_i_100_n_0
    SLICE_X56Y40         LUT6 (Prop_lut6_I4_O)        0.124    20.878 r  poly_mode_inst/coeff_val[0][3]_i_122/O
                         net (fo=12, routed)          0.847    21.725    poly_mode_inst/coeff_val[0][3]_i_122_n_0
    SLICE_X53Y44         LUT6 (Prop_lut6_I3_O)        0.124    21.849 r  poly_mode_inst/coeff_val[0][3]_i_83/O
                         net (fo=15, routed)          1.083    22.932    poly_mode_inst/coeff_val[0][3]_i_83_n_0
    SLICE_X55Y39         LUT6 (Prop_lut6_I2_O)        0.124    23.056 f  poly_mode_inst/coeff_val[0][5]_i_39/O
                         net (fo=1, routed)           0.967    24.023    poly_mode_inst/coeff_val[0][5]_i_39_n_0
    SLICE_X53Y41         LUT5 (Prop_lut5_I4_O)        0.124    24.147 r  poly_mode_inst/coeff_val[0][5]_i_20/O
                         net (fo=6, routed)           0.769    24.916    poly_mode_inst/coeff_val[0][5]_i_20_n_0
    SLICE_X48Y43         LUT6 (Prop_lut6_I2_O)        0.124    25.040 r  poly_mode_inst/coeff_val[0][3]_i_64/O
                         net (fo=19, routed)          0.829    25.869    poly_mode_inst/coeff_val[0][3]_i_64_n_0
    SLICE_X55Y38         LUT5 (Prop_lut5_I1_O)        0.124    25.993 f  poly_mode_inst/coeff_val[0][3]_i_150/O
                         net (fo=2, routed)           0.975    26.968    poly_mode_inst/coeff_val[0][3]_i_150_n_0
    SLICE_X48Y40         LUT3 (Prop_lut3_I2_O)        0.150    27.118 f  poly_mode_inst/coeff_val[0][3]_i_110/O
                         net (fo=3, routed)           0.691    27.810    poly_mode_inst/coeff_val[0][3]_i_110_n_0
    SLICE_X49Y40         LUT5 (Prop_lut5_I0_O)        0.326    28.136 f  poly_mode_inst/coeff_val[0][5]_i_23/O
                         net (fo=3, routed)           0.821    28.957    poly_mode_inst/coeff_val[0][5]_i_23_n_0
    SLICE_X49Y41         LUT6 (Prop_lut6_I2_O)        0.124    29.081 r  poly_mode_inst/coeff_val[0][5]_i_13/O
                         net (fo=9, routed)           0.779    29.860    poly_mode_inst/coeff_val[0][5]_i_13_n_0
    SLICE_X50Y38         LUT4 (Prop_lut4_I3_O)        0.124    29.984 r  poly_mode_inst/coeff_val[0][3]_i_38/O
                         net (fo=3, routed)           0.185    30.168    poly_mode_inst/coeff_val[0][3]_i_38_n_0
    SLICE_X50Y38         LUT5 (Prop_lut5_I3_O)        0.124    30.292 r  poly_mode_inst/coeff_val[0][3]_i_123/O
                         net (fo=1, routed)           0.519    30.811    poly_mode_inst/coeff_val[0][3]_i_123_n_0
    SLICE_X51Y39         CARRY4 (Prop_carry4_DI[1]_CO[1])
                                                      0.445    31.256 f  poly_mode_inst/coeff_val_reg[0][3]_i_80/CO[1]
                         net (fo=1, routed)           0.449    31.705    poly_mode_inst/coeff_val_reg[0][3]_i_80_n_2
    SLICE_X52Y40         LUT5 (Prop_lut5_I3_O)        0.329    32.034 r  poly_mode_inst/coeff_val[0][3]_i_36/O
                         net (fo=1, routed)           0.496    32.531    poly_mode_inst/coeff_val[0][3]_i_36_n_0
    SLICE_X52Y40         LUT6 (Prop_lut6_I3_O)        0.124    32.655 r  poly_mode_inst/coeff_val[0][3]_i_17/O
                         net (fo=6, routed)           0.623    33.278    poly_mode_inst/coeff_val[0][3]_i_17_n_0
    SLICE_X54Y39         LUT3 (Prop_lut3_I0_O)        0.124    33.402 r  poly_mode_inst/coeff_val[0][3]_i_15/O
                         net (fo=1, routed)           0.000    33.402    poly_mode_inst/coeff_val[0][3]_i_15_n_0
    SLICE_X54Y39         CARRY4 (Prop_carry4_S[1]_CO[3])
                                                      0.533    33.935 r  poly_mode_inst/coeff_val_reg[0][3]_i_3/CO[3]
                         net (fo=1, routed)           0.000    33.935    poly_mode_inst/coeff_val_reg[0][3]_i_3_n_0
    SLICE_X54Y40         CARRY4 (Prop_carry4_CI_O[0])
                                                      0.219    34.154 f  poly_mode_inst/coeff_val_reg[0][3]_i_2/O[0]
                         net (fo=2, routed)           0.548    34.702    poly_mode_inst/coeff_val_reg[2][0]_0[0]
    SLICE_X59Y40         LUT1 (Prop_lut1_I0_O)        0.295    34.997 r  poly_mode_inst/coeff_val[0][4]_i_3/O
                         net (fo=1, routed)           0.465    35.461    poly_mode_inst/coeff_val[0][4]_i_3_n_0
    SLICE_X61Y40         CARRY4 (Prop_carry4_CYINIT_CO[3])
                                                      0.580    36.041 r  poly_mode_inst/coeff_val_reg[0][4]_i_2/CO[3]
                         net (fo=1, routed)           0.000    36.041    poly_mode_inst/coeff_val_reg[0][4]_i_2_n_0
    SLICE_X61Y41         CARRY4 (Prop_carry4_CI_CO[3])
                                                      0.114    36.155 r  poly_mode_inst/coeff_val_reg[0][8]_i_2/CO[3]
                         net (fo=1, routed)           0.000    36.155    poly_mode_inst/coeff_val_reg[0][8]_i_2_n_0
    SLICE_X61Y42         CARRY4 (Prop_carry4_CI_CO[3])
                                                      0.114    36.269 r  poly_mode_inst/coeff_val_reg[0][12]_i_2/CO[3]
                         net (fo=1, routed)           0.000    36.269    poly_mode_inst/coeff_val_reg[0][12]_i_2_n_0
    SLICE_X61Y43         CARRY4 (Prop_carry4_CI_CO[3])
                                                      0.114    36.383 r  poly_mode_inst/coeff_val_reg[0][16]_i_2/CO[3]
                         net (fo=1, routed)           0.000    36.383    poly_mode_inst/coeff_val_reg[0][16]_i_2_n_0
    SLICE_X61Y44         CARRY4 (Prop_carry4_CI_CO[3])
                                                      0.114    36.497 r  poly_mode_inst/coeff_val_reg[0][20]_i_2/CO[3]
                         net (fo=1, routed)           0.000    36.497    poly_mode_inst/coeff_val_reg[0][20]_i_2_n_0
    SLICE_X61Y45         CARRY4 (Prop_carry4_CI_O[1])
                                                      0.334    36.831 r  poly_mode_inst/coeff_val_reg[0][23]_i_4/O[1]
                         net (fo=1, routed)           0.449    37.280    poly_mode_inst/coeff_val_reg[0][23]_i_4_n_6
    SLICE_X63Y45         LUT4 (Prop_lut4_I0_O)        0.303    37.583 r  poly_mode_inst/coeff_val[0][22]_i_1/O
                         net (fo=4, routed)           0.776    38.359    poly_mode_inst/coeff_val[0][22]_i_1_n_0
    SLICE_X64Y50         FDRE                                         r  poly_mode_inst/coeff_val_reg[0][22]/D
  -------------------------------------------------------------------    -------------------

                         (clock sys_clk_pin rise edge)
                                                     10.000    10.000 r  
    W5                                                0.000    10.000 r  clk (IN)
                         net (fo=0)                   0.000    10.000    clk
    W5                   IBUF (Prop_ibuf_I_O)         1.388    11.388 r  clk_IBUF_inst/O
                         net (fo=1, routed)           1.862    13.250    clk_IBUF
    BUFGCTRL_X0Y0        BUFG (Prop_bufg_I_O)         0.091    13.341 r  clk_IBUF_BUFG_inst/O
                         net (fo=9644, routed)        1.510    14.851    poly_mode_inst/clk_IBUF_BUFG
    SLICE_X64Y50         FDRE                                         r  poly_mode_inst/coeff_val_reg[0][22]/C
                         clock pessimism              0.180    15.031    
                         clock uncertainty           -0.035    14.995    
    SLICE_X64Y50         FDRE (Setup_fdre_C_D)       -0.045    14.950    poly_mode_inst/coeff_val_reg[0][22]
  -------------------------------------------------------------------
                         required time                         14.950    
                         arrival time                         -38.359    
  -------------------------------------------------------------------
                         slack                                -23.409    

Slack (VIOLATED) :        -23.398ns  (required time - arrival time)
  Source:                 poly_mode_inst/coeff_str_reg[3][12]/C
                            (rising edge-triggered cell FDRE clocked by sys_clk_pin  {rise@0.000ns fall@5.000ns period=10.000ns})
  Destination:            poly_mode_inst/coeff_val_reg[1][20]/D
                            (rising edge-triggered cell FDRE clocked by sys_clk_pin  {rise@0.000ns fall@5.000ns period=10.000ns})
  Path Group:             sys_clk_pin
  Path Type:              Setup (Max at Slow Process Corner)
  Requirement:            10.000ns  (sys_clk_pin rise@10.000ns - sys_clk_pin rise@0.000ns)
  Data Path Delay:        33.160ns  (logic 7.689ns (23.188%)  route 25.471ns (76.812%))
  Logic Levels:           38  (CARRY4=8 LUT1=1 LUT2=1 LUT3=2 LUT4=3 LUT5=5 LUT6=18)
  Clock Path Skew:        -0.122ns (DCD - SCD + CPR)
    Destination Clock Delay (DCD):    4.850ns = ( 14.850 - 10.000 ) 
    Source Clock Delay      (SCD):    5.151ns
    Clock Pessimism Removal (CPR):    0.180ns
  Clock Uncertainty:      0.035ns  ((TSJ^2 + TIJ^2)^1/2 + DJ) / 2 + PE
    Total System Jitter     (TSJ):    0.071ns
    Total Input Jitter      (TIJ):    0.000ns
    Discrete Jitter          (DJ):    0.000ns
    Phase Error              (PE):    0.000ns

    Location             Delay type                Incr(ns)  Path(ns)    Netlist Resource(s)
  -------------------------------------------------------------------    -------------------
                         (clock sys_clk_pin rise edge)
                                                      0.000     0.000 r  
    W5                                                0.000     0.000 r  clk (IN)
                         net (fo=0)                   0.000     0.000    clk
    W5                   IBUF (Prop_ibuf_I_O)         1.458     1.458 r  clk_IBUF_inst/O
                         net (fo=1, routed)           1.967     3.425    clk_IBUF
    BUFGCTRL_X0Y0        BUFG (Prop_bufg_I_O)         0.096     3.521 r  clk_IBUF_BUFG_inst/O
                         net (fo=9644, routed)        1.630     5.151    poly_mode_inst/clk_IBUF_BUFG
    SLICE_X60Y34         FDRE                                         r  poly_mode_inst/coeff_str_reg[3][12]/C
  -------------------------------------------------------------------    -------------------
    SLICE_X60Y34         FDRE (Prop_fdre_C_Q)         0.518     5.669 f  poly_mode_inst/coeff_str_reg[3][12]/Q
                         net (fo=2, routed)           1.280     6.949    poly_mode_inst/coeff_str_reg_n_0_[3][12]
    SLICE_X59Y36         LUT6 (Prop_lut6_I0_O)        0.124     7.073 r  poly_mode_inst/fractional_digits[0][3]_i_82/O
                         net (fo=9, routed)           0.855     7.928    poly_mode_inst/fractional_digits[0][3]_i_82_n_0
    SLICE_X58Y37         LUT2 (Prop_lut2_I1_O)        0.149     8.077 r  poly_mode_inst/coeff_val[0][13]_i_58/O
                         net (fo=5, routed)           0.690     8.767    poly_mode_inst/coeff_val[0][13]_i_58_n_0
    SLICE_X60Y37         LUT6 (Prop_lut6_I1_O)        0.332     9.099 r  poly_mode_inst/coeff_val[0][13]_i_61/O
                         net (fo=14, routed)          0.644     9.744    poly_mode_inst/coeff_val[0][13]_i_61_n_0
    SLICE_X65Y37         LUT6 (Prop_lut6_I0_O)        0.124     9.868 f  poly_mode_inst/coeff_val[0][13]_i_82/O
                         net (fo=2, routed)           0.962    10.830    poly_mode_inst/coeff_val[0][13]_i_82_n_0
    SLICE_X64Y36         LUT6 (Prop_lut6_I3_O)        0.124    10.954 r  poly_mode_inst/coeff_val[0][13]_i_72/O
                         net (fo=12, routed)          0.717    11.671    poly_mode_inst/coeff_val[0][13]_i_72_n_0
    SLICE_X60Y38         LUT6 (Prop_lut6_I1_O)        0.124    11.795 f  poly_mode_inst/coeff_val[0][13]_i_68/O
                         net (fo=1, routed)           0.830    12.625    poly_mode_inst/coeff_val[0][13]_i_68_n_0
    SLICE_X60Y37         LUT6 (Prop_lut6_I0_O)        0.124    12.749 f  poly_mode_inst/coeff_val[0][13]_i_42/O
                         net (fo=27, routed)          1.027    13.776    poly_mode_inst/coeff_val[0][13]_i_42_n_0
    SLICE_X65Y38         LUT6 (Prop_lut6_I1_O)        0.124    13.900 r  poly_mode_inst/coeff_val[0][9]_i_82/O
                         net (fo=19, routed)          1.145    15.045    poly_mode_inst/coeff_val[0][9]_i_82_n_0
    SLICE_X61Y39         LUT6 (Prop_lut6_I2_O)        0.124    15.169 f  poly_mode_inst/coeff_val[0][9]_i_73/O
                         net (fo=3, routed)           0.819    15.988    poly_mode_inst/coeff_val[0][9]_i_73_n_0
    SLICE_X62Y40         LUT6 (Prop_lut6_I0_O)        0.124    16.112 f  poly_mode_inst/coeff_val[0][9]_i_55/O
                         net (fo=2, routed)           0.330    16.442    poly_mode_inst/coeff_val[0][9]_i_55_n_0
    SLICE_X60Y39         LUT6 (Prop_lut6_I3_O)        0.124    16.566 f  poly_mode_inst/coeff_val[0][9]_i_35/O
                         net (fo=9, routed)           1.258    17.824    poly_mode_inst/coeff_val[0][9]_i_35_n_0
    SLICE_X56Y41         LUT6 (Prop_lut6_I0_O)        0.124    17.948 r  poly_mode_inst/coeff_val[0][9]_i_13/O
                         net (fo=5, routed)           1.108    19.056    poly_mode_inst/coeff_val[0][9]_i_13_n_0
    SLICE_X56Y45         LUT6 (Prop_lut6_I2_O)        0.124    19.180 r  poly_mode_inst/coeff_val[0][9]_i_14/O
                         net (fo=48, routed)          0.729    19.909    poly_mode_inst/coeff_val[0][9]_i_14_n_0
    SLICE_X53Y44         LUT4 (Prop_lut4_I1_O)        0.124    20.033 r  poly_mode_inst/coeff_val[0][9]_i_100/O
                         net (fo=11, routed)          0.721    20.754    poly_mode_inst/coeff_val[0][9]_i_100_n_0
    SLICE_X56Y40         LUT6 (Prop_lut6_I4_O)        0.124    20.878 r  poly_mode_inst/coeff_val[0][3]_i_122/O
                         net (fo=12, routed)          0.847    21.725    poly_mode_inst/coeff_val[0][3]_i_122_n_0
    SLICE_X53Y44         LUT6 (Prop_lut6_I3_O)        0.124    21.849 r  poly_mode_inst/coeff_val[0][3]_i_83/O
                         net (fo=15, routed)          1.083    22.932    poly_mode_inst/coeff_val[0][3]_i_83_n_0
    SLICE_X55Y39         LUT6 (Prop_lut6_I2_O)        0.124    23.056 f  poly_mode_inst/coeff_val[0][5]_i_39/O
                         net (fo=1, routed)           0.967    24.023    poly_mode_inst/coeff_val[0][5]_i_39_n_0
    SLICE_X53Y41         LUT5 (Prop_lut5_I4_O)        0.124    24.147 r  poly_mode_inst/coeff_val[0][5]_i_20/O
                         net (fo=6, routed)           0.769    24.916    poly_mode_inst/coeff_val[0][5]_i_20_n_0
    SLICE_X48Y43         LUT6 (Prop_lut6_I2_O)        0.124    25.040 r  poly_mode_inst/coeff_val[0][3]_i_64/O
                         net (fo=19, routed)          0.829    25.869    poly_mode_inst/coeff_val[0][3]_i_64_n_0
    SLICE_X55Y38         LUT5 (Prop_lut5_I1_O)        0.124    25.993 f  poly_mode_inst/coeff_val[0][3]_i_150/O
                         net (fo=2, routed)           0.975    26.968    poly_mode_inst/coeff_val[0][3]_i_150_n_0
    SLICE_X48Y40         LUT3 (Prop_lut3_I2_O)        0.150    27.118 f  poly_mode_inst/coeff_val[0][3]_i_110/O
                         net (fo=3, routed)           0.691    27.810    poly_mode_inst/coeff_val[0][3]_i_110_n_0
    SLICE_X49Y40         LUT5 (Prop_lut5_I0_O)        0.326    28.136 f  poly_mode_inst/coeff_val[0][5]_i_23/O
                         net (fo=3, routed)           0.821    28.957    poly_mode_inst/coeff_val[0][5]_i_23_n_0
    SLICE_X49Y41         LUT6 (Prop_lut6_I2_O)        0.124    29.081 r  poly_mode_inst/coeff_val[0][5]_i_13/O
                         net (fo=9, routed)           0.779    29.860    poly_mode_inst/coeff_val[0][5]_i_13_n_0
    SLICE_X50Y38         LUT4 (Prop_lut4_I3_O)        0.124    29.984 r  poly_mode_inst/coeff_val[0][3]_i_38/O
                         net (fo=3, routed)           0.185    30.168    poly_mode_inst/coeff_val[0][3]_i_38_n_0
    SLICE_X50Y38         LUT5 (Prop_lut5_I3_O)        0.124    30.292 r  poly_mode_inst/coeff_val[0][3]_i_123/O
                         net (fo=1, routed)           0.519    30.811    poly_mode_inst/coeff_val[0][3]_i_123_n_0
    SLICE_X51Y39         CARRY4 (Prop_carry4_DI[1]_CO[1])
                                                      0.445    31.256 f  poly_mode_inst/coeff_val_reg[0][3]_i_80/CO[1]
                         net (fo=1, routed)           0.449    31.705    poly_mode_inst/coeff_val_reg[0][3]_i_80_n_2
    SLICE_X52Y40         LUT5 (Prop_lut5_I3_O)        0.329    32.034 r  poly_mode_inst/coeff_val[0][3]_i_36/O
                         net (fo=1, routed)           0.496    32.531    poly_mode_inst/coeff_val[0][3]_i_36_n_0
    SLICE_X52Y40         LUT6 (Prop_lut6_I3_O)        0.124    32.655 r  poly_mode_inst/coeff_val[0][3]_i_17/O
                         net (fo=6, routed)           0.623    33.278    poly_mode_inst/coeff_val[0][3]_i_17_n_0
    SLICE_X54Y39         LUT3 (Prop_lut3_I0_O)        0.124    33.402 r  poly_mode_inst/coeff_val[0][3]_i_15/O
                         net (fo=1, routed)           0.000    33.402    poly_mode_inst/coeff_val[0][3]_i_15_n_0
    SLICE_X54Y39         CARRY4 (Prop_carry4_S[1]_CO[3])
                                                      0.533    33.935 r  poly_mode_inst/coeff_val_reg[0][3]_i_3/CO[3]
                         net (fo=1, routed)           0.000    33.935    poly_mode_inst/coeff_val_reg[0][3]_i_3_n_0
    SLICE_X54Y40         CARRY4 (Prop_carry4_CI_O[0])
                                                      0.219    34.154 f  poly_mode_inst/coeff_val_reg[0][3]_i_2/O[0]
                         net (fo=2, routed)           0.548    34.702    poly_mode_inst/coeff_val_reg[2][0]_0[0]
    SLICE_X59Y40         LUT1 (Prop_lut1_I0_O)        0.295    34.997 r  poly_mode_inst/coeff_val[0][4]_i_3/O
                         net (fo=1, routed)           0.465    35.461    poly_mode_inst/coeff_val[0][4]_i_3_n_0
    SLICE_X61Y40         CARRY4 (Prop_carry4_CYINIT_CO[3])
                                                      0.580    36.041 r  poly_mode_inst/coeff_val_reg[0][4]_i_2/CO[3]
                         net (fo=1, routed)           0.000    36.041    poly_mode_inst/coeff_val_reg[0][4]_i_2_n_0
    SLICE_X61Y41         CARRY4 (Prop_carry4_CI_CO[3])
                                                      0.114    36.155 r  poly_mode_inst/coeff_val_reg[0][8]_i_2/CO[3]
                         net (fo=1, routed)           0.000    36.155    poly_mode_inst/coeff_val_reg[0][8]_i_2_n_0
    SLICE_X61Y42         CARRY4 (Prop_carry4_CI_CO[3])
                                                      0.114    36.269 r  poly_mode_inst/coeff_val_reg[0][12]_i_2/CO[3]
                         net (fo=1, routed)           0.000    36.269    poly_mode_inst/coeff_val_reg[0][12]_i_2_n_0
    SLICE_X61Y43         CARRY4 (Prop_carry4_CI_CO[3])
                                                      0.114    36.383 r  poly_mode_inst/coeff_val_reg[0][16]_i_2/CO[3]
                         net (fo=1, routed)           0.000    36.383    poly_mode_inst/coeff_val_reg[0][16]_i_2_n_0
    SLICE_X61Y44         CARRY4 (Prop_carry4_CI_O[3])
                                                      0.313    36.696 r  poly_mode_inst/coeff_val_reg[0][20]_i_2/O[3]
                         net (fo=1, routed)           0.458    37.154    poly_mode_inst/coeff_val_reg[0][20]_i_2_n_4
    SLICE_X63Y44         LUT4 (Prop_lut4_I0_O)        0.306    37.460 r  poly_mode_inst/coeff_val[0][20]_i_1/O
                         net (fo=4, routed)           0.851    38.311    poly_mode_inst/coeff_val[0][20]_i_1_n_0
    SLICE_X62Y53         FDRE                                         r  poly_mode_inst/coeff_val_reg[1][20]/D
  -------------------------------------------------------------------    -------------------

                         (clock sys_clk_pin rise edge)
                                                     10.000    10.000 r  
    W5                                                0.000    10.000 r  clk (IN)
                         net (fo=0)                   0.000    10.000    clk
    W5                   IBUF (Prop_ibuf_I_O)         1.388    11.388 r  clk_IBUF_inst/O
                         net (fo=1, routed)           1.862    13.250    clk_IBUF
    BUFGCTRL_X0Y0        BUFG (Prop_bufg_I_O)         0.091    13.341 r  clk_IBUF_BUFG_inst/O
                         net (fo=9644, routed)        1.509    14.850    poly_mode_inst/clk_IBUF_BUFG
    SLICE_X62Y53         FDRE                                         r  poly_mode_inst/coeff_val_reg[1][20]/C
                         clock pessimism              0.180    15.030    
                         clock uncertainty           -0.035    14.994    
    SLICE_X62Y53         FDRE (Setup_fdre_C_D)       -0.081    14.913    poly_mode_inst/coeff_val_reg[1][20]
  -------------------------------------------------------------------
                         required time                         14.913    
                         arrival time                         -38.311    
  -------------------------------------------------------------------
                         slack                                -23.398    

Slack (VIOLATED) :        -23.343ns  (required time - arrival time)
  Source:                 poly_mode_inst/coeff_str_reg[3][12]/C
                            (rising edge-triggered cell FDRE clocked by sys_clk_pin  {rise@0.000ns fall@5.000ns period=10.000ns})
  Destination:            poly_mode_inst/coeff_val_reg[1][23]/D
                            (rising edge-triggered cell FDRE clocked by sys_clk_pin  {rise@0.000ns fall@5.000ns period=10.000ns})
  Path Group:             sys_clk_pin
  Path Type:              Setup (Max at Slow Process Corner)
  Requirement:            10.000ns  (sys_clk_pin rise@10.000ns - sys_clk_pin rise@0.000ns)
  Data Path Delay:        33.161ns  (logic 7.725ns (23.295%)  route 25.436ns (76.705%))
  Logic Levels:           39  (CARRY4=9 LUT1=1 LUT2=1 LUT3=2 LUT4=3 LUT5=5 LUT6=18)
  Clock Path Skew:        -0.123ns (DCD - SCD + CPR)
    Destination Clock Delay (DCD):    4.849ns = ( 14.849 - 10.000 ) 
    Source Clock Delay      (SCD):    5.151ns
    Clock Pessimism Removal (CPR):    0.180ns
  Clock Uncertainty:      0.035ns  ((TSJ^2 + TIJ^2)^1/2 + DJ) / 2 + PE
    Total System Jitter     (TSJ):    0.071ns
    Total Input Jitter      (TIJ):    0.000ns
    Discrete Jitter          (DJ):    0.000ns
    Phase Error              (PE):    0.000ns

    Location             Delay type                Incr(ns)  Path(ns)    Netlist Resource(s)
  -------------------------------------------------------------------    -------------------
                         (clock sys_clk_pin rise edge)
                                                      0.000     0.000 r  
    W5                                                0.000     0.000 r  clk (IN)
                         net (fo=0)                   0.000     0.000    clk
    W5                   IBUF (Prop_ibuf_I_O)         1.458     1.458 r  clk_IBUF_inst/O
                         net (fo=1, routed)           1.967     3.425    clk_IBUF
    BUFGCTRL_X0Y0        BUFG (Prop_bufg_I_O)         0.096     3.521 r  clk_IBUF_BUFG_inst/O
                         net (fo=9644, routed)        1.630     5.151    poly_mode_inst/clk_IBUF_BUFG
    SLICE_X60Y34         FDRE                                         r  poly_mode_inst/coeff_str_reg[3][12]/C
  -------------------------------------------------------------------    -------------------
    SLICE_X60Y34         FDRE (Prop_fdre_C_Q)         0.518     5.669 f  poly_mode_inst/coeff_str_reg[3][12]/Q
                         net (fo=2, routed)           1.280     6.949    poly_mode_inst/coeff_str_reg_n_0_[3][12]
    SLICE_X59Y36         LUT6 (Prop_lut6_I0_O)        0.124     7.073 r  poly_mode_inst/fractional_digits[0][3]_i_82/O
                         net (fo=9, routed)           0.855     7.928    poly_mode_inst/fractional_digits[0][3]_i_82_n_0
    SLICE_X58Y37         LUT2 (Prop_lut2_I1_O)        0.149     8.077 r  poly_mode_inst/coeff_val[0][13]_i_58/O
                         net (fo=5, routed)           0.690     8.767    poly_mode_inst/coeff_val[0][13]_i_58_n_0
    SLICE_X60Y37         LUT6 (Prop_lut6_I1_O)        0.332     9.099 r  poly_mode_inst/coeff_val[0][13]_i_61/O
                         net (fo=14, routed)          0.644     9.744    poly_mode_inst/coeff_val[0][13]_i_61_n_0
    SLICE_X65Y37         LUT6 (Prop_lut6_I0_O)        0.124     9.868 f  poly_mode_inst/coeff_val[0][13]_i_82/O
                         net (fo=2, routed)           0.962    10.830    poly_mode_inst/coeff_val[0][13]_i_82_n_0
    SLICE_X64Y36         LUT6 (Prop_lut6_I3_O)        0.124    10.954 r  poly_mode_inst/coeff_val[0][13]_i_72/O
                         net (fo=12, routed)          0.717    11.671    poly_mode_inst/coeff_val[0][13]_i_72_n_0
    SLICE_X60Y38         LUT6 (Prop_lut6_I1_O)        0.124    11.795 f  poly_mode_inst/coeff_val[0][13]_i_68/O
                         net (fo=1, routed)           0.830    12.625    poly_mode_inst/coeff_val[0][13]_i_68_n_0
    SLICE_X60Y37         LUT6 (Prop_lut6_I0_O)        0.124    12.749 f  poly_mode_inst/coeff_val[0][13]_i_42/O
                         net (fo=27, routed)          1.027    13.776    poly_mode_inst/coeff_val[0][13]_i_42_n_0
    SLICE_X65Y38         LUT6 (Prop_lut6_I1_O)        0.124    13.900 r  poly_mode_inst/coeff_val[0][9]_i_82/O
                         net (fo=19, routed)          1.145    15.045    poly_mode_inst/coeff_val[0][9]_i_82_n_0
    SLICE_X61Y39         LUT6 (Prop_lut6_I2_O)        0.124    15.169 f  poly_mode_inst/coeff_val[0][9]_i_73/O
                         net (fo=3, routed)           0.819    15.988    poly_mode_inst/coeff_val[0][9]_i_73_n_0
    SLICE_X62Y40         LUT6 (Prop_lut6_I0_O)        0.124    16.112 f  poly_mode_inst/coeff_val[0][9]_i_55/O
                         net (fo=2, routed)           0.330    16.442    poly_mode_inst/coeff_val[0][9]_i_55_n_0
    SLICE_X60Y39         LUT6 (Prop_lut6_I3_O)        0.124    16.566 f  poly_mode_inst/coeff_val[0][9]_i_35/O
                         net (fo=9, routed)           1.258    17.824    poly_mode_inst/coeff_val[0][9]_i_35_n_0
    SLICE_X56Y41         LUT6 (Prop_lut6_I0_O)        0.124    17.948 r  poly_mode_inst/coeff_val[0][9]_i_13/O
                         net (fo=5, routed)           1.108    19.056    poly_mode_inst/coeff_val[0][9]_i_13_n_0
    SLICE_X56Y45         LUT6 (Prop_lut6_I2_O)        0.124    19.180 r  poly_mode_inst/coeff_val[0][9]_i_14/O
                         net (fo=48, routed)          0.729    19.909    poly_mode_inst/coeff_val[0][9]_i_14_n_0
    SLICE_X53Y44         LUT4 (Prop_lut4_I1_O)        0.124    20.033 r  poly_mode_inst/coeff_val[0][9]_i_100/O
                         net (fo=11, routed)          0.721    20.754    poly_mode_inst/coeff_val[0][9]_i_100_n_0
    SLICE_X56Y40         LUT6 (Prop_lut6_I4_O)        0.124    20.878 r  poly_mode_inst/coeff_val[0][3]_i_122/O
                         net (fo=12, routed)          0.847    21.725    poly_mode_inst/coeff_val[0][3]_i_122_n_0
    SLICE_X53Y44         LUT6 (Prop_lut6_I3_O)        0.124    21.849 r  poly_mode_inst/coeff_val[0][3]_i_83/O
                         net (fo=15, routed)          1.083    22.932    poly_mode_inst/coeff_val[0][3]_i_83_n_0
    SLICE_X55Y39         LUT6 (Prop_lut6_I2_O)        0.124    23.056 f  poly_mode_inst/coeff_val[0][5]_i_39/O
                         net (fo=1, routed)           0.967    24.023    poly_mode_inst/coeff_val[0][5]_i_39_n_0
    SLICE_X53Y41         LUT5 (Prop_lut5_I4_O)        0.124    24.147 r  poly_mode_inst/coeff_val[0][5]_i_20/O
                         net (fo=6, routed)           0.769    24.916    poly_mode_inst/coeff_val[0][5]_i_20_n_0
    SLICE_X48Y43         LUT6 (Prop_lut6_I2_O)        0.124    25.040 r  poly_mode_inst/coeff_val[0][3]_i_64/O
                         net (fo=19, routed)          0.829    25.869    poly_mode_inst/coeff_val[0][3]_i_64_n_0
    SLICE_X55Y38         LUT5 (Prop_lut5_I1_O)        0.124    25.993 f  poly_mode_inst/coeff_val[0][3]_i_150/O
                         net (fo=2, routed)           0.975    26.968    poly_mode_inst/coeff_val[0][3]_i_150_n_0
    SLICE_X48Y40         LUT3 (Prop_lut3_I2_O)        0.150    27.118 f  poly_mode_inst/coeff_val[0][3]_i_110/O
                         net (fo=3, routed)           0.691    27.810    poly_mode_inst/coeff_val[0][3]_i_110_n_0
    SLICE_X49Y40         LUT5 (Prop_lut5_I0_O)        0.326    28.136 f  poly_mode_inst/coeff_val[0][5]_i_23/O
                         net (fo=3, routed)           0.821    28.957    poly_mode_inst/coeff_val[0][5]_i_23_n_0
    SLICE_X49Y41         LUT6 (Prop_lut6_I2_O)        0.124    29.081 r  poly_mode_inst/coeff_val[0][5]_i_13/O
                         net (fo=9, routed)           0.779    29.860    poly_mode_inst/coeff_val[0][5]_i_13_n_0
    SLICE_X50Y38         LUT4 (Prop_lut4_I3_O)        0.124    29.984 r  poly_mode_inst/coeff_val[0][3]_i_38/O
                         net (fo=3, routed)           0.185    30.168    poly_mode_inst/coeff_val[0][3]_i_38_n_0
    SLICE_X50Y38         LUT5 (Prop_lut5_I3_O)        0.124    30.292 r  poly_mode_inst/coeff_val[0][3]_i_123/O
                         net (fo=1, routed)           0.519    30.811    poly_mode_inst/coeff_val[0][3]_i_123_n_0
    SLICE_X51Y39         CARRY4 (Prop_carry4_DI[1]_CO[1])
                                                      0.445    31.256 f  poly_mode_inst/coeff_val_reg[0][3]_i_80/CO[1]
                         net (fo=1, routed)           0.449    31.705    poly_mode_inst/coeff_val_reg[0][3]_i_80_n_2
    SLICE_X52Y40         LUT5 (Prop_lut5_I3_O)        0.329    32.034 r  poly_mode_inst/coeff_val[0][3]_i_36/O
                         net (fo=1, routed)           0.496    32.531    poly_mode_inst/coeff_val[0][3]_i_36_n_0
    SLICE_X52Y40         LUT6 (Prop_lut6_I3_O)        0.124    32.655 r  poly_mode_inst/coeff_val[0][3]_i_17/O
                         net (fo=6, routed)           0.623    33.278    poly_mode_inst/coeff_val[0][3]_i_17_n_0
    SLICE_X54Y39         LUT3 (Prop_lut3_I0_O)        0.124    33.402 r  poly_mode_inst/coeff_val[0][3]_i_15/O
                         net (fo=1, routed)           0.000    33.402    poly_mode_inst/coeff_val[0][3]_i_15_n_0
    SLICE_X54Y39         CARRY4 (Prop_carry4_S[1]_CO[3])
                                                      0.533    33.935 r  poly_mode_inst/coeff_val_reg[0][3]_i_3/CO[3]
                         net (fo=1, routed)           0.000    33.935    poly_mode_inst/coeff_val_reg[0][3]_i_3_n_0
    SLICE_X54Y40         CARRY4 (Prop_carry4_CI_O[0])
                                                      0.219    34.154 f  poly_mode_inst/coeff_val_reg[0][3]_i_2/O[0]
                         net (fo=2, routed)           0.548    34.702    poly_mode_inst/coeff_val_reg[2][0]_0[0]
    SLICE_X59Y40         LUT1 (Prop_lut1_I0_O)        0.295    34.997 r  poly_mode_inst/coeff_val[0][4]_i_3/O
                         net (fo=1, routed)           0.465    35.461    poly_mode_inst/coeff_val[0][4]_i_3_n_0
    SLICE_X61Y40         CARRY4 (Prop_carry4_CYINIT_CO[3])
                                                      0.580    36.041 r  poly_mode_inst/coeff_val_reg[0][4]_i_2/CO[3]
                         net (fo=1, routed)           0.000    36.041    poly_mode_inst/coeff_val_reg[0][4]_i_2_n_0
    SLICE_X61Y41         CARRY4 (Prop_carry4_CI_CO[3])
                                                      0.114    36.155 r  poly_mode_inst/coeff_val_reg[0][8]_i_2/CO[3]
                         net (fo=1, routed)           0.000    36.155    poly_mode_inst/coeff_val_reg[0][8]_i_2_n_0
    SLICE_X61Y42         CARRY4 (Prop_carry4_CI_CO[3])
                                                      0.114    36.269 r  poly_mode_inst/coeff_val_reg[0][12]_i_2/CO[3]
                         net (fo=1, routed)           0.000    36.269    poly_mode_inst/coeff_val_reg[0][12]_i_2_n_0
    SLICE_X61Y43         CARRY4 (Prop_carry4_CI_CO[3])
                                                      0.114    36.383 r  poly_mode_inst/coeff_val_reg[0][16]_i_2/CO[3]
                         net (fo=1, routed)           0.000    36.383    poly_mode_inst/coeff_val_reg[0][16]_i_2_n_0
    SLICE_X61Y44         CARRY4 (Prop_carry4_CI_CO[3])
                                                      0.114    36.497 r  poly_mode_inst/coeff_val_reg[0][20]_i_2/CO[3]
                         net (fo=1, routed)           0.000    36.497    poly_mode_inst/coeff_val_reg[0][20]_i_2_n_0
    SLICE_X61Y45         CARRY4 (Prop_carry4_CI_O[2])
                                                      0.239    36.736 r  poly_mode_inst/coeff_val_reg[0][23]_i_4/O[2]
                         net (fo=1, routed)           0.428    37.164    poly_mode_inst/coeff_val_reg[0][23]_i_4_n_5
    SLICE_X60Y46         LUT4 (Prop_lut4_I0_O)        0.302    37.466 r  poly_mode_inst/coeff_val[0][23]_i_2/O
                         net (fo=4, routed)           0.846    38.312    poly_mode_inst/coeff_val[0][23]_i_2_n_0
    SLICE_X60Y53         FDRE                                         r  poly_mode_inst/coeff_val_reg[1][23]/D
  -------------------------------------------------------------------    -------------------

                         (clock sys_clk_pin rise edge)
                                                     10.000    10.000 r  
    W5                                                0.000    10.000 r  clk (IN)
                         net (fo=0)                   0.000    10.000    clk
    W5                   IBUF (Prop_ibuf_I_O)         1.388    11.388 r  clk_IBUF_inst/O
                         net (fo=1, routed)           1.862    13.250    clk_IBUF
    BUFGCTRL_X0Y0        BUFG (Prop_bufg_I_O)         0.091    13.341 r  clk_IBUF_BUFG_inst/O
                         net (fo=9644, routed)        1.508    14.849    poly_mode_inst/clk_IBUF_BUFG
    SLICE_X60Y53         FDRE                                         r  poly_mode_inst/coeff_val_reg[1][23]/C
                         clock pessimism              0.180    15.029    
                         clock uncertainty           -0.035    14.993    
    SLICE_X60Y53         FDRE (Setup_fdre_C_D)       -0.024    14.969    poly_mode_inst/coeff_val_reg[1][23]
  -------------------------------------------------------------------
                         required time                         14.969    
                         arrival time                         -38.312    
  -------------------------------------------------------------------
                         slack                                -23.343    

Slack (VIOLATED) :        -23.237ns  (required time - arrival time)
  Source:                 poly_mode_inst/coeff_str_reg[3][12]/C
                            (rising edge-triggered cell FDRE clocked by sys_clk_pin  {rise@0.000ns fall@5.000ns period=10.000ns})
  Destination:            poly_mode_inst/coeff_val_reg[0][20]/D
                            (rising edge-triggered cell FDRE clocked by sys_clk_pin  {rise@0.000ns fall@5.000ns period=10.000ns})
  Path Group:             sys_clk_pin
  Path Type:              Setup (Max at Slow Process Corner)
  Requirement:            10.000ns  (sys_clk_pin rise@10.000ns - sys_clk_pin rise@0.000ns)
  Data Path Delay:        33.050ns  (logic 7.689ns (23.265%)  route 25.361ns (76.736%))
  Logic Levels:           38  (CARRY4=8 LUT1=1 LUT2=1 LUT3=2 LUT4=3 LUT5=5 LUT6=18)
  Clock Path Skew:        -0.121ns (DCD - SCD + CPR)
    Destination Clock Delay (DCD):    4.851ns = ( 14.851 - 10.000 ) 
    Source Clock Delay      (SCD):    5.151ns
    Clock Pessimism Removal (CPR):    0.180ns
  Clock Uncertainty:      0.035ns  ((TSJ^2 + TIJ^2)^1/2 + DJ) / 2 + PE
    Total System Jitter     (TSJ):    0.071ns
    Total Input Jitter      (TIJ):    0.000ns
    Discrete Jitter          (DJ):    0.000ns
    Phase Error              (PE):    0.000ns

    Location             Delay type                Incr(ns)  Path(ns)    Netlist Resource(s)
  -------------------------------------------------------------------    -------------------
                         (clock sys_clk_pin rise edge)
                                                      0.000     0.000 r  
    W5                                                0.000     0.000 r  clk (IN)
                         net (fo=0)                   0.000     0.000    clk
    W5                   IBUF (Prop_ibuf_I_O)         1.458     1.458 r  clk_IBUF_inst/O
                         net (fo=1, routed)           1.967     3.425    clk_IBUF
    BUFGCTRL_X0Y0        BUFG (Prop_bufg_I_O)         0.096     3.521 r  clk_IBUF_BUFG_inst/O
                         net (fo=9644, routed)        1.630     5.151    poly_mode_inst/clk_IBUF_BUFG
    SLICE_X60Y34         FDRE                                         r  poly_mode_inst/coeff_str_reg[3][12]/C
  -------------------------------------------------------------------    -------------------
    SLICE_X60Y34         FDRE (Prop_fdre_C_Q)         0.518     5.669 f  poly_mode_inst/coeff_str_reg[3][12]/Q
                         net (fo=2, routed)           1.280     6.949    poly_mode_inst/coeff_str_reg_n_0_[3][12]
    SLICE_X59Y36         LUT6 (Prop_lut6_I0_O)        0.124     7.073 r  poly_mode_inst/fractional_digits[0][3]_i_82/O
                         net (fo=9, routed)           0.855     7.928    poly_mode_inst/fractional_digits[0][3]_i_82_n_0
    SLICE_X58Y37         LUT2 (Prop_lut2_I1_O)        0.149     8.077 r  poly_mode_inst/coeff_val[0][13]_i_58/O
                         net (fo=5, routed)           0.690     8.767    poly_mode_inst/coeff_val[0][13]_i_58_n_0
    SLICE_X60Y37         LUT6 (Prop_lut6_I1_O)        0.332     9.099 r  poly_mode_inst/coeff_val[0][13]_i_61/O
                         net (fo=14, routed)          0.644     9.744    poly_mode_inst/coeff_val[0][13]_i_61_n_0
    SLICE_X65Y37         LUT6 (Prop_lut6_I0_O)        0.124     9.868 f  poly_mode_inst/coeff_val[0][13]_i_82/O
                         net (fo=2, routed)           0.962    10.830    poly_mode_inst/coeff_val[0][13]_i_82_n_0
    SLICE_X64Y36         LUT6 (Prop_lut6_I3_O)        0.124    10.954 r  poly_mode_inst/coeff_val[0][13]_i_72/O
                         net (fo=12, routed)          0.717    11.671    poly_mode_inst/coeff_val[0][13]_i_72_n_0
    SLICE_X60Y38         LUT6 (Prop_lut6_I1_O)        0.124    11.795 f  poly_mode_inst/coeff_val[0][13]_i_68/O
                         net (fo=1, routed)           0.830    12.625    poly_mode_inst/coeff_val[0][13]_i_68_n_0
    SLICE_X60Y37         LUT6 (Prop_lut6_I0_O)        0.124    12.749 f  poly_mode_inst/coeff_val[0][13]_i_42/O
                         net (fo=27, routed)          1.027    13.776    poly_mode_inst/coeff_val[0][13]_i_42_n_0
    SLICE_X65Y38         LUT6 (Prop_lut6_I1_O)        0.124    13.900 r  poly_mode_inst/coeff_val[0][9]_i_82/O
                         net (fo=19, routed)          1.145    15.045    poly_mode_inst/coeff_val[0][9]_i_82_n_0
    SLICE_X61Y39         LUT6 (Prop_lut6_I2_O)        0.124    15.169 f  poly_mode_inst/coeff_val[0][9]_i_73/O
                         net (fo=3, routed)           0.819    15.988    poly_mode_inst/coeff_val[0][9]_i_73_n_0
    SLICE_X62Y40         LUT6 (Prop_lut6_I0_O)        0.124    16.112 f  poly_mode_inst/coeff_val[0][9]_i_55/O
                         net (fo=2, routed)           0.330    16.442    poly_mode_inst/coeff_val[0][9]_i_55_n_0
    SLICE_X60Y39         LUT6 (Prop_lut6_I3_O)        0.124    16.566 f  poly_mode_inst/coeff_val[0][9]_i_35/O
                         net (fo=9, routed)           1.258    17.824    poly_mode_inst/coeff_val[0][9]_i_35_n_0
    SLICE_X56Y41         LUT6 (Prop_lut6_I0_O)        0.124    17.948 r  poly_mode_inst/coeff_val[0][9]_i_13/O
                         net (fo=5, routed)           1.108    19.056    poly_mode_inst/coeff_val[0][9]_i_13_n_0
    SLICE_X56Y45         LUT6 (Prop_lut6_I2_O)        0.124    19.180 r  poly_mode_inst/coeff_val[0][9]_i_14/O
                         net (fo=48, routed)          0.729    19.909    poly_mode_inst/coeff_val[0][9]_i_14_n_0
    SLICE_X53Y44         LUT4 (Prop_lut4_I1_O)        0.124    20.033 r  poly_mode_inst/coeff_val[0][9]_i_100/O
                         net (fo=11, routed)          0.721    20.754    poly_mode_inst/coeff_val[0][9]_i_100_n_0
    SLICE_X56Y40         LUT6 (Prop_lut6_I4_O)        0.124    20.878 r  poly_mode_inst/coeff_val[0][3]_i_122/O
                         net (fo=12, routed)          0.847    21.725    poly_mode_inst/coeff_val[0][3]_i_122_n_0
    SLICE_X53Y44         LUT6 (Prop_lut6_I3_O)        0.124    21.849 r  poly_mode_inst/coeff_val[0][3]_i_83/O
                         net (fo=15, routed)          1.083    22.932    poly_mode_inst/coeff_val[0][3]_i_83_n_0
    SLICE_X55Y39         LUT6 (Prop_lut6_I2_O)        0.124    23.056 f  poly_mode_inst/coeff_val[0][5]_i_39/O
                         net (fo=1, routed)           0.967    24.023    poly_mode_inst/coeff_val[0][5]_i_39_n_0
    SLICE_X53Y41         LUT5 (Prop_lut5_I4_O)        0.124    24.147 r  poly_mode_inst/coeff_val[0][5]_i_20/O
                         net (fo=6, routed)           0.769    24.916    poly_mode_inst/coeff_val[0][5]_i_20_n_0
    SLICE_X48Y43         LUT6 (Prop_lut6_I2_O)        0.124    25.040 r  poly_mode_inst/coeff_val[0][3]_i_64/O
                         net (fo=19, routed)          0.829    25.869    poly_mode_inst/coeff_val[0][3]_i_64_n_0
    SLICE_X55Y38         LUT5 (Prop_lut5_I1_O)        0.124    25.993 f  poly_mode_inst/coeff_val[0][3]_i_150/O
                         net (fo=2, routed)           0.975    26.968    poly_mode_inst/coeff_val[0][3]_i_150_n_0
    SLICE_X48Y40         LUT3 (Prop_lut3_I2_O)        0.150    27.118 f  poly_mode_inst/coeff_val[0][3]_i_110/O
                         net (fo=3, routed)           0.691    27.810    poly_mode_inst/coeff_val[0][3]_i_110_n_0
    SLICE_X49Y40         LUT5 (Prop_lut5_I0_O)        0.326    28.136 f  poly_mode_inst/coeff_val[0][5]_i_23/O
                         net (fo=3, routed)           0.821    28.957    poly_mode_inst/coeff_val[0][5]_i_23_n_0
    SLICE_X49Y41         LUT6 (Prop_lut6_I2_O)        0.124    29.081 r  poly_mode_inst/coeff_val[0][5]_i_13/O
                         net (fo=9, routed)           0.779    29.860    poly_mode_inst/coeff_val[0][5]_i_13_n_0
    SLICE_X50Y38         LUT4 (Prop_lut4_I3_O)        0.124    29.984 r  poly_mode_inst/coeff_val[0][3]_i_38/O
                         net (fo=3, routed)           0.185    30.168    poly_mode_inst/coeff_val[0][3]_i_38_n_0
    SLICE_X50Y38         LUT5 (Prop_lut5_I3_O)        0.124    30.292 r  poly_mode_inst/coeff_val[0][3]_i_123/O
                         net (fo=1, routed)           0.519    30.811    poly_mode_inst/coeff_val[0][3]_i_123_n_0
    SLICE_X51Y39         CARRY4 (Prop_carry4_DI[1]_CO[1])
                                                      0.445    31.256 f  poly_mode_inst/coeff_val_reg[0][3]_i_80/CO[1]
                         net (fo=1, routed)           0.449    31.705    poly_mode_inst/coeff_val_reg[0][3]_i_80_n_2
    SLICE_X52Y40         LUT5 (Prop_lut5_I3_O)        0.329    32.034 r  poly_mode_inst/coeff_val[0][3]_i_36/O
                         net (fo=1, routed)           0.496    32.531    poly_mode_inst/coeff_val[0][3]_i_36_n_0
    SLICE_X52Y40         LUT6 (Prop_lut6_I3_O)        0.124    32.655 r  poly_mode_inst/coeff_val[0][3]_i_17/O
                         net (fo=6, routed)           0.623    33.278    poly_mode_inst/coeff_val[0][3]_i_17_n_0
    SLICE_X54Y39         LUT3 (Prop_lut3_I0_O)        0.124    33.402 r  poly_mode_inst/coeff_val[0][3]_i_15/O
                         net (fo=1, routed)           0.000    33.402    poly_mode_inst/coeff_val[0][3]_i_15_n_0
    SLICE_X54Y39         CARRY4 (Prop_carry4_S[1]_CO[3])
                                                      0.533    33.935 r  poly_mode_inst/coeff_val_reg[0][3]_i_3/CO[3]
                         net (fo=1, routed)           0.000    33.935    poly_mode_inst/coeff_val_reg[0][3]_i_3_n_0
    SLICE_X54Y40         CARRY4 (Prop_carry4_CI_O[0])
                                                      0.219    34.154 f  poly_mode_inst/coeff_val_reg[0][3]_i_2/O[0]
                         net (fo=2, routed)           0.548    34.702    poly_mode_inst/coeff_val_reg[2][0]_0[0]
    SLICE_X59Y40         LUT1 (Prop_lut1_I0_O)        0.295    34.997 r  poly_mode_inst/coeff_val[0][4]_i_3/O
                         net (fo=1, routed)           0.465    35.461    poly_mode_inst/coeff_val[0][4]_i_3_n_0
    SLICE_X61Y40         CARRY4 (Prop_carry4_CYINIT_CO[3])
                                                      0.580    36.041 r  poly_mode_inst/coeff_val_reg[0][4]_i_2/CO[3]
                         net (fo=1, routed)           0.000    36.041    poly_mode_inst/coeff_val_reg[0][4]_i_2_n_0
    SLICE_X61Y41         CARRY4 (Prop_carry4_CI_CO[3])
                                                      0.114    36.155 r  poly_mode_inst/coeff_val_reg[0][8]_i_2/CO[3]
                         net (fo=1, routed)           0.000    36.155    poly_mode_inst/coeff_val_reg[0][8]_i_2_n_0
    SLICE_X61Y42         CARRY4 (Prop_carry4_CI_CO[3])
                                                      0.114    36.269 r  poly_mode_inst/coeff_val_reg[0][12]_i_2/CO[3]
                         net (fo=1, routed)           0.000    36.269    poly_mode_inst/coeff_val_reg[0][12]_i_2_n_0
    SLICE_X61Y43         CARRY4 (Prop_carry4_CI_CO[3])
                                                      0.114    36.383 r  poly_mode_inst/coeff_val_reg[0][16]_i_2/CO[3]
                         net (fo=1, routed)           0.000    36.383    poly_mode_inst/coeff_val_reg[0][16]_i_2_n_0
    SLICE_X61Y44         CARRY4 (Prop_carry4_CI_O[3])
                                                      0.313    36.696 r  poly_mode_inst/coeff_val_reg[0][20]_i_2/O[3]
                         net (fo=1, routed)           0.458    37.154    poly_mode_inst/coeff_val_reg[0][20]_i_2_n_4
    SLICE_X63Y44         LUT4 (Prop_lut4_I0_O)        0.306    37.460 r  poly_mode_inst/coeff_val[0][20]_i_1/O
                         net (fo=4, routed)           0.741    38.202    poly_mode_inst/coeff_val[0][20]_i_1_n_0
    SLICE_X64Y50         FDRE                                         r  poly_mode_inst/coeff_val_reg[0][20]/D
  -------------------------------------------------------------------    -------------------

                         (clock sys_clk_pin rise edge)
                                                     10.000    10.000 r  
    W5                                                0.000    10.000 r  clk (IN)
                         net (fo=0)                   0.000    10.000    clk
    W5                   IBUF (Prop_ibuf_I_O)         1.388    11.388 r  clk_IBUF_inst/O
                         net (fo=1, routed)           1.862    13.250    clk_IBUF
    BUFGCTRL_X0Y0        BUFG (Prop_bufg_I_O)         0.091    13.341 r  clk_IBUF_BUFG_inst/O
                         net (fo=9644, routed)        1.510    14.851    poly_mode_inst/clk_IBUF_BUFG
    SLICE_X64Y50         FDRE                                         r  poly_mode_inst/coeff_val_reg[0][20]/C
                         clock pessimism              0.180    15.031    
                         clock uncertainty           -0.035    14.995    
    SLICE_X64Y50         FDRE (Setup_fdre_C_D)       -0.031    14.964    poly_mode_inst/coeff_val_reg[0][20]
  -------------------------------------------------------------------
                         required time                         14.964    
                         arrival time                         -38.202    
  -------------------------------------------------------------------
                         slack                                -23.237    





Min Delay Paths
--------------------------------------------------------------------------------------
Slack (MET) :             0.017ns  (arrival time - required time)
  Source:                 poly_solver_inst/divider_generator_0_inst/U0/i_synth/i_nonzero_fract.i_synth/i_algo_r2_or_lutmult.i_nonzero_fract.i_sdivider/i_sdivider.divider_blk/div_loop[0].num_stages.numerator_gen.del_numer/opt_has_pipe.first_q_reg[62]/C
                            (rising edge-triggered cell FDRE clocked by sys_clk_pin  {rise@0.000ns fall@5.000ns period=10.000ns})
  Destination:            poly_solver_inst/divider_generator_0_inst/U0/i_synth/i_nonzero_fract.i_synth/i_algo_r2_or_lutmult.i_nonzero_fract.i_sdivider/i_sdivider.divider_blk/div_loop[1].num_stages.numerator_gen.del_numer/opt_has_pipe.first_q_reg[62]/D
                            (rising edge-triggered cell FDRE clocked by sys_clk_pin  {rise@0.000ns fall@5.000ns period=10.000ns})
  Path Group:             sys_clk_pin
  Path Type:              Hold (Min at Fast Process Corner)
  Requirement:            0.000ns  (sys_clk_pin rise@0.000ns - sys_clk_pin rise@0.000ns)
  Data Path Delay:        0.306ns  (logic 0.128ns (41.786%)  route 0.178ns (58.214%))
  Logic Levels:           0  
  Clock Path Skew:        0.272ns (DCD - SCD - CPR)
    Destination Clock Delay (DCD):    1.961ns
    Source Clock Delay      (SCD):    1.445ns
    Clock Pessimism Removal (CPR):    0.244ns

    Location             Delay type                Incr(ns)  Path(ns)    Netlist Resource(s)
  -------------------------------------------------------------------    -------------------
                         (clock sys_clk_pin rise edge)
                                                      0.000     0.000 r  
    W5                                                0.000     0.000 r  clk (IN)
                         net (fo=0)                   0.000     0.000    clk
    W5                   IBUF (Prop_ibuf_I_O)         0.226     0.226 r  clk_IBUF_inst/O
                         net (fo=1, routed)           0.631     0.858    clk_IBUF
    BUFGCTRL_X0Y0        BUFG (Prop_bufg_I_O)         0.026     0.884 r  clk_IBUF_BUFG_inst/O
                         net (fo=9644, routed)        0.562     1.445    poly_solver_inst/divider_generator_0_inst/U0/i_synth/i_nonzero_fract.i_synth/i_algo_r2_or_lutmult.i_nonzero_fract.i_sdivider/i_sdivider.divider_blk/div_loop[0].num_stages.numerator_gen.del_numer/aclk
    SLICE_X43Y50         FDRE                                         r  poly_solver_inst/divider_generator_0_inst/U0/i_synth/i_nonzero_fract.i_synth/i_algo_r2_or_lutmult.i_nonzero_fract.i_sdivider/i_sdivider.divider_blk/div_loop[0].num_stages.numerator_gen.del_numer/opt_has_pipe.first_q_reg[62]/C
  -------------------------------------------------------------------    -------------------
    SLICE_X43Y50         FDRE (Prop_fdre_C_Q)         0.128     1.573 r  poly_solver_inst/divider_generator_0_inst/U0/i_synth/i_nonzero_fract.i_synth/i_algo_r2_or_lutmult.i_nonzero_fract.i_sdivider/i_sdivider.divider_blk/div_loop[0].num_stages.numerator_gen.del_numer/opt_has_pipe.first_q_reg[62]/Q
                         net (fo=1, routed)           0.178     1.752    poly_solver_inst/divider_generator_0_inst/U0/i_synth/i_nonzero_fract.i_synth/i_algo_r2_or_lutmult.i_nonzero_fract.i_sdivider/i_sdivider.divider_blk/div_loop[1].num_stages.numerator_gen.del_numer/D[62]
    SLICE_X43Y49         FDRE                                         r  poly_solver_inst/divider_generator_0_inst/U0/i_synth/i_nonzero_fract.i_synth/i_algo_r2_or_lutmult.i_nonzero_fract.i_sdivider/i_sdivider.divider_blk/div_loop[1].num_stages.numerator_gen.del_numer/opt_has_pipe.first_q_reg[62]/D
  -------------------------------------------------------------------    -------------------

                         (clock sys_clk_pin rise edge)
                                                      0.000     0.000 r  
    W5                                                0.000     0.000 r  clk (IN)
                         net (fo=0)                   0.000     0.000    clk
    W5                   IBUF (Prop_ibuf_I_O)         0.414     0.414 r  clk_IBUF_inst/O
                         net (fo=1, routed)           0.685     1.099    clk_IBUF
    BUFGCTRL_X0Y0        BUFG (Prop_bufg_I_O)         0.029     1.128 r  clk_IBUF_BUFG_inst/O
                         net (fo=9644, routed)        0.834     1.961    poly_solver_inst/divider_generator_0_inst/U0/i_synth/i_nonzero_fract.i_synth/i_algo_r2_or_lutmult.i_nonzero_fract.i_sdivider/i_sdivider.divider_blk/div_loop[1].num_stages.numerator_gen.del_numer/aclk
    SLICE_X43Y49         FDRE                                         r  poly_solver_inst/divider_generator_0_inst/U0/i_synth/i_nonzero_fract.i_synth/i_algo_r2_or_lutmult.i_nonzero_fract.i_sdivider/i_sdivider.divider_blk/div_loop[1].num_stages.numerator_gen.del_numer/opt_has_pipe.first_q_reg[62]/C
                         clock pessimism             -0.244     1.717    
    SLICE_X43Y49         FDRE (Hold_fdre_C_D)         0.017     1.734    poly_solver_inst/divider_generator_0_inst/U0/i_synth/i_nonzero_fract.i_synth/i_algo_r2_or_lutmult.i_nonzero_fract.i_sdivider/i_sdivider.divider_blk/div_loop[1].num_stages.numerator_gen.del_numer/opt_has_pipe.first_q_reg[62]
  -------------------------------------------------------------------
                         required time                         -1.734    
                         arrival time                           1.752    
  -------------------------------------------------------------------
                         slack                                  0.017    

Slack (MET) :             0.023ns  (arrival time - required time)
  Source:                 poly_solver_inst/divider_generator_0_inst/U0/i_synth/i_nonzero_fract.i_synth/i_algo_r2_or_lutmult.i_nonzero_fract.i_sdivider/i_sdivider.divider_blk/div_loop[55].divisor_gen.divisor_dc1.del_divisor_msbs/opt_has_pipe.first_q_reg[20]/C
                            (rising edge-triggered cell FDRE clocked by sys_clk_pin  {rise@0.000ns fall@5.000ns period=10.000ns})
  Destination:            poly_solver_inst/divider_generator_0_inst/U0/i_synth/i_nonzero_fract.i_synth/i_algo_r2_or_lutmult.i_nonzero_fract.i_sdivider/i_sdivider.divider_blk/div_loop[56].divisor_gen.divisor_dc1.del_divisor_msbs/opt_has_pipe.first_q_reg[20]/D
                            (rising edge-triggered cell FDRE clocked by sys_clk_pin  {rise@0.000ns fall@5.000ns period=10.000ns})
  Path Group:             sys_clk_pin
  Path Type:              Hold (Min at Fast Process Corner)
  Requirement:            0.000ns  (sys_clk_pin rise@0.000ns - sys_clk_pin rise@0.000ns)
  Data Path Delay:        0.306ns  (logic 0.148ns (48.339%)  route 0.158ns (51.661%))
  Logic Levels:           0  
  Clock Path Skew:        0.265ns (DCD - SCD - CPR)
    Destination Clock Delay (DCD):    1.959ns
    Source Clock Delay      (SCD):    1.445ns
    Clock Pessimism Removal (CPR):    0.249ns

    Location             Delay type                Incr(ns)  Path(ns)    Netlist Resource(s)
  -------------------------------------------------------------------    -------------------
                         (clock sys_clk_pin rise edge)
                                                      0.000     0.000 r  
    W5                                                0.000     0.000 r  clk (IN)
                         net (fo=0)                   0.000     0.000    clk
    W5                   IBUF (Prop_ibuf_I_O)         0.226     0.226 r  clk_IBUF_inst/O
                         net (fo=1, routed)           0.631     0.858    clk_IBUF
    BUFGCTRL_X0Y0        BUFG (Prop_bufg_I_O)         0.026     0.884 r  clk_IBUF_BUFG_inst/O
                         net (fo=9644, routed)        0.562     1.445    poly_solver_inst/divider_generator_0_inst/U0/i_synth/i_nonzero_fract.i_synth/i_algo_r2_or_lutmult.i_nonzero_fract.i_sdivider/i_sdivider.divider_blk/div_loop[55].divisor_gen.divisor_dc1.del_divisor_msbs/aclk
    SLICE_X34Y44         FDRE                                         r  poly_solver_inst/divider_generator_0_inst/U0/i_synth/i_nonzero_fract.i_synth/i_algo_r2_or_lutmult.i_nonzero_fract.i_sdivider/i_sdivider.divider_blk/div_loop[55].divisor_gen.divisor_dc1.del_divisor_msbs/opt_has_pipe.first_q_reg[20]/C
  -------------------------------------------------------------------    -------------------
    SLICE_X34Y44         FDRE (Prop_fdre_C_Q)         0.148     1.593 r  poly_solver_inst/divider_generator_0_inst/U0/i_synth/i_nonzero_fract.i_synth/i_algo_r2_or_lutmult.i_nonzero_fract.i_sdivider/i_sdivider.divider_blk/div_loop[55].divisor_gen.divisor_dc1.del_divisor_msbs/opt_has_pipe.first_q_reg[20]/Q
                         net (fo=2, routed)           0.158     1.751    poly_solver_inst/divider_generator_0_inst/U0/i_synth/i_nonzero_fract.i_synth/i_algo_r2_or_lutmult.i_nonzero_fract.i_sdivider/i_sdivider.divider_blk/div_loop[56].divisor_gen.divisor_dc1.del_divisor_msbs/opt_has_pipe.first_q_reg[31]_0[20]
    SLICE_X37Y44         FDRE                                         r  poly_solver_inst/divider_generator_0_inst/U0/i_synth/i_nonzero_fract.i_synth/i_algo_r2_or_lutmult.i_nonzero_fract.i_sdivider/i_sdivider.divider_blk/div_loop[56].divisor_gen.divisor_dc1.del_divisor_msbs/opt_has_pipe.first_q_reg[20]/D
  -------------------------------------------------------------------    -------------------

                         (clock sys_clk_pin rise edge)
                                                      0.000     0.000 r  
    W5                                                0.000     0.000 r  clk (IN)
                         net (fo=0)                   0.000     0.000    clk
    W5                   IBUF (Prop_ibuf_I_O)         0.414     0.414 r  clk_IBUF_inst/O
                         net (fo=1, routed)           0.685     1.099    clk_IBUF
    BUFGCTRL_X0Y0        BUFG (Prop_bufg_I_O)         0.029     1.128 r  clk_IBUF_BUFG_inst/O
                         net (fo=9644, routed)        0.832     1.959    poly_solver_inst/divider_generator_0_inst/U0/i_synth/i_nonzero_fract.i_synth/i_algo_r2_or_lutmult.i_nonzero_fract.i_sdivider/i_sdivider.divider_blk/div_loop[56].divisor_gen.divisor_dc1.del_divisor_msbs/aclk
    SLICE_X37Y44         FDRE                                         r  poly_solver_inst/divider_generator_0_inst/U0/i_synth/i_nonzero_fract.i_synth/i_algo_r2_or_lutmult.i_nonzero_fract.i_sdivider/i_sdivider.divider_blk/div_loop[56].divisor_gen.divisor_dc1.del_divisor_msbs/opt_has_pipe.first_q_reg[20]/C
                         clock pessimism             -0.249     1.710    
    SLICE_X37Y44         FDRE (Hold_fdre_C_D)         0.018     1.728    poly_solver_inst/divider_generator_0_inst/U0/i_synth/i_nonzero_fract.i_synth/i_algo_r2_or_lutmult.i_nonzero_fract.i_sdivider/i_sdivider.divider_blk/div_loop[56].divisor_gen.divisor_dc1.del_divisor_msbs/opt_has_pipe.first_q_reg[20]
  -------------------------------------------------------------------
                         required time                         -1.728    
                         arrival time                           1.751    
  -------------------------------------------------------------------
                         slack                                  0.023    

Slack (MET) :             0.026ns  (arrival time - required time)
  Source:                 poly_solver_inst/divider_generator_0_inst/U0/i_synth/i_nonzero_fract.i_synth/i_algo_r2_or_lutmult.i_nonzero_fract.i_sdivider/i_sdivider.divider_blk/div_loop[12].num_stages.numerator_gen.del_numer/opt_has_pipe.first_q_reg[27]/C
                            (rising edge-triggered cell FDRE clocked by sys_clk_pin  {rise@0.000ns fall@5.000ns period=10.000ns})
  Destination:            poly_solver_inst/divider_generator_0_inst/U0/i_synth/i_nonzero_fract.i_synth/i_algo_r2_or_lutmult.i_nonzero_fract.i_sdivider/i_sdivider.divider_blk/div_loop[13].num_stages.numerator_gen.del_numer/opt_has_pipe.first_q_reg[27]/D
                            (rising edge-triggered cell FDRE clocked by sys_clk_pin  {rise@0.000ns fall@5.000ns period=10.000ns})
  Path Group:             sys_clk_pin
  Path Type:              Hold (Min at Fast Process Corner)
  Requirement:            0.000ns  (sys_clk_pin rise@0.000ns - sys_clk_pin rise@0.000ns)
  Data Path Delay:        0.282ns  (logic 0.128ns (45.390%)  route 0.154ns (54.610%))
  Logic Levels:           0  
  Clock Path Skew:        0.263ns (DCD - SCD - CPR)
    Destination Clock Delay (DCD):    1.957ns
    Source Clock Delay      (SCD):    1.445ns
    Clock Pessimism Removal (CPR):    0.249ns

    Location             Delay type                Incr(ns)  Path(ns)    Netlist Resource(s)
  -------------------------------------------------------------------    -------------------
                         (clock sys_clk_pin rise edge)
                                                      0.000     0.000 r  
    W5                                                0.000     0.000 r  clk (IN)
                         net (fo=0)                   0.000     0.000    clk
    W5                   IBUF (Prop_ibuf_I_O)         0.226     0.226 r  clk_IBUF_inst/O
                         net (fo=1, routed)           0.631     0.858    clk_IBUF
    BUFGCTRL_X0Y0        BUFG (Prop_bufg_I_O)         0.026     0.884 r  clk_IBUF_BUFG_inst/O
                         net (fo=9644, routed)        0.562     1.445    poly_solver_inst/divider_generator_0_inst/U0/i_synth/i_nonzero_fract.i_synth/i_algo_r2_or_lutmult.i_nonzero_fract.i_sdivider/i_sdivider.divider_blk/div_loop[12].num_stages.numerator_gen.del_numer/aclk
    SLICE_X36Y42         FDRE                                         r  poly_solver_inst/divider_generator_0_inst/U0/i_synth/i_nonzero_fract.i_synth/i_algo_r2_or_lutmult.i_nonzero_fract.i_sdivider/i_sdivider.divider_blk/div_loop[12].num_stages.numerator_gen.del_numer/opt_has_pipe.first_q_reg[27]/C
  -------------------------------------------------------------------    -------------------
    SLICE_X36Y42         FDRE (Prop_fdre_C_Q)         0.128     1.573 r  poly_solver_inst/divider_generator_0_inst/U0/i_synth/i_nonzero_fract.i_synth/i_algo_r2_or_lutmult.i_nonzero_fract.i_sdivider/i_sdivider.divider_blk/div_loop[12].num_stages.numerator_gen.del_numer/opt_has_pipe.first_q_reg[27]/Q
                         net (fo=1, routed)           0.154     1.727    poly_solver_inst/divider_generator_0_inst/U0/i_synth/i_nonzero_fract.i_synth/i_algo_r2_or_lutmult.i_nonzero_fract.i_sdivider/i_sdivider.divider_blk/div_loop[13].num_stages.numerator_gen.del_numer/D[27]
    SLICE_X35Y42         FDRE                                         r  poly_solver_inst/divider_generator_0_inst/U0/i_synth/i_nonzero_fract.i_synth/i_algo_r2_or_lutmult.i_nonzero_fract.i_sdivider/i_sdivider.divider_blk/div_loop[13].num_stages.numerator_gen.del_numer/opt_has_pipe.first_q_reg[27]/D
  -------------------------------------------------------------------    -------------------

                         (clock sys_clk_pin rise edge)
                                                      0.000     0.000 r  
    W5                                                0.000     0.000 r  clk (IN)
                         net (fo=0)                   0.000     0.000    clk
    W5                   IBUF (Prop_ibuf_I_O)         0.414     0.414 r  clk_IBUF_inst/O
                         net (fo=1, routed)           0.685     1.099    clk_IBUF
    BUFGCTRL_X0Y0        BUFG (Prop_bufg_I_O)         0.029     1.128 r  clk_IBUF_BUFG_inst/O
                         net (fo=9644, routed)        0.830     1.957    poly_solver_inst/divider_generator_0_inst/U0/i_synth/i_nonzero_fract.i_synth/i_algo_r2_or_lutmult.i_nonzero_fract.i_sdivider/i_sdivider.divider_blk/div_loop[13].num_stages.numerator_gen.del_numer/aclk
    SLICE_X35Y42         FDRE                                         r  poly_solver_inst/divider_generator_0_inst/U0/i_synth/i_nonzero_fract.i_synth/i_algo_r2_or_lutmult.i_nonzero_fract.i_sdivider/i_sdivider.divider_blk/div_loop[13].num_stages.numerator_gen.del_numer/opt_has_pipe.first_q_reg[27]/C
                         clock pessimism             -0.249     1.708    
    SLICE_X35Y42         FDRE (Hold_fdre_C_D)        -0.007     1.701    poly_solver_inst/divider_generator_0_inst/U0/i_synth/i_nonzero_fract.i_synth/i_algo_r2_or_lutmult.i_nonzero_fract.i_sdivider/i_sdivider.divider_blk/div_loop[13].num_stages.numerator_gen.del_numer/opt_has_pipe.first_q_reg[27]
  -------------------------------------------------------------------
                         required time                         -1.701    
                         arrival time                           1.727    
  -------------------------------------------------------------------
                         slack                                  0.026    

Slack (MET) :             0.027ns  (arrival time - required time)
  Source:                 poly_solver_inst/divider_generator_0_inst/U0/i_synth/i_nonzero_fract.i_synth/i_algo_r2_or_lutmult.i_nonzero_fract.i_sdivider/i_sdivider.divider_blk/div_loop[19].num_stages.numerator_gen.del_numer/opt_has_pipe.first_q_reg[43]/C
                            (rising edge-triggered cell FDRE clocked by sys_clk_pin  {rise@0.000ns fall@5.000ns period=10.000ns})
  Destination:            poly_solver_inst/divider_generator_0_inst/U0/i_synth/i_nonzero_fract.i_synth/i_algo_r2_or_lutmult.i_nonzero_fract.i_sdivider/i_sdivider.divider_blk/div_loop[20].num_stages.numerator_gen.del_numer/opt_has_pipe.first_q_reg[43]/D
                            (rising edge-triggered cell FDRE clocked by sys_clk_pin  {rise@0.000ns fall@5.000ns period=10.000ns})
  Path Group:             sys_clk_pin
  Path Type:              Hold (Min at Fast Process Corner)
  Requirement:            0.000ns  (sys_clk_pin rise@0.000ns - sys_clk_pin rise@0.000ns)
  Data Path Delay:        0.279ns  (logic 0.128ns (45.823%)  route 0.151ns (54.177%))
  Logic Levels:           0  
  Clock Path Skew:        0.259ns (DCD - SCD - CPR)
    Destination Clock Delay (DCD):    1.944ns
    Source Clock Delay      (SCD):    1.436ns
    Clock Pessimism Removal (CPR):    0.249ns

    Location             Delay type                Incr(ns)  Path(ns)    Netlist Resource(s)
  -------------------------------------------------------------------    -------------------
                         (clock sys_clk_pin rise edge)
                                                      0.000     0.000 r  
    W5                                                0.000     0.000 r  clk (IN)
                         net (fo=0)                   0.000     0.000    clk
    W5                   IBUF (Prop_ibuf_I_O)         0.226     0.226 r  clk_IBUF_inst/O
                         net (fo=1, routed)           0.631     0.858    clk_IBUF
    BUFGCTRL_X0Y0        BUFG (Prop_bufg_I_O)         0.026     0.884 r  clk_IBUF_BUFG_inst/O
                         net (fo=9644, routed)        0.553     1.436    poly_solver_inst/divider_generator_0_inst/U0/i_synth/i_nonzero_fract.i_synth/i_algo_r2_or_lutmult.i_nonzero_fract.i_sdivider/i_sdivider.divider_blk/div_loop[19].num_stages.numerator_gen.del_numer/aclk
    SLICE_X36Y69         FDRE                                         r  poly_solver_inst/divider_generator_0_inst/U0/i_synth/i_nonzero_fract.i_synth/i_algo_r2_or_lutmult.i_nonzero_fract.i_sdivider/i_sdivider.divider_blk/div_loop[19].num_stages.numerator_gen.del_numer/opt_has_pipe.first_q_reg[43]/C
  -------------------------------------------------------------------    -------------------
    SLICE_X36Y69         FDRE (Prop_fdre_C_Q)         0.128     1.564 r  poly_solver_inst/divider_generator_0_inst/U0/i_synth/i_nonzero_fract.i_synth/i_algo_r2_or_lutmult.i_nonzero_fract.i_sdivider/i_sdivider.divider_blk/div_loop[19].num_stages.numerator_gen.del_numer/opt_has_pipe.first_q_reg[43]/Q
                         net (fo=1, routed)           0.151     1.716    poly_solver_inst/divider_generator_0_inst/U0/i_synth/i_nonzero_fract.i_synth/i_algo_r2_or_lutmult.i_nonzero_fract.i_sdivider/i_sdivider.divider_blk/div_loop[20].num_stages.numerator_gen.del_numer/D[43]
    SLICE_X35Y71         FDRE                                         r  poly_solver_inst/divider_generator_0_inst/U0/i_synth/i_nonzero_fract.i_synth/i_algo_r2_or_lutmult.i_nonzero_fract.i_sdivider/i_sdivider.divider_blk/div_loop[20].num_stages.numerator_gen.del_numer/opt_has_pipe.first_q_reg[43]/D
  -------------------------------------------------------------------    -------------------

                         (clock sys_clk_pin rise edge)
                                                      0.000     0.000 r  
    W5                                                0.000     0.000 r  clk (IN)
                         net (fo=0)                   0.000     0.000    clk
    W5                   IBUF (Prop_ibuf_I_O)         0.414     0.414 r  clk_IBUF_inst/O
                         net (fo=1, routed)           0.685     1.099    clk_IBUF
    BUFGCTRL_X0Y0        BUFG (Prop_bufg_I_O)         0.029     1.128 r  clk_IBUF_BUFG_inst/O
                         net (fo=9644, routed)        0.817     1.944    poly_solver_inst/divider_generator_0_inst/U0/i_synth/i_nonzero_fract.i_synth/i_algo_r2_or_lutmult.i_nonzero_fract.i_sdivider/i_sdivider.divider_blk/div_loop[20].num_stages.numerator_gen.del_numer/aclk
    SLICE_X35Y71         FDRE                                         r  poly_solver_inst/divider_generator_0_inst/U0/i_synth/i_nonzero_fract.i_synth/i_algo_r2_or_lutmult.i_nonzero_fract.i_sdivider/i_sdivider.divider_blk/div_loop[20].num_stages.numerator_gen.del_numer/opt_has_pipe.first_q_reg[43]/C
                         clock pessimism             -0.249     1.695    
    SLICE_X35Y71         FDRE (Hold_fdre_C_D)        -0.006     1.689    poly_solver_inst/divider_generator_0_inst/U0/i_synth/i_nonzero_fract.i_synth/i_algo_r2_or_lutmult.i_nonzero_fract.i_sdivider/i_sdivider.divider_blk/div_loop[20].num_stages.numerator_gen.del_numer/opt_has_pipe.first_q_reg[43]
  -------------------------------------------------------------------
                         required time                         -1.689    
                         arrival time                           1.716    
  -------------------------------------------------------------------
                         slack                                  0.027    

Slack (MET) :             0.027ns  (arrival time - required time)
  Source:                 poly_solver_inst/divider_generator_0_inst/U0/i_synth/i_nonzero_fract.i_synth/i_algo_r2_or_lutmult.i_nonzero_fract.i_sdivider/i_sdivider.divider_blk/div_loop[13].num_stages.numerator_gen.del_numer/opt_has_pipe.first_q_reg[25]/C
                            (rising edge-triggered cell FDRE clocked by sys_clk_pin  {rise@0.000ns fall@5.000ns period=10.000ns})
  Destination:            poly_solver_inst/divider_generator_0_inst/U0/i_synth/i_nonzero_fract.i_synth/i_algo_r2_or_lutmult.i_nonzero_fract.i_sdivider/i_sdivider.divider_blk/div_loop[14].num_stages.numerator_gen.del_numer/opt_has_pipe.first_q_reg[25]/D
                            (rising edge-triggered cell FDRE clocked by sys_clk_pin  {rise@0.000ns fall@5.000ns period=10.000ns})
  Path Group:             sys_clk_pin
  Path Type:              Hold (Min at Fast Process Corner)
  Requirement:            0.000ns  (sys_clk_pin rise@0.000ns - sys_clk_pin rise@0.000ns)
  Data Path Delay:        0.282ns  (logic 0.128ns (45.317%)  route 0.154ns (54.683%))
  Logic Levels:           0  
  Clock Path Skew:        0.263ns (DCD - SCD - CPR)
    Destination Clock Delay (DCD):    1.957ns
    Source Clock Delay      (SCD):    1.445ns
    Clock Pessimism Removal (CPR):    0.249ns

    Location             Delay type                Incr(ns)  Path(ns)    Netlist Resource(s)
  -------------------------------------------------------------------    -------------------
                         (clock sys_clk_pin rise edge)
                                                      0.000     0.000 r  
    W5                                                0.000     0.000 r  clk (IN)
                         net (fo=0)                   0.000     0.000    clk
    W5                   IBUF (Prop_ibuf_I_O)         0.226     0.226 r  clk_IBUF_inst/O
                         net (fo=1, routed)           0.631     0.858    clk_IBUF
    BUFGCTRL_X0Y0        BUFG (Prop_bufg_I_O)         0.026     0.884 r  clk_IBUF_BUFG_inst/O
                         net (fo=9644, routed)        0.562     1.445    poly_solver_inst/divider_generator_0_inst/U0/i_synth/i_nonzero_fract.i_synth/i_algo_r2_or_lutmult.i_nonzero_fract.i_sdivider/i_sdivider.divider_blk/div_loop[13].num_stages.numerator_gen.del_numer/aclk
    SLICE_X36Y40         FDRE                                         r  poly_solver_inst/divider_generator_0_inst/U0/i_synth/i_nonzero_fract.i_synth/i_algo_r2_or_lutmult.i_nonzero_fract.i_sdivider/i_sdivider.divider_blk/div_loop[13].num_stages.numerator_gen.del_numer/opt_has_pipe.first_q_reg[25]/C
  -------------------------------------------------------------------    -------------------
    SLICE_X36Y40         FDRE (Prop_fdre_C_Q)         0.128     1.573 r  poly_solver_inst/divider_generator_0_inst/U0/i_synth/i_nonzero_fract.i_synth/i_algo_r2_or_lutmult.i_nonzero_fract.i_sdivider/i_sdivider.divider_blk/div_loop[13].num_stages.numerator_gen.del_numer/opt_has_pipe.first_q_reg[25]/Q
                         net (fo=1, routed)           0.154     1.728    poly_solver_inst/divider_generator_0_inst/U0/i_synth/i_nonzero_fract.i_synth/i_algo_r2_or_lutmult.i_nonzero_fract.i_sdivider/i_sdivider.divider_blk/div_loop[14].num_stages.numerator_gen.del_numer/D[25]
    SLICE_X35Y41         FDRE                                         r  poly_solver_inst/divider_generator_0_inst/U0/i_synth/i_nonzero_fract.i_synth/i_algo_r2_or_lutmult.i_nonzero_fract.i_sdivider/i_sdivider.divider_blk/div_loop[14].num_stages.numerator_gen.del_numer/opt_has_pipe.first_q_reg[25]/D
  -------------------------------------------------------------------    -------------------

                         (clock sys_clk_pin rise edge)
                                                      0.000     0.000 r  
    W5                                                0.000     0.000 r  clk (IN)
                         net (fo=0)                   0.000     0.000    clk
    W5                   IBUF (Prop_ibuf_I_O)         0.414     0.414 r  clk_IBUF_inst/O
                         net (fo=1, routed)           0.685     1.099    clk_IBUF
    BUFGCTRL_X0Y0        BUFG (Prop_bufg_I_O)         0.029     1.128 r  clk_IBUF_BUFG_inst/O
                         net (fo=9644, routed)        0.830     1.957    poly_solver_inst/divider_generator_0_inst/U0/i_synth/i_nonzero_fract.i_synth/i_algo_r2_or_lutmult.i_nonzero_fract.i_sdivider/i_sdivider.divider_blk/div_loop[14].num_stages.numerator_gen.del_numer/aclk
    SLICE_X35Y41         FDRE                                         r  poly_solver_inst/divider_generator_0_inst/U0/i_synth/i_nonzero_fract.i_synth/i_algo_r2_or_lutmult.i_nonzero_fract.i_sdivider/i_sdivider.divider_blk/div_loop[14].num_stages.numerator_gen.del_numer/opt_has_pipe.first_q_reg[25]/C
                         clock pessimism             -0.249     1.708    
    SLICE_X35Y41         FDRE (Hold_fdre_C_D)        -0.008     1.700    poly_solver_inst/divider_generator_0_inst/U0/i_synth/i_nonzero_fract.i_synth/i_algo_r2_or_lutmult.i_nonzero_fract.i_sdivider/i_sdivider.divider_blk/div_loop[14].num_stages.numerator_gen.del_numer/opt_has_pipe.first_q_reg[25]
  -------------------------------------------------------------------
                         required time                         -1.700    
                         arrival time                           1.728    
  -------------------------------------------------------------------
                         slack                                  0.027    

Slack (MET) :             0.028ns  (arrival time - required time)
  Source:                 poly_solver_inst/divider_generator_0_inst/U0/i_synth/i_nonzero_fract.i_synth/i_algo_r2_or_lutmult.i_nonzero_fract.i_sdivider/i_sdivider.divider_blk/div_loop[4].adder_gen.reg_req.adsu_mod/add1/no_pipelining.the_addsub/i_q_simple.qreg/opt_has_pipe.first_q_reg[3]/C
                            (rising edge-triggered cell FDRE clocked by sys_clk_pin  {rise@0.000ns fall@5.000ns period=10.000ns})
  Destination:            poly_solver_inst/divider_generator_0_inst/U0/i_synth/i_nonzero_fract.i_synth/i_algo_r2_or_lutmult.i_nonzero_fract.i_sdivider/i_sdivider.divider_blk/div_loop[5].adder_gen.reg_req.adsu_mod/add1/no_pipelining.the_addsub/i_q_simple.qreg/opt_has_pipe.first_q_reg[4]/D
                            (rising edge-triggered cell FDRE clocked by sys_clk_pin  {rise@0.000ns fall@5.000ns period=10.000ns})
  Path Group:             sys_clk_pin
  Path Type:              Hold (Min at Fast Process Corner)
  Requirement:            0.000ns  (sys_clk_pin rise@0.000ns - sys_clk_pin rise@0.000ns)
  Data Path Delay:        0.400ns  (logic 0.256ns (63.950%)  route 0.144ns (36.050%))
  Logic Levels:           2  (CARRY4=1 LUT3=1)
  Clock Path Skew:        0.267ns (DCD - SCD - CPR)
    Destination Clock Delay (DCD):    1.958ns
    Source Clock Delay      (SCD):    1.447ns
    Clock Pessimism Removal (CPR):    0.244ns

    Location             Delay type                Incr(ns)  Path(ns)    Netlist Resource(s)
  -------------------------------------------------------------------    -------------------
                         (clock sys_clk_pin rise edge)
                                                      0.000     0.000 r  
    W5                                                0.000     0.000 r  clk (IN)
                         net (fo=0)                   0.000     0.000    clk
    W5                   IBUF (Prop_ibuf_I_O)         0.226     0.226 r  clk_IBUF_inst/O
                         net (fo=1, routed)           0.631     0.858    clk_IBUF
    BUFGCTRL_X0Y0        BUFG (Prop_bufg_I_O)         0.026     0.884 r  clk_IBUF_BUFG_inst/O
                         net (fo=9644, routed)        0.564     1.447    poly_solver_inst/divider_generator_0_inst/U0/i_synth/i_nonzero_fract.i_synth/i_algo_r2_or_lutmult.i_nonzero_fract.i_sdivider/i_sdivider.divider_blk/div_loop[4].adder_gen.reg_req.adsu_mod/add1/no_pipelining.the_addsub/i_q_simple.qreg/aclk
    SLICE_X39Y49         FDRE                                         r  poly_solver_inst/divider_generator_0_inst/U0/i_synth/i_nonzero_fract.i_synth/i_algo_r2_or_lutmult.i_nonzero_fract.i_sdivider/i_sdivider.divider_blk/div_loop[4].adder_gen.reg_req.adsu_mod/add1/no_pipelining.the_addsub/i_q_simple.qreg/opt_has_pipe.first_q_reg[3]/C
  -------------------------------------------------------------------    -------------------
    SLICE_X39Y49         FDRE (Prop_fdre_C_Q)         0.141     1.588 r  poly_solver_inst/divider_generator_0_inst/U0/i_synth/i_nonzero_fract.i_synth/i_algo_r2_or_lutmult.i_nonzero_fract.i_sdivider/i_sdivider.divider_blk/div_loop[4].adder_gen.reg_req.adsu_mod/add1/no_pipelining.the_addsub/i_q_simple.qreg/opt_has_pipe.first_q_reg[3]/Q
                         net (fo=2, routed)           0.144     1.732    poly_solver_inst/divider_generator_0_inst/U0/i_synth/i_nonzero_fract.i_synth/i_algo_r2_or_lutmult.i_nonzero_fract.i_sdivider/i_sdivider.divider_blk/div_loop[4].adder_gen.reg_req.adsu_mod/add1/no_pipelining.the_addsub/out[3]
    SLICE_X36Y50         LUT3 (Prop_lut3_I2_O)        0.045     1.777 r  poly_solver_inst/divider_generator_0_inst/U0/i_synth/i_nonzero_fract.i_synth/i_algo_r2_or_lutmult.i_nonzero_fract.i_sdivider/i_sdivider.divider_blk/div_loop[4].adder_gen.reg_req.adsu_mod/add1/no_pipelining.the_addsub/i_simple_model.i_gt_1.carrychaingen[4].carrymux_i_1__5/O
                         net (fo=1, routed)           0.000     1.777    poly_solver_inst/divider_generator_0_inst/U0/i_synth/i_nonzero_fract.i_synth/i_algo_r2_or_lutmult.i_nonzero_fract.i_sdivider/i_sdivider.divider_blk/div_loop[5].adder_gen.reg_req.adsu_mod/add1/no_pipelining.the_addsub/halfsum_0[4]
    SLICE_X36Y50         CARRY4 (Prop_carry4_S[0]_O[0])
                                                      0.070     1.847 r  poly_solver_inst/divider_generator_0_inst/U0/i_synth/i_nonzero_fract.i_synth/i_algo_r2_or_lutmult.i_nonzero_fract.i_sdivider/i_sdivider.divider_blk/div_loop[5].adder_gen.reg_req.adsu_mod/add1/no_pipelining.the_addsub/i_simple_model.i_gt_1.carrychaingen[4].carrymux_CARRY4/O[0]
                         net (fo=1, routed)           0.000     1.847    poly_solver_inst/divider_generator_0_inst/U0/i_synth/i_nonzero_fract.i_synth/i_algo_r2_or_lutmult.i_nonzero_fract.i_sdivider/i_sdivider.divider_blk/div_loop[5].adder_gen.reg_req.adsu_mod/add1/no_pipelining.the_addsub/i_q_simple.qreg/D[4]
    SLICE_X36Y50         FDRE                                         r  poly_solver_inst/divider_generator_0_inst/U0/i_synth/i_nonzero_fract.i_synth/i_algo_r2_or_lutmult.i_nonzero_fract.i_sdivider/i_sdivider.divider_blk/div_loop[5].adder_gen.reg_req.adsu_mod/add1/no_pipelining.the_addsub/i_q_simple.qreg/opt_has_pipe.first_q_reg[4]/D
  -------------------------------------------------------------------    -------------------

                         (clock sys_clk_pin rise edge)
                                                      0.000     0.000 r  
    W5                                                0.000     0.000 r  clk (IN)
                         net (fo=0)                   0.000     0.000    clk
    W5                   IBUF (Prop_ibuf_I_O)         0.414     0.414 r  clk_IBUF_inst/O
                         net (fo=1, routed)           0.685     1.099    clk_IBUF
    BUFGCTRL_X0Y0        BUFG (Prop_bufg_I_O)         0.029     1.128 r  clk_IBUF_BUFG_inst/O
                         net (fo=9644, routed)        0.830     1.958    poly_solver_inst/divider_generator_0_inst/U0/i_synth/i_nonzero_fract.i_synth/i_algo_r2_or_lutmult.i_nonzero_fract.i_sdivider/i_sdivider.divider_blk/div_loop[5].adder_gen.reg_req.adsu_mod/add1/no_pipelining.the_addsub/i_q_simple.qreg/aclk
    SLICE_X36Y50         FDRE                                         r  poly_solver_inst/divider_generator_0_inst/U0/i_synth/i_nonzero_fract.i_synth/i_algo_r2_or_lutmult.i_nonzero_fract.i_sdivider/i_sdivider.divider_blk/div_loop[5].adder_gen.reg_req.adsu_mod/add1/no_pipelining.the_addsub/i_q_simple.qreg/opt_has_pipe.first_q_reg[4]/C
                         clock pessimism             -0.244     1.714    
    SLICE_X36Y50         FDRE (Hold_fdre_C_D)         0.105     1.819    poly_solver_inst/divider_generator_0_inst/U0/i_synth/i_nonzero_fract.i_synth/i_algo_r2_or_lutmult.i_nonzero_fract.i_sdivider/i_sdivider.divider_blk/div_loop[5].adder_gen.reg_req.adsu_mod/add1/no_pipelining.the_addsub/i_q_simple.qreg/opt_has_pipe.first_q_reg[4]
  -------------------------------------------------------------------
                         required time                         -1.819    
                         arrival time                           1.847    
  -------------------------------------------------------------------
                         slack                                  0.028    

Slack (MET) :             0.029ns  (arrival time - required time)
  Source:                 poly_solver_inst/divider_generator_0_inst/U0/i_synth/i_nonzero_fract.i_synth/i_algo_r2_or_lutmult.i_nonzero_fract.i_sdivider/i_sdivider.divider_blk/div_loop[14].num_stages.numerator_gen.del_numer/opt_has_pipe.first_q_reg[23]/C
                            (rising edge-triggered cell FDRE clocked by sys_clk_pin  {rise@0.000ns fall@5.000ns period=10.000ns})
  Destination:            poly_solver_inst/divider_generator_0_inst/U0/i_synth/i_nonzero_fract.i_synth/i_algo_r2_or_lutmult.i_nonzero_fract.i_sdivider/i_sdivider.divider_blk/div_loop[15].num_stages.numerator_gen.del_numer/opt_has_pipe.first_q_reg[23]/D
                            (rising edge-triggered cell FDRE clocked by sys_clk_pin  {rise@0.000ns fall@5.000ns period=10.000ns})
  Path Group:             sys_clk_pin
  Path Type:              Hold (Min at Fast Process Corner)
  Requirement:            0.000ns  (sys_clk_pin rise@0.000ns - sys_clk_pin rise@0.000ns)
  Data Path Delay:        0.286ns  (logic 0.128ns (44.721%)  route 0.158ns (55.279%))
  Logic Levels:           0  
  Clock Path Skew:        0.264ns (DCD - SCD - CPR)
    Destination Clock Delay (DCD):    1.957ns
    Source Clock Delay      (SCD):    1.444ns
    Clock Pessimism Removal (CPR):    0.249ns

    Location             Delay type                Incr(ns)  Path(ns)    Netlist Resource(s)
  -------------------------------------------------------------------    -------------------
                         (clock sys_clk_pin rise edge)
                                                      0.000     0.000 r  
    W5                                                0.000     0.000 r  clk (IN)
                         net (fo=0)                   0.000     0.000    clk
    W5                   IBUF (Prop_ibuf_I_O)         0.226     0.226 r  clk_IBUF_inst/O
                         net (fo=1, routed)           0.631     0.858    clk_IBUF
    BUFGCTRL_X0Y0        BUFG (Prop_bufg_I_O)         0.026     0.884 r  clk_IBUF_BUFG_inst/O
                         net (fo=9644, routed)        0.561     1.444    poly_solver_inst/divider_generator_0_inst/U0/i_synth/i_nonzero_fract.i_synth/i_algo_r2_or_lutmult.i_nonzero_fract.i_sdivider/i_sdivider.divider_blk/div_loop[14].num_stages.numerator_gen.del_numer/aclk
    SLICE_X36Y39         FDRE                                         r  poly_solver_inst/divider_generator_0_inst/U0/i_synth/i_nonzero_fract.i_synth/i_algo_r2_or_lutmult.i_nonzero_fract.i_sdivider/i_sdivider.divider_blk/div_loop[14].num_stages.numerator_gen.del_numer/opt_has_pipe.first_q_reg[23]/C
  -------------------------------------------------------------------    -------------------
    SLICE_X36Y39         FDRE (Prop_fdre_C_Q)         0.128     1.572 r  poly_solver_inst/divider_generator_0_inst/U0/i_synth/i_nonzero_fract.i_synth/i_algo_r2_or_lutmult.i_nonzero_fract.i_sdivider/i_sdivider.divider_blk/div_loop[14].num_stages.numerator_gen.del_numer/opt_has_pipe.first_q_reg[23]/Q
                         net (fo=1, routed)           0.158     1.730    poly_solver_inst/divider_generator_0_inst/U0/i_synth/i_nonzero_fract.i_synth/i_algo_r2_or_lutmult.i_nonzero_fract.i_sdivider/i_sdivider.divider_blk/div_loop[15].num_stages.numerator_gen.del_numer/D[23]
    SLICE_X35Y40         FDRE                                         r  poly_solver_inst/divider_generator_0_inst/U0/i_synth/i_nonzero_fract.i_synth/i_algo_r2_or_lutmult.i_nonzero_fract.i_sdivider/i_sdivider.divider_blk/div_loop[15].num_stages.numerator_gen.del_numer/opt_has_pipe.first_q_reg[23]/D
  -------------------------------------------------------------------    -------------------

                         (clock sys_clk_pin rise edge)
                                                      0.000     0.000 r  
    W5                                                0.000     0.000 r  clk (IN)
                         net (fo=0)                   0.000     0.000    clk
    W5                   IBUF (Prop_ibuf_I_O)         0.414     0.414 r  clk_IBUF_inst/O
                         net (fo=1, routed)           0.685     1.099    clk_IBUF
    BUFGCTRL_X0Y0        BUFG (Prop_bufg_I_O)         0.029     1.128 r  clk_IBUF_BUFG_inst/O
                         net (fo=9644, routed)        0.830     1.957    poly_solver_inst/divider_generator_0_inst/U0/i_synth/i_nonzero_fract.i_synth/i_algo_r2_or_lutmult.i_nonzero_fract.i_sdivider/i_sdivider.divider_blk/div_loop[15].num_stages.numerator_gen.del_numer/aclk
    SLICE_X35Y40         FDRE                                         r  poly_solver_inst/divider_generator_0_inst/U0/i_synth/i_nonzero_fract.i_synth/i_algo_r2_or_lutmult.i_nonzero_fract.i_sdivider/i_sdivider.divider_blk/div_loop[15].num_stages.numerator_gen.del_numer/opt_has_pipe.first_q_reg[23]/C
                         clock pessimism             -0.249     1.708    
    SLICE_X35Y40         FDRE (Hold_fdre_C_D)        -0.007     1.701    poly_solver_inst/divider_generator_0_inst/U0/i_synth/i_nonzero_fract.i_synth/i_algo_r2_or_lutmult.i_nonzero_fract.i_sdivider/i_sdivider.divider_blk/div_loop[15].num_stages.numerator_gen.del_numer/opt_has_pipe.first_q_reg[23]
  -------------------------------------------------------------------
                         required time                         -1.701    
                         arrival time                           1.730    
  -------------------------------------------------------------------
                         slack                                  0.029    

Slack (MET) :             0.029ns  (arrival time - required time)
  Source:                 poly_solver_inst/divider_generator_0_inst/U0/i_synth/i_nonzero_fract.i_synth/i_algo_r2_or_lutmult.i_nonzero_fract.i_sdivider/i_sdivider.divider_blk/div_loop[16].num_stages.numerator_gen.del_numer/opt_has_pipe.first_q_reg[34]/C
                            (rising edge-triggered cell FDRE clocked by sys_clk_pin  {rise@0.000ns fall@5.000ns period=10.000ns})
  Destination:            poly_solver_inst/divider_generator_0_inst/U0/i_synth/i_nonzero_fract.i_synth/i_algo_r2_or_lutmult.i_nonzero_fract.i_sdivider/i_sdivider.divider_blk/div_loop[17].num_stages.numerator_gen.del_numer/opt_has_pipe.first_q_reg[34]/D
                            (rising edge-triggered cell FDRE clocked by sys_clk_pin  {rise@0.000ns fall@5.000ns period=10.000ns})
  Path Group:             sys_clk_pin
  Path Type:              Hold (Min at Fast Process Corner)
  Requirement:            0.000ns  (sys_clk_pin rise@0.000ns - sys_clk_pin rise@0.000ns)
  Data Path Delay:        0.366ns  (logic 0.141ns (38.500%)  route 0.225ns (61.500%))
  Logic Levels:           0  
  Clock Path Skew:        0.267ns (DCD - SCD - CPR)
    Destination Clock Delay (DCD):    1.958ns
    Source Clock Delay      (SCD):    1.447ns
    Clock Pessimism Removal (CPR):    0.244ns

    Location             Delay type                Incr(ns)  Path(ns)    Netlist Resource(s)
  -------------------------------------------------------------------    -------------------
                         (clock sys_clk_pin rise edge)
                                                      0.000     0.000 r  
    W5                                                0.000     0.000 r  clk (IN)
                         net (fo=0)                   0.000     0.000    clk
    W5                   IBUF (Prop_ibuf_I_O)         0.226     0.226 r  clk_IBUF_inst/O
                         net (fo=1, routed)           0.631     0.858    clk_IBUF
    BUFGCTRL_X0Y0        BUFG (Prop_bufg_I_O)         0.026     0.884 r  clk_IBUF_BUFG_inst/O
                         net (fo=9644, routed)        0.564     1.447    poly_solver_inst/divider_generator_0_inst/U0/i_synth/i_nonzero_fract.i_synth/i_algo_r2_or_lutmult.i_nonzero_fract.i_sdivider/i_sdivider.divider_blk/div_loop[16].num_stages.numerator_gen.del_numer/aclk
    SLICE_X33Y49         FDRE                                         r  poly_solver_inst/divider_generator_0_inst/U0/i_synth/i_nonzero_fract.i_synth/i_algo_r2_or_lutmult.i_nonzero_fract.i_sdivider/i_sdivider.divider_blk/div_loop[16].num_stages.numerator_gen.del_numer/opt_has_pipe.first_q_reg[34]/C
  -------------------------------------------------------------------    -------------------
    SLICE_X33Y49         FDRE (Prop_fdre_C_Q)         0.141     1.588 r  poly_solver_inst/divider_generator_0_inst/U0/i_synth/i_nonzero_fract.i_synth/i_algo_r2_or_lutmult.i_nonzero_fract.i_sdivider/i_sdivider.divider_blk/div_loop[16].num_stages.numerator_gen.del_numer/opt_has_pipe.first_q_reg[34]/Q
                         net (fo=1, routed)           0.225     1.813    poly_solver_inst/divider_generator_0_inst/U0/i_synth/i_nonzero_fract.i_synth/i_algo_r2_or_lutmult.i_nonzero_fract.i_sdivider/i_sdivider.divider_blk/div_loop[17].num_stages.numerator_gen.del_numer/D[34]
    SLICE_X33Y52         FDRE                                         r  poly_solver_inst/divider_generator_0_inst/U0/i_synth/i_nonzero_fract.i_synth/i_algo_r2_or_lutmult.i_nonzero_fract.i_sdivider/i_sdivider.divider_blk/div_loop[17].num_stages.numerator_gen.del_numer/opt_has_pipe.first_q_reg[34]/D
  -------------------------------------------------------------------    -------------------

                         (clock sys_clk_pin rise edge)
                                                      0.000     0.000 r  
    W5                                                0.000     0.000 r  clk (IN)
                         net (fo=0)                   0.000     0.000    clk
    W5                   IBUF (Prop_ibuf_I_O)         0.414     0.414 r  clk_IBUF_inst/O
                         net (fo=1, routed)           0.685     1.099    clk_IBUF
    BUFGCTRL_X0Y0        BUFG (Prop_bufg_I_O)         0.029     1.128 r  clk_IBUF_BUFG_inst/O
                         net (fo=9644, routed)        0.830     1.958    poly_solver_inst/divider_generator_0_inst/U0/i_synth/i_nonzero_fract.i_synth/i_algo_r2_or_lutmult.i_nonzero_fract.i_sdivider/i_sdivider.divider_blk/div_loop[17].num_stages.numerator_gen.del_numer/aclk
    SLICE_X33Y52         FDRE                                         r  poly_solver_inst/divider_generator_0_inst/U0/i_synth/i_nonzero_fract.i_synth/i_algo_r2_or_lutmult.i_nonzero_fract.i_sdivider/i_sdivider.divider_blk/div_loop[17].num_stages.numerator_gen.del_numer/opt_has_pipe.first_q_reg[34]/C
                         clock pessimism             -0.244     1.714    
    SLICE_X33Y52         FDRE (Hold_fdre_C_D)         0.070     1.784    poly_solver_inst/divider_generator_0_inst/U0/i_synth/i_nonzero_fract.i_synth/i_algo_r2_or_lutmult.i_nonzero_fract.i_sdivider/i_sdivider.divider_blk/div_loop[17].num_stages.numerator_gen.del_numer/opt_has_pipe.first_q_reg[34]
  -------------------------------------------------------------------
                         required time                         -1.784    
                         arrival time                           1.813    
  -------------------------------------------------------------------
                         slack                                  0.029    

Slack (MET) :             0.030ns  (arrival time - required time)
  Source:                 poly_solver_inst/divider_generator_0_inst/U0/i_synth/i_nonzero_fract.i_synth/i_algo_r2_or_lutmult.i_nonzero_fract.i_sdivider/i_sdivider.divider_blk/div_loop[12].divisor_gen.divisor_dc1.del_divisor_msbs/opt_has_pipe.first_q_reg[5]/C
                            (rising edge-triggered cell FDRE clocked by sys_clk_pin  {rise@0.000ns fall@5.000ns period=10.000ns})
  Destination:            poly_solver_inst/divider_generator_0_inst/U0/i_synth/i_nonzero_fract.i_synth/i_algo_r2_or_lutmult.i_nonzero_fract.i_sdivider/i_sdivider.divider_blk/div_loop[13].divisor_gen.divisor_dc1.del_divisor_msbs/opt_has_pipe.first_q_reg[5]/D
                            (rising edge-triggered cell FDRE clocked by sys_clk_pin  {rise@0.000ns fall@5.000ns period=10.000ns})
  Path Group:             sys_clk_pin
  Path Type:              Hold (Min at Fast Process Corner)
  Requirement:            0.000ns  (sys_clk_pin rise@0.000ns - sys_clk_pin rise@0.000ns)
  Data Path Delay:        0.361ns  (logic 0.141ns (39.021%)  route 0.220ns (60.978%))
  Logic Levels:           0  
  Clock Path Skew:        0.262ns (DCD - SCD - CPR)
    Destination Clock Delay (DCD):    1.951ns
    Source Clock Delay      (SCD):    1.440ns
    Clock Pessimism Removal (CPR):    0.249ns

    Location             Delay type                Incr(ns)  Path(ns)    Netlist Resource(s)
  -------------------------------------------------------------------    -------------------
                         (clock sys_clk_pin rise edge)
                                                      0.000     0.000 r  
    W5                                                0.000     0.000 r  clk (IN)
                         net (fo=0)                   0.000     0.000    clk
    W5                   IBUF (Prop_ibuf_I_O)         0.226     0.226 r  clk_IBUF_inst/O
                         net (fo=1, routed)           0.631     0.858    clk_IBUF
    BUFGCTRL_X0Y0        BUFG (Prop_bufg_I_O)         0.026     0.884 r  clk_IBUF_BUFG_inst/O
                         net (fo=9644, routed)        0.557     1.440    poly_solver_inst/divider_generator_0_inst/U0/i_synth/i_nonzero_fract.i_synth/i_algo_r2_or_lutmult.i_nonzero_fract.i_sdivider/i_sdivider.divider_blk/div_loop[12].divisor_gen.divisor_dc1.del_divisor_msbs/aclk
    SLICE_X33Y63         FDRE                                         r  poly_solver_inst/divider_generator_0_inst/U0/i_synth/i_nonzero_fract.i_synth/i_algo_r2_or_lutmult.i_nonzero_fract.i_sdivider/i_sdivider.divider_blk/div_loop[12].divisor_gen.divisor_dc1.del_divisor_msbs/opt_has_pipe.first_q_reg[5]/C
  -------------------------------------------------------------------    -------------------
    SLICE_X33Y63         FDRE (Prop_fdre_C_Q)         0.141     1.581 r  poly_solver_inst/divider_generator_0_inst/U0/i_synth/i_nonzero_fract.i_synth/i_algo_r2_or_lutmult.i_nonzero_fract.i_sdivider/i_sdivider.divider_blk/div_loop[12].divisor_gen.divisor_dc1.del_divisor_msbs/opt_has_pipe.first_q_reg[5]/Q
                         net (fo=2, routed)           0.220     1.802    poly_solver_inst/divider_generator_0_inst/U0/i_synth/i_nonzero_fract.i_synth/i_algo_r2_or_lutmult.i_nonzero_fract.i_sdivider/i_sdivider.divider_blk/div_loop[13].divisor_gen.divisor_dc1.del_divisor_msbs/opt_has_pipe.first_q_reg[31]_0[5]
    SLICE_X37Y65         FDRE                                         r  poly_solver_inst/divider_generator_0_inst/U0/i_synth/i_nonzero_fract.i_synth/i_algo_r2_or_lutmult.i_nonzero_fract.i_sdivider/i_sdivider.divider_blk/div_loop[13].divisor_gen.divisor_dc1.del_divisor_msbs/opt_has_pipe.first_q_reg[5]/D
  -------------------------------------------------------------------    -------------------

                         (clock sys_clk_pin rise edge)
                                                      0.000     0.000 r  
    W5                                                0.000     0.000 r  clk (IN)
                         net (fo=0)                   0.000     0.000    clk
    W5                   IBUF (Prop_ibuf_I_O)         0.414     0.414 r  clk_IBUF_inst/O
                         net (fo=1, routed)           0.685     1.099    clk_IBUF
    BUFGCTRL_X0Y0        BUFG (Prop_bufg_I_O)         0.029     1.128 r  clk_IBUF_BUFG_inst/O
                         net (fo=9644, routed)        0.823     1.951    poly_solver_inst/divider_generator_0_inst/U0/i_synth/i_nonzero_fract.i_synth/i_algo_r2_or_lutmult.i_nonzero_fract.i_sdivider/i_sdivider.divider_blk/div_loop[13].divisor_gen.divisor_dc1.del_divisor_msbs/aclk
    SLICE_X37Y65         FDRE                                         r  poly_solver_inst/divider_generator_0_inst/U0/i_synth/i_nonzero_fract.i_synth/i_algo_r2_or_lutmult.i_nonzero_fract.i_sdivider/i_sdivider.divider_blk/div_loop[13].divisor_gen.divisor_dc1.del_divisor_msbs/opt_has_pipe.first_q_reg[5]/C
                         clock pessimism             -0.249     1.702    
    SLICE_X37Y65         FDRE (Hold_fdre_C_D)         0.070     1.772    poly_solver_inst/divider_generator_0_inst/U0/i_synth/i_nonzero_fract.i_synth/i_algo_r2_or_lutmult.i_nonzero_fract.i_sdivider/i_sdivider.divider_blk/div_loop[13].divisor_gen.divisor_dc1.del_divisor_msbs/opt_has_pipe.first_q_reg[5]
  -------------------------------------------------------------------
                         required time                         -1.772    
                         arrival time                           1.802    
  -------------------------------------------------------------------
                         slack                                  0.030    

Slack (MET) :             0.030ns  (arrival time - required time)
  Source:                 poly_solver_inst/divider_generator_0_inst/U0/i_synth/i_nonzero_fract.i_synth/i_algo_r2_or_lutmult.i_nonzero_fract.i_sdivider/i_sdivider.divider_blk/div_loop[5].adder_gen.reg_req.adsu_mod/add1/no_pipelining.the_addsub/i_q_simple.qreg/opt_has_pipe.first_q_reg[6]/C
                            (rising edge-triggered cell FDRE clocked by sys_clk_pin  {rise@0.000ns fall@5.000ns period=10.000ns})
  Destination:            poly_solver_inst/divider_generator_0_inst/U0/i_synth/i_nonzero_fract.i_synth/i_algo_r2_or_lutmult.i_nonzero_fract.i_sdivider/i_sdivider.divider_blk/div_loop[6].adder_gen.reg_req.adsu_mod/add1/no_pipelining.the_addsub/i_q_simple.qreg/opt_has_pipe.first_q_reg[7]/D
                            (rising edge-triggered cell FDRE clocked by sys_clk_pin  {rise@0.000ns fall@5.000ns period=10.000ns})
  Path Group:             sys_clk_pin
  Path Type:              Hold (Min at Fast Process Corner)
  Requirement:            0.000ns  (sys_clk_pin rise@0.000ns - sys_clk_pin rise@0.000ns)
  Data Path Delay:        0.398ns  (logic 0.249ns (62.520%)  route 0.149ns (37.480%))
  Logic Levels:           2  (CARRY4=1 LUT3=1)
  Clock Path Skew:        0.263ns (DCD - SCD - CPR)
    Destination Clock Delay (DCD):    1.957ns
    Source Clock Delay      (SCD):    1.445ns
    Clock Pessimism Removal (CPR):    0.249ns

    Location             Delay type                Incr(ns)  Path(ns)    Netlist Resource(s)
  -------------------------------------------------------------------    -------------------
                         (clock sys_clk_pin rise edge)
                                                      0.000     0.000 r  
    W5                                                0.000     0.000 r  clk (IN)
                         net (fo=0)                   0.000     0.000    clk
    W5                   IBUF (Prop_ibuf_I_O)         0.226     0.226 r  clk_IBUF_inst/O
                         net (fo=1, routed)           0.631     0.858    clk_IBUF
    BUFGCTRL_X0Y0        BUFG (Prop_bufg_I_O)         0.026     0.884 r  clk_IBUF_BUFG_inst/O
                         net (fo=9644, routed)        0.562     1.445    poly_solver_inst/divider_generator_0_inst/U0/i_synth/i_nonzero_fract.i_synth/i_algo_r2_or_lutmult.i_nonzero_fract.i_sdivider/i_sdivider.divider_blk/div_loop[5].adder_gen.reg_req.adsu_mod/add1/no_pipelining.the_addsub/i_q_simple.qreg/aclk
    SLICE_X36Y50         FDRE                                         r  poly_solver_inst/divider_generator_0_inst/U0/i_synth/i_nonzero_fract.i_synth/i_algo_r2_or_lutmult.i_nonzero_fract.i_sdivider/i_sdivider.divider_blk/div_loop[5].adder_gen.reg_req.adsu_mod/add1/no_pipelining.the_addsub/i_q_simple.qreg/opt_has_pipe.first_q_reg[6]/C
  -------------------------------------------------------------------    -------------------
    SLICE_X36Y50         FDRE (Prop_fdre_C_Q)         0.141     1.586 r  poly_solver_inst/divider_generator_0_inst/U0/i_synth/i_nonzero_fract.i_synth/i_algo_r2_or_lutmult.i_nonzero_fract.i_sdivider/i_sdivider.divider_blk/div_loop[5].adder_gen.reg_req.adsu_mod/add1/no_pipelining.the_addsub/i_q_simple.qreg/opt_has_pipe.first_q_reg[6]/Q
                         net (fo=2, routed)           0.149     1.735    poly_solver_inst/divider_generator_0_inst/U0/i_synth/i_nonzero_fract.i_synth/i_algo_r2_or_lutmult.i_nonzero_fract.i_sdivider/i_sdivider.divider_blk/div_loop[5].adder_gen.reg_req.adsu_mod/add1/no_pipelining.the_addsub/out[6]
    SLICE_X35Y50         LUT3 (Prop_lut3_I2_O)        0.045     1.780 r  poly_solver_inst/divider_generator_0_inst/U0/i_synth/i_nonzero_fract.i_synth/i_algo_r2_or_lutmult.i_nonzero_fract.i_sdivider/i_sdivider.divider_blk/div_loop[5].adder_gen.reg_req.adsu_mod/add1/no_pipelining.the_addsub/i_simple_model.i_gt_1.carrychaingen[7].carrymux_i_1__6/O
                         net (fo=1, routed)           0.000     1.780    poly_solver_inst/divider_generator_0_inst/U0/i_synth/i_nonzero_fract.i_synth/i_algo_r2_or_lutmult.i_nonzero_fract.i_sdivider/i_sdivider.divider_blk/div_loop[6].adder_gen.reg_req.adsu_mod/add1/no_pipelining.the_addsub/halfsum_0[7]
    SLICE_X35Y50         CARRY4 (Prop_carry4_S[3]_O[3])
                                                      0.063     1.843 r  poly_solver_inst/divider_generator_0_inst/U0/i_synth/i_nonzero_fract.i_synth/i_algo_r2_or_lutmult.i_nonzero_fract.i_sdivider/i_sdivider.divider_blk/div_loop[6].adder_gen.reg_req.adsu_mod/add1/no_pipelining.the_addsub/i_simple_model.i_gt_1.carrychaingen[4].carrymux_CARRY4/O[3]
                         net (fo=1, routed)           0.000     1.843    poly_solver_inst/divider_generator_0_inst/U0/i_synth/i_nonzero_fract.i_synth/i_algo_r2_or_lutmult.i_nonzero_fract.i_sdivider/i_sdivider.divider_blk/div_loop[6].adder_gen.reg_req.adsu_mod/add1/no_pipelining.the_addsub/i_q_simple.qreg/D[7]
    SLICE_X35Y50         FDRE                                         r  poly_solver_inst/divider_generator_0_inst/U0/i_synth/i_nonzero_fract.i_synth/i_algo_r2_or_lutmult.i_nonzero_fract.i_sdivider/i_sdivider.divider_blk/div_loop[6].adder_gen.reg_req.adsu_mod/add1/no_pipelining.the_addsub/i_q_simple.qreg/opt_has_pipe.first_q_reg[7]/D
  -------------------------------------------------------------------    -------------------

                         (clock sys_clk_pin rise edge)
                                                      0.000     0.000 r  
    W5                                                0.000     0.000 r  clk (IN)
                         net (fo=0)                   0.000     0.000    clk
    W5                   IBUF (Prop_ibuf_I_O)         0.414     0.414 r  clk_IBUF_inst/O
                         net (fo=1, routed)           0.685     1.099    clk_IBUF
    BUFGCTRL_X0Y0        BUFG (Prop_bufg_I_O)         0.029     1.128 r  clk_IBUF_BUFG_inst/O
                         net (fo=9644, routed)        0.829     1.957    poly_solver_inst/divider_generator_0_inst/U0/i_synth/i_nonzero_fract.i_synth/i_algo_r2_or_lutmult.i_nonzero_fract.i_sdivider/i_sdivider.divider_blk/div_loop[6].adder_gen.reg_req.adsu_mod/add1/no_pipelining.the_addsub/i_q_simple.qreg/aclk
    SLICE_X35Y50         FDRE                                         r  poly_solver_inst/divider_generator_0_inst/U0/i_synth/i_nonzero_fract.i_synth/i_algo_r2_or_lutmult.i_nonzero_fract.i_sdivider/i_sdivider.divider_blk/div_loop[6].adder_gen.reg_req.adsu_mod/add1/no_pipelining.the_addsub/i_q_simple.qreg/opt_has_pipe.first_q_reg[7]/C
                         clock pessimism             -0.249     1.708    
    SLICE_X35Y50         FDRE (Hold_fdre_C_D)         0.105     1.813    poly_solver_inst/divider_generator_0_inst/U0/i_synth/i_nonzero_fract.i_synth/i_algo_r2_or_lutmult.i_nonzero_fract.i_sdivider/i_sdivider.divider_blk/div_loop[6].adder_gen.reg_req.adsu_mod/add1/no_pipelining.the_addsub/i_q_simple.qreg/opt_has_pipe.first_q_reg[7]
  -------------------------------------------------------------------
                         required time                         -1.813    
                         arrival time                           1.843    
  -------------------------------------------------------------------
                         slack                                  0.030    





Pulse Width Checks
--------------------------------------------------------------------------------------
Clock Name:         sys_clk_pin
Waveform(ns):       { 0.000 5.000 }
Period(ns):         10.000
Sources:            { clk }

Check Type        Corner  Lib Pin             Reference Pin  Required(ns)  Actual(ns)  Slack(ns)  Location      Pin
Min Period        n/a     RAMB18E1/CLKARDCLK  n/a            2.576         10.000      7.424      RAMB18_X1Y2   calc_mode_module_inst/font_rom/U0/inst_blk_mem_gen/gnbram.gnativebmg.native_blk_mem_gen/valid.cstr/ramloop[0].ram.r/prim_init.ram/DEVICE_7SERIES.NO_BMM_INFO.SP.SIMPLE_PRIM18.ram/CLKARDCLK
Min Period        n/a     RAMB18E1/CLKBWRCLK  n/a            2.576         10.000      7.424      RAMB18_X1Y2   calc_mode_module_inst/font_rom/U0/inst_blk_mem_gen/gnbram.gnativebmg.native_blk_mem_gen/valid.cstr/ramloop[0].ram.r/prim_init.ram/DEVICE_7SERIES.NO_BMM_INFO.SP.SIMPLE_PRIM18.ram/CLKBWRCLK
Min Period        n/a     RAMB18E1/CLKARDCLK  n/a            2.576         10.000      7.424      RAMB18_X1Y3   graph_mode_module_inst/font_rom/U0/inst_blk_mem_gen/gnbram.gnativebmg.native_blk_mem_gen/valid.cstr/ramloop[0].ram.r/prim_init.ram/DEVICE_7SERIES.NO_BMM_INFO.SP.SIMPLE_PRIM18.ram/CLKARDCLK
Min Period        n/a     RAMB18E1/CLKBWRCLK  n/a            2.576         10.000      7.424      RAMB18_X1Y3   graph_mode_module_inst/font_rom/U0/inst_blk_mem_gen/gnbram.gnativebmg.native_blk_mem_gen/valid.cstr/ramloop[0].ram.r/prim_init.ram/DEVICE_7SERIES.NO_BMM_INFO.SP.SIMPLE_PRIM18.ram/CLKBWRCLK
Min Period        n/a     RAMB18E1/CLKARDCLK  n/a            2.576         10.000      7.424      RAMB18_X0Y6   oled_keypad_inst/font_rom/U0/inst_blk_mem_gen/gnbram.gnativebmg.native_blk_mem_gen/valid.cstr/ramloop[0].ram.r/prim_init.ram/DEVICE_7SERIES.NO_BMM_INFO.SP.SIMPLE_PRIM18.ram/CLKARDCLK
Min Period        n/a     RAMB18E1/CLKBWRCLK  n/a            2.576         10.000      7.424      RAMB18_X0Y6   oled_keypad_inst/font_rom/U0/inst_blk_mem_gen/gnbram.gnativebmg.native_blk_mem_gen/valid.cstr/ramloop[0].ram.r/prim_init.ram/DEVICE_7SERIES.NO_BMM_INFO.SP.SIMPLE_PRIM18.ram/CLKBWRCLK
Min Period        n/a     RAMB18E1/CLKARDCLK  n/a            2.576         10.000      7.424      RAMB18_X1Y11  welcome_mode_module_inst/welcome_drawer_vga_inst/font_rom_inst/U0/inst_blk_mem_gen/gnbram.gnativebmg.native_blk_mem_gen/valid.cstr/ramloop[0].ram.r/prim_init.ram/DEVICE_7SERIES.NO_BMM_INFO.SP.SIMPLE_PRIM18.ram/CLKARDCLK
Min Period        n/a     RAMB18E1/CLKBWRCLK  n/a            2.576         10.000      7.424      RAMB18_X1Y11  welcome_mode_module_inst/welcome_drawer_vga_inst/font_rom_inst/U0/inst_blk_mem_gen/gnbram.gnativebmg.native_blk_mem_gen/valid.cstr/ramloop[0].ram.r/prim_init.ram/DEVICE_7SERIES.NO_BMM_INFO.SP.SIMPLE_PRIM18.ram/CLKBWRCLK
Min Period        n/a     RAMB18E1/CLKARDCLK  n/a            2.576         10.000      7.424      RAMB18_X1Y10  poly_mode_inst/poly_vga_inst/font_inst/U0/inst_blk_mem_gen/gnbram.gnativebmg.native_blk_mem_gen/valid.cstr/ramloop[0].ram.r/prim_init.ram/DEVICE_7SERIES.NO_BMM_INFO.SP.SIMPLE_PRIM18.ram/CLKARDCLK
Min Period        n/a     RAMB18E1/CLKBWRCLK  n/a            2.576         10.000      7.424      RAMB18_X1Y10  poly_mode_inst/poly_vga_inst/font_inst/U0/inst_blk_mem_gen/gnbram.gnativebmg.native_blk_mem_gen/valid.cstr/ramloop[0].ram.r/prim_init.ram/DEVICE_7SERIES.NO_BMM_INFO.SP.SIMPLE_PRIM18.ram/CLKBWRCLK
Low Pulse Width   Fast    SRLC32E/CLK         n/a            0.980         5.000       4.020      SLICE_X46Y47  poly_solver_inst/divider_generator_0_inst/U0/i_synth/i_nd_to_rdy/opt_has_pipe.i_pipe[33].pipe_reg[33][0]_srl32/CLK
Low Pulse Width   Fast    SRLC32E/CLK         n/a            0.980         5.000       4.020      SLICE_X46Y47  poly_solver_inst/divider_generator_0_inst/U0/i_synth/i_nd_to_rdy/opt_has_pipe.i_pipe[65].pipe_reg[65][0]_srl32/CLK
Low Pulse Width   Fast    SRL16E/CLK          n/a            0.980         5.000       4.020      SLICE_X46Y47  poly_solver_inst/divider_generator_0_inst/U0/i_synth/i_nd_to_rdy/opt_has_pipe.i_pipe[67].pipe_reg[67][0]_srl2/CLK
Low Pulse Width   Fast    SRLC32E/CLK         n/a            0.980         5.000       4.020      SLICE_X46Y61  poly_solver_inst/divider_generator_0_inst/U0/i_synth/i_nonzero_fract.i_synth/i_algo_r2_or_lutmult.i_nonzero_fract.i_sdivider/sign_pipeline.i_unrolled.sign_pipe/opt_has_pipe.i_pipe[33].pipe_reg[33][0]_srl32/CLK
Low Pulse Width   Slow    SRLC32E/CLK         n/a            0.980         5.000       4.020      SLICE_X52Y55  poly_solver_inst/divider_generator_0_inst/U0/i_synth/i_nonzero_fract.i_synth/i_algo_r2_or_lutmult.i_nonzero_fract.i_sdivider/sign_pipeline.i_unrolled.sign_pipe/opt_has_pipe.i_pipe[33].pipe_reg[33][1]_srl32/CLK
Low Pulse Width   Fast    SRLC32E/CLK         n/a            0.980         5.000       4.020      SLICE_X46Y61  poly_solver_inst/divider_generator_0_inst/U0/i_synth/i_nonzero_fract.i_synth/i_algo_r2_or_lutmult.i_nonzero_fract.i_sdivider/sign_pipeline.i_unrolled.sign_pipe/opt_has_pipe.i_pipe[65].pipe_reg[65][0]_srl32/CLK
Low Pulse Width   Slow    SRLC32E/CLK         n/a            0.980         5.000       4.020      SLICE_X52Y55  poly_solver_inst/divider_generator_0_inst/U0/i_synth/i_nonzero_fract.i_synth/i_algo_r2_or_lutmult.i_nonzero_fract.i_sdivider/sign_pipeline.i_unrolled.sign_pipe/opt_has_pipe.i_pipe[65].pipe_reg[65][1]_srl32/CLK
Low Pulse Width   Fast    SRL16E/CLK          n/a            0.980         5.000       4.020      SLICE_X46Y61  poly_solver_inst/divider_generator_0_inst/U0/i_synth/i_nonzero_fract.i_synth/i_algo_r2_or_lutmult.i_nonzero_fract.i_sdivider/sign_pipeline.i_unrolled.sign_pipe/opt_has_pipe.i_pipe[66].pipe_reg[66][0]_srl1/CLK
Low Pulse Width   Slow    SRL16E/CLK          n/a            0.980         5.000       4.020      SLICE_X52Y55  poly_solver_inst/divider_generator_0_inst/U0/i_synth/i_nonzero_fract.i_synth/i_algo_r2_or_lutmult.i_nonzero_fract.i_sdivider/sign_pipeline.i_unrolled.sign_pipe/opt_has_pipe.i_pipe[66].pipe_reg[66][1]_srl1/CLK
Low Pulse Width   Slow    SRLC32E/CLK         n/a            0.980         5.000       4.020      SLICE_X46Y47  poly_solver_inst/divider_generator_0_inst/U0/i_synth/i_nd_to_rdy/opt_has_pipe.i_pipe[33].pipe_reg[33][0]_srl32/CLK
High Pulse Width  Slow    SRLC32E/CLK         n/a            0.980         5.000       4.020      SLICE_X46Y47  poly_solver_inst/divider_generator_0_inst/U0/i_synth/i_nd_to_rdy/opt_has_pipe.i_pipe[33].pipe_reg[33][0]_srl32/CLK
High Pulse Width  Slow    SRLC32E/CLK         n/a            0.980         5.000       4.020      SLICE_X46Y47  poly_solver_inst/divider_generator_0_inst/U0/i_synth/i_nd_to_rdy/opt_has_pipe.i_pipe[65].pipe_reg[65][0]_srl32/CLK
High Pulse Width  Slow    SRL16E/CLK          n/a            0.980         5.000       4.020      SLICE_X46Y47  poly_solver_inst/divider_generator_0_inst/U0/i_synth/i_nd_to_rdy/opt_has_pipe.i_pipe[67].pipe_reg[67][0]_srl2/CLK
High Pulse Width  Slow    SRLC32E/CLK         n/a            0.980         5.000       4.020      SLICE_X46Y61  poly_solver_inst/divider_generator_0_inst/U0/i_synth/i_nonzero_fract.i_synth/i_algo_r2_or_lutmult.i_nonzero_fract.i_sdivider/sign_pipeline.i_unrolled.sign_pipe/opt_has_pipe.i_pipe[33].pipe_reg[33][0]_srl32/CLK
High Pulse Width  Slow    SRLC32E/CLK         n/a            0.980         5.000       4.020      SLICE_X46Y61  poly_solver_inst/divider_generator_0_inst/U0/i_synth/i_nonzero_fract.i_synth/i_algo_r2_or_lutmult.i_nonzero_fract.i_sdivider/sign_pipeline.i_unrolled.sign_pipe/opt_has_pipe.i_pipe[65].pipe_reg[65][0]_srl32/CLK
High Pulse Width  Slow    SRL16E/CLK          n/a            0.980         5.000       4.020      SLICE_X46Y61  poly_solver_inst/divider_generator_0_inst/U0/i_synth/i_nonzero_fract.i_synth/i_algo_r2_or_lutmult.i_nonzero_fract.i_sdivider/sign_pipeline.i_unrolled.sign_pipe/opt_has_pipe.i_pipe[66].pipe_reg[66][0]_srl1/CLK
High Pulse Width  Fast    SRLC32E/CLK         n/a            0.980         5.000       4.020      SLICE_X46Y47  poly_solver_inst/divider_generator_0_inst/U0/i_synth/i_nd_to_rdy/opt_has_pipe.i_pipe[33].pipe_reg[33][0]_srl32/CLK
High Pulse Width  Fast    SRLC32E/CLK         n/a            0.980         5.000       4.020      SLICE_X46Y47  poly_solver_inst/divider_generator_0_inst/U0/i_synth/i_nd_to_rdy/opt_has_pipe.i_pipe[65].pipe_reg[65][0]_srl32/CLK
High Pulse Width  Fast    SRL16E/CLK          n/a            0.980         5.000       4.020      SLICE_X46Y47  poly_solver_inst/divider_generator_0_inst/U0/i_synth/i_nd_to_rdy/opt_has_pipe.i_pipe[67].pipe_reg[67][0]_srl2/CLK
High Pulse Width  Fast    SRLC32E/CLK         n/a            0.980         5.000       4.020      SLICE_X46Y61  poly_solver_inst/divider_generator_0_inst/U0/i_synth/i_nonzero_fract.i_synth/i_algo_r2_or_lutmult.i_nonzero_fract.i_sdivider/sign_pipeline.i_unrolled.sign_pipe/opt_has_pipe.i_pipe[33].pipe_reg[33][0]_srl32/CLK



