Copyright 1986-2018 Xilinx, Inc. All Rights Reserved.
-----------------------------------------------------------------------------------------------------------------------------------------------------------------------
| Tool Version : Vivado v.2018.2 (win64) Build 2258646 Thu Jun 14 20:03:12 MDT 2018
| Date         : Sun Nov  9 01:41:36 2025
| Host         : Plup1 running 64-bit major release  (build 9200)
| Command      : report_methodology -file Top_Student_methodology_drc_routed.rpt -pb Top_Student_methodology_drc_routed.pb -rpx Top_Student_methodology_drc_routed.rpx
| Design       : Top_Student
| Device       : xc7a35tcpg236-1
| Speed File   : -1
| Design State : Routed
-----------------------------------------------------------------------------------------------------------------------------------------------------------------------

Report Methodology

Table of Contents
-----------------
1. REPORT SUMMARY
2. REPORT DETAILS

1. REPORT SUMMARY
-----------------
            Netlist: netlist
          Floorplan: design_1
      Design limits: <entire design considered>
             Max violations: <unlimited>
             Violations found: 1187
+-----------+----------+-------------------------------+------------+
| Rule      | Severity | Description                   | Violations |
+-----------+----------+-------------------------------+------------+
| SYNTH-10  | Warning  | Wide multiplier               | 12         |
| TIMING-16 | Warning  | Large setup violation         | 1000       |
| TIMING-17 | Warning  | Non-clocked sequential cell   | 115        |
| TIMING-18 | Warning  | Missing input or output delay | 60         |
+-----------+----------+-------------------------------+------------+

2. REPORT DETAILS
-----------------
SYNTH-10#1 Warning
Wide multiplier  
Detected multiplier at poly_solver_inst/pipe_mul_a0 of size 15x18, it is decomposed from a wide multipler into 4 DSP blocks.
Related violations: <none>

SYNTH-10#2 Warning
Wide multiplier  
Detected multiplier at poly_solver_inst/pipe_mul_a0__0 of size 15x15, it is decomposed from a wide multipler into 4 DSP blocks.
Related violations: <none>

SYNTH-10#3 Warning
Wide multiplier  
Detected multiplier at poly_solver_inst/pipe_mul_a0__1 of size 18x18, it is decomposed from a wide multipler into 4 DSP blocks.
Related violations: <none>

SYNTH-10#4 Warning
Wide multiplier  
Detected multiplier at poly_solver_inst/pipe_mul_a0__2 of size 18x15, it is decomposed from a wide multipler into 4 DSP blocks.
Related violations: <none>

SYNTH-10#5 Warning
Wide multiplier  
Detected multiplier at poly_solver_inst/pipe_mul_b0 of size 15x18, it is decomposed from a wide multipler into 4 DSP blocks.
Related violations: <none>

SYNTH-10#6 Warning
Wide multiplier  
Detected multiplier at poly_solver_inst/pipe_mul_b0__0 of size 15x15, it is decomposed from a wide multipler into 4 DSP blocks.
Related violations: <none>

SYNTH-10#7 Warning
Wide multiplier  
Detected multiplier at poly_solver_inst/pipe_mul_b0__1 of size 18x18, it is decomposed from a wide multipler into 4 DSP blocks.
Related violations: <none>

SYNTH-10#8 Warning
Wide multiplier  
Detected multiplier at poly_solver_inst/pipe_mul_b0__2 of size 18x15, it is decomposed from a wide multipler into 4 DSP blocks.
Related violations: <none>

SYNTH-10#9 Warning
Wide multiplier  
Detected multiplier at poly_solver_inst/pipe_mul_c0 of size 15x18, it is decomposed from a wide multipler into 4 DSP blocks.
Related violations: <none>

SYNTH-10#10 Warning
Wide multiplier  
Detected multiplier at poly_solver_inst/pipe_mul_c0__0 of size 15x15, it is decomposed from a wide multipler into 4 DSP blocks.
Related violations: <none>

SYNTH-10#11 Warning
Wide multiplier  
Detected multiplier at poly_solver_inst/pipe_mul_c0__1 of size 18x18, it is decomposed from a wide multipler into 4 DSP blocks.
Related violations: <none>

SYNTH-10#12 Warning
Wide multiplier  
Detected multiplier at poly_solver_inst/pipe_mul_c0__2 of size 18x15, it is decomposed from a wide multipler into 4 DSP blocks.
Related violations: <none>

TIMING-16#1 Warning
Large setup violation  
There is a large setup violation of -1.014 ns between poly_mode_inst/coeff_val_reg[0][7]/C (clocked by sys_clk_pin) and poly_solver_inst/a_reg[14]/D (clocked by sys_clk_pin). Large setup violations at the end of those stages might be difficult to fix during the post-placement implementation flow and could be the result of non-optimal XDC constraints or non-optimal design architecture
Related violations: <none>

TIMING-16#2 Warning
Large setup violation  
There is a large setup violation of -1.016 ns between poly_mode_inst/coeff_val_reg[0][7]/C (clocked by sys_clk_pin) and poly_solver_inst/c_reg[10]/D (clocked by sys_clk_pin). Large setup violations at the end of those stages might be difficult to fix during the post-placement implementation flow and could be the result of non-optimal XDC constraints or non-optimal design architecture
Related violations: <none>

TIMING-16#3 Warning
Large setup violation  
There is a large setup violation of -1.018 ns between ascii_converter_inst/ascii_char_reg[4]/C (clocked by sys_clk_pin) and poly_mode_inst/coeff_val_reg[0][5]/CE (clocked by sys_clk_pin). Large setup violations at the end of those stages might be difficult to fix during the post-placement implementation flow and could be the result of non-optimal XDC constraints or non-optimal design architecture
Related violations: <none>

TIMING-16#4 Warning
Large setup violation  
There is a large setup violation of -1.027 ns between poly_solver_inst/state_reg[3]/C (clocked by sys_clk_pin) and poly_solver_inst/num2_reg[20]/CE (clocked by sys_clk_pin). Large setup violations at the end of those stages might be difficult to fix during the post-placement implementation flow and could be the result of non-optimal XDC constraints or non-optimal design architecture
Related violations: <none>

TIMING-16#5 Warning
Large setup violation  
There is a large setup violation of -1.027 ns between poly_solver_inst/state_reg[3]/C (clocked by sys_clk_pin) and poly_solver_inst/num2_reg[21]/CE (clocked by sys_clk_pin). Large setup violations at the end of those stages might be difficult to fix during the post-placement implementation flow and could be the result of non-optimal XDC constraints or non-optimal design architecture
Related violations: <none>

TIMING-16#6 Warning
Large setup violation  
There is a large setup violation of -1.027 ns between poly_solver_inst/state_reg[3]/C (clocked by sys_clk_pin) and poly_solver_inst/num2_reg[22]/CE (clocked by sys_clk_pin). Large setup violations at the end of those stages might be difficult to fix during the post-placement implementation flow and could be the result of non-optimal XDC constraints or non-optimal design architecture
Related violations: <none>

TIMING-16#7 Warning
Large setup violation  
There is a large setup violation of -1.027 ns between poly_solver_inst/state_reg[3]/C (clocked by sys_clk_pin) and poly_solver_inst/num2_reg[23]/CE (clocked by sys_clk_pin). Large setup violations at the end of those stages might be difficult to fix during the post-placement implementation flow and could be the result of non-optimal XDC constraints or non-optimal design architecture
Related violations: <none>

TIMING-16#8 Warning
Large setup violation  
There is a large setup violation of -1.041 ns between ascii_converter_inst/ascii_char_reg[4]/C (clocked by sys_clk_pin) and poly_mode_inst/coeff_val_reg[1][4]/CE (clocked by sys_clk_pin). Large setup violations at the end of those stages might be difficult to fix during the post-placement implementation flow and could be the result of non-optimal XDC constraints or non-optimal design architecture
Related violations: <none>

TIMING-16#9 Warning
Large setup violation  
There is a large setup violation of -1.044 ns between poly_mode_inst/coeff_val_reg[0][7]/C (clocked by sys_clk_pin) and poly_solver_inst/b_reg[10]/D (clocked by sys_clk_pin). Large setup violations at the end of those stages might be difficult to fix during the post-placement implementation flow and could be the result of non-optimal XDC constraints or non-optimal design architecture
Related violations: <none>

TIMING-16#10 Warning
Large setup violation  
There is a large setup violation of -1.045 ns between poly_mode_inst/coeff_val_reg[0][7]/C (clocked by sys_clk_pin) and poly_solver_inst/b_reg[6]/D (clocked by sys_clk_pin). Large setup violations at the end of those stages might be difficult to fix during the post-placement implementation flow and could be the result of non-optimal XDC constraints or non-optimal design architecture
Related violations: <none>

TIMING-16#11 Warning
Large setup violation  
There is a large setup violation of -1.047 ns between poly_solver_inst/state_reg[4]/C (clocked by sys_clk_pin) and poly_solver_inst/pipe_mul_a0__0/A[1] (clocked by sys_clk_pin). Large setup violations at the end of those stages might be difficult to fix during the post-placement implementation flow and could be the result of non-optimal XDC constraints or non-optimal design architecture
Related violations: <none>

TIMING-16#12 Warning
Large setup violation  
There is a large setup violation of -1.057 ns between poly_mode_inst/coeff_val_reg[0][7]/C (clocked by sys_clk_pin) and poly_solver_inst/b_reg[12]/D (clocked by sys_clk_pin). Large setup violations at the end of those stages might be difficult to fix during the post-placement implementation flow and could be the result of non-optimal XDC constraints or non-optimal design architecture
Related violations: <none>

TIMING-16#13 Warning
Large setup violation  
There is a large setup violation of -1.063 ns between ascii_converter_inst/ascii_char_reg[4]/C (clocked by sys_clk_pin) and poly_coeff_lengths_reg[0][0]/CE (clocked by sys_clk_pin). Large setup violations at the end of those stages might be difficult to fix during the post-placement implementation flow and could be the result of non-optimal XDC constraints or non-optimal design architecture
Related violations: <none>

TIMING-16#14 Warning
Large setup violation  
There is a large setup violation of -1.063 ns between ascii_converter_inst/ascii_char_reg[4]/C (clocked by sys_clk_pin) and poly_coeff_lengths_reg[0][1]/CE (clocked by sys_clk_pin). Large setup violations at the end of those stages might be difficult to fix during the post-placement implementation flow and could be the result of non-optimal XDC constraints or non-optimal design architecture
Related violations: <none>

TIMING-16#15 Warning
Large setup violation  
There is a large setup violation of -1.063 ns between ascii_converter_inst/ascii_char_reg[4]/C (clocked by sys_clk_pin) and poly_coeff_lengths_reg[0][2]/CE (clocked by sys_clk_pin). Large setup violations at the end of those stages might be difficult to fix during the post-placement implementation flow and could be the result of non-optimal XDC constraints or non-optimal design architecture
Related violations: <none>

TIMING-16#16 Warning
Large setup violation  
There is a large setup violation of -1.063 ns between ascii_converter_inst/ascii_char_reg[4]/C (clocked by sys_clk_pin) and poly_coeff_lengths_reg[0][3]/CE (clocked by sys_clk_pin). Large setup violations at the end of those stages might be difficult to fix during the post-placement implementation flow and could be the result of non-optimal XDC constraints or non-optimal design architecture
Related violations: <none>

TIMING-16#17 Warning
Large setup violation  
There is a large setup violation of -1.063 ns between poly_mode_inst/coeff_val_reg[0][7]/C (clocked by sys_clk_pin) and poly_solver_inst/a_reg[4]/D (clocked by sys_clk_pin). Large setup violations at the end of those stages might be difficult to fix during the post-placement implementation flow and could be the result of non-optimal XDC constraints or non-optimal design architecture
Related violations: <none>

TIMING-16#18 Warning
Large setup violation  
There is a large setup violation of -1.072 ns between ascii_converter_inst/ascii_char_reg[4]/C (clocked by sys_clk_pin) and poly_mode_inst/coeff_lengths_reg[2][1]/D (clocked by sys_clk_pin). Large setup violations at the end of those stages might be difficult to fix during the post-placement implementation flow and could be the result of non-optimal XDC constraints or non-optimal design architecture
Related violations: <none>

TIMING-16#19 Warning
Large setup violation  
There is a large setup violation of -1.076 ns between calc_mode_module_inst/vga_x_reg_reg[4]/C (clocked by sys_clk_pin) and calc_mode_module_inst/font_rom/U0/inst_blk_mem_gen/gnbram.gnativebmg.native_blk_mem_gen/valid.cstr/ramloop[0].ram.r/prim_init.ram/DEVICE_7SERIES.NO_BMM_INFO.SP.SIMPLE_PRIM18.ram/ADDRARDADDR[11] (clocked by sys_clk_pin). Large setup violations at the end of those stages might be difficult to fix during the post-placement implementation flow and could be the result of non-optimal XDC constraints or non-optimal design architecture
Related violations: <none>

TIMING-16#20 Warning
Large setup violation  
There is a large setup violation of -1.083 ns between calc_mode_module_inst/vga_x_reg_reg[2]/C (clocked by sys_clk_pin) and graph_mode_module_inst/font_rom/U0/inst_blk_mem_gen/gnbram.gnativebmg.native_blk_mem_gen/valid.cstr/ramloop[0].ram.r/prim_init.ram/DEVICE_7SERIES.NO_BMM_INFO.SP.SIMPLE_PRIM18.ram/ADDRARDADDR[10] (clocked by sys_clk_pin). Large setup violations at the end of those stages might be difficult to fix during the post-placement implementation flow and could be the result of non-optimal XDC constraints or non-optimal design architecture
Related violations: <none>

TIMING-16#21 Warning
Large setup violation  
There is a large setup violation of -1.083 ns between calc_mode_module_inst/vga_x_reg_reg[2]/C (clocked by sys_clk_pin) and graph_mode_module_inst/font_rom/U0/inst_blk_mem_gen/gnbram.gnativebmg.native_blk_mem_gen/valid.cstr/ramloop[0].ram.r/prim_init.ram/DEVICE_7SERIES.NO_BMM_INFO.SP.SIMPLE_PRIM18.ram/ADDRARDADDR[7] (clocked by sys_clk_pin). Large setup violations at the end of those stages might be difficult to fix during the post-placement implementation flow and could be the result of non-optimal XDC constraints or non-optimal design architecture
Related violations: <none>

TIMING-16#22 Warning
Large setup violation  
There is a large setup violation of -1.085 ns between poly_mode_inst/coeff_val_reg[0][7]/C (clocked by sys_clk_pin) and poly_solver_inst/b_reg[5]/D (clocked by sys_clk_pin). Large setup violations at the end of those stages might be difficult to fix during the post-placement implementation flow and could be the result of non-optimal XDC constraints or non-optimal design architecture
Related violations: <none>

TIMING-16#23 Warning
Large setup violation  
There is a large setup violation of -1.086 ns between poly_solver_inst/state_reg[4]/C (clocked by sys_clk_pin) and poly_solver_inst/pipe_mul_a0__0/A[3] (clocked by sys_clk_pin). Large setup violations at the end of those stages might be difficult to fix during the post-placement implementation flow and could be the result of non-optimal XDC constraints or non-optimal design architecture
Related violations: <none>

TIMING-16#24 Warning
Large setup violation  
There is a large setup violation of -1.090 ns between ascii_converter_inst/ascii_char_reg[4]/C (clocked by sys_clk_pin) and poly_mode_inst/coeff_val_reg[2][3]/CE (clocked by sys_clk_pin). Large setup violations at the end of those stages might be difficult to fix during the post-placement implementation flow and could be the result of non-optimal XDC constraints or non-optimal design architecture
Related violations: <none>

TIMING-16#25 Warning
Large setup violation  
There is a large setup violation of -1.094 ns between poly_mode_inst/coeff_val_reg[0][7]/C (clocked by sys_clk_pin) and poly_solver_inst/d_reg[8]/D (clocked by sys_clk_pin). Large setup violations at the end of those stages might be difficult to fix during the post-placement implementation flow and could be the result of non-optimal XDC constraints or non-optimal design architecture
Related violations: <none>

TIMING-16#26 Warning
Large setup violation  
There is a large setup violation of -1.099 ns between poly_mode_inst/coeff_val_reg[0][7]/C (clocked by sys_clk_pin) and poly_solver_inst/d_reg[30]/D (clocked by sys_clk_pin). Large setup violations at the end of those stages might be difficult to fix during the post-placement implementation flow and could be the result of non-optimal XDC constraints or non-optimal design architecture
Related violations: <none>

TIMING-16#27 Warning
Large setup violation  
There is a large setup violation of -1.104 ns between poly_mode_inst/coeff_val_reg[0][7]/C (clocked by sys_clk_pin) and poly_solver_inst/b_reg[30]/D (clocked by sys_clk_pin). Large setup violations at the end of those stages might be difficult to fix during the post-placement implementation flow and could be the result of non-optimal XDC constraints or non-optimal design architecture
Related violations: <none>

TIMING-16#28 Warning
Large setup violation  
There is a large setup violation of -1.117 ns between ascii_converter_inst/ascii_char_reg[4]/C (clocked by sys_clk_pin) and poly_mode_inst/coeff_lengths_reg[0][1]/D (clocked by sys_clk_pin). Large setup violations at the end of those stages might be difficult to fix during the post-placement implementation flow and could be the result of non-optimal XDC constraints or non-optimal design architecture
Related violations: <none>

TIMING-16#29 Warning
Large setup violation  
There is a large setup violation of -1.146 ns between poly_mode_inst/coeff_val_reg[0][7]/C (clocked by sys_clk_pin) and poly_solver_inst/d_reg[5]/D (clocked by sys_clk_pin). Large setup violations at the end of those stages might be difficult to fix during the post-placement implementation flow and could be the result of non-optimal XDC constraints or non-optimal design architecture
Related violations: <none>

TIMING-16#30 Warning
Large setup violation  
There is a large setup violation of -1.160 ns between ascii_converter_inst/ascii_char_reg[4]/C (clocked by sys_clk_pin) and poly_mode_inst/coeff_val_reg[3][10]/CE (clocked by sys_clk_pin). Large setup violations at the end of those stages might be difficult to fix during the post-placement implementation flow and could be the result of non-optimal XDC constraints or non-optimal design architecture
Related violations: <none>

TIMING-16#31 Warning
Large setup violation  
There is a large setup violation of -1.160 ns between ascii_converter_inst/ascii_char_reg[4]/C (clocked by sys_clk_pin) and poly_mode_inst/coeff_val_reg[3][2]/CE (clocked by sys_clk_pin). Large setup violations at the end of those stages might be difficult to fix during the post-placement implementation flow and could be the result of non-optimal XDC constraints or non-optimal design architecture
Related violations: <none>

TIMING-16#32 Warning
Large setup violation  
There is a large setup violation of -1.160 ns between ascii_converter_inst/ascii_char_reg[4]/C (clocked by sys_clk_pin) and poly_mode_inst/coeff_val_reg[3][5]/CE (clocked by sys_clk_pin). Large setup violations at the end of those stages might be difficult to fix during the post-placement implementation flow and could be the result of non-optimal XDC constraints or non-optimal design architecture
Related violations: <none>

TIMING-16#33 Warning
Large setup violation  
There is a large setup violation of -1.163 ns between poly_mode_inst/coeff_val_reg[0][7]/C (clocked by sys_clk_pin) and poly_solver_inst/d_reg[3]/D (clocked by sys_clk_pin). Large setup violations at the end of those stages might be difficult to fix during the post-placement implementation flow and could be the result of non-optimal XDC constraints or non-optimal design architecture
Related violations: <none>

TIMING-16#34 Warning
Large setup violation  
There is a large setup violation of -1.168 ns between ascii_converter_inst/ascii_char_reg[4]/C (clocked by sys_clk_pin) and poly_mode_inst/coeff_val_reg[0][10]/CE (clocked by sys_clk_pin). Large setup violations at the end of those stages might be difficult to fix during the post-placement implementation flow and could be the result of non-optimal XDC constraints or non-optimal design architecture
Related violations: <none>

TIMING-16#35 Warning
Large setup violation  
There is a large setup violation of -1.168 ns between ascii_converter_inst/ascii_char_reg[4]/C (clocked by sys_clk_pin) and poly_mode_inst/coeff_val_reg[0][4]/CE (clocked by sys_clk_pin). Large setup violations at the end of those stages might be difficult to fix during the post-placement implementation flow and could be the result of non-optimal XDC constraints or non-optimal design architecture
Related violations: <none>

TIMING-16#36 Warning
Large setup violation  
There is a large setup violation of -1.168 ns between ascii_converter_inst/ascii_char_reg[4]/C (clocked by sys_clk_pin) and poly_mode_inst/coeff_val_reg[0][6]/CE (clocked by sys_clk_pin). Large setup violations at the end of those stages might be difficult to fix during the post-placement implementation flow and could be the result of non-optimal XDC constraints or non-optimal design architecture
Related violations: <none>

TIMING-16#37 Warning
Large setup violation  
There is a large setup violation of -1.168 ns between ascii_converter_inst/ascii_char_reg[4]/C (clocked by sys_clk_pin) and poly_mode_inst/coeff_val_reg[0][8]/CE (clocked by sys_clk_pin). Large setup violations at the end of those stages might be difficult to fix during the post-placement implementation flow and could be the result of non-optimal XDC constraints or non-optimal design architecture
Related violations: <none>

TIMING-16#38 Warning
Large setup violation  
There is a large setup violation of -1.175 ns between poly_mode_inst/coeff_val_reg[0][7]/C (clocked by sys_clk_pin) and poly_solver_inst/c_reg[4]/D (clocked by sys_clk_pin). Large setup violations at the end of those stages might be difficult to fix during the post-placement implementation flow and could be the result of non-optimal XDC constraints or non-optimal design architecture
Related violations: <none>

TIMING-16#39 Warning
Large setup violation  
There is a large setup violation of -1.177 ns between ascii_converter_inst/ascii_char_reg[4]/C (clocked by sys_clk_pin) and poly_mode_inst/coeff_val_reg[3][0]/CE (clocked by sys_clk_pin). Large setup violations at the end of those stages might be difficult to fix during the post-placement implementation flow and could be the result of non-optimal XDC constraints or non-optimal design architecture
Related violations: <none>

TIMING-16#40 Warning
Large setup violation  
There is a large setup violation of -1.177 ns between ascii_converter_inst/ascii_char_reg[4]/C (clocked by sys_clk_pin) and poly_mode_inst/coeff_val_reg[3][1]/CE (clocked by sys_clk_pin). Large setup violations at the end of those stages might be difficult to fix during the post-placement implementation flow and could be the result of non-optimal XDC constraints or non-optimal design architecture
Related violations: <none>

TIMING-16#41 Warning
Large setup violation  
There is a large setup violation of -1.177 ns between ascii_converter_inst/ascii_char_reg[4]/C (clocked by sys_clk_pin) and poly_mode_inst/coeff_val_reg[3][3]/CE (clocked by sys_clk_pin). Large setup violations at the end of those stages might be difficult to fix during the post-placement implementation flow and could be the result of non-optimal XDC constraints or non-optimal design architecture
Related violations: <none>

TIMING-16#42 Warning
Large setup violation  
There is a large setup violation of -1.177 ns between ascii_converter_inst/ascii_char_reg[4]/C (clocked by sys_clk_pin) and poly_mode_inst/coeff_val_reg[3][8]/CE (clocked by sys_clk_pin). Large setup violations at the end of those stages might be difficult to fix during the post-placement implementation flow and could be the result of non-optimal XDC constraints or non-optimal design architecture
Related violations: <none>

TIMING-16#43 Warning
Large setup violation  
There is a large setup violation of -1.178 ns between poly_solver_inst/state_reg[4]/C (clocked by sys_clk_pin) and poly_solver_inst/pipe_mul_a0__0/A[6] (clocked by sys_clk_pin). Large setup violations at the end of those stages might be difficult to fix during the post-placement implementation flow and could be the result of non-optimal XDC constraints or non-optimal design architecture
Related violations: <none>

TIMING-16#44 Warning
Large setup violation  
There is a large setup violation of -1.180 ns between poly_mode_inst/coeff_val_reg[0][7]/C (clocked by sys_clk_pin) and poly_solver_inst/a_reg[8]/D (clocked by sys_clk_pin). Large setup violations at the end of those stages might be difficult to fix during the post-placement implementation flow and could be the result of non-optimal XDC constraints or non-optimal design architecture
Related violations: <none>

TIMING-16#45 Warning
Large setup violation  
There is a large setup violation of -1.183 ns between poly_mode_inst/coeff_val_reg[0][7]/C (clocked by sys_clk_pin) and poly_solver_inst/b_reg[3]/D (clocked by sys_clk_pin). Large setup violations at the end of those stages might be difficult to fix during the post-placement implementation flow and could be the result of non-optimal XDC constraints or non-optimal design architecture
Related violations: <none>

TIMING-16#46 Warning
Large setup violation  
There is a large setup violation of -1.185 ns between ascii_converter_inst/ascii_char_reg[4]/C (clocked by sys_clk_pin) and poly_mode_inst/coeff_val_reg[0][11]/CE (clocked by sys_clk_pin). Large setup violations at the end of those stages might be difficult to fix during the post-placement implementation flow and could be the result of non-optimal XDC constraints or non-optimal design architecture
Related violations: <none>

TIMING-16#47 Warning
Large setup violation  
There is a large setup violation of -1.185 ns between ascii_converter_inst/ascii_char_reg[4]/C (clocked by sys_clk_pin) and poly_mode_inst/coeff_val_reg[0][12]/CE (clocked by sys_clk_pin). Large setup violations at the end of those stages might be difficult to fix during the post-placement implementation flow and could be the result of non-optimal XDC constraints or non-optimal design architecture
Related violations: <none>

TIMING-16#48 Warning
Large setup violation  
There is a large setup violation of -1.185 ns between ascii_converter_inst/ascii_char_reg[4]/C (clocked by sys_clk_pin) and poly_mode_inst/coeff_val_reg[0][13]/CE (clocked by sys_clk_pin). Large setup violations at the end of those stages might be difficult to fix during the post-placement implementation flow and could be the result of non-optimal XDC constraints or non-optimal design architecture
Related violations: <none>

TIMING-16#49 Warning
Large setup violation  
There is a large setup violation of -1.185 ns between ascii_converter_inst/ascii_char_reg[4]/C (clocked by sys_clk_pin) and poly_mode_inst/coeff_val_reg[0][18]/CE (clocked by sys_clk_pin). Large setup violations at the end of those stages might be difficult to fix during the post-placement implementation flow and could be the result of non-optimal XDC constraints or non-optimal design architecture
Related violations: <none>

TIMING-16#50 Warning
Large setup violation  
There is a large setup violation of -1.186 ns between poly_mode_inst/coeff_val_reg[0][7]/C (clocked by sys_clk_pin) and poly_solver_inst/a_reg[15]/D (clocked by sys_clk_pin). Large setup violations at the end of those stages might be difficult to fix during the post-placement implementation flow and could be the result of non-optimal XDC constraints or non-optimal design architecture
Related violations: <none>

TIMING-16#51 Warning
Large setup violation  
There is a large setup violation of -1.190 ns between poly_mode_inst/coeff_val_reg[0][7]/C (clocked by sys_clk_pin) and poly_solver_inst/b_reg[13]/D (clocked by sys_clk_pin). Large setup violations at the end of those stages might be difficult to fix during the post-placement implementation flow and could be the result of non-optimal XDC constraints or non-optimal design architecture
Related violations: <none>

TIMING-16#52 Warning
Large setup violation  
There is a large setup violation of -1.206 ns between ascii_converter_inst/ascii_char_reg[4]/C (clocked by sys_clk_pin) and poly_mode_inst/input_digit_index_reg[1]/D (clocked by sys_clk_pin). Large setup violations at the end of those stages might be difficult to fix during the post-placement implementation flow and could be the result of non-optimal XDC constraints or non-optimal design architecture
Related violations: <none>

TIMING-16#53 Warning
Large setup violation  
There is a large setup violation of -1.206 ns between poly_mode_inst/coeff_val_reg[0][7]/C (clocked by sys_clk_pin) and poly_solver_inst/b_reg[11]/D (clocked by sys_clk_pin). Large setup violations at the end of those stages might be difficult to fix during the post-placement implementation flow and could be the result of non-optimal XDC constraints or non-optimal design architecture
Related violations: <none>

TIMING-16#54 Warning
Large setup violation  
There is a large setup violation of -1.213 ns between ascii_converter_inst/ascii_char_reg[4]/C (clocked by sys_clk_pin) and poly_mode_inst/coeff_lengths_reg[1][1]/D (clocked by sys_clk_pin). Large setup violations at the end of those stages might be difficult to fix during the post-placement implementation flow and could be the result of non-optimal XDC constraints or non-optimal design architecture
Related violations: <none>

TIMING-16#55 Warning
Large setup violation  
There is a large setup violation of -1.214 ns between poly_mode_inst/coeff_val_reg[0][7]/C (clocked by sys_clk_pin) and poly_solver_inst/a_reg[11]/D (clocked by sys_clk_pin). Large setup violations at the end of those stages might be difficult to fix during the post-placement implementation flow and could be the result of non-optimal XDC constraints or non-optimal design architecture
Related violations: <none>

TIMING-16#56 Warning
Large setup violation  
There is a large setup violation of -1.215 ns between poly_mode_inst/coeff_val_reg[0][7]/C (clocked by sys_clk_pin) and poly_solver_inst/b_reg[16]/D (clocked by sys_clk_pin). Large setup violations at the end of those stages might be difficult to fix during the post-placement implementation flow and could be the result of non-optimal XDC constraints or non-optimal design architecture
Related violations: <none>

TIMING-16#57 Warning
Large setup violation  
There is a large setup violation of -1.219 ns between poly_mode_inst/coeff_val_reg[0][7]/C (clocked by sys_clk_pin) and poly_solver_inst/b_reg[8]/D (clocked by sys_clk_pin). Large setup violations at the end of those stages might be difficult to fix during the post-placement implementation flow and could be the result of non-optimal XDC constraints or non-optimal design architecture
Related violations: <none>

TIMING-16#58 Warning
Large setup violation  
There is a large setup violation of -1.224 ns between poly_mode_inst/coeff_val_reg[0][7]/C (clocked by sys_clk_pin) and poly_solver_inst/a_reg[10]/D (clocked by sys_clk_pin). Large setup violations at the end of those stages might be difficult to fix during the post-placement implementation flow and could be the result of non-optimal XDC constraints or non-optimal design architecture
Related violations: <none>

TIMING-16#59 Warning
Large setup violation  
There is a large setup violation of -1.225 ns between ascii_converter_inst/ascii_char_reg[4]/C (clocked by sys_clk_pin) and poly_mode_inst/coeff_val_reg[3][13]/CE (clocked by sys_clk_pin). Large setup violations at the end of those stages might be difficult to fix during the post-placement implementation flow and could be the result of non-optimal XDC constraints or non-optimal design architecture
Related violations: <none>

TIMING-16#60 Warning
Large setup violation  
There is a large setup violation of -1.225 ns between ascii_converter_inst/ascii_char_reg[4]/C (clocked by sys_clk_pin) and poly_mode_inst/coeff_val_reg[3][14]/CE (clocked by sys_clk_pin). Large setup violations at the end of those stages might be difficult to fix during the post-placement implementation flow and could be the result of non-optimal XDC constraints or non-optimal design architecture
Related violations: <none>

TIMING-16#61 Warning
Large setup violation  
There is a large setup violation of -1.225 ns between ascii_converter_inst/ascii_char_reg[4]/C (clocked by sys_clk_pin) and poly_mode_inst/coeff_val_reg[3][23]/CE (clocked by sys_clk_pin). Large setup violations at the end of those stages might be difficult to fix during the post-placement implementation flow and could be the result of non-optimal XDC constraints or non-optimal design architecture
Related violations: <none>

TIMING-16#62 Warning
Large setup violation  
There is a large setup violation of -1.234 ns between poly_mode_inst/coeff_val_reg[0][7]/C (clocked by sys_clk_pin) and poly_solver_inst/b_reg[7]/D (clocked by sys_clk_pin). Large setup violations at the end of those stages might be difficult to fix during the post-placement implementation flow and could be the result of non-optimal XDC constraints or non-optimal design architecture
Related violations: <none>

TIMING-16#63 Warning
Large setup violation  
There is a large setup violation of -1.237 ns between poly_mode_inst/coeff_val_reg[0][7]/C (clocked by sys_clk_pin) and poly_solver_inst/d_reg[15]/D (clocked by sys_clk_pin). Large setup violations at the end of those stages might be difficult to fix during the post-placement implementation flow and could be the result of non-optimal XDC constraints or non-optimal design architecture
Related violations: <none>

TIMING-16#64 Warning
Large setup violation  
There is a large setup violation of -1.239 ns between ascii_converter_inst/ascii_char_reg[4]/C (clocked by sys_clk_pin) and poly_mode_inst/coeff_str_reg[3][68]/D (clocked by sys_clk_pin). Large setup violations at the end of those stages might be difficult to fix during the post-placement implementation flow and could be the result of non-optimal XDC constraints or non-optimal design architecture
Related violations: <none>

TIMING-16#65 Warning
Large setup violation  
There is a large setup violation of -1.241 ns between poly_mode_inst/coeff_val_reg[0][7]/C (clocked by sys_clk_pin) and poly_solver_inst/d_reg[2]/D (clocked by sys_clk_pin). Large setup violations at the end of those stages might be difficult to fix during the post-placement implementation flow and could be the result of non-optimal XDC constraints or non-optimal design architecture
Related violations: <none>

TIMING-16#66 Warning
Large setup violation  
There is a large setup violation of -1.249 ns between ascii_converter_inst/ascii_char_reg[4]/C (clocked by sys_clk_pin) and poly_mode_inst/coeff_val_reg[2][1]/CE (clocked by sys_clk_pin). Large setup violations at the end of those stages might be difficult to fix during the post-placement implementation flow and could be the result of non-optimal XDC constraints or non-optimal design architecture
Related violations: <none>

TIMING-16#67 Warning
Large setup violation  
There is a large setup violation of -1.271 ns between ascii_converter_inst/ascii_char_reg[4]/C (clocked by sys_clk_pin) and poly_mode_inst/coeff_lengths_reg[0][2]/D (clocked by sys_clk_pin). Large setup violations at the end of those stages might be difficult to fix during the post-placement implementation flow and could be the result of non-optimal XDC constraints or non-optimal design architecture
Related violations: <none>

TIMING-16#68 Warning
Large setup violation  
There is a large setup violation of -1.282 ns between ascii_converter_inst/ascii_char_reg[4]/C (clocked by sys_clk_pin) and poly_mode_inst/coeff_lengths_reg[3][1]/D (clocked by sys_clk_pin). Large setup violations at the end of those stages might be difficult to fix during the post-placement implementation flow and could be the result of non-optimal XDC constraints or non-optimal design architecture
Related violations: <none>

TIMING-16#69 Warning
Large setup violation  
There is a large setup violation of -1.282 ns between ascii_converter_inst/ascii_char_reg[4]/C (clocked by sys_clk_pin) and poly_mode_inst/coeff_str_reg[0][52]/D (clocked by sys_clk_pin). Large setup violations at the end of those stages might be difficult to fix during the post-placement implementation flow and could be the result of non-optimal XDC constraints or non-optimal design architecture
Related violations: <none>

TIMING-16#70 Warning
Large setup violation  
There is a large setup violation of -1.287 ns between ascii_converter_inst/ascii_char_reg[4]/C (clocked by sys_clk_pin) and poly_mode_inst/coeff_str_reg[3][76]/D (clocked by sys_clk_pin). Large setup violations at the end of those stages might be difficult to fix during the post-placement implementation flow and could be the result of non-optimal XDC constraints or non-optimal design architecture
Related violations: <none>

TIMING-16#71 Warning
Large setup violation  
There is a large setup violation of -1.290 ns between poly_mode_inst/coeff_val_reg[0][7]/C (clocked by sys_clk_pin) and poly_solver_inst/c_reg[19]/D (clocked by sys_clk_pin). Large setup violations at the end of those stages might be difficult to fix during the post-placement implementation flow and could be the result of non-optimal XDC constraints or non-optimal design architecture
Related violations: <none>

TIMING-16#72 Warning
Large setup violation  
There is a large setup violation of -1.291 ns between poly_solver_inst/state_reg[4]/C (clocked by sys_clk_pin) and poly_solver_inst/pipe_clip_b_reg[13]/CE (clocked by sys_clk_pin). Large setup violations at the end of those stages might be difficult to fix during the post-placement implementation flow and could be the result of non-optimal XDC constraints or non-optimal design architecture
Related violations: <none>

TIMING-16#73 Warning
Large setup violation  
There is a large setup violation of -1.291 ns between poly_solver_inst/state_reg[4]/C (clocked by sys_clk_pin) and poly_solver_inst/pipe_clip_b_reg[15]/CE (clocked by sys_clk_pin). Large setup violations at the end of those stages might be difficult to fix during the post-placement implementation flow and could be the result of non-optimal XDC constraints or non-optimal design architecture
Related violations: <none>

TIMING-16#74 Warning
Large setup violation  
There is a large setup violation of -1.291 ns between poly_solver_inst/state_reg[4]/C (clocked by sys_clk_pin) and poly_solver_inst/pipe_clip_b_reg[16]/CE (clocked by sys_clk_pin). Large setup violations at the end of those stages might be difficult to fix during the post-placement implementation flow and could be the result of non-optimal XDC constraints or non-optimal design architecture
Related violations: <none>

TIMING-16#75 Warning
Large setup violation  
There is a large setup violation of -1.292 ns between poly_solver_inst/state_reg[4]/C (clocked by sys_clk_pin) and poly_solver_inst/pipe_mul_a0__0/A[0] (clocked by sys_clk_pin). Large setup violations at the end of those stages might be difficult to fix during the post-placement implementation flow and could be the result of non-optimal XDC constraints or non-optimal design architecture
Related violations: <none>

TIMING-16#76 Warning
Large setup violation  
There is a large setup violation of -1.296 ns between poly_mode_inst/coeff_val_reg[0][7]/C (clocked by sys_clk_pin) and poly_solver_inst/c_reg[15]/D (clocked by sys_clk_pin). Large setup violations at the end of those stages might be difficult to fix during the post-placement implementation flow and could be the result of non-optimal XDC constraints or non-optimal design architecture
Related violations: <none>

TIMING-16#77 Warning
Large setup violation  
There is a large setup violation of -1.296 ns between poly_mode_inst/coeff_val_reg[0][7]/C (clocked by sys_clk_pin) and poly_solver_inst/c_reg[7]/D (clocked by sys_clk_pin). Large setup violations at the end of those stages might be difficult to fix during the post-placement implementation flow and could be the result of non-optimal XDC constraints or non-optimal design architecture
Related violations: <none>

TIMING-16#78 Warning
Large setup violation  
There is a large setup violation of -1.310 ns between ascii_converter_inst/ascii_char_reg[4]/C (clocked by sys_clk_pin) and poly_mode_inst/coeff_val_reg[3][11]/CE (clocked by sys_clk_pin). Large setup violations at the end of those stages might be difficult to fix during the post-placement implementation flow and could be the result of non-optimal XDC constraints or non-optimal design architecture
Related violations: <none>

TIMING-16#79 Warning
Large setup violation  
There is a large setup violation of -1.310 ns between ascii_converter_inst/ascii_char_reg[4]/C (clocked by sys_clk_pin) and poly_mode_inst/coeff_val_reg[3][12]/CE (clocked by sys_clk_pin). Large setup violations at the end of those stages might be difficult to fix during the post-placement implementation flow and could be the result of non-optimal XDC constraints or non-optimal design architecture
Related violations: <none>

TIMING-16#80 Warning
Large setup violation  
There is a large setup violation of -1.310 ns between ascii_converter_inst/ascii_char_reg[4]/C (clocked by sys_clk_pin) and poly_mode_inst/coeff_val_reg[3][15]/CE (clocked by sys_clk_pin). Large setup violations at the end of those stages might be difficult to fix during the post-placement implementation flow and could be the result of non-optimal XDC constraints or non-optimal design architecture
Related violations: <none>

TIMING-16#81 Warning
Large setup violation  
There is a large setup violation of -1.310 ns between ascii_converter_inst/ascii_char_reg[4]/C (clocked by sys_clk_pin) and poly_mode_inst/coeff_val_reg[3][16]/CE (clocked by sys_clk_pin). Large setup violations at the end of those stages might be difficult to fix during the post-placement implementation flow and could be the result of non-optimal XDC constraints or non-optimal design architecture
Related violations: <none>

TIMING-16#82 Warning
Large setup violation  
There is a large setup violation of -1.316 ns between ascii_converter_inst/ascii_char_reg[4]/C (clocked by sys_clk_pin) and poly_mode_inst/coeff_val_reg[3][20]/CE (clocked by sys_clk_pin). Large setup violations at the end of those stages might be difficult to fix during the post-placement implementation flow and could be the result of non-optimal XDC constraints or non-optimal design architecture
Related violations: <none>

TIMING-16#83 Warning
Large setup violation  
There is a large setup violation of -1.316 ns between ascii_converter_inst/ascii_char_reg[4]/C (clocked by sys_clk_pin) and poly_mode_inst/coeff_val_reg[3][22]/CE (clocked by sys_clk_pin). Large setup violations at the end of those stages might be difficult to fix during the post-placement implementation flow and could be the result of non-optimal XDC constraints or non-optimal design architecture
Related violations: <none>

TIMING-16#84 Warning
Large setup violation  
There is a large setup violation of -1.323 ns between ascii_converter_inst/ascii_char_reg[4]/C (clocked by sys_clk_pin) and poly_mode_inst/coeff_val_reg[1][1]/CE (clocked by sys_clk_pin). Large setup violations at the end of those stages might be difficult to fix during the post-placement implementation flow and could be the result of non-optimal XDC constraints or non-optimal design architecture
Related violations: <none>

TIMING-16#85 Warning
Large setup violation  
There is a large setup violation of -1.323 ns between ascii_converter_inst/ascii_char_reg[4]/C (clocked by sys_clk_pin) and poly_mode_inst/coeff_val_reg[1][2]/CE (clocked by sys_clk_pin). Large setup violations at the end of those stages might be difficult to fix during the post-placement implementation flow and could be the result of non-optimal XDC constraints or non-optimal design architecture
Related violations: <none>

TIMING-16#86 Warning
Large setup violation  
There is a large setup violation of -1.323 ns between calc_mode_module_inst/vga_x_reg_reg[2]/C (clocked by sys_clk_pin) and graph_mode_module_inst/font_rom/U0/inst_blk_mem_gen/gnbram.gnativebmg.native_blk_mem_gen/valid.cstr/ramloop[0].ram.r/prim_init.ram/DEVICE_7SERIES.NO_BMM_INFO.SP.SIMPLE_PRIM18.ram/ADDRARDADDR[8] (clocked by sys_clk_pin). Large setup violations at the end of those stages might be difficult to fix during the post-placement implementation flow and could be the result of non-optimal XDC constraints or non-optimal design architecture
Related violations: <none>

TIMING-16#87 Warning
Large setup violation  
There is a large setup violation of -1.345 ns between ascii_converter_inst/ascii_char_reg[4]/C (clocked by sys_clk_pin) and poly_mode_inst/coeff_val_reg[1][5]/CE (clocked by sys_clk_pin). Large setup violations at the end of those stages might be difficult to fix during the post-placement implementation flow and could be the result of non-optimal XDC constraints or non-optimal design architecture
Related violations: <none>

TIMING-16#88 Warning
Large setup violation  
There is a large setup violation of -1.345 ns between ascii_converter_inst/ascii_char_reg[4]/C (clocked by sys_clk_pin) and poly_mode_inst/coeff_val_reg[1][8]/CE (clocked by sys_clk_pin). Large setup violations at the end of those stages might be difficult to fix during the post-placement implementation flow and could be the result of non-optimal XDC constraints or non-optimal design architecture
Related violations: <none>

TIMING-16#89 Warning
Large setup violation  
There is a large setup violation of -1.345 ns between poly_mode_inst/coeff_val_reg[0][7]/C (clocked by sys_clk_pin) and poly_solver_inst/d_reg[13]/D (clocked by sys_clk_pin). Large setup violations at the end of those stages might be difficult to fix during the post-placement implementation flow and could be the result of non-optimal XDC constraints or non-optimal design architecture
Related violations: <none>

TIMING-16#90 Warning
Large setup violation  
There is a large setup violation of -1.349 ns between poly_mode_inst/coeff_val_reg[0][7]/C (clocked by sys_clk_pin) and poly_solver_inst/d_reg[9]/D (clocked by sys_clk_pin). Large setup violations at the end of those stages might be difficult to fix during the post-placement implementation flow and could be the result of non-optimal XDC constraints or non-optimal design architecture
Related violations: <none>

TIMING-16#91 Warning
Large setup violation  
There is a large setup violation of -1.354 ns between ascii_converter_inst/ascii_char_reg[4]/C (clocked by sys_clk_pin) and poly_mode_inst/coeff_val_reg[0][20]/CE (clocked by sys_clk_pin). Large setup violations at the end of those stages might be difficult to fix during the post-placement implementation flow and could be the result of non-optimal XDC constraints or non-optimal design architecture
Related violations: <none>

TIMING-16#92 Warning
Large setup violation  
There is a large setup violation of -1.354 ns between ascii_converter_inst/ascii_char_reg[4]/C (clocked by sys_clk_pin) and poly_mode_inst/coeff_val_reg[0][22]/CE (clocked by sys_clk_pin). Large setup violations at the end of those stages might be difficult to fix during the post-placement implementation flow and could be the result of non-optimal XDC constraints or non-optimal design architecture
Related violations: <none>

TIMING-16#93 Warning
Large setup violation  
There is a large setup violation of -1.363 ns between poly_mode_inst/coeff_val_reg[0][7]/C (clocked by sys_clk_pin) and poly_solver_inst/d_reg[16]/D (clocked by sys_clk_pin). Large setup violations at the end of those stages might be difficult to fix during the post-placement implementation flow and could be the result of non-optimal XDC constraints or non-optimal design architecture
Related violations: <none>

TIMING-16#94 Warning
Large setup violation  
There is a large setup violation of -1.365 ns between poly_mode_inst/coeff_val_reg[0][7]/C (clocked by sys_clk_pin) and poly_solver_inst/c_reg[11]/D (clocked by sys_clk_pin). Large setup violations at the end of those stages might be difficult to fix during the post-placement implementation flow and could be the result of non-optimal XDC constraints or non-optimal design architecture
Related violations: <none>

TIMING-16#95 Warning
Large setup violation  
There is a large setup violation of -1.366 ns between ascii_converter_inst/ascii_char_reg[3]/C (clocked by sys_clk_pin) and poly_coeff_lengths_reg[2][0]/R (clocked by sys_clk_pin). Large setup violations at the end of those stages might be difficult to fix during the post-placement implementation flow and could be the result of non-optimal XDC constraints or non-optimal design architecture
Related violations: <none>

TIMING-16#96 Warning
Large setup violation  
There is a large setup violation of -1.366 ns between ascii_converter_inst/ascii_char_reg[3]/C (clocked by sys_clk_pin) and poly_coeff_lengths_reg[2][1]/R (clocked by sys_clk_pin). Large setup violations at the end of those stages might be difficult to fix during the post-placement implementation flow and could be the result of non-optimal XDC constraints or non-optimal design architecture
Related violations: <none>

TIMING-16#97 Warning
Large setup violation  
There is a large setup violation of -1.366 ns between ascii_converter_inst/ascii_char_reg[3]/C (clocked by sys_clk_pin) and poly_coeff_lengths_reg[2][2]/R (clocked by sys_clk_pin). Large setup violations at the end of those stages might be difficult to fix during the post-placement implementation flow and could be the result of non-optimal XDC constraints or non-optimal design architecture
Related violations: <none>

TIMING-16#98 Warning
Large setup violation  
There is a large setup violation of -1.366 ns between ascii_converter_inst/ascii_char_reg[3]/C (clocked by sys_clk_pin) and poly_coeff_lengths_reg[2][3]/R (clocked by sys_clk_pin). Large setup violations at the end of those stages might be difficult to fix during the post-placement implementation flow and could be the result of non-optimal XDC constraints or non-optimal design architecture
Related violations: <none>

TIMING-16#99 Warning
Large setup violation  
There is a large setup violation of -1.388 ns between ascii_converter_inst/ascii_char_reg[4]/C (clocked by sys_clk_pin) and poly_mode_inst/coeff_val_reg[3][17]/CE (clocked by sys_clk_pin). Large setup violations at the end of those stages might be difficult to fix during the post-placement implementation flow and could be the result of non-optimal XDC constraints or non-optimal design architecture
Related violations: <none>

TIMING-16#100 Warning
Large setup violation  
There is a large setup violation of -1.388 ns between ascii_converter_inst/ascii_char_reg[4]/C (clocked by sys_clk_pin) and poly_mode_inst/coeff_val_reg[3][18]/CE (clocked by sys_clk_pin). Large setup violations at the end of those stages might be difficult to fix during the post-placement implementation flow and could be the result of non-optimal XDC constraints or non-optimal design architecture
Related violations: <none>

TIMING-16#101 Warning
Large setup violation  
There is a large setup violation of -1.388 ns between ascii_converter_inst/ascii_char_reg[4]/C (clocked by sys_clk_pin) and poly_mode_inst/coeff_val_reg[3][19]/CE (clocked by sys_clk_pin). Large setup violations at the end of those stages might be difficult to fix during the post-placement implementation flow and could be the result of non-optimal XDC constraints or non-optimal design architecture
Related violations: <none>

TIMING-16#102 Warning
Large setup violation  
There is a large setup violation of -1.388 ns between ascii_converter_inst/ascii_char_reg[4]/C (clocked by sys_clk_pin) and poly_mode_inst/coeff_val_reg[3][21]/CE (clocked by sys_clk_pin). Large setup violations at the end of those stages might be difficult to fix during the post-placement implementation flow and could be the result of non-optimal XDC constraints or non-optimal design architecture
Related violations: <none>

TIMING-16#103 Warning
Large setup violation  
There is a large setup violation of -1.393 ns between poly_mode_inst/coeff_val_reg[0][7]/C (clocked by sys_clk_pin) and poly_solver_inst/d_reg[19]/D (clocked by sys_clk_pin). Large setup violations at the end of those stages might be difficult to fix during the post-placement implementation flow and could be the result of non-optimal XDC constraints or non-optimal design architecture
Related violations: <none>

TIMING-16#104 Warning
Large setup violation  
There is a large setup violation of -1.395 ns between ascii_converter_inst/ascii_char_reg[4]/C (clocked by sys_clk_pin) and poly_mode_inst/coeff_val_reg[1][23]/CE (clocked by sys_clk_pin). Large setup violations at the end of those stages might be difficult to fix during the post-placement implementation flow and could be the result of non-optimal XDC constraints or non-optimal design architecture
Related violations: <none>

TIMING-16#105 Warning
Large setup violation  
There is a large setup violation of -1.405 ns between ascii_converter_inst/ascii_char_reg[4]/C (clocked by sys_clk_pin) and poly_mode_inst/coeff_val_reg[2][0]/CE (clocked by sys_clk_pin). Large setup violations at the end of those stages might be difficult to fix during the post-placement implementation flow and could be the result of non-optimal XDC constraints or non-optimal design architecture
Related violations: <none>

TIMING-16#106 Warning
Large setup violation  
There is a large setup violation of -1.414 ns between ascii_converter_inst/ascii_char_reg[4]/C (clocked by sys_clk_pin) and poly_mode_inst/coeff_val_reg[1][13]/CE (clocked by sys_clk_pin). Large setup violations at the end of those stages might be difficult to fix during the post-placement implementation flow and could be the result of non-optimal XDC constraints or non-optimal design architecture
Related violations: <none>

TIMING-16#107 Warning
Large setup violation  
There is a large setup violation of -1.414 ns between ascii_converter_inst/ascii_char_reg[4]/C (clocked by sys_clk_pin) and poly_mode_inst/coeff_val_reg[1][14]/CE (clocked by sys_clk_pin). Large setup violations at the end of those stages might be difficult to fix during the post-placement implementation flow and could be the result of non-optimal XDC constraints or non-optimal design architecture
Related violations: <none>

TIMING-16#108 Warning
Large setup violation  
There is a large setup violation of -1.414 ns between ascii_converter_inst/ascii_char_reg[4]/C (clocked by sys_clk_pin) and poly_mode_inst/coeff_val_reg[1][17]/CE (clocked by sys_clk_pin). Large setup violations at the end of those stages might be difficult to fix during the post-placement implementation flow and could be the result of non-optimal XDC constraints or non-optimal design architecture
Related violations: <none>

TIMING-16#109 Warning
Large setup violation  
There is a large setup violation of -1.414 ns between ascii_converter_inst/ascii_char_reg[4]/C (clocked by sys_clk_pin) and poly_mode_inst/coeff_val_reg[1][18]/CE (clocked by sys_clk_pin). Large setup violations at the end of those stages might be difficult to fix during the post-placement implementation flow and could be the result of non-optimal XDC constraints or non-optimal design architecture
Related violations: <none>

TIMING-16#110 Warning
Large setup violation  
There is a large setup violation of -1.416 ns between ascii_converter_inst/ascii_char_reg[4]/C (clocked by sys_clk_pin) and poly_mode_inst/coeff_lengths_reg[2][2]/D (clocked by sys_clk_pin). Large setup violations at the end of those stages might be difficult to fix during the post-placement implementation flow and could be the result of non-optimal XDC constraints or non-optimal design architecture
Related violations: <none>

TIMING-16#111 Warning
Large setup violation  
There is a large setup violation of -1.419 ns between poly_mode_inst/coeff_val_reg[0][7]/C (clocked by sys_clk_pin) and poly_solver_inst/d_reg[18]/D (clocked by sys_clk_pin). Large setup violations at the end of those stages might be difficult to fix during the post-placement implementation flow and could be the result of non-optimal XDC constraints or non-optimal design architecture
Related violations: <none>

TIMING-16#112 Warning
Large setup violation  
There is a large setup violation of -1.429 ns between poly_mode_inst/coeff_val_reg[0][7]/C (clocked by sys_clk_pin) and poly_solver_inst/b_reg[14]/D (clocked by sys_clk_pin). Large setup violations at the end of those stages might be difficult to fix during the post-placement implementation flow and could be the result of non-optimal XDC constraints or non-optimal design architecture
Related violations: <none>

TIMING-16#113 Warning
Large setup violation  
There is a large setup violation of -1.435 ns between ascii_converter_inst/ascii_char_reg[4]/C (clocked by sys_clk_pin) and poly_mode_inst/coeff_str_reg[1][44]/D (clocked by sys_clk_pin). Large setup violations at the end of those stages might be difficult to fix during the post-placement implementation flow and could be the result of non-optimal XDC constraints or non-optimal design architecture
Related violations: <none>

TIMING-16#114 Warning
Large setup violation  
There is a large setup violation of -1.437 ns between ascii_converter_inst/ascii_char_reg[4]/C (clocked by sys_clk_pin) and poly_mode_inst/coeff_val_reg[2][11]/CE (clocked by sys_clk_pin). Large setup violations at the end of those stages might be difficult to fix during the post-placement implementation flow and could be the result of non-optimal XDC constraints or non-optimal design architecture
Related violations: <none>

TIMING-16#115 Warning
Large setup violation  
There is a large setup violation of -1.437 ns between ascii_converter_inst/ascii_char_reg[4]/C (clocked by sys_clk_pin) and poly_mode_inst/coeff_val_reg[2][12]/CE (clocked by sys_clk_pin). Large setup violations at the end of those stages might be difficult to fix during the post-placement implementation flow and could be the result of non-optimal XDC constraints or non-optimal design architecture
Related violations: <none>

TIMING-16#116 Warning
Large setup violation  
There is a large setup violation of -1.437 ns between ascii_converter_inst/ascii_char_reg[4]/C (clocked by sys_clk_pin) and poly_mode_inst/coeff_val_reg[2][15]/CE (clocked by sys_clk_pin). Large setup violations at the end of those stages might be difficult to fix during the post-placement implementation flow and could be the result of non-optimal XDC constraints or non-optimal design architecture
Related violations: <none>

TIMING-16#117 Warning
Large setup violation  
There is a large setup violation of -1.437 ns between ascii_converter_inst/ascii_char_reg[4]/C (clocked by sys_clk_pin) and poly_mode_inst/coeff_val_reg[2][16]/CE (clocked by sys_clk_pin). Large setup violations at the end of those stages might be difficult to fix during the post-placement implementation flow and could be the result of non-optimal XDC constraints or non-optimal design architecture
Related violations: <none>

TIMING-16#118 Warning
Large setup violation  
There is a large setup violation of -1.439 ns between ascii_converter_inst/ascii_char_reg[3]/C (clocked by sys_clk_pin) and poly_coeff_lengths_reg[1][0]/R (clocked by sys_clk_pin). Large setup violations at the end of those stages might be difficult to fix during the post-placement implementation flow and could be the result of non-optimal XDC constraints or non-optimal design architecture
Related violations: <none>

TIMING-16#119 Warning
Large setup violation  
There is a large setup violation of -1.439 ns between ascii_converter_inst/ascii_char_reg[3]/C (clocked by sys_clk_pin) and poly_coeff_lengths_reg[1][1]/R (clocked by sys_clk_pin). Large setup violations at the end of those stages might be difficult to fix during the post-placement implementation flow and could be the result of non-optimal XDC constraints or non-optimal design architecture
Related violations: <none>

TIMING-16#120 Warning
Large setup violation  
There is a large setup violation of -1.439 ns between ascii_converter_inst/ascii_char_reg[3]/C (clocked by sys_clk_pin) and poly_coeff_lengths_reg[1][3]/R (clocked by sys_clk_pin). Large setup violations at the end of those stages might be difficult to fix during the post-placement implementation flow and could be the result of non-optimal XDC constraints or non-optimal design architecture
Related violations: <none>

TIMING-16#121 Warning
Large setup violation  
There is a large setup violation of -1.442 ns between poly_solver_inst/state_reg[4]/C (clocked by sys_clk_pin) and poly_solver_inst/pipe_mul_a0__0/A[4] (clocked by sys_clk_pin). Large setup violations at the end of those stages might be difficult to fix during the post-placement implementation flow and could be the result of non-optimal XDC constraints or non-optimal design architecture
Related violations: <none>

TIMING-16#122 Warning
Large setup violation  
There is a large setup violation of -1.452 ns between ascii_converter_inst/ascii_char_reg[4]/C (clocked by sys_clk_pin) and poly_mode_inst/coeff_str_reg[3][52]/D (clocked by sys_clk_pin). Large setup violations at the end of those stages might be difficult to fix during the post-placement implementation flow and could be the result of non-optimal XDC constraints or non-optimal design architecture
Related violations: <none>

TIMING-16#123 Warning
Large setup violation  
There is a large setup violation of -1.455 ns between poly_mode_inst/coeff_val_reg[0][7]/C (clocked by sys_clk_pin) and poly_solver_inst/b_reg[4]/D (clocked by sys_clk_pin). Large setup violations at the end of those stages might be difficult to fix during the post-placement implementation flow and could be the result of non-optimal XDC constraints or non-optimal design architecture
Related violations: <none>

TIMING-16#124 Warning
Large setup violation  
There is a large setup violation of -1.459 ns between ascii_converter_inst/ascii_char_reg[4]/C (clocked by sys_clk_pin) and poly_mode_inst/coeff_lengths_reg[1][2]/D (clocked by sys_clk_pin). Large setup violations at the end of those stages might be difficult to fix during the post-placement implementation flow and could be the result of non-optimal XDC constraints or non-optimal design architecture
Related violations: <none>

TIMING-16#125 Warning
Large setup violation  
There is a large setup violation of -1.461 ns between ascii_converter_inst/ascii_char_reg[4]/C (clocked by sys_clk_pin) and poly_mode_inst/coeff_val_reg[0][14]/CE (clocked by sys_clk_pin). Large setup violations at the end of those stages might be difficult to fix during the post-placement implementation flow and could be the result of non-optimal XDC constraints or non-optimal design architecture
Related violations: <none>

TIMING-16#126 Warning
Large setup violation  
There is a large setup violation of -1.461 ns between ascii_converter_inst/ascii_char_reg[4]/C (clocked by sys_clk_pin) and poly_mode_inst/coeff_val_reg[0][19]/CE (clocked by sys_clk_pin). Large setup violations at the end of those stages might be difficult to fix during the post-placement implementation flow and could be the result of non-optimal XDC constraints or non-optimal design architecture
Related violations: <none>

TIMING-16#127 Warning
Large setup violation  
There is a large setup violation of -1.461 ns between ascii_converter_inst/ascii_char_reg[4]/C (clocked by sys_clk_pin) and poly_mode_inst/coeff_val_reg[0][21]/CE (clocked by sys_clk_pin). Large setup violations at the end of those stages might be difficult to fix during the post-placement implementation flow and could be the result of non-optimal XDC constraints or non-optimal design architecture
Related violations: <none>

TIMING-16#128 Warning
Large setup violation  
There is a large setup violation of -1.461 ns between ascii_converter_inst/ascii_char_reg[4]/C (clocked by sys_clk_pin) and poly_mode_inst/coeff_val_reg[0][23]/CE (clocked by sys_clk_pin). Large setup violations at the end of those stages might be difficult to fix during the post-placement implementation flow and could be the result of non-optimal XDC constraints or non-optimal design architecture
Related violations: <none>

TIMING-16#129 Warning
Large setup violation  
There is a large setup violation of -1.465 ns between ascii_converter_inst/ascii_char_reg[4]/C (clocked by sys_clk_pin) and poly_mode_inst/coeff_str_reg[3][44]/D (clocked by sys_clk_pin). Large setup violations at the end of those stages might be difficult to fix during the post-placement implementation flow and could be the result of non-optimal XDC constraints or non-optimal design architecture
Related violations: <none>

TIMING-16#130 Warning
Large setup violation  
There is a large setup violation of -1.473 ns between poly_mode_inst/coeff_val_reg[0][7]/C (clocked by sys_clk_pin) and poly_solver_inst/b_reg[0]/D (clocked by sys_clk_pin). Large setup violations at the end of those stages might be difficult to fix during the post-placement implementation flow and could be the result of non-optimal XDC constraints or non-optimal design architecture
Related violations: <none>

TIMING-16#131 Warning
Large setup violation  
There is a large setup violation of -1.483 ns between calc_mode_module_inst/vga_x_reg_reg[4]/C (clocked by sys_clk_pin) and calc_mode_module_inst/font_rom/U0/inst_blk_mem_gen/gnbram.gnativebmg.native_blk_mem_gen/valid.cstr/ramloop[0].ram.r/prim_init.ram/DEVICE_7SERIES.NO_BMM_INFO.SP.SIMPLE_PRIM18.ram/ADDRARDADDR[7] (clocked by sys_clk_pin). Large setup violations at the end of those stages might be difficult to fix during the post-placement implementation flow and could be the result of non-optimal XDC constraints or non-optimal design architecture
Related violations: <none>

TIMING-16#132 Warning
Large setup violation  
There is a large setup violation of -1.497 ns between ascii_converter_inst/ascii_char_reg[4]/C (clocked by sys_clk_pin) and poly_mode_inst/coeff_val_reg[1][12]/CE (clocked by sys_clk_pin). Large setup violations at the end of those stages might be difficult to fix during the post-placement implementation flow and could be the result of non-optimal XDC constraints or non-optimal design architecture
Related violations: <none>

TIMING-16#133 Warning
Large setup violation  
There is a large setup violation of -1.497 ns between ascii_converter_inst/ascii_char_reg[4]/C (clocked by sys_clk_pin) and poly_mode_inst/coeff_val_reg[1][15]/CE (clocked by sys_clk_pin). Large setup violations at the end of those stages might be difficult to fix during the post-placement implementation flow and could be the result of non-optimal XDC constraints or non-optimal design architecture
Related violations: <none>

TIMING-16#134 Warning
Large setup violation  
There is a large setup violation of -1.497 ns between ascii_converter_inst/ascii_char_reg[4]/C (clocked by sys_clk_pin) and poly_mode_inst/coeff_val_reg[1][16]/CE (clocked by sys_clk_pin). Large setup violations at the end of those stages might be difficult to fix during the post-placement implementation flow and could be the result of non-optimal XDC constraints or non-optimal design architecture
Related violations: <none>

TIMING-16#135 Warning
Large setup violation  
There is a large setup violation of -1.499 ns between poly_mode_inst/coeff_val_reg[0][7]/C (clocked by sys_clk_pin) and poly_solver_inst/d_reg[25]/D (clocked by sys_clk_pin). Large setup violations at the end of those stages might be difficult to fix during the post-placement implementation flow and could be the result of non-optimal XDC constraints or non-optimal design architecture
Related violations: <none>

TIMING-16#136 Warning
Large setup violation  
There is a large setup violation of -1.507 ns between ascii_converter_inst/ascii_char_reg[3]/C (clocked by sys_clk_pin) and poly_coeff_lengths_reg[1][2]/R (clocked by sys_clk_pin). Large setup violations at the end of those stages might be difficult to fix during the post-placement implementation flow and could be the result of non-optimal XDC constraints or non-optimal design architecture
Related violations: <none>

TIMING-16#137 Warning
Large setup violation  
There is a large setup violation of -1.510 ns between ascii_converter_inst/ascii_char_reg[4]/C (clocked by sys_clk_pin) and poly_mode_inst/coeff_val_reg[1][3]/CE (clocked by sys_clk_pin). Large setup violations at the end of those stages might be difficult to fix during the post-placement implementation flow and could be the result of non-optimal XDC constraints or non-optimal design architecture
Related violations: <none>

TIMING-16#138 Warning
Large setup violation  
There is a large setup violation of -1.515 ns between poly_mode_inst/coeff_val_reg[0][7]/C (clocked by sys_clk_pin) and poly_solver_inst/b_reg[21]/D (clocked by sys_clk_pin). Large setup violations at the end of those stages might be difficult to fix during the post-placement implementation flow and could be the result of non-optimal XDC constraints or non-optimal design architecture
Related violations: <none>

TIMING-16#139 Warning
Large setup violation  
There is a large setup violation of -1.531 ns between poly_mode_inst/coeff_val_reg[0][7]/C (clocked by sys_clk_pin) and poly_solver_inst/b_reg[9]/D (clocked by sys_clk_pin). Large setup violations at the end of those stages might be difficult to fix during the post-placement implementation flow and could be the result of non-optimal XDC constraints or non-optimal design architecture
Related violations: <none>

TIMING-16#140 Warning
Large setup violation  
There is a large setup violation of -1.532 ns between poly_solver_inst/state_reg[4]/C (clocked by sys_clk_pin) and poly_solver_inst/pipe_clip_b_reg[27]/CE (clocked by sys_clk_pin). Large setup violations at the end of those stages might be difficult to fix during the post-placement implementation flow and could be the result of non-optimal XDC constraints or non-optimal design architecture
Related violations: <none>

TIMING-16#141 Warning
Large setup violation  
There is a large setup violation of -1.543 ns between ascii_converter_inst/ascii_char_reg[4]/C (clocked by sys_clk_pin) and poly_mode_inst/coeff_str_reg[1][76]/D (clocked by sys_clk_pin). Large setup violations at the end of those stages might be difficult to fix during the post-placement implementation flow and could be the result of non-optimal XDC constraints or non-optimal design architecture
Related violations: <none>

TIMING-16#142 Warning
Large setup violation  
There is a large setup violation of -1.544 ns between poly_mode_inst/coeff_val_reg[0][7]/C (clocked by sys_clk_pin) and poly_solver_inst/b_reg[20]/D (clocked by sys_clk_pin). Large setup violations at the end of those stages might be difficult to fix during the post-placement implementation flow and could be the result of non-optimal XDC constraints or non-optimal design architecture
Related violations: <none>

TIMING-16#143 Warning
Large setup violation  
There is a large setup violation of -1.546 ns between ascii_converter_inst/ascii_char_reg[4]/C (clocked by sys_clk_pin) and poly_mode_inst/coeff_str_reg[2][28]/D (clocked by sys_clk_pin). Large setup violations at the end of those stages might be difficult to fix during the post-placement implementation flow and could be the result of non-optimal XDC constraints or non-optimal design architecture
Related violations: <none>

TIMING-16#144 Warning
Large setup violation  
There is a large setup violation of -1.546 ns between poly_mode_inst/coeff_val_reg[0][7]/C (clocked by sys_clk_pin) and poly_solver_inst/c_reg[14]/D (clocked by sys_clk_pin). Large setup violations at the end of those stages might be difficult to fix during the post-placement implementation flow and could be the result of non-optimal XDC constraints or non-optimal design architecture
Related violations: <none>

TIMING-16#145 Warning
Large setup violation  
There is a large setup violation of -1.566 ns between ascii_converter_inst/ascii_char_reg[4]/C (clocked by sys_clk_pin) and poly_mode_inst/coeff_str_reg[2][44]/D (clocked by sys_clk_pin). Large setup violations at the end of those stages might be difficult to fix during the post-placement implementation flow and could be the result of non-optimal XDC constraints or non-optimal design architecture
Related violations: <none>

TIMING-16#146 Warning
Large setup violation  
There is a large setup violation of -1.568 ns between ascii_converter_inst/ascii_char_reg[4]/C (clocked by sys_clk_pin) and poly_mode_inst/coeff_str_reg[0][44]/D (clocked by sys_clk_pin). Large setup violations at the end of those stages might be difficult to fix during the post-placement implementation flow and could be the result of non-optimal XDC constraints or non-optimal design architecture
Related violations: <none>

TIMING-16#147 Warning
Large setup violation  
There is a large setup violation of -1.576 ns between ascii_converter_inst/ascii_char_reg[4]/C (clocked by sys_clk_pin) and poly_mode_inst/coeff_str_reg[1][52]/D (clocked by sys_clk_pin). Large setup violations at the end of those stages might be difficult to fix during the post-placement implementation flow and could be the result of non-optimal XDC constraints or non-optimal design architecture
Related violations: <none>

TIMING-16#148 Warning
Large setup violation  
There is a large setup violation of -1.581 ns between poly_mode_inst/coeff_val_reg[0][7]/C (clocked by sys_clk_pin) and poly_solver_inst/b_reg[22]/D (clocked by sys_clk_pin). Large setup violations at the end of those stages might be difficult to fix during the post-placement implementation flow and could be the result of non-optimal XDC constraints or non-optimal design architecture
Related violations: <none>

TIMING-16#149 Warning
Large setup violation  
There is a large setup violation of -1.583 ns between ascii_converter_inst/ascii_char_reg[4]/C (clocked by sys_clk_pin) and poly_mode_inst/coeff_str_reg[0][76]/D (clocked by sys_clk_pin). Large setup violations at the end of those stages might be difficult to fix during the post-placement implementation flow and could be the result of non-optimal XDC constraints or non-optimal design architecture
Related violations: <none>

TIMING-16#150 Warning
Large setup violation  
There is a large setup violation of -1.586 ns between poly_mode_inst/coeff_val_reg[0][7]/C (clocked by sys_clk_pin) and poly_solver_inst/d_reg[14]/D (clocked by sys_clk_pin). Large setup violations at the end of those stages might be difficult to fix during the post-placement implementation flow and could be the result of non-optimal XDC constraints or non-optimal design architecture
Related violations: <none>

TIMING-16#151 Warning
Large setup violation  
There is a large setup violation of -1.587 ns between poly_mode_inst/coeff_val_reg[0][7]/C (clocked by sys_clk_pin) and poly_solver_inst/b_reg[27]/D (clocked by sys_clk_pin). Large setup violations at the end of those stages might be difficult to fix during the post-placement implementation flow and could be the result of non-optimal XDC constraints or non-optimal design architecture
Related violations: <none>

TIMING-16#152 Warning
Large setup violation  
There is a large setup violation of -1.590 ns between poly_mode_inst/coeff_val_reg[0][7]/C (clocked by sys_clk_pin) and poly_solver_inst/d_reg[23]/D (clocked by sys_clk_pin). Large setup violations at the end of those stages might be difficult to fix during the post-placement implementation flow and could be the result of non-optimal XDC constraints or non-optimal design architecture
Related violations: <none>

TIMING-16#153 Warning
Large setup violation  
There is a large setup violation of -1.598 ns between poly_solver_inst/state_reg[4]/C (clocked by sys_clk_pin) and poly_solver_inst/pipe_mul_a0__0/A[12] (clocked by sys_clk_pin). Large setup violations at the end of those stages might be difficult to fix during the post-placement implementation flow and could be the result of non-optimal XDC constraints or non-optimal design architecture
Related violations: <none>

TIMING-16#154 Warning
Large setup violation  
There is a large setup violation of -1.601 ns between ascii_converter_inst/ascii_char_reg[3]/C (clocked by sys_clk_pin) and poly_coeff_lengths_reg[3][0]/R (clocked by sys_clk_pin). Large setup violations at the end of those stages might be difficult to fix during the post-placement implementation flow and could be the result of non-optimal XDC constraints or non-optimal design architecture
Related violations: <none>

TIMING-16#155 Warning
Large setup violation  
There is a large setup violation of -1.601 ns between ascii_converter_inst/ascii_char_reg[3]/C (clocked by sys_clk_pin) and poly_coeff_lengths_reg[3][1]/R (clocked by sys_clk_pin). Large setup violations at the end of those stages might be difficult to fix during the post-placement implementation flow and could be the result of non-optimal XDC constraints or non-optimal design architecture
Related violations: <none>

TIMING-16#156 Warning
Large setup violation  
There is a large setup violation of -1.601 ns between ascii_converter_inst/ascii_char_reg[3]/C (clocked by sys_clk_pin) and poly_coeff_lengths_reg[3][2]/R (clocked by sys_clk_pin). Large setup violations at the end of those stages might be difficult to fix during the post-placement implementation flow and could be the result of non-optimal XDC constraints or non-optimal design architecture
Related violations: <none>

TIMING-16#157 Warning
Large setup violation  
There is a large setup violation of -1.601 ns between ascii_converter_inst/ascii_char_reg[3]/C (clocked by sys_clk_pin) and poly_coeff_lengths_reg[3][3]/R (clocked by sys_clk_pin). Large setup violations at the end of those stages might be difficult to fix during the post-placement implementation flow and could be the result of non-optimal XDC constraints or non-optimal design architecture
Related violations: <none>

TIMING-16#158 Warning
Large setup violation  
There is a large setup violation of -1.605 ns between poly_mode_inst/coeff_val_reg[0][7]/C (clocked by sys_clk_pin) and poly_solver_inst/b_reg[23]/D (clocked by sys_clk_pin). Large setup violations at the end of those stages might be difficult to fix during the post-placement implementation flow and could be the result of non-optimal XDC constraints or non-optimal design architecture
Related violations: <none>

TIMING-16#159 Warning
Large setup violation  
There is a large setup violation of -1.609 ns between poly_mode_inst/coeff_val_reg[0][7]/C (clocked by sys_clk_pin) and poly_solver_inst/b_reg[19]/D (clocked by sys_clk_pin). Large setup violations at the end of those stages might be difficult to fix during the post-placement implementation flow and could be the result of non-optimal XDC constraints or non-optimal design architecture
Related violations: <none>

TIMING-16#160 Warning
Large setup violation  
There is a large setup violation of -1.617 ns between ascii_converter_inst/ascii_char_reg[4]/C (clocked by sys_clk_pin) and poly_mode_inst/coeff_val_reg[2][13]/CE (clocked by sys_clk_pin). Large setup violations at the end of those stages might be difficult to fix during the post-placement implementation flow and could be the result of non-optimal XDC constraints or non-optimal design architecture
Related violations: <none>

TIMING-16#161 Warning
Large setup violation  
There is a large setup violation of -1.617 ns between ascii_converter_inst/ascii_char_reg[4]/C (clocked by sys_clk_pin) and poly_mode_inst/coeff_val_reg[2][14]/CE (clocked by sys_clk_pin). Large setup violations at the end of those stages might be difficult to fix during the post-placement implementation flow and could be the result of non-optimal XDC constraints or non-optimal design architecture
Related violations: <none>

TIMING-16#162 Warning
Large setup violation  
There is a large setup violation of -1.650 ns between ascii_converter_inst/ascii_char_reg[4]/C (clocked by sys_clk_pin) and poly_mode_inst/coeff_val_reg[0][15]/CE (clocked by sys_clk_pin). Large setup violations at the end of those stages might be difficult to fix during the post-placement implementation flow and could be the result of non-optimal XDC constraints or non-optimal design architecture
Related violations: <none>

TIMING-16#163 Warning
Large setup violation  
There is a large setup violation of -1.650 ns between ascii_converter_inst/ascii_char_reg[4]/C (clocked by sys_clk_pin) and poly_mode_inst/coeff_val_reg[0][16]/CE (clocked by sys_clk_pin). Large setup violations at the end of those stages might be difficult to fix during the post-placement implementation flow and could be the result of non-optimal XDC constraints or non-optimal design architecture
Related violations: <none>

TIMING-16#164 Warning
Large setup violation  
There is a large setup violation of -1.650 ns between ascii_converter_inst/ascii_char_reg[4]/C (clocked by sys_clk_pin) and poly_mode_inst/coeff_val_reg[0][17]/CE (clocked by sys_clk_pin). Large setup violations at the end of those stages might be difficult to fix during the post-placement implementation flow and could be the result of non-optimal XDC constraints or non-optimal design architecture
Related violations: <none>

TIMING-16#165 Warning
Large setup violation  
There is a large setup violation of -1.650 ns between ascii_converter_inst/ascii_char_reg[4]/C (clocked by sys_clk_pin) and poly_mode_inst/coeff_val_reg[1][0]/CE (clocked by sys_clk_pin). Large setup violations at the end of those stages might be difficult to fix during the post-placement implementation flow and could be the result of non-optimal XDC constraints or non-optimal design architecture
Related violations: <none>

TIMING-16#166 Warning
Large setup violation  
There is a large setup violation of -1.657 ns between poly_mode_inst/coeff_val_reg[0][7]/C (clocked by sys_clk_pin) and poly_solver_inst/b_reg[26]/D (clocked by sys_clk_pin). Large setup violations at the end of those stages might be difficult to fix during the post-placement implementation flow and could be the result of non-optimal XDC constraints or non-optimal design architecture
Related violations: <none>

TIMING-16#167 Warning
Large setup violation  
There is a large setup violation of -1.671 ns between poly_mode_inst/coeff_val_reg[0][7]/C (clocked by sys_clk_pin) and poly_solver_inst/b_reg[25]/D (clocked by sys_clk_pin). Large setup violations at the end of those stages might be difficult to fix during the post-placement implementation flow and could be the result of non-optimal XDC constraints or non-optimal design architecture
Related violations: <none>

TIMING-16#168 Warning
Large setup violation  
There is a large setup violation of -1.685 ns between ascii_converter_inst/ascii_char_reg[4]/C (clocked by sys_clk_pin) and poly_mode_inst/coeff_str_reg[2][76]/D (clocked by sys_clk_pin). Large setup violations at the end of those stages might be difficult to fix during the post-placement implementation flow and could be the result of non-optimal XDC constraints or non-optimal design architecture
Related violations: <none>

TIMING-16#169 Warning
Large setup violation  
There is a large setup violation of -1.686 ns between poly_mode_inst/coeff_val_reg[0][7]/C (clocked by sys_clk_pin) and poly_solver_inst/c_reg[8]/D (clocked by sys_clk_pin). Large setup violations at the end of those stages might be difficult to fix during the post-placement implementation flow and could be the result of non-optimal XDC constraints or non-optimal design architecture
Related violations: <none>

TIMING-16#170 Warning
Large setup violation  
There is a large setup violation of -1.686 ns between poly_solver_inst/state_reg[4]/C (clocked by sys_clk_pin) and poly_solver_inst/pipe_clip_b_reg[12]/CE (clocked by sys_clk_pin). Large setup violations at the end of those stages might be difficult to fix during the post-placement implementation flow and could be the result of non-optimal XDC constraints or non-optimal design architecture
Related violations: <none>

TIMING-16#171 Warning
Large setup violation  
There is a large setup violation of -1.686 ns between poly_solver_inst/state_reg[4]/C (clocked by sys_clk_pin) and poly_solver_inst/pipe_clip_b_reg[22]/CE (clocked by sys_clk_pin). Large setup violations at the end of those stages might be difficult to fix during the post-placement implementation flow and could be the result of non-optimal XDC constraints or non-optimal design architecture
Related violations: <none>

TIMING-16#172 Warning
Large setup violation  
There is a large setup violation of -1.686 ns between poly_solver_inst/state_reg[4]/C (clocked by sys_clk_pin) and poly_solver_inst/pipe_clip_b_reg[24]/CE (clocked by sys_clk_pin). Large setup violations at the end of those stages might be difficult to fix during the post-placement implementation flow and could be the result of non-optimal XDC constraints or non-optimal design architecture
Related violations: <none>

TIMING-16#173 Warning
Large setup violation  
There is a large setup violation of -1.686 ns between poly_solver_inst/state_reg[4]/C (clocked by sys_clk_pin) and poly_solver_inst/pipe_clip_b_reg[6]/CE (clocked by sys_clk_pin). Large setup violations at the end of those stages might be difficult to fix during the post-placement implementation flow and could be the result of non-optimal XDC constraints or non-optimal design architecture
Related violations: <none>

TIMING-16#174 Warning
Large setup violation  
There is a large setup violation of -1.688 ns between ascii_converter_inst/ascii_char_reg[4]/C (clocked by sys_clk_pin) and poly_mode_inst/input_digit_index_reg[3]/D (clocked by sys_clk_pin). Large setup violations at the end of those stages might be difficult to fix during the post-placement implementation flow and could be the result of non-optimal XDC constraints or non-optimal design architecture
Related violations: <none>

TIMING-16#175 Warning
Large setup violation  
There is a large setup violation of -1.691 ns between poly_mode_inst/coeff_val_reg[0][7]/C (clocked by sys_clk_pin) and poly_solver_inst/c_reg[27]/D (clocked by sys_clk_pin). Large setup violations at the end of those stages might be difficult to fix during the post-placement implementation flow and could be the result of non-optimal XDC constraints or non-optimal design architecture
Related violations: <none>

TIMING-16#176 Warning
Large setup violation  
There is a large setup violation of -1.699 ns between poly_mode_inst/coeff_val_reg[0][7]/C (clocked by sys_clk_pin) and poly_solver_inst/a_reg[22]/D (clocked by sys_clk_pin). Large setup violations at the end of those stages might be difficult to fix during the post-placement implementation flow and could be the result of non-optimal XDC constraints or non-optimal design architecture
Related violations: <none>

TIMING-16#177 Warning
Large setup violation  
There is a large setup violation of -1.703 ns between ascii_converter_inst/ascii_char_reg[3]/C (clocked by sys_clk_pin) and poly_coeff_lengths_reg[0][0]/R (clocked by sys_clk_pin). Large setup violations at the end of those stages might be difficult to fix during the post-placement implementation flow and could be the result of non-optimal XDC constraints or non-optimal design architecture
Related violations: <none>

TIMING-16#178 Warning
Large setup violation  
There is a large setup violation of -1.703 ns between ascii_converter_inst/ascii_char_reg[3]/C (clocked by sys_clk_pin) and poly_coeff_lengths_reg[0][1]/R (clocked by sys_clk_pin). Large setup violations at the end of those stages might be difficult to fix during the post-placement implementation flow and could be the result of non-optimal XDC constraints or non-optimal design architecture
Related violations: <none>

TIMING-16#179 Warning
Large setup violation  
There is a large setup violation of -1.703 ns between ascii_converter_inst/ascii_char_reg[3]/C (clocked by sys_clk_pin) and poly_coeff_lengths_reg[0][2]/R (clocked by sys_clk_pin). Large setup violations at the end of those stages might be difficult to fix during the post-placement implementation flow and could be the result of non-optimal XDC constraints or non-optimal design architecture
Related violations: <none>

TIMING-16#180 Warning
Large setup violation  
There is a large setup violation of -1.703 ns between ascii_converter_inst/ascii_char_reg[3]/C (clocked by sys_clk_pin) and poly_coeff_lengths_reg[0][3]/R (clocked by sys_clk_pin). Large setup violations at the end of those stages might be difficult to fix during the post-placement implementation flow and could be the result of non-optimal XDC constraints or non-optimal design architecture
Related violations: <none>

TIMING-16#181 Warning
Large setup violation  
There is a large setup violation of -1.706 ns between ascii_converter_inst/ascii_char_reg[4]/C (clocked by sys_clk_pin) and poly_mode_inst/input_digit_index_reg[2]/D (clocked by sys_clk_pin). Large setup violations at the end of those stages might be difficult to fix during the post-placement implementation flow and could be the result of non-optimal XDC constraints or non-optimal design architecture
Related violations: <none>

TIMING-16#182 Warning
Large setup violation  
There is a large setup violation of -1.707 ns between poly_mode_inst/coeff_val_reg[0][7]/C (clocked by sys_clk_pin) and poly_solver_inst/c_reg[23]/D (clocked by sys_clk_pin). Large setup violations at the end of those stages might be difficult to fix during the post-placement implementation flow and could be the result of non-optimal XDC constraints or non-optimal design architecture
Related violations: <none>

TIMING-16#183 Warning
Large setup violation  
There is a large setup violation of -1.709 ns between poly_mode_inst/coeff_val_reg[0][7]/C (clocked by sys_clk_pin) and poly_solver_inst/a_reg[18]/D (clocked by sys_clk_pin). Large setup violations at the end of those stages might be difficult to fix during the post-placement implementation flow and could be the result of non-optimal XDC constraints or non-optimal design architecture
Related violations: <none>

TIMING-16#184 Warning
Large setup violation  
There is a large setup violation of -1.711 ns between ascii_converter_inst/ascii_char_reg[4]/C (clocked by sys_clk_pin) and poly_mode_inst/coeff_str_reg[2][52]/D (clocked by sys_clk_pin). Large setup violations at the end of those stages might be difficult to fix during the post-placement implementation flow and could be the result of non-optimal XDC constraints or non-optimal design architecture
Related violations: <none>

TIMING-16#185 Warning
Large setup violation  
There is a large setup violation of -1.719 ns between poly_mode_inst/coeff_val_reg[0][7]/C (clocked by sys_clk_pin) and poly_solver_inst/a_reg[29]/D (clocked by sys_clk_pin). Large setup violations at the end of those stages might be difficult to fix during the post-placement implementation flow and could be the result of non-optimal XDC constraints or non-optimal design architecture
Related violations: <none>

TIMING-16#186 Warning
Large setup violation  
There is a large setup violation of -1.725 ns between poly_mode_inst/coeff_val_reg[0][7]/C (clocked by sys_clk_pin) and poly_solver_inst/d_reg[28]/D (clocked by sys_clk_pin). Large setup violations at the end of those stages might be difficult to fix during the post-placement implementation flow and could be the result of non-optimal XDC constraints or non-optimal design architecture
Related violations: <none>

TIMING-16#187 Warning
Large setup violation  
There is a large setup violation of -1.734 ns between ascii_converter_inst/ascii_char_reg[4]/C (clocked by sys_clk_pin) and poly_mode_inst/coeff_val_reg[1][19]/CE (clocked by sys_clk_pin). Large setup violations at the end of those stages might be difficult to fix during the post-placement implementation flow and could be the result of non-optimal XDC constraints or non-optimal design architecture
Related violations: <none>

TIMING-16#188 Warning
Large setup violation  
There is a large setup violation of -1.734 ns between ascii_converter_inst/ascii_char_reg[4]/C (clocked by sys_clk_pin) and poly_mode_inst/coeff_val_reg[1][20]/CE (clocked by sys_clk_pin). Large setup violations at the end of those stages might be difficult to fix during the post-placement implementation flow and could be the result of non-optimal XDC constraints or non-optimal design architecture
Related violations: <none>

TIMING-16#189 Warning
Large setup violation  
There is a large setup violation of -1.734 ns between ascii_converter_inst/ascii_char_reg[4]/C (clocked by sys_clk_pin) and poly_mode_inst/coeff_val_reg[1][21]/CE (clocked by sys_clk_pin). Large setup violations at the end of those stages might be difficult to fix during the post-placement implementation flow and could be the result of non-optimal XDC constraints or non-optimal design architecture
Related violations: <none>

TIMING-16#190 Warning
Large setup violation  
There is a large setup violation of -1.734 ns between ascii_converter_inst/ascii_char_reg[4]/C (clocked by sys_clk_pin) and poly_mode_inst/coeff_val_reg[1][22]/CE (clocked by sys_clk_pin). Large setup violations at the end of those stages might be difficult to fix during the post-placement implementation flow and could be the result of non-optimal XDC constraints or non-optimal design architecture
Related violations: <none>

TIMING-16#191 Warning
Large setup violation  
There is a large setup violation of -1.739 ns between poly_mode_inst/coeff_val_reg[0][7]/C (clocked by sys_clk_pin) and poly_solver_inst/b_reg[17]/D (clocked by sys_clk_pin). Large setup violations at the end of those stages might be difficult to fix during the post-placement implementation flow and could be the result of non-optimal XDC constraints or non-optimal design architecture
Related violations: <none>

TIMING-16#192 Warning
Large setup violation  
There is a large setup violation of -1.741 ns between poly_mode_inst/coeff_val_reg[0][7]/C (clocked by sys_clk_pin) and poly_solver_inst/d_reg[20]/D (clocked by sys_clk_pin). Large setup violations at the end of those stages might be difficult to fix during the post-placement implementation flow and could be the result of non-optimal XDC constraints or non-optimal design architecture
Related violations: <none>

TIMING-16#193 Warning
Large setup violation  
There is a large setup violation of -1.743 ns between poly_mode_inst/coeff_val_reg[0][7]/C (clocked by sys_clk_pin) and poly_solver_inst/d_reg[24]/D (clocked by sys_clk_pin). Large setup violations at the end of those stages might be difficult to fix during the post-placement implementation flow and could be the result of non-optimal XDC constraints or non-optimal design architecture
Related violations: <none>

TIMING-16#194 Warning
Large setup violation  
There is a large setup violation of -1.751 ns between ascii_converter_inst/ascii_char_reg[4]/C (clocked by sys_clk_pin) and poly_mode_inst/coeff_str_reg[3][28]/D (clocked by sys_clk_pin). Large setup violations at the end of those stages might be difficult to fix during the post-placement implementation flow and could be the result of non-optimal XDC constraints or non-optimal design architecture
Related violations: <none>

TIMING-16#195 Warning
Large setup violation  
There is a large setup violation of -1.764 ns between poly_mode_inst/coeff_val_reg[0][7]/C (clocked by sys_clk_pin) and poly_solver_inst/b_reg[29]/D (clocked by sys_clk_pin). Large setup violations at the end of those stages might be difficult to fix during the post-placement implementation flow and could be the result of non-optimal XDC constraints or non-optimal design architecture
Related violations: <none>

TIMING-16#196 Warning
Large setup violation  
There is a large setup violation of -1.767 ns between poly_mode_inst/coeff_val_reg[0][7]/C (clocked by sys_clk_pin) and poly_solver_inst/c_reg[25]/D (clocked by sys_clk_pin). Large setup violations at the end of those stages might be difficult to fix during the post-placement implementation flow and could be the result of non-optimal XDC constraints or non-optimal design architecture
Related violations: <none>

TIMING-16#197 Warning
Large setup violation  
There is a large setup violation of -1.769 ns between poly_mode_inst/coeff_val_reg[0][7]/C (clocked by sys_clk_pin) and poly_solver_inst/a_reg[19]/D (clocked by sys_clk_pin). Large setup violations at the end of those stages might be difficult to fix during the post-placement implementation flow and could be the result of non-optimal XDC constraints or non-optimal design architecture
Related violations: <none>

TIMING-16#198 Warning
Large setup violation  
There is a large setup violation of -1.780 ns between poly_mode_inst/coeff_val_reg[0][7]/C (clocked by sys_clk_pin) and poly_solver_inst/c_reg[28]/D (clocked by sys_clk_pin). Large setup violations at the end of those stages might be difficult to fix during the post-placement implementation flow and could be the result of non-optimal XDC constraints or non-optimal design architecture
Related violations: <none>

TIMING-16#199 Warning
Large setup violation  
There is a large setup violation of -1.782 ns between ascii_converter_inst/ascii_char_reg[4]/C (clocked by sys_clk_pin) and poly_mode_inst/coeff_str_reg[3][12]/D (clocked by sys_clk_pin). Large setup violations at the end of those stages might be difficult to fix during the post-placement implementation flow and could be the result of non-optimal XDC constraints or non-optimal design architecture
Related violations: <none>

TIMING-16#200 Warning
Large setup violation  
There is a large setup violation of -1.789 ns between poly_mode_inst/coeff_val_reg[0][7]/C (clocked by sys_clk_pin) and poly_solver_inst/c_reg[24]/D (clocked by sys_clk_pin). Large setup violations at the end of those stages might be difficult to fix during the post-placement implementation flow and could be the result of non-optimal XDC constraints or non-optimal design architecture
Related violations: <none>

TIMING-16#201 Warning
Large setup violation  
There is a large setup violation of -1.804 ns between poly_mode_inst/coeff_val_reg[0][7]/C (clocked by sys_clk_pin) and poly_solver_inst/b_reg[15]/D (clocked by sys_clk_pin). Large setup violations at the end of those stages might be difficult to fix during the post-placement implementation flow and could be the result of non-optimal XDC constraints or non-optimal design architecture
Related violations: <none>

TIMING-16#202 Warning
Large setup violation  
There is a large setup violation of -1.817 ns between poly_mode_inst/coeff_val_reg[0][7]/C (clocked by sys_clk_pin) and poly_solver_inst/a_reg[9]/D (clocked by sys_clk_pin). Large setup violations at the end of those stages might be difficult to fix during the post-placement implementation flow and could be the result of non-optimal XDC constraints or non-optimal design architecture
Related violations: <none>

TIMING-16#203 Warning
Large setup violation  
There is a large setup violation of -1.828 ns between poly_mode_inst/coeff_val_reg[0][7]/C (clocked by sys_clk_pin) and poly_solver_inst/a_reg[26]/D (clocked by sys_clk_pin). Large setup violations at the end of those stages might be difficult to fix during the post-placement implementation flow and could be the result of non-optimal XDC constraints or non-optimal design architecture
Related violations: <none>

TIMING-16#204 Warning
Large setup violation  
There is a large setup violation of -1.828 ns between poly_solver_inst/state_reg[4]/C (clocked by sys_clk_pin) and poly_solver_inst/pipe_mul_a0__0/A[20] (clocked by sys_clk_pin). Large setup violations at the end of those stages might be difficult to fix during the post-placement implementation flow and could be the result of non-optimal XDC constraints or non-optimal design architecture
Related violations: <none>

TIMING-16#205 Warning
Large setup violation  
There is a large setup violation of -1.828 ns between poly_solver_inst/state_reg[4]/C (clocked by sys_clk_pin) and poly_solver_inst/pipe_mul_a0__0/A[21] (clocked by sys_clk_pin). Large setup violations at the end of those stages might be difficult to fix during the post-placement implementation flow and could be the result of non-optimal XDC constraints or non-optimal design architecture
Related violations: <none>

TIMING-16#206 Warning
Large setup violation  
There is a large setup violation of -1.835 ns between poly_solver_inst/state_reg[4]/C (clocked by sys_clk_pin) and poly_solver_inst/pipe_clip_b_reg[18]/CE (clocked by sys_clk_pin). Large setup violations at the end of those stages might be difficult to fix during the post-placement implementation flow and could be the result of non-optimal XDC constraints or non-optimal design architecture
Related violations: <none>

TIMING-16#207 Warning
Large setup violation  
There is a large setup violation of -1.835 ns between poly_solver_inst/state_reg[4]/C (clocked by sys_clk_pin) and poly_solver_inst/pipe_clip_b_reg[20]/CE (clocked by sys_clk_pin). Large setup violations at the end of those stages might be difficult to fix during the post-placement implementation flow and could be the result of non-optimal XDC constraints or non-optimal design architecture
Related violations: <none>

TIMING-16#208 Warning
Large setup violation  
There is a large setup violation of -1.835 ns between poly_solver_inst/state_reg[4]/C (clocked by sys_clk_pin) and poly_solver_inst/pipe_clip_b_reg[21]/CE (clocked by sys_clk_pin). Large setup violations at the end of those stages might be difficult to fix during the post-placement implementation flow and could be the result of non-optimal XDC constraints or non-optimal design architecture
Related violations: <none>

TIMING-16#209 Warning
Large setup violation  
There is a large setup violation of -1.840 ns between poly_solver_inst/state_reg[4]/C (clocked by sys_clk_pin) and poly_solver_inst/pipe_clip_b_reg[23]/CE (clocked by sys_clk_pin). Large setup violations at the end of those stages might be difficult to fix during the post-placement implementation flow and could be the result of non-optimal XDC constraints or non-optimal design architecture
Related violations: <none>

TIMING-16#210 Warning
Large setup violation  
There is a large setup violation of -1.840 ns between poly_solver_inst/state_reg[4]/C (clocked by sys_clk_pin) and poly_solver_inst/pipe_clip_b_reg[25]/CE (clocked by sys_clk_pin). Large setup violations at the end of those stages might be difficult to fix during the post-placement implementation flow and could be the result of non-optimal XDC constraints or non-optimal design architecture
Related violations: <none>

TIMING-16#211 Warning
Large setup violation  
There is a large setup violation of -1.840 ns between poly_solver_inst/state_reg[4]/C (clocked by sys_clk_pin) and poly_solver_inst/pipe_clip_b_reg[29]/CE (clocked by sys_clk_pin). Large setup violations at the end of those stages might be difficult to fix during the post-placement implementation flow and could be the result of non-optimal XDC constraints or non-optimal design architecture
Related violations: <none>

TIMING-16#212 Warning
Large setup violation  
There is a large setup violation of -1.840 ns between poly_solver_inst/state_reg[4]/C (clocked by sys_clk_pin) and poly_solver_inst/pipe_clip_b_reg[30]/CE (clocked by sys_clk_pin). Large setup violations at the end of those stages might be difficult to fix during the post-placement implementation flow and could be the result of non-optimal XDC constraints or non-optimal design architecture
Related violations: <none>

TIMING-16#213 Warning
Large setup violation  
There is a large setup violation of -1.848 ns between poly_mode_inst/coeff_val_reg[0][7]/C (clocked by sys_clk_pin) and poly_solver_inst/b_reg[28]/D (clocked by sys_clk_pin). Large setup violations at the end of those stages might be difficult to fix during the post-placement implementation flow and could be the result of non-optimal XDC constraints or non-optimal design architecture
Related violations: <none>

TIMING-16#214 Warning
Large setup violation  
There is a large setup violation of -1.850 ns between poly_mode_inst/coeff_val_reg[0][7]/C (clocked by sys_clk_pin) and poly_solver_inst/b_reg[18]/D (clocked by sys_clk_pin). Large setup violations at the end of those stages might be difficult to fix during the post-placement implementation flow and could be the result of non-optimal XDC constraints or non-optimal design architecture
Related violations: <none>

TIMING-16#215 Warning
Large setup violation  
There is a large setup violation of -1.850 ns between poly_solver_inst/state_reg[4]/C (clocked by sys_clk_pin) and poly_solver_inst/pipe_mul_a0__0/A[9] (clocked by sys_clk_pin). Large setup violations at the end of those stages might be difficult to fix during the post-placement implementation flow and could be the result of non-optimal XDC constraints or non-optimal design architecture
Related violations: <none>

TIMING-16#216 Warning
Large setup violation  
There is a large setup violation of -1.854 ns between poly_mode_inst/coeff_val_reg[0][7]/C (clocked by sys_clk_pin) and poly_solver_inst/a_reg[21]/D (clocked by sys_clk_pin). Large setup violations at the end of those stages might be difficult to fix during the post-placement implementation flow and could be the result of non-optimal XDC constraints or non-optimal design architecture
Related violations: <none>

TIMING-16#217 Warning
Large setup violation  
There is a large setup violation of -1.860 ns between ascii_converter_inst/ascii_char_reg[4]/C (clocked by sys_clk_pin) and poly_mode_inst/coeff_str_reg[3][36]/D (clocked by sys_clk_pin). Large setup violations at the end of those stages might be difficult to fix during the post-placement implementation flow and could be the result of non-optimal XDC constraints or non-optimal design architecture
Related violations: <none>

TIMING-16#218 Warning
Large setup violation  
There is a large setup violation of -1.864 ns between poly_mode_inst/coeff_val_reg[0][7]/C (clocked by sys_clk_pin) and poly_solver_inst/a_reg[13]/D (clocked by sys_clk_pin). Large setup violations at the end of those stages might be difficult to fix during the post-placement implementation flow and could be the result of non-optimal XDC constraints or non-optimal design architecture
Related violations: <none>

TIMING-16#219 Warning
Large setup violation  
There is a large setup violation of -1.864 ns between poly_mode_inst/coeff_val_reg[0][7]/C (clocked by sys_clk_pin) and poly_solver_inst/b_reg[24]/D (clocked by sys_clk_pin). Large setup violations at the end of those stages might be difficult to fix during the post-placement implementation flow and could be the result of non-optimal XDC constraints or non-optimal design architecture
Related violations: <none>

TIMING-16#220 Warning
Large setup violation  
There is a large setup violation of -1.870 ns between poly_solver_inst/state_reg[4]/C (clocked by sys_clk_pin) and poly_solver_inst/pipe_mul_a0__0/A[22] (clocked by sys_clk_pin). Large setup violations at the end of those stages might be difficult to fix during the post-placement implementation flow and could be the result of non-optimal XDC constraints or non-optimal design architecture
Related violations: <none>

TIMING-16#221 Warning
Large setup violation  
There is a large setup violation of -1.870 ns between poly_solver_inst/state_reg[4]/C (clocked by sys_clk_pin) and poly_solver_inst/pipe_mul_a0__0/A[23] (clocked by sys_clk_pin). Large setup violations at the end of those stages might be difficult to fix during the post-placement implementation flow and could be the result of non-optimal XDC constraints or non-optimal design architecture
Related violations: <none>

TIMING-16#222 Warning
Large setup violation  
There is a large setup violation of -1.873 ns between ascii_converter_inst/ascii_char_reg[4]/C (clocked by sys_clk_pin) and poly_mode_inst/coeff_str_reg[1][36]/D (clocked by sys_clk_pin). Large setup violations at the end of those stages might be difficult to fix during the post-placement implementation flow and could be the result of non-optimal XDC constraints or non-optimal design architecture
Related violations: <none>

TIMING-16#223 Warning
Large setup violation  
There is a large setup violation of -1.875 ns between calc_mode_module_inst/vga_x_reg_reg[4]/C (clocked by sys_clk_pin) and calc_mode_module_inst/font_rom/U0/inst_blk_mem_gen/gnbram.gnativebmg.native_blk_mem_gen/valid.cstr/ramloop[0].ram.r/prim_init.ram/DEVICE_7SERIES.NO_BMM_INFO.SP.SIMPLE_PRIM18.ram/ADDRARDADDR[10] (clocked by sys_clk_pin). Large setup violations at the end of those stages might be difficult to fix during the post-placement implementation flow and could be the result of non-optimal XDC constraints or non-optimal design architecture
Related violations: <none>

TIMING-16#224 Warning
Large setup violation  
There is a large setup violation of -1.881 ns between ascii_converter_inst/ascii_char_reg[4]/C (clocked by sys_clk_pin) and poly_mode_inst/coeff_str_reg[2][68]/D (clocked by sys_clk_pin). Large setup violations at the end of those stages might be difficult to fix during the post-placement implementation flow and could be the result of non-optimal XDC constraints or non-optimal design architecture
Related violations: <none>

TIMING-16#225 Warning
Large setup violation  
There is a large setup violation of -1.899 ns between ascii_converter_inst/ascii_char_reg[4]/C (clocked by sys_clk_pin) and poly_mode_inst/coeff_str_reg[0][36]/D (clocked by sys_clk_pin). Large setup violations at the end of those stages might be difficult to fix during the post-placement implementation flow and could be the result of non-optimal XDC constraints or non-optimal design architecture
Related violations: <none>

TIMING-16#226 Warning
Large setup violation  
There is a large setup violation of -1.902 ns between poly_mode_inst/coeff_val_reg[0][7]/C (clocked by sys_clk_pin) and poly_solver_inst/d_reg[17]/D (clocked by sys_clk_pin). Large setup violations at the end of those stages might be difficult to fix during the post-placement implementation flow and could be the result of non-optimal XDC constraints or non-optimal design architecture
Related violations: <none>

TIMING-16#227 Warning
Large setup violation  
There is a large setup violation of -1.919 ns between ascii_converter_inst/ascii_char_reg[4]/C (clocked by sys_clk_pin) and poly_mode_inst/coeff_str_reg[2][4]/D (clocked by sys_clk_pin). Large setup violations at the end of those stages might be difficult to fix during the post-placement implementation flow and could be the result of non-optimal XDC constraints or non-optimal design architecture
Related violations: <none>

TIMING-16#228 Warning
Large setup violation  
There is a large setup violation of -1.919 ns between poly_mode_inst/coeff_val_reg[0][7]/C (clocked by sys_clk_pin) and poly_solver_inst/d_reg[22]/D (clocked by sys_clk_pin). Large setup violations at the end of those stages might be difficult to fix during the post-placement implementation flow and could be the result of non-optimal XDC constraints or non-optimal design architecture
Related violations: <none>

TIMING-16#229 Warning
Large setup violation  
There is a large setup violation of -1.928 ns between ascii_converter_inst/ascii_char_reg[4]/C (clocked by sys_clk_pin) and poly_mode_inst/coeff_val_reg[2][17]/CE (clocked by sys_clk_pin). Large setup violations at the end of those stages might be difficult to fix during the post-placement implementation flow and could be the result of non-optimal XDC constraints or non-optimal design architecture
Related violations: <none>

TIMING-16#230 Warning
Large setup violation  
There is a large setup violation of -1.928 ns between ascii_converter_inst/ascii_char_reg[4]/C (clocked by sys_clk_pin) and poly_mode_inst/coeff_val_reg[2][18]/CE (clocked by sys_clk_pin). Large setup violations at the end of those stages might be difficult to fix during the post-placement implementation flow and could be the result of non-optimal XDC constraints or non-optimal design architecture
Related violations: <none>

TIMING-16#231 Warning
Large setup violation  
There is a large setup violation of -1.928 ns between ascii_converter_inst/ascii_char_reg[4]/C (clocked by sys_clk_pin) and poly_mode_inst/coeff_val_reg[2][19]/CE (clocked by sys_clk_pin). Large setup violations at the end of those stages might be difficult to fix during the post-placement implementation flow and could be the result of non-optimal XDC constraints or non-optimal design architecture
Related violations: <none>

TIMING-16#232 Warning
Large setup violation  
There is a large setup violation of -1.928 ns between ascii_converter_inst/ascii_char_reg[4]/C (clocked by sys_clk_pin) and poly_mode_inst/coeff_val_reg[2][20]/CE (clocked by sys_clk_pin). Large setup violations at the end of those stages might be difficult to fix during the post-placement implementation flow and could be the result of non-optimal XDC constraints or non-optimal design architecture
Related violations: <none>

TIMING-16#233 Warning
Large setup violation  
There is a large setup violation of -1.928 ns between ascii_converter_inst/ascii_char_reg[4]/C (clocked by sys_clk_pin) and poly_mode_inst/coeff_val_reg[2][21]/CE (clocked by sys_clk_pin). Large setup violations at the end of those stages might be difficult to fix during the post-placement implementation flow and could be the result of non-optimal XDC constraints or non-optimal design architecture
Related violations: <none>

TIMING-16#234 Warning
Large setup violation  
There is a large setup violation of -1.928 ns between ascii_converter_inst/ascii_char_reg[4]/C (clocked by sys_clk_pin) and poly_mode_inst/coeff_val_reg[2][22]/CE (clocked by sys_clk_pin). Large setup violations at the end of those stages might be difficult to fix during the post-placement implementation flow and could be the result of non-optimal XDC constraints or non-optimal design architecture
Related violations: <none>

TIMING-16#235 Warning
Large setup violation  
There is a large setup violation of -1.928 ns between ascii_converter_inst/ascii_char_reg[4]/C (clocked by sys_clk_pin) and poly_mode_inst/coeff_val_reg[2][23]/CE (clocked by sys_clk_pin). Large setup violations at the end of those stages might be difficult to fix during the post-placement implementation flow and could be the result of non-optimal XDC constraints or non-optimal design architecture
Related violations: <none>

TIMING-16#236 Warning
Large setup violation  
There is a large setup violation of -1.932 ns between poly_solver_inst/state_reg[4]/C (clocked by sys_clk_pin) and poly_solver_inst/pipe_mul_a0__0/A[5] (clocked by sys_clk_pin). Large setup violations at the end of those stages might be difficult to fix during the post-placement implementation flow and could be the result of non-optimal XDC constraints or non-optimal design architecture
Related violations: <none>

TIMING-16#237 Warning
Large setup violation  
There is a large setup violation of -1.942 ns between poly_solver_inst/state_reg[4]/C (clocked by sys_clk_pin) and poly_solver_inst/pipe_mul_a0__0/A[8] (clocked by sys_clk_pin). Large setup violations at the end of those stages might be difficult to fix during the post-placement implementation flow and could be the result of non-optimal XDC constraints or non-optimal design architecture
Related violations: <none>

TIMING-16#238 Warning
Large setup violation  
There is a large setup violation of -1.943 ns between poly_solver_inst/state_reg[4]/C (clocked by sys_clk_pin) and poly_solver_inst/pipe_mul_a0__0/A[13] (clocked by sys_clk_pin). Large setup violations at the end of those stages might be difficult to fix during the post-placement implementation flow and could be the result of non-optimal XDC constraints or non-optimal design architecture
Related violations: <none>

TIMING-16#239 Warning
Large setup violation  
There is a large setup violation of -1.946 ns between poly_mode_inst/coeff_val_reg[0][7]/C (clocked by sys_clk_pin) and poly_solver_inst/a_reg[20]/D (clocked by sys_clk_pin). Large setup violations at the end of those stages might be difficult to fix during the post-placement implementation flow and could be the result of non-optimal XDC constraints or non-optimal design architecture
Related violations: <none>

TIMING-16#240 Warning
Large setup violation  
There is a large setup violation of -1.951 ns between ascii_converter_inst/ascii_char_reg[4]/C (clocked by sys_clk_pin) and poly_mode_inst/coeff_str_reg[0][28]/D (clocked by sys_clk_pin). Large setup violations at the end of those stages might be difficult to fix during the post-placement implementation flow and could be the result of non-optimal XDC constraints or non-optimal design architecture
Related violations: <none>

TIMING-16#241 Warning
Large setup violation  
There is a large setup violation of -1.953 ns between poly_mode_inst/coeff_val_reg[0][7]/C (clocked by sys_clk_pin) and poly_solver_inst/a_reg[16]/D (clocked by sys_clk_pin). Large setup violations at the end of those stages might be difficult to fix during the post-placement implementation flow and could be the result of non-optimal XDC constraints or non-optimal design architecture
Related violations: <none>

TIMING-16#242 Warning
Large setup violation  
There is a large setup violation of -1.954 ns between ascii_converter_inst/ascii_char_reg[4]/C (clocked by sys_clk_pin) and poly_mode_inst/coeff_str_reg[2][12]/D (clocked by sys_clk_pin). Large setup violations at the end of those stages might be difficult to fix during the post-placement implementation flow and could be the result of non-optimal XDC constraints or non-optimal design architecture
Related violations: <none>

TIMING-16#243 Warning
Large setup violation  
There is a large setup violation of -1.958 ns between ascii_converter_inst/ascii_char_reg[4]/C (clocked by sys_clk_pin) and poly_coeff_lengths_reg[1][0]/CE (clocked by sys_clk_pin). Large setup violations at the end of those stages might be difficult to fix during the post-placement implementation flow and could be the result of non-optimal XDC constraints or non-optimal design architecture
Related violations: <none>

TIMING-16#244 Warning
Large setup violation  
There is a large setup violation of -1.958 ns between ascii_converter_inst/ascii_char_reg[4]/C (clocked by sys_clk_pin) and poly_coeff_lengths_reg[1][1]/CE (clocked by sys_clk_pin). Large setup violations at the end of those stages might be difficult to fix during the post-placement implementation flow and could be the result of non-optimal XDC constraints or non-optimal design architecture
Related violations: <none>

TIMING-16#245 Warning
Large setup violation  
There is a large setup violation of -1.958 ns between ascii_converter_inst/ascii_char_reg[4]/C (clocked by sys_clk_pin) and poly_coeff_lengths_reg[1][3]/CE (clocked by sys_clk_pin). Large setup violations at the end of those stages might be difficult to fix during the post-placement implementation flow and could be the result of non-optimal XDC constraints or non-optimal design architecture
Related violations: <none>

TIMING-16#246 Warning
Large setup violation  
There is a large setup violation of -1.974 ns between ascii_converter_inst/ascii_char_reg[4]/C (clocked by sys_clk_pin) and poly_coeff_lengths_reg[1][2]/CE (clocked by sys_clk_pin). Large setup violations at the end of those stages might be difficult to fix during the post-placement implementation flow and could be the result of non-optimal XDC constraints or non-optimal design architecture
Related violations: <none>

TIMING-16#247 Warning
Large setup violation  
There is a large setup violation of -1.979 ns between ascii_converter_inst/ascii_char_reg[4]/C (clocked by sys_clk_pin) and poly_mode_inst/coeff_lengths_reg[3][2]/D (clocked by sys_clk_pin). Large setup violations at the end of those stages might be difficult to fix during the post-placement implementation flow and could be the result of non-optimal XDC constraints or non-optimal design architecture
Related violations: <none>

TIMING-16#248 Warning
Large setup violation  
There is a large setup violation of -1.980 ns between poly_mode_inst/coeff_val_reg[0][7]/C (clocked by sys_clk_pin) and poly_solver_inst/c_reg[22]/D (clocked by sys_clk_pin). Large setup violations at the end of those stages might be difficult to fix during the post-placement implementation flow and could be the result of non-optimal XDC constraints or non-optimal design architecture
Related violations: <none>

TIMING-16#249 Warning
Large setup violation  
There is a large setup violation of -1.990 ns between poly_solver_inst/state_reg[4]/C (clocked by sys_clk_pin) and poly_solver_inst/pipe_mul_a0__0/A[11] (clocked by sys_clk_pin). Large setup violations at the end of those stages might be difficult to fix during the post-placement implementation flow and could be the result of non-optimal XDC constraints or non-optimal design architecture
Related violations: <none>

TIMING-16#250 Warning
Large setup violation  
There is a large setup violation of -1.994 ns between poly_mode_inst/coeff_val_reg[0][7]/C (clocked by sys_clk_pin) and poly_solver_inst/c_reg[26]/D (clocked by sys_clk_pin). Large setup violations at the end of those stages might be difficult to fix during the post-placement implementation flow and could be the result of non-optimal XDC constraints or non-optimal design architecture
Related violations: <none>

TIMING-16#251 Warning
Large setup violation  
There is a large setup violation of -1.996 ns between poly_solver_inst/state_reg[4]/C (clocked by sys_clk_pin) and poly_solver_inst/pipe_mul_a0__0/A[26] (clocked by sys_clk_pin). Large setup violations at the end of those stages might be difficult to fix during the post-placement implementation flow and could be the result of non-optimal XDC constraints or non-optimal design architecture
Related violations: <none>

TIMING-16#252 Warning
Large setup violation  
There is a large setup violation of -1.996 ns between poly_solver_inst/state_reg[4]/C (clocked by sys_clk_pin) and poly_solver_inst/pipe_mul_a0__0/A[27] (clocked by sys_clk_pin). Large setup violations at the end of those stages might be difficult to fix during the post-placement implementation flow and could be the result of non-optimal XDC constraints or non-optimal design architecture
Related violations: <none>

TIMING-16#253 Warning
Large setup violation  
There is a large setup violation of -2.002 ns between poly_mode_inst/coeff_val_reg[0][7]/C (clocked by sys_clk_pin) and poly_solver_inst/c_reg[12]/D (clocked by sys_clk_pin). Large setup violations at the end of those stages might be difficult to fix during the post-placement implementation flow and could be the result of non-optimal XDC constraints or non-optimal design architecture
Related violations: <none>

TIMING-16#254 Warning
Large setup violation  
There is a large setup violation of -2.002 ns between poly_solver_inst/state_reg[4]/C (clocked by sys_clk_pin) and poly_solver_inst/pipe_clip_b_reg[14]/CE (clocked by sys_clk_pin). Large setup violations at the end of those stages might be difficult to fix during the post-placement implementation flow and could be the result of non-optimal XDC constraints or non-optimal design architecture
Related violations: <none>

TIMING-16#255 Warning
Large setup violation  
There is a large setup violation of -2.002 ns between poly_solver_inst/state_reg[4]/C (clocked by sys_clk_pin) and poly_solver_inst/pipe_clip_b_reg[17]/CE (clocked by sys_clk_pin). Large setup violations at the end of those stages might be difficult to fix during the post-placement implementation flow and could be the result of non-optimal XDC constraints or non-optimal design architecture
Related violations: <none>

TIMING-16#256 Warning
Large setup violation  
There is a large setup violation of -2.070 ns between ascii_converter_inst/ascii_char_reg[4]/C (clocked by sys_clk_pin) and poly_mode_inst/coeff_str_reg[0][68]/D (clocked by sys_clk_pin). Large setup violations at the end of those stages might be difficult to fix during the post-placement implementation flow and could be the result of non-optimal XDC constraints or non-optimal design architecture
Related violations: <none>

TIMING-16#257 Warning
Large setup violation  
There is a large setup violation of -2.082 ns between ascii_converter_inst/ascii_char_reg[4]/C (clocked by sys_clk_pin) and poly_mode_inst/coeff_str_reg[2][36]/D (clocked by sys_clk_pin). Large setup violations at the end of those stages might be difficult to fix during the post-placement implementation flow and could be the result of non-optimal XDC constraints or non-optimal design architecture
Related violations: <none>

TIMING-16#258 Warning
Large setup violation  
There is a large setup violation of -2.093 ns between poly_mode_inst/coeff_val_reg[0][7]/C (clocked by sys_clk_pin) and poly_solver_inst/c_reg[18]/D (clocked by sys_clk_pin). Large setup violations at the end of those stages might be difficult to fix during the post-placement implementation flow and could be the result of non-optimal XDC constraints or non-optimal design architecture
Related violations: <none>

TIMING-16#259 Warning
Large setup violation  
There is a large setup violation of -2.103 ns between ascii_converter_inst/ascii_char_reg[4]/C (clocked by sys_clk_pin) and poly_mode_inst/coeff_str_reg[0][12]/D (clocked by sys_clk_pin). Large setup violations at the end of those stages might be difficult to fix during the post-placement implementation flow and could be the result of non-optimal XDC constraints or non-optimal design architecture
Related violations: <none>

TIMING-16#260 Warning
Large setup violation  
There is a large setup violation of -2.113 ns between poly_mode_inst/coeff_val_reg[0][7]/C (clocked by sys_clk_pin) and poly_solver_inst/a_reg[27]/D (clocked by sys_clk_pin). Large setup violations at the end of those stages might be difficult to fix during the post-placement implementation flow and could be the result of non-optimal XDC constraints or non-optimal design architecture
Related violations: <none>

TIMING-16#261 Warning
Large setup violation  
There is a large setup violation of -2.121 ns between poly_mode_inst/coeff_val_reg[0][7]/C (clocked by sys_clk_pin) and poly_solver_inst/a_reg[17]/D (clocked by sys_clk_pin). Large setup violations at the end of those stages might be difficult to fix during the post-placement implementation flow and could be the result of non-optimal XDC constraints or non-optimal design architecture
Related violations: <none>

TIMING-16#262 Warning
Large setup violation  
There is a large setup violation of -2.129 ns between poly_mode_inst/coeff_val_reg[0][7]/C (clocked by sys_clk_pin) and poly_solver_inst/a_reg[23]/D (clocked by sys_clk_pin). Large setup violations at the end of those stages might be difficult to fix during the post-placement implementation flow and could be the result of non-optimal XDC constraints or non-optimal design architecture
Related violations: <none>

TIMING-16#263 Warning
Large setup violation  
There is a large setup violation of -2.129 ns between poly_mode_inst/coeff_val_reg[0][7]/C (clocked by sys_clk_pin) and poly_solver_inst/a_reg[25]/D (clocked by sys_clk_pin). Large setup violations at the end of those stages might be difficult to fix during the post-placement implementation flow and could be the result of non-optimal XDC constraints or non-optimal design architecture
Related violations: <none>

TIMING-16#264 Warning
Large setup violation  
There is a large setup violation of -2.137 ns between ascii_converter_inst/ascii_char_reg[4]/C (clocked by sys_clk_pin) and poly_mode_inst/coeff_str_reg[1][12]/D (clocked by sys_clk_pin). Large setup violations at the end of those stages might be difficult to fix during the post-placement implementation flow and could be the result of non-optimal XDC constraints or non-optimal design architecture
Related violations: <none>

TIMING-16#265 Warning
Large setup violation  
There is a large setup violation of -2.141 ns between poly_mode_inst/coeff_val_reg[0][7]/C (clocked by sys_clk_pin) and poly_solver_inst/c_reg[9]/D (clocked by sys_clk_pin). Large setup violations at the end of those stages might be difficult to fix during the post-placement implementation flow and could be the result of non-optimal XDC constraints or non-optimal design architecture
Related violations: <none>

TIMING-16#266 Warning
Large setup violation  
There is a large setup violation of -2.146 ns between poly_mode_inst/coeff_val_reg[0][7]/C (clocked by sys_clk_pin) and poly_solver_inst/d_reg[26]/D (clocked by sys_clk_pin). Large setup violations at the end of those stages might be difficult to fix during the post-placement implementation flow and could be the result of non-optimal XDC constraints or non-optimal design architecture
Related violations: <none>

TIMING-16#267 Warning
Large setup violation  
There is a large setup violation of -2.155 ns between poly_mode_inst/coeff_val_reg[0][7]/C (clocked by sys_clk_pin) and poly_solver_inst/d_reg[21]/D (clocked by sys_clk_pin). Large setup violations at the end of those stages might be difficult to fix during the post-placement implementation flow and could be the result of non-optimal XDC constraints or non-optimal design architecture
Related violations: <none>

TIMING-16#268 Warning
Large setup violation  
There is a large setup violation of -2.165 ns between poly_solver_inst/state_reg[4]/C (clocked by sys_clk_pin) and poly_solver_inst/pipe_mul_a0__0/A[28] (clocked by sys_clk_pin). Large setup violations at the end of those stages might be difficult to fix during the post-placement implementation flow and could be the result of non-optimal XDC constraints or non-optimal design architecture
Related violations: <none>

TIMING-16#269 Warning
Large setup violation  
There is a large setup violation of -2.165 ns between poly_solver_inst/state_reg[4]/C (clocked by sys_clk_pin) and poly_solver_inst/pipe_mul_a0__0/A[29] (clocked by sys_clk_pin). Large setup violations at the end of those stages might be difficult to fix during the post-placement implementation flow and could be the result of non-optimal XDC constraints or non-optimal design architecture
Related violations: <none>

TIMING-16#270 Warning
Large setup violation  
There is a large setup violation of -2.169 ns between ascii_converter_inst/ascii_char_reg[4]/C (clocked by sys_clk_pin) and poly_coeff_lengths_reg[2][0]/CE (clocked by sys_clk_pin). Large setup violations at the end of those stages might be difficult to fix during the post-placement implementation flow and could be the result of non-optimal XDC constraints or non-optimal design architecture
Related violations: <none>

TIMING-16#271 Warning
Large setup violation  
There is a large setup violation of -2.169 ns between ascii_converter_inst/ascii_char_reg[4]/C (clocked by sys_clk_pin) and poly_coeff_lengths_reg[2][1]/CE (clocked by sys_clk_pin). Large setup violations at the end of those stages might be difficult to fix during the post-placement implementation flow and could be the result of non-optimal XDC constraints or non-optimal design architecture
Related violations: <none>

TIMING-16#272 Warning
Large setup violation  
There is a large setup violation of -2.169 ns between ascii_converter_inst/ascii_char_reg[4]/C (clocked by sys_clk_pin) and poly_coeff_lengths_reg[2][2]/CE (clocked by sys_clk_pin). Large setup violations at the end of those stages might be difficult to fix during the post-placement implementation flow and could be the result of non-optimal XDC constraints or non-optimal design architecture
Related violations: <none>

TIMING-16#273 Warning
Large setup violation  
There is a large setup violation of -2.169 ns between ascii_converter_inst/ascii_char_reg[4]/C (clocked by sys_clk_pin) and poly_coeff_lengths_reg[2][3]/CE (clocked by sys_clk_pin). Large setup violations at the end of those stages might be difficult to fix during the post-placement implementation flow and could be the result of non-optimal XDC constraints or non-optimal design architecture
Related violations: <none>

TIMING-16#274 Warning
Large setup violation  
There is a large setup violation of -2.172 ns between ascii_converter_inst/ascii_char_reg[4]/C (clocked by sys_clk_pin) and poly_mode_inst/coeff_str_reg[0][20]/D (clocked by sys_clk_pin). Large setup violations at the end of those stages might be difficult to fix during the post-placement implementation flow and could be the result of non-optimal XDC constraints or non-optimal design architecture
Related violations: <none>

TIMING-16#275 Warning
Large setup violation  
There is a large setup violation of -2.174 ns between poly_solver_inst/state_reg[4]/C (clocked by sys_clk_pin) and poly_solver_inst/pipe_clip_b_reg[1]/CE (clocked by sys_clk_pin). Large setup violations at the end of those stages might be difficult to fix during the post-placement implementation flow and could be the result of non-optimal XDC constraints or non-optimal design architecture
Related violations: <none>

TIMING-16#276 Warning
Large setup violation  
There is a large setup violation of -2.174 ns between poly_solver_inst/state_reg[4]/C (clocked by sys_clk_pin) and poly_solver_inst/pipe_clip_b_reg[2]/CE (clocked by sys_clk_pin). Large setup violations at the end of those stages might be difficult to fix during the post-placement implementation flow and could be the result of non-optimal XDC constraints or non-optimal design architecture
Related violations: <none>

TIMING-16#277 Warning
Large setup violation  
There is a large setup violation of -2.177 ns between ascii_converter_inst/ascii_char_reg[4]/C (clocked by sys_clk_pin) and poly_mode_inst/coeff_str_reg[2][20]/D (clocked by sys_clk_pin). Large setup violations at the end of those stages might be difficult to fix during the post-placement implementation flow and could be the result of non-optimal XDC constraints or non-optimal design architecture
Related violations: <none>

TIMING-16#278 Warning
Large setup violation  
There is a large setup violation of -2.177 ns between poly_mode_inst/coeff_val_reg[0][7]/C (clocked by sys_clk_pin) and poly_solver_inst/a_reg[12]/D (clocked by sys_clk_pin). Large setup violations at the end of those stages might be difficult to fix during the post-placement implementation flow and could be the result of non-optimal XDC constraints or non-optimal design architecture
Related violations: <none>

TIMING-16#279 Warning
Large setup violation  
There is a large setup violation of -2.186 ns between calc_mode_module_inst/vga_x_reg_reg[2]/C (clocked by sys_clk_pin) and graph_mode_module_inst/font_rom/U0/inst_blk_mem_gen/gnbram.gnativebmg.native_blk_mem_gen/valid.cstr/ramloop[0].ram.r/prim_init.ram/DEVICE_7SERIES.NO_BMM_INFO.SP.SIMPLE_PRIM18.ram/ADDRARDADDR[13] (clocked by sys_clk_pin). Large setup violations at the end of those stages might be difficult to fix during the post-placement implementation flow and could be the result of non-optimal XDC constraints or non-optimal design architecture
Related violations: <none>

TIMING-16#280 Warning
Large setup violation  
There is a large setup violation of -2.186 ns between poly_mode_inst/coeff_val_reg[0][7]/C (clocked by sys_clk_pin) and poly_solver_inst/c_reg[16]/D (clocked by sys_clk_pin). Large setup violations at the end of those stages might be difficult to fix during the post-placement implementation flow and could be the result of non-optimal XDC constraints or non-optimal design architecture
Related violations: <none>

TIMING-16#281 Warning
Large setup violation  
There is a large setup violation of -2.186 ns between poly_solver_inst/state_reg[4]/C (clocked by sys_clk_pin) and poly_solver_inst/pipe_clip_b_reg[0]/CE (clocked by sys_clk_pin). Large setup violations at the end of those stages might be difficult to fix during the post-placement implementation flow and could be the result of non-optimal XDC constraints or non-optimal design architecture
Related violations: <none>

TIMING-16#282 Warning
Large setup violation  
There is a large setup violation of -2.186 ns between poly_solver_inst/state_reg[4]/C (clocked by sys_clk_pin) and poly_solver_inst/pipe_clip_b_reg[8]/CE (clocked by sys_clk_pin). Large setup violations at the end of those stages might be difficult to fix during the post-placement implementation flow and could be the result of non-optimal XDC constraints or non-optimal design architecture
Related violations: <none>

TIMING-16#283 Warning
Large setup violation  
There is a large setup violation of -2.186 ns between poly_solver_inst/state_reg[4]/C (clocked by sys_clk_pin) and poly_solver_inst/pipe_clip_b_reg[9]/CE (clocked by sys_clk_pin). Large setup violations at the end of those stages might be difficult to fix during the post-placement implementation flow and could be the result of non-optimal XDC constraints or non-optimal design architecture
Related violations: <none>

TIMING-16#284 Warning
Large setup violation  
There is a large setup violation of -2.191 ns between ascii_converter_inst/ascii_char_reg[4]/C (clocked by sys_clk_pin) and poly_mode_inst/coeff_lengths_reg[1][3]/D (clocked by sys_clk_pin). Large setup violations at the end of those stages might be difficult to fix during the post-placement implementation flow and could be the result of non-optimal XDC constraints or non-optimal design architecture
Related violations: <none>

TIMING-16#285 Warning
Large setup violation  
There is a large setup violation of -2.197 ns between poly_solver_inst/state_reg[4]/C (clocked by sys_clk_pin) and poly_solver_inst/pipe_mul_a0__0/A[24] (clocked by sys_clk_pin). Large setup violations at the end of those stages might be difficult to fix during the post-placement implementation flow and could be the result of non-optimal XDC constraints or non-optimal design architecture
Related violations: <none>

TIMING-16#286 Warning
Large setup violation  
There is a large setup violation of -2.197 ns between poly_solver_inst/state_reg[4]/C (clocked by sys_clk_pin) and poly_solver_inst/pipe_mul_a0__0/A[25] (clocked by sys_clk_pin). Large setup violations at the end of those stages might be difficult to fix during the post-placement implementation flow and could be the result of non-optimal XDC constraints or non-optimal design architecture
Related violations: <none>

TIMING-16#287 Warning
Large setup violation  
There is a large setup violation of -2.202 ns between ascii_converter_inst/ascii_char_reg[4]/C (clocked by sys_clk_pin) and poly_mode_inst/coeff_str_reg[3][20]/D (clocked by sys_clk_pin). Large setup violations at the end of those stages might be difficult to fix during the post-placement implementation flow and could be the result of non-optimal XDC constraints or non-optimal design architecture
Related violations: <none>

TIMING-16#288 Warning
Large setup violation  
There is a large setup violation of -2.209 ns between ascii_converter_inst/ascii_char_reg[4]/C (clocked by sys_clk_pin) and poly_mode_inst/coeff_str_reg[1][68]/D (clocked by sys_clk_pin). Large setup violations at the end of those stages might be difficult to fix during the post-placement implementation flow and could be the result of non-optimal XDC constraints or non-optimal design architecture
Related violations: <none>

TIMING-16#289 Warning
Large setup violation  
There is a large setup violation of -2.215 ns between ascii_converter_inst/ascii_char_reg[4]/C (clocked by sys_clk_pin) and poly_mode_inst/coeff_str_reg[3][4]/D (clocked by sys_clk_pin). Large setup violations at the end of those stages might be difficult to fix during the post-placement implementation flow and could be the result of non-optimal XDC constraints or non-optimal design architecture
Related violations: <none>

TIMING-16#290 Warning
Large setup violation  
There is a large setup violation of -2.224 ns between poly_solver_inst/state_reg[4]/C (clocked by sys_clk_pin) and poly_solver_inst/pipe_mul_a0__0/A[2] (clocked by sys_clk_pin). Large setup violations at the end of those stages might be difficult to fix during the post-placement implementation flow and could be the result of non-optimal XDC constraints or non-optimal design architecture
Related violations: <none>

TIMING-16#291 Warning
Large setup violation  
There is a large setup violation of -2.249 ns between poly_mode_inst/coeff_val_reg[0][7]/C (clocked by sys_clk_pin) and poly_solver_inst/a_reg[28]/D (clocked by sys_clk_pin). Large setup violations at the end of those stages might be difficult to fix during the post-placement implementation flow and could be the result of non-optimal XDC constraints or non-optimal design architecture
Related violations: <none>

TIMING-16#292 Warning
Large setup violation  
There is a large setup violation of -2.294 ns between poly_mode_inst/coeff_val_reg[0][7]/C (clocked by sys_clk_pin) and poly_solver_inst/c_reg[29]/D (clocked by sys_clk_pin). Large setup violations at the end of those stages might be difficult to fix during the post-placement implementation flow and could be the result of non-optimal XDC constraints or non-optimal design architecture
Related violations: <none>

TIMING-16#293 Warning
Large setup violation  
There is a large setup violation of -2.295 ns between poly_mode_inst/coeff_val_reg[0][7]/C (clocked by sys_clk_pin) and poly_solver_inst/a_reg[24]/D (clocked by sys_clk_pin). Large setup violations at the end of those stages might be difficult to fix during the post-placement implementation flow and could be the result of non-optimal XDC constraints or non-optimal design architecture
Related violations: <none>

TIMING-16#294 Warning
Large setup violation  
There is a large setup violation of -2.299 ns between ascii_converter_inst/ascii_char_reg[4]/C (clocked by sys_clk_pin) and poly_mode_inst/coeff_str_reg[1][28]/D (clocked by sys_clk_pin). Large setup violations at the end of those stages might be difficult to fix during the post-placement implementation flow and could be the result of non-optimal XDC constraints or non-optimal design architecture
Related violations: <none>

TIMING-16#295 Warning
Large setup violation  
There is a large setup violation of -2.308 ns between ascii_converter_inst/ascii_char_reg[4]/C (clocked by sys_clk_pin) and poly_mode_inst/coeff_lengths_reg[3][3]/D (clocked by sys_clk_pin). Large setup violations at the end of those stages might be difficult to fix during the post-placement implementation flow and could be the result of non-optimal XDC constraints or non-optimal design architecture
Related violations: <none>

TIMING-16#296 Warning
Large setup violation  
There is a large setup violation of -2.324 ns between poly_solver_inst/state_reg[4]/C (clocked by sys_clk_pin) and poly_solver_inst/pipe_clip_b_reg[10]/CE (clocked by sys_clk_pin). Large setup violations at the end of those stages might be difficult to fix during the post-placement implementation flow and could be the result of non-optimal XDC constraints or non-optimal design architecture
Related violations: <none>

TIMING-16#297 Warning
Large setup violation  
There is a large setup violation of -2.324 ns between poly_solver_inst/state_reg[4]/C (clocked by sys_clk_pin) and poly_solver_inst/pipe_clip_b_reg[11]/CE (clocked by sys_clk_pin). Large setup violations at the end of those stages might be difficult to fix during the post-placement implementation flow and could be the result of non-optimal XDC constraints or non-optimal design architecture
Related violations: <none>

TIMING-16#298 Warning
Large setup violation  
There is a large setup violation of -2.324 ns between poly_solver_inst/state_reg[4]/C (clocked by sys_clk_pin) and poly_solver_inst/pipe_clip_b_reg[3]/CE (clocked by sys_clk_pin). Large setup violations at the end of those stages might be difficult to fix during the post-placement implementation flow and could be the result of non-optimal XDC constraints or non-optimal design architecture
Related violations: <none>

TIMING-16#299 Warning
Large setup violation  
There is a large setup violation of -2.324 ns between poly_solver_inst/state_reg[4]/C (clocked by sys_clk_pin) and poly_solver_inst/pipe_clip_b_reg[5]/CE (clocked by sys_clk_pin). Large setup violations at the end of those stages might be difficult to fix during the post-placement implementation flow and could be the result of non-optimal XDC constraints or non-optimal design architecture
Related violations: <none>

TIMING-16#300 Warning
Large setup violation  
There is a large setup violation of -2.324 ns between poly_solver_inst/state_reg[4]/C (clocked by sys_clk_pin) and poly_solver_inst/pipe_mul_a0__0/A[14] (clocked by sys_clk_pin). Large setup violations at the end of those stages might be difficult to fix during the post-placement implementation flow and could be the result of non-optimal XDC constraints or non-optimal design architecture
Related violations: <none>

TIMING-16#301 Warning
Large setup violation  
There is a large setup violation of -2.324 ns between poly_solver_inst/state_reg[4]/C (clocked by sys_clk_pin) and poly_solver_inst/pipe_mul_a0__0/A[15] (clocked by sys_clk_pin). Large setup violations at the end of those stages might be difficult to fix during the post-placement implementation flow and could be the result of non-optimal XDC constraints or non-optimal design architecture
Related violations: <none>

TIMING-16#302 Warning
Large setup violation  
There is a large setup violation of -2.358 ns between poly_mode_inst/coeff_val_reg[0][7]/C (clocked by sys_clk_pin) and poly_solver_inst/d_reg[29]/D (clocked by sys_clk_pin). Large setup violations at the end of those stages might be difficult to fix during the post-placement implementation flow and could be the result of non-optimal XDC constraints or non-optimal design architecture
Related violations: <none>

TIMING-16#303 Warning
Large setup violation  
There is a large setup violation of -2.363 ns between ascii_converter_inst/ascii_char_reg[4]/C (clocked by sys_clk_pin) and poly_mode_inst/fractional_digits_reg[1][0]/CE (clocked by sys_clk_pin). Large setup violations at the end of those stages might be difficult to fix during the post-placement implementation flow and could be the result of non-optimal XDC constraints or non-optimal design architecture
Related violations: <none>

TIMING-16#304 Warning
Large setup violation  
There is a large setup violation of -2.363 ns between ascii_converter_inst/ascii_char_reg[4]/C (clocked by sys_clk_pin) and poly_mode_inst/fractional_digits_reg[1][2]/CE (clocked by sys_clk_pin). Large setup violations at the end of those stages might be difficult to fix during the post-placement implementation flow and could be the result of non-optimal XDC constraints or non-optimal design architecture
Related violations: <none>

TIMING-16#305 Warning
Large setup violation  
There is a large setup violation of -2.363 ns between ascii_converter_inst/ascii_char_reg[4]/C (clocked by sys_clk_pin) and poly_mode_inst/fractional_digits_reg[1][3]/CE (clocked by sys_clk_pin). Large setup violations at the end of those stages might be difficult to fix during the post-placement implementation flow and could be the result of non-optimal XDC constraints or non-optimal design architecture
Related violations: <none>

TIMING-16#306 Warning
Large setup violation  
There is a large setup violation of -2.371 ns between poly_mode_inst/coeff_val_reg[0][7]/C (clocked by sys_clk_pin) and poly_solver_inst/c_reg[20]/D (clocked by sys_clk_pin). Large setup violations at the end of those stages might be difficult to fix during the post-placement implementation flow and could be the result of non-optimal XDC constraints or non-optimal design architecture
Related violations: <none>

TIMING-16#307 Warning
Large setup violation  
There is a large setup violation of -2.376 ns between poly_solver_inst/state_reg[4]/C (clocked by sys_clk_pin) and poly_solver_inst/pipe_clip_b_reg[31]/CE (clocked by sys_clk_pin). Large setup violations at the end of those stages might be difficult to fix during the post-placement implementation flow and could be the result of non-optimal XDC constraints or non-optimal design architecture
Related violations: <none>

TIMING-16#308 Warning
Large setup violation  
There is a large setup violation of -2.376 ns between poly_solver_inst/state_reg[4]/C (clocked by sys_clk_pin) and poly_solver_inst/pipe_clip_b_reg[4]/CE (clocked by sys_clk_pin). Large setup violations at the end of those stages might be difficult to fix during the post-placement implementation flow and could be the result of non-optimal XDC constraints or non-optimal design architecture
Related violations: <none>

TIMING-16#309 Warning
Large setup violation  
There is a large setup violation of -2.376 ns between poly_solver_inst/state_reg[4]/C (clocked by sys_clk_pin) and poly_solver_inst/pipe_clip_b_reg[7]/CE (clocked by sys_clk_pin). Large setup violations at the end of those stages might be difficult to fix during the post-placement implementation flow and could be the result of non-optimal XDC constraints or non-optimal design architecture
Related violations: <none>

TIMING-16#310 Warning
Large setup violation  
There is a large setup violation of -2.383 ns between ascii_converter_inst/ascii_char_reg[4]/C (clocked by sys_clk_pin) and poly_mode_inst/coeff_str_reg[1][20]/D (clocked by sys_clk_pin). Large setup violations at the end of those stages might be difficult to fix during the post-placement implementation flow and could be the result of non-optimal XDC constraints or non-optimal design architecture
Related violations: <none>

TIMING-16#311 Warning
Large setup violation  
There is a large setup violation of -2.394 ns between ascii_converter_inst/ascii_char_reg[4]/C (clocked by sys_clk_pin) and poly_mode_inst/coeff_str_reg[1][4]/D (clocked by sys_clk_pin). Large setup violations at the end of those stages might be difficult to fix during the post-placement implementation flow and could be the result of non-optimal XDC constraints or non-optimal design architecture
Related violations: <none>

TIMING-16#312 Warning
Large setup violation  
There is a large setup violation of -2.436 ns between ascii_converter_inst/ascii_char_reg[4]/C (clocked by sys_clk_pin) and poly_mode_inst/coeff_str_reg[2][60]/D (clocked by sys_clk_pin). Large setup violations at the end of those stages might be difficult to fix during the post-placement implementation flow and could be the result of non-optimal XDC constraints or non-optimal design architecture
Related violations: <none>

TIMING-16#313 Warning
Large setup violation  
There is a large setup violation of -2.460 ns between ascii_converter_inst/ascii_char_reg[4]/C (clocked by sys_clk_pin) and poly_mode_inst/coeff_lengths_reg[0][3]/D (clocked by sys_clk_pin). Large setup violations at the end of those stages might be difficult to fix during the post-placement implementation flow and could be the result of non-optimal XDC constraints or non-optimal design architecture
Related violations: <none>

TIMING-16#314 Warning
Large setup violation  
There is a large setup violation of -2.491 ns between poly_solver_inst/state_reg[4]/C (clocked by sys_clk_pin) and poly_solver_inst/pipe_mul_a0__0/A[16] (clocked by sys_clk_pin). Large setup violations at the end of those stages might be difficult to fix during the post-placement implementation flow and could be the result of non-optimal XDC constraints or non-optimal design architecture
Related violations: <none>

TIMING-16#315 Warning
Large setup violation  
There is a large setup violation of -2.491 ns between poly_solver_inst/state_reg[4]/C (clocked by sys_clk_pin) and poly_solver_inst/pipe_mul_a0__0/A[17] (clocked by sys_clk_pin). Large setup violations at the end of those stages might be difficult to fix during the post-placement implementation flow and could be the result of non-optimal XDC constraints or non-optimal design architecture
Related violations: <none>

TIMING-16#316 Warning
Large setup violation  
There is a large setup violation of -2.491 ns between poly_solver_inst/state_reg[4]/C (clocked by sys_clk_pin) and poly_solver_inst/pipe_mul_a0__0/A[18] (clocked by sys_clk_pin). Large setup violations at the end of those stages might be difficult to fix during the post-placement implementation flow and could be the result of non-optimal XDC constraints or non-optimal design architecture
Related violations: <none>

TIMING-16#317 Warning
Large setup violation  
There is a large setup violation of -2.491 ns between poly_solver_inst/state_reg[4]/C (clocked by sys_clk_pin) and poly_solver_inst/pipe_mul_a0__0/A[19] (clocked by sys_clk_pin). Large setup violations at the end of those stages might be difficult to fix during the post-placement implementation flow and could be the result of non-optimal XDC constraints or non-optimal design architecture
Related violations: <none>

TIMING-16#318 Warning
Large setup violation  
There is a large setup violation of -2.545 ns between poly_mode_inst/coeff_val_reg[0][7]/C (clocked by sys_clk_pin) and poly_solver_inst/c_reg[13]/D (clocked by sys_clk_pin). Large setup violations at the end of those stages might be difficult to fix during the post-placement implementation flow and could be the result of non-optimal XDC constraints or non-optimal design architecture
Related violations: <none>

TIMING-16#319 Warning
Large setup violation  
There is a large setup violation of -2.601 ns between ascii_converter_inst/ascii_char_reg[4]/C (clocked by sys_clk_pin) and poly_mode_inst/fractional_digits_reg[1][1]/CE (clocked by sys_clk_pin). Large setup violations at the end of those stages might be difficult to fix during the post-placement implementation flow and could be the result of non-optimal XDC constraints or non-optimal design architecture
Related violations: <none>

TIMING-16#320 Warning
Large setup violation  
There is a large setup violation of -2.603 ns between ascii_converter_inst/ascii_char_reg[4]/C (clocked by sys_clk_pin) and poly_mode_inst/coeff_lengths_reg[2][3]/D (clocked by sys_clk_pin). Large setup violations at the end of those stages might be difficult to fix during the post-placement implementation flow and could be the result of non-optimal XDC constraints or non-optimal design architecture
Related violations: <none>

TIMING-16#321 Warning
Large setup violation  
There is a large setup violation of -2.619 ns between ascii_converter_inst/ascii_char_reg[4]/C (clocked by sys_clk_pin) and poly_mode_inst/coeff_str_reg[0][4]/D (clocked by sys_clk_pin). Large setup violations at the end of those stages might be difficult to fix during the post-placement implementation flow and could be the result of non-optimal XDC constraints or non-optimal design architecture
Related violations: <none>

TIMING-16#322 Warning
Large setup violation  
There is a large setup violation of -2.699 ns between poly_mode_inst/coeff_val_reg[0][7]/C (clocked by sys_clk_pin) and poly_solver_inst/c_reg[21]/D (clocked by sys_clk_pin). Large setup violations at the end of those stages might be difficult to fix during the post-placement implementation flow and could be the result of non-optimal XDC constraints or non-optimal design architecture
Related violations: <none>

TIMING-16#323 Warning
Large setup violation  
There is a large setup violation of -2.701 ns between ascii_converter_inst/ascii_char_reg[4]/C (clocked by sys_clk_pin) and poly_mode_inst/integer_digits_reg[1][2]/D (clocked by sys_clk_pin). Large setup violations at the end of those stages might be difficult to fix during the post-placement implementation flow and could be the result of non-optimal XDC constraints or non-optimal design architecture
Related violations: <none>

TIMING-16#324 Warning
Large setup violation  
There is a large setup violation of -2.713 ns between poly_mode_inst/coeff_val_reg[0][7]/C (clocked by sys_clk_pin) and poly_solver_inst/c_reg[17]/D (clocked by sys_clk_pin). Large setup violations at the end of those stages might be difficult to fix during the post-placement implementation flow and could be the result of non-optimal XDC constraints or non-optimal design architecture
Related violations: <none>

TIMING-16#325 Warning
Large setup violation  
There is a large setup violation of -2.736 ns between calc_mode_module_inst/vga_x_reg_reg[4]/C (clocked by sys_clk_pin) and calc_mode_module_inst/font_rom/U0/inst_blk_mem_gen/gnbram.gnativebmg.native_blk_mem_gen/valid.cstr/ramloop[0].ram.r/prim_init.ram/DEVICE_7SERIES.NO_BMM_INFO.SP.SIMPLE_PRIM18.ram/ADDRARDADDR[12] (clocked by sys_clk_pin). Large setup violations at the end of those stages might be difficult to fix during the post-placement implementation flow and could be the result of non-optimal XDC constraints or non-optimal design architecture
Related violations: <none>

TIMING-16#326 Warning
Large setup violation  
There is a large setup violation of -2.739 ns between shared_equation_length_reg[5]__0_rep__5/C (clocked by sys_clk_pin) and oled_keypad_inst/s1_in_input_area_reg/D (clocked by sys_clk_pin). Large setup violations at the end of those stages might be difficult to fix during the post-placement implementation flow and could be the result of non-optimal XDC constraints or non-optimal design architecture
Related violations: <none>

TIMING-16#327 Warning
Large setup violation  
There is a large setup violation of -2.751 ns between calc_mode_module_inst/vga_x_reg_reg[4]/C (clocked by sys_clk_pin) and calc_mode_module_inst/font_rom/U0/inst_blk_mem_gen/gnbram.gnativebmg.native_blk_mem_gen/valid.cstr/ramloop[0].ram.r/prim_init.ram/DEVICE_7SERIES.NO_BMM_INFO.SP.SIMPLE_PRIM18.ram/ADDRARDADDR[13] (clocked by sys_clk_pin). Large setup violations at the end of those stages might be difficult to fix during the post-placement implementation flow and could be the result of non-optimal XDC constraints or non-optimal design architecture
Related violations: <none>

TIMING-16#328 Warning
Large setup violation  
There is a large setup violation of -2.764 ns between ascii_converter_inst/ascii_char_reg[4]/C (clocked by sys_clk_pin) and poly_mode_inst/active_coeff_index_reg[0]/D (clocked by sys_clk_pin). Large setup violations at the end of those stages might be difficult to fix during the post-placement implementation flow and could be the result of non-optimal XDC constraints or non-optimal design architecture
Related violations: <none>

TIMING-16#329 Warning
Large setup violation  
There is a large setup violation of -2.770 ns between ascii_converter_inst/ascii_char_reg[4]/C (clocked by sys_clk_pin) and poly_coeff_lengths_reg[3][0]/CE (clocked by sys_clk_pin). Large setup violations at the end of those stages might be difficult to fix during the post-placement implementation flow and could be the result of non-optimal XDC constraints or non-optimal design architecture
Related violations: <none>

TIMING-16#330 Warning
Large setup violation  
There is a large setup violation of -2.770 ns between ascii_converter_inst/ascii_char_reg[4]/C (clocked by sys_clk_pin) and poly_coeff_lengths_reg[3][1]/CE (clocked by sys_clk_pin). Large setup violations at the end of those stages might be difficult to fix during the post-placement implementation flow and could be the result of non-optimal XDC constraints or non-optimal design architecture
Related violations: <none>

TIMING-16#331 Warning
Large setup violation  
There is a large setup violation of -2.770 ns between ascii_converter_inst/ascii_char_reg[4]/C (clocked by sys_clk_pin) and poly_coeff_lengths_reg[3][2]/CE (clocked by sys_clk_pin). Large setup violations at the end of those stages might be difficult to fix during the post-placement implementation flow and could be the result of non-optimal XDC constraints or non-optimal design architecture
Related violations: <none>

TIMING-16#332 Warning
Large setup violation  
There is a large setup violation of -2.770 ns between ascii_converter_inst/ascii_char_reg[4]/C (clocked by sys_clk_pin) and poly_coeff_lengths_reg[3][3]/CE (clocked by sys_clk_pin). Large setup violations at the end of those stages might be difficult to fix during the post-placement implementation flow and could be the result of non-optimal XDC constraints or non-optimal design architecture
Related violations: <none>

TIMING-16#333 Warning
Large setup violation  
There is a large setup violation of -2.795 ns between calc_mode_module_inst/vga_x_reg_reg[4]/C (clocked by sys_clk_pin) and calc_mode_module_inst/font_rom/U0/inst_blk_mem_gen/gnbram.gnativebmg.native_blk_mem_gen/valid.cstr/ramloop[0].ram.r/prim_init.ram/DEVICE_7SERIES.NO_BMM_INFO.SP.SIMPLE_PRIM18.ram/ADDRARDADDR[6] (clocked by sys_clk_pin). Large setup violations at the end of those stages might be difficult to fix during the post-placement implementation flow and could be the result of non-optimal XDC constraints or non-optimal design architecture
Related violations: <none>

TIMING-16#334 Warning
Large setup violation  
There is a large setup violation of -2.819 ns between ascii_converter_inst/ascii_char_reg[4]/C (clocked by sys_clk_pin) and poly_mode_inst/integer_digits_reg[0][3]/D (clocked by sys_clk_pin). Large setup violations at the end of those stages might be difficult to fix during the post-placement implementation flow and could be the result of non-optimal XDC constraints or non-optimal design architecture
Related violations: <none>

TIMING-16#335 Warning
Large setup violation  
There is a large setup violation of -2.853 ns between ascii_converter_inst/ascii_char_reg[4]/C (clocked by sys_clk_pin) and poly_mode_inst/integer_digits_reg[3][3]/D (clocked by sys_clk_pin). Large setup violations at the end of those stages might be difficult to fix during the post-placement implementation flow and could be the result of non-optimal XDC constraints or non-optimal design architecture
Related violations: <none>

TIMING-16#336 Warning
Large setup violation  
There is a large setup violation of -2.875 ns between ascii_converter_inst/ascii_char_reg[4]/C (clocked by sys_clk_pin) and poly_mode_inst/integer_digits_reg[3][2]/D (clocked by sys_clk_pin). Large setup violations at the end of those stages might be difficult to fix during the post-placement implementation flow and could be the result of non-optimal XDC constraints or non-optimal design architecture
Related violations: <none>

TIMING-16#337 Warning
Large setup violation  
There is a large setup violation of -2.882 ns between ascii_converter_inst/ascii_char_reg[4]/C (clocked by sys_clk_pin) and poly_mode_inst/fractional_digits_reg[3][0]/CE (clocked by sys_clk_pin). Large setup violations at the end of those stages might be difficult to fix during the post-placement implementation flow and could be the result of non-optimal XDC constraints or non-optimal design architecture
Related violations: <none>

TIMING-16#338 Warning
Large setup violation  
There is a large setup violation of -2.882 ns between ascii_converter_inst/ascii_char_reg[4]/C (clocked by sys_clk_pin) and poly_mode_inst/fractional_digits_reg[3][1]/CE (clocked by sys_clk_pin). Large setup violations at the end of those stages might be difficult to fix during the post-placement implementation flow and could be the result of non-optimal XDC constraints or non-optimal design architecture
Related violations: <none>

TIMING-16#339 Warning
Large setup violation  
There is a large setup violation of -2.882 ns between ascii_converter_inst/ascii_char_reg[4]/C (clocked by sys_clk_pin) and poly_mode_inst/fractional_digits_reg[3][2]/CE (clocked by sys_clk_pin). Large setup violations at the end of those stages might be difficult to fix during the post-placement implementation flow and could be the result of non-optimal XDC constraints or non-optimal design architecture
Related violations: <none>

TIMING-16#340 Warning
Large setup violation  
There is a large setup violation of -2.882 ns between ascii_converter_inst/ascii_char_reg[4]/C (clocked by sys_clk_pin) and poly_mode_inst/fractional_digits_reg[3][3]/CE (clocked by sys_clk_pin). Large setup violations at the end of those stages might be difficult to fix during the post-placement implementation flow and could be the result of non-optimal XDC constraints or non-optimal design architecture
Related violations: <none>

TIMING-16#341 Warning
Large setup violation  
There is a large setup violation of -2.899 ns between ascii_converter_inst/ascii_char_reg[4]/C (clocked by sys_clk_pin) and poly_mode_inst/coeff_str_reg[3][60]/D (clocked by sys_clk_pin). Large setup violations at the end of those stages might be difficult to fix during the post-placement implementation flow and could be the result of non-optimal XDC constraints or non-optimal design architecture
Related violations: <none>

TIMING-16#342 Warning
Large setup violation  
There is a large setup violation of -2.966 ns between ascii_converter_inst/ascii_char_reg[4]/C (clocked by sys_clk_pin) and poly_mode_inst/integer_digits_reg[1][3]/D (clocked by sys_clk_pin). Large setup violations at the end of those stages might be difficult to fix during the post-placement implementation flow and could be the result of non-optimal XDC constraints or non-optimal design architecture
Related violations: <none>

TIMING-16#343 Warning
Large setup violation  
There is a large setup violation of -20.338 ns between display_handler_inst/vga_sync_unit/v_count_reg_reg[3]/C (clocked by sys_clk_pin) and poly_mode_inst/poly_vga_inst/char_code_reg_reg[0]/D (clocked by sys_clk_pin). Large setup violations at the end of those stages might be difficult to fix during the post-placement implementation flow and could be the result of non-optimal XDC constraints or non-optimal design architecture
Related violations: <none>

TIMING-16#344 Warning
Large setup violation  
There is a large setup violation of -20.495 ns between poly_mode_inst/coeff_str_reg[3][12]/C (clocked by sys_clk_pin) and poly_mode_inst/coeff_val_reg[3][0]/D (clocked by sys_clk_pin). Large setup violations at the end of those stages might be difficult to fix during the post-placement implementation flow and could be the result of non-optimal XDC constraints or non-optimal design architecture
Related violations: <none>

TIMING-16#345 Warning
Large setup violation  
There is a large setup violation of -20.510 ns between poly_mode_inst/coeff_str_reg[3][12]/C (clocked by sys_clk_pin) and poly_mode_inst/coeff_val_reg[1][0]/D (clocked by sys_clk_pin). Large setup violations at the end of those stages might be difficult to fix during the post-placement implementation flow and could be the result of non-optimal XDC constraints or non-optimal design architecture
Related violations: <none>

TIMING-16#346 Warning
Large setup violation  
There is a large setup violation of -20.597 ns between poly_mode_inst/coeff_str_reg[3][12]/C (clocked by sys_clk_pin) and poly_mode_inst/coeff_val_reg[0][0]/D (clocked by sys_clk_pin). Large setup violations at the end of those stages might be difficult to fix during the post-placement implementation flow and could be the result of non-optimal XDC constraints or non-optimal design architecture
Related violations: <none>

TIMING-16#347 Warning
Large setup violation  
There is a large setup violation of -20.636 ns between poly_mode_inst/coeff_str_reg[3][12]/C (clocked by sys_clk_pin) and poly_mode_inst/coeff_val_reg[2][0]/D (clocked by sys_clk_pin). Large setup violations at the end of those stages might be difficult to fix during the post-placement implementation flow and could be the result of non-optimal XDC constraints or non-optimal design architecture
Related violations: <none>

TIMING-16#348 Warning
Large setup violation  
There is a large setup violation of -22.180 ns between poly_mode_inst/coeff_str_reg[3][12]/C (clocked by sys_clk_pin) and poly_mode_inst/coeff_val_reg[1][1]/D (clocked by sys_clk_pin). Large setup violations at the end of those stages might be difficult to fix during the post-placement implementation flow and could be the result of non-optimal XDC constraints or non-optimal design architecture
Related violations: <none>

TIMING-16#349 Warning
Large setup violation  
There is a large setup violation of -22.203 ns between poly_mode_inst/coeff_str_reg[3][12]/C (clocked by sys_clk_pin) and poly_mode_inst/coeff_val_reg[3][3]/D (clocked by sys_clk_pin). Large setup violations at the end of those stages might be difficult to fix during the post-placement implementation flow and could be the result of non-optimal XDC constraints or non-optimal design architecture
Related violations: <none>

TIMING-16#350 Warning
Large setup violation  
There is a large setup violation of -22.256 ns between poly_mode_inst/coeff_str_reg[3][12]/C (clocked by sys_clk_pin) and poly_mode_inst/coeff_val_reg[2][2]/D (clocked by sys_clk_pin). Large setup violations at the end of those stages might be difficult to fix during the post-placement implementation flow and could be the result of non-optimal XDC constraints or non-optimal design architecture
Related violations: <none>

TIMING-16#351 Warning
Large setup violation  
There is a large setup violation of -22.262 ns between poly_mode_inst/coeff_str_reg[3][12]/C (clocked by sys_clk_pin) and poly_mode_inst/coeff_val_reg[3][2]/D (clocked by sys_clk_pin). Large setup violations at the end of those stages might be difficult to fix during the post-placement implementation flow and could be the result of non-optimal XDC constraints or non-optimal design architecture
Related violations: <none>

TIMING-16#352 Warning
Large setup violation  
There is a large setup violation of -22.322 ns between poly_mode_inst/coeff_str_reg[3][12]/C (clocked by sys_clk_pin) and poly_mode_inst/coeff_val_reg[3][1]/D (clocked by sys_clk_pin). Large setup violations at the end of those stages might be difficult to fix during the post-placement implementation flow and could be the result of non-optimal XDC constraints or non-optimal design architecture
Related violations: <none>

TIMING-16#353 Warning
Large setup violation  
There is a large setup violation of -22.324 ns between poly_mode_inst/coeff_str_reg[3][12]/C (clocked by sys_clk_pin) and poly_mode_inst/coeff_val_reg[2][3]/D (clocked by sys_clk_pin). Large setup violations at the end of those stages might be difficult to fix during the post-placement implementation flow and could be the result of non-optimal XDC constraints or non-optimal design architecture
Related violations: <none>

TIMING-16#354 Warning
Large setup violation  
There is a large setup violation of -22.326 ns between poly_mode_inst/coeff_str_reg[3][12]/C (clocked by sys_clk_pin) and poly_mode_inst/coeff_val_reg[0][3]/D (clocked by sys_clk_pin). Large setup violations at the end of those stages might be difficult to fix during the post-placement implementation flow and could be the result of non-optimal XDC constraints or non-optimal design architecture
Related violations: <none>

TIMING-16#355 Warning
Large setup violation  
There is a large setup violation of -22.354 ns between poly_mode_inst/coeff_str_reg[3][12]/C (clocked by sys_clk_pin) and poly_mode_inst/coeff_val_reg[1][7]/D (clocked by sys_clk_pin). Large setup violations at the end of those stages might be difficult to fix during the post-placement implementation flow and could be the result of non-optimal XDC constraints or non-optimal design architecture
Related violations: <none>

TIMING-16#356 Warning
Large setup violation  
There is a large setup violation of -22.374 ns between poly_mode_inst/coeff_str_reg[3][12]/C (clocked by sys_clk_pin) and poly_mode_inst/coeff_val_reg[0][1]/D (clocked by sys_clk_pin). Large setup violations at the end of those stages might be difficult to fix during the post-placement implementation flow and could be the result of non-optimal XDC constraints or non-optimal design architecture
Related violations: <none>

TIMING-16#357 Warning
Large setup violation  
There is a large setup violation of -22.403 ns between poly_mode_inst/coeff_str_reg[3][12]/C (clocked by sys_clk_pin) and poly_mode_inst/coeff_val_reg[1][2]/D (clocked by sys_clk_pin). Large setup violations at the end of those stages might be difficult to fix during the post-placement implementation flow and could be the result of non-optimal XDC constraints or non-optimal design architecture
Related violations: <none>

TIMING-16#358 Warning
Large setup violation  
There is a large setup violation of -22.409 ns between poly_mode_inst/coeff_str_reg[3][12]/C (clocked by sys_clk_pin) and poly_mode_inst/coeff_val_reg[2][4]/D (clocked by sys_clk_pin). Large setup violations at the end of those stages might be difficult to fix during the post-placement implementation flow and could be the result of non-optimal XDC constraints or non-optimal design architecture
Related violations: <none>

TIMING-16#359 Warning
Large setup violation  
There is a large setup violation of -22.414 ns between poly_mode_inst/coeff_str_reg[3][12]/C (clocked by sys_clk_pin) and poly_mode_inst/coeff_val_reg[2][1]/D (clocked by sys_clk_pin). Large setup violations at the end of those stages might be difficult to fix during the post-placement implementation flow and could be the result of non-optimal XDC constraints or non-optimal design architecture
Related violations: <none>

TIMING-16#360 Warning
Large setup violation  
There is a large setup violation of -22.440 ns between poly_mode_inst/coeff_str_reg[3][12]/C (clocked by sys_clk_pin) and poly_mode_inst/coeff_val_reg[1][3]/D (clocked by sys_clk_pin). Large setup violations at the end of those stages might be difficult to fix during the post-placement implementation flow and could be the result of non-optimal XDC constraints or non-optimal design architecture
Related violations: <none>

TIMING-16#361 Warning
Large setup violation  
There is a large setup violation of -22.453 ns between poly_mode_inst/coeff_str_reg[3][12]/C (clocked by sys_clk_pin) and poly_mode_inst/coeff_val_reg[2][9]/D (clocked by sys_clk_pin). Large setup violations at the end of those stages might be difficult to fix during the post-placement implementation flow and could be the result of non-optimal XDC constraints or non-optimal design architecture
Related violations: <none>

TIMING-16#362 Warning
Large setup violation  
There is a large setup violation of -22.465 ns between poly_mode_inst/coeff_str_reg[3][12]/C (clocked by sys_clk_pin) and poly_mode_inst/coeff_val_reg[0][7]/D (clocked by sys_clk_pin). Large setup violations at the end of those stages might be difficult to fix during the post-placement implementation flow and could be the result of non-optimal XDC constraints or non-optimal design architecture
Related violations: <none>

TIMING-16#363 Warning
Large setup violation  
There is a large setup violation of -22.471 ns between poly_mode_inst/coeff_str_reg[3][12]/C (clocked by sys_clk_pin) and poly_mode_inst/coeff_val_reg[0][4]/D (clocked by sys_clk_pin). Large setup violations at the end of those stages might be difficult to fix during the post-placement implementation flow and could be the result of non-optimal XDC constraints or non-optimal design architecture
Related violations: <none>

TIMING-16#364 Warning
Large setup violation  
There is a large setup violation of -22.491 ns between poly_mode_inst/coeff_str_reg[3][12]/C (clocked by sys_clk_pin) and poly_mode_inst/coeff_val_reg[3][6]/D (clocked by sys_clk_pin). Large setup violations at the end of those stages might be difficult to fix during the post-placement implementation flow and could be the result of non-optimal XDC constraints or non-optimal design architecture
Related violations: <none>

TIMING-16#365 Warning
Large setup violation  
There is a large setup violation of -22.537 ns between poly_mode_inst/coeff_str_reg[3][12]/C (clocked by sys_clk_pin) and poly_mode_inst/coeff_val_reg[0][2]/D (clocked by sys_clk_pin). Large setup violations at the end of those stages might be difficult to fix during the post-placement implementation flow and could be the result of non-optimal XDC constraints or non-optimal design architecture
Related violations: <none>

TIMING-16#366 Warning
Large setup violation  
There is a large setup violation of -22.539 ns between poly_mode_inst/coeff_str_reg[3][12]/C (clocked by sys_clk_pin) and poly_mode_inst/coeff_val_reg[2][11]/D (clocked by sys_clk_pin). Large setup violations at the end of those stages might be difficult to fix during the post-placement implementation flow and could be the result of non-optimal XDC constraints or non-optimal design architecture
Related violations: <none>

TIMING-16#367 Warning
Large setup violation  
There is a large setup violation of -22.547 ns between poly_mode_inst/coeff_str_reg[3][12]/C (clocked by sys_clk_pin) and poly_mode_inst/coeff_val_reg[2][7]/D (clocked by sys_clk_pin). Large setup violations at the end of those stages might be difficult to fix during the post-placement implementation flow and could be the result of non-optimal XDC constraints or non-optimal design architecture
Related violations: <none>

TIMING-16#368 Warning
Large setup violation  
There is a large setup violation of -22.550 ns between poly_mode_inst/coeff_str_reg[3][12]/C (clocked by sys_clk_pin) and poly_mode_inst/coeff_val_reg[3][7]/D (clocked by sys_clk_pin). Large setup violations at the end of those stages might be difficult to fix during the post-placement implementation flow and could be the result of non-optimal XDC constraints or non-optimal design architecture
Related violations: <none>

TIMING-16#369 Warning
Large setup violation  
There is a large setup violation of -22.591 ns between poly_mode_inst/coeff_str_reg[3][12]/C (clocked by sys_clk_pin) and poly_mode_inst/coeff_val_reg[2][10]/D (clocked by sys_clk_pin). Large setup violations at the end of those stages might be difficult to fix during the post-placement implementation flow and could be the result of non-optimal XDC constraints or non-optimal design architecture
Related violations: <none>

TIMING-16#370 Warning
Large setup violation  
There is a large setup violation of -22.599 ns between poly_mode_inst/coeff_str_reg[3][12]/C (clocked by sys_clk_pin) and poly_mode_inst/coeff_val_reg[1][4]/D (clocked by sys_clk_pin). Large setup violations at the end of those stages might be difficult to fix during the post-placement implementation flow and could be the result of non-optimal XDC constraints or non-optimal design architecture
Related violations: <none>

TIMING-16#371 Warning
Large setup violation  
There is a large setup violation of -22.606 ns between poly_mode_inst/coeff_str_reg[3][12]/C (clocked by sys_clk_pin) and poly_mode_inst/coeff_val_reg[3][10]/D (clocked by sys_clk_pin). Large setup violations at the end of those stages might be difficult to fix during the post-placement implementation flow and could be the result of non-optimal XDC constraints or non-optimal design architecture
Related violations: <none>

TIMING-16#372 Warning
Large setup violation  
There is a large setup violation of -22.608 ns between poly_mode_inst/coeff_str_reg[3][12]/C (clocked by sys_clk_pin) and poly_mode_inst/coeff_val_reg[3][9]/D (clocked by sys_clk_pin). Large setup violations at the end of those stages might be difficult to fix during the post-placement implementation flow and could be the result of non-optimal XDC constraints or non-optimal design architecture
Related violations: <none>

TIMING-16#373 Warning
Large setup violation  
There is a large setup violation of -22.626 ns between poly_mode_inst/coeff_str_reg[3][12]/C (clocked by sys_clk_pin) and poly_mode_inst/coeff_val_reg[0][11]/D (clocked by sys_clk_pin). Large setup violations at the end of those stages might be difficult to fix during the post-placement implementation flow and could be the result of non-optimal XDC constraints or non-optimal design architecture
Related violations: <none>

TIMING-16#374 Warning
Large setup violation  
There is a large setup violation of -22.635 ns between poly_mode_inst/coeff_str_reg[3][12]/C (clocked by sys_clk_pin) and poly_mode_inst/coeff_val_reg[3][4]/D (clocked by sys_clk_pin). Large setup violations at the end of those stages might be difficult to fix during the post-placement implementation flow and could be the result of non-optimal XDC constraints or non-optimal design architecture
Related violations: <none>

TIMING-16#375 Warning
Large setup violation  
There is a large setup violation of -22.672 ns between poly_mode_inst/coeff_str_reg[3][12]/C (clocked by sys_clk_pin) and poly_mode_inst/coeff_val_reg[1][10]/D (clocked by sys_clk_pin). Large setup violations at the end of those stages might be difficult to fix during the post-placement implementation flow and could be the result of non-optimal XDC constraints or non-optimal design architecture
Related violations: <none>

TIMING-16#376 Warning
Large setup violation  
There is a large setup violation of -22.680 ns between poly_mode_inst/coeff_str_reg[3][12]/C (clocked by sys_clk_pin) and poly_mode_inst/coeff_val_reg[0][10]/D (clocked by sys_clk_pin). Large setup violations at the end of those stages might be difficult to fix during the post-placement implementation flow and could be the result of non-optimal XDC constraints or non-optimal design architecture
Related violations: <none>

TIMING-16#377 Warning
Large setup violation  
There is a large setup violation of -22.704 ns between poly_mode_inst/coeff_str_reg[3][12]/C (clocked by sys_clk_pin) and poly_mode_inst/coeff_val_reg[2][5]/D (clocked by sys_clk_pin). Large setup violations at the end of those stages might be difficult to fix during the post-placement implementation flow and could be the result of non-optimal XDC constraints or non-optimal design architecture
Related violations: <none>

TIMING-16#378 Warning
Large setup violation  
There is a large setup violation of -22.704 ns between poly_mode_inst/coeff_str_reg[3][12]/C (clocked by sys_clk_pin) and poly_mode_inst/coeff_val_reg[3][5]/D (clocked by sys_clk_pin). Large setup violations at the end of those stages might be difficult to fix during the post-placement implementation flow and could be the result of non-optimal XDC constraints or non-optimal design architecture
Related violations: <none>

TIMING-16#379 Warning
Large setup violation  
There is a large setup violation of -22.722 ns between poly_mode_inst/coeff_str_reg[3][12]/C (clocked by sys_clk_pin) and poly_mode_inst/coeff_val_reg[1][11]/D (clocked by sys_clk_pin). Large setup violations at the end of those stages might be difficult to fix during the post-placement implementation flow and could be the result of non-optimal XDC constraints or non-optimal design architecture
Related violations: <none>

TIMING-16#380 Warning
Large setup violation  
There is a large setup violation of -22.729 ns between poly_mode_inst/coeff_str_reg[3][12]/C (clocked by sys_clk_pin) and poly_mode_inst/coeff_val_reg[1][9]/D (clocked by sys_clk_pin). Large setup violations at the end of those stages might be difficult to fix during the post-placement implementation flow and could be the result of non-optimal XDC constraints or non-optimal design architecture
Related violations: <none>

TIMING-16#381 Warning
Large setup violation  
There is a large setup violation of -22.731 ns between poly_mode_inst/coeff_str_reg[3][12]/C (clocked by sys_clk_pin) and poly_mode_inst/coeff_val_reg[0][9]/D (clocked by sys_clk_pin). Large setup violations at the end of those stages might be difficult to fix during the post-placement implementation flow and could be the result of non-optimal XDC constraints or non-optimal design architecture
Related violations: <none>

TIMING-16#382 Warning
Large setup violation  
There is a large setup violation of -22.737 ns between poly_mode_inst/coeff_str_reg[3][12]/C (clocked by sys_clk_pin) and poly_mode_inst/coeff_val_reg[3][8]/D (clocked by sys_clk_pin). Large setup violations at the end of those stages might be difficult to fix during the post-placement implementation flow and could be the result of non-optimal XDC constraints or non-optimal design architecture
Related violations: <none>

TIMING-16#383 Warning
Large setup violation  
There is a large setup violation of -22.738 ns between poly_mode_inst/coeff_str_reg[3][12]/C (clocked by sys_clk_pin) and poly_mode_inst/coeff_val_reg[3][11]/D (clocked by sys_clk_pin). Large setup violations at the end of those stages might be difficult to fix during the post-placement implementation flow and could be the result of non-optimal XDC constraints or non-optimal design architecture
Related violations: <none>

TIMING-16#384 Warning
Large setup violation  
There is a large setup violation of -22.743 ns between poly_mode_inst/coeff_str_reg[3][12]/C (clocked by sys_clk_pin) and poly_mode_inst/coeff_val_reg[2][8]/D (clocked by sys_clk_pin). Large setup violations at the end of those stages might be difficult to fix during the post-placement implementation flow and could be the result of non-optimal XDC constraints or non-optimal design architecture
Related violations: <none>

TIMING-16#385 Warning
Large setup violation  
There is a large setup violation of -22.750 ns between poly_mode_inst/coeff_str_reg[3][12]/C (clocked by sys_clk_pin) and poly_mode_inst/coeff_val_reg[1][8]/D (clocked by sys_clk_pin). Large setup violations at the end of those stages might be difficult to fix during the post-placement implementation flow and could be the result of non-optimal XDC constraints or non-optimal design architecture
Related violations: <none>

TIMING-16#386 Warning
Large setup violation  
There is a large setup violation of -22.773 ns between poly_mode_inst/coeff_str_reg[3][12]/C (clocked by sys_clk_pin) and poly_mode_inst/coeff_val_reg[0][6]/D (clocked by sys_clk_pin). Large setup violations at the end of those stages might be difficult to fix during the post-placement implementation flow and could be the result of non-optimal XDC constraints or non-optimal design architecture
Related violations: <none>

TIMING-16#387 Warning
Large setup violation  
There is a large setup violation of -22.791 ns between poly_mode_inst/coeff_str_reg[3][12]/C (clocked by sys_clk_pin) and poly_mode_inst/coeff_val_reg[1][6]/D (clocked by sys_clk_pin). Large setup violations at the end of those stages might be difficult to fix during the post-placement implementation flow and could be the result of non-optimal XDC constraints or non-optimal design architecture
Related violations: <none>

TIMING-16#388 Warning
Large setup violation  
There is a large setup violation of -22.797 ns between poly_mode_inst/coeff_str_reg[3][12]/C (clocked by sys_clk_pin) and poly_mode_inst/coeff_val_reg[3][12]/D (clocked by sys_clk_pin). Large setup violations at the end of those stages might be difficult to fix during the post-placement implementation flow and could be the result of non-optimal XDC constraints or non-optimal design architecture
Related violations: <none>

TIMING-16#389 Warning
Large setup violation  
There is a large setup violation of -22.798 ns between poly_mode_inst/coeff_str_reg[3][12]/C (clocked by sys_clk_pin) and poly_mode_inst/coeff_val_reg[2][6]/D (clocked by sys_clk_pin). Large setup violations at the end of those stages might be difficult to fix during the post-placement implementation flow and could be the result of non-optimal XDC constraints or non-optimal design architecture
Related violations: <none>

TIMING-16#390 Warning
Large setup violation  
There is a large setup violation of -22.816 ns between poly_mode_inst/coeff_str_reg[3][12]/C (clocked by sys_clk_pin) and poly_mode_inst/coeff_val_reg[0][8]/D (clocked by sys_clk_pin). Large setup violations at the end of those stages might be difficult to fix during the post-placement implementation flow and could be the result of non-optimal XDC constraints or non-optimal design architecture
Related violations: <none>

TIMING-16#391 Warning
Large setup violation  
There is a large setup violation of -22.844 ns between poly_mode_inst/coeff_str_reg[3][12]/C (clocked by sys_clk_pin) and poly_mode_inst/coeff_val_reg[0][15]/D (clocked by sys_clk_pin). Large setup violations at the end of those stages might be difficult to fix during the post-placement implementation flow and could be the result of non-optimal XDC constraints or non-optimal design architecture
Related violations: <none>

TIMING-16#392 Warning
Large setup violation  
There is a large setup violation of -22.844 ns between poly_mode_inst/coeff_str_reg[3][12]/C (clocked by sys_clk_pin) and poly_mode_inst/coeff_val_reg[0][5]/D (clocked by sys_clk_pin). Large setup violations at the end of those stages might be difficult to fix during the post-placement implementation flow and could be the result of non-optimal XDC constraints or non-optimal design architecture
Related violations: <none>

TIMING-16#393 Warning
Large setup violation  
There is a large setup violation of -22.846 ns between poly_mode_inst/coeff_str_reg[3][12]/C (clocked by sys_clk_pin) and poly_mode_inst/coeff_val_reg[0][12]/D (clocked by sys_clk_pin). Large setup violations at the end of those stages might be difficult to fix during the post-placement implementation flow and could be the result of non-optimal XDC constraints or non-optimal design architecture
Related violations: <none>

TIMING-16#394 Warning
Large setup violation  
There is a large setup violation of -22.851 ns between poly_mode_inst/coeff_str_reg[3][12]/C (clocked by sys_clk_pin) and poly_mode_inst/coeff_val_reg[2][19]/D (clocked by sys_clk_pin). Large setup violations at the end of those stages might be difficult to fix during the post-placement implementation flow and could be the result of non-optimal XDC constraints or non-optimal design architecture
Related violations: <none>

TIMING-16#395 Warning
Large setup violation  
There is a large setup violation of -22.851 ns between poly_mode_inst/coeff_str_reg[3][12]/C (clocked by sys_clk_pin) and poly_mode_inst/coeff_val_reg[3][19]/D (clocked by sys_clk_pin). Large setup violations at the end of those stages might be difficult to fix during the post-placement implementation flow and could be the result of non-optimal XDC constraints or non-optimal design architecture
Related violations: <none>

TIMING-16#396 Warning
Large setup violation  
There is a large setup violation of -22.918 ns between poly_mode_inst/coeff_str_reg[3][12]/C (clocked by sys_clk_pin) and poly_mode_inst/coeff_val_reg[0][21]/D (clocked by sys_clk_pin). Large setup violations at the end of those stages might be difficult to fix during the post-placement implementation flow and could be the result of non-optimal XDC constraints or non-optimal design architecture
Related violations: <none>

TIMING-16#397 Warning
Large setup violation  
There is a large setup violation of -22.924 ns between poly_mode_inst/coeff_str_reg[3][12]/C (clocked by sys_clk_pin) and poly_mode_inst/coeff_val_reg[3][16]/D (clocked by sys_clk_pin). Large setup violations at the end of those stages might be difficult to fix during the post-placement implementation flow and could be the result of non-optimal XDC constraints or non-optimal design architecture
Related violations: <none>

TIMING-16#398 Warning
Large setup violation  
There is a large setup violation of -22.926 ns between poly_mode_inst/coeff_str_reg[3][12]/C (clocked by sys_clk_pin) and poly_mode_inst/coeff_val_reg[2][21]/D (clocked by sys_clk_pin). Large setup violations at the end of those stages might be difficult to fix during the post-placement implementation flow and could be the result of non-optimal XDC constraints or non-optimal design architecture
Related violations: <none>

TIMING-16#399 Warning
Large setup violation  
There is a large setup violation of -22.929 ns between poly_mode_inst/coeff_str_reg[3][12]/C (clocked by sys_clk_pin) and poly_mode_inst/coeff_val_reg[0][13]/D (clocked by sys_clk_pin). Large setup violations at the end of those stages might be difficult to fix during the post-placement implementation flow and could be the result of non-optimal XDC constraints or non-optimal design architecture
Related violations: <none>

TIMING-16#400 Warning
Large setup violation  
There is a large setup violation of -22.929 ns between poly_mode_inst/coeff_str_reg[3][12]/C (clocked by sys_clk_pin) and poly_mode_inst/coeff_val_reg[0][19]/D (clocked by sys_clk_pin). Large setup violations at the end of those stages might be difficult to fix during the post-placement implementation flow and could be the result of non-optimal XDC constraints or non-optimal design architecture
Related violations: <none>

TIMING-16#401 Warning
Large setup violation  
There is a large setup violation of -22.935 ns between poly_mode_inst/coeff_str_reg[3][12]/C (clocked by sys_clk_pin) and poly_mode_inst/coeff_val_reg[1][5]/D (clocked by sys_clk_pin). Large setup violations at the end of those stages might be difficult to fix during the post-placement implementation flow and could be the result of non-optimal XDC constraints or non-optimal design architecture
Related violations: <none>

TIMING-16#402 Warning
Large setup violation  
There is a large setup violation of -22.956 ns between poly_mode_inst/coeff_str_reg[3][12]/C (clocked by sys_clk_pin) and poly_mode_inst/coeff_val_reg[3][21]/D (clocked by sys_clk_pin). Large setup violations at the end of those stages might be difficult to fix during the post-placement implementation flow and could be the result of non-optimal XDC constraints or non-optimal design architecture
Related violations: <none>

TIMING-16#403 Warning
Large setup violation  
There is a large setup violation of -22.959 ns between poly_mode_inst/coeff_str_reg[3][12]/C (clocked by sys_clk_pin) and poly_mode_inst/coeff_val_reg[3][18]/D (clocked by sys_clk_pin). Large setup violations at the end of those stages might be difficult to fix during the post-placement implementation flow and could be the result of non-optimal XDC constraints or non-optimal design architecture
Related violations: <none>

TIMING-16#404 Warning
Large setup violation  
There is a large setup violation of -22.962 ns between poly_mode_inst/coeff_str_reg[3][12]/C (clocked by sys_clk_pin) and poly_mode_inst/coeff_val_reg[3][15]/D (clocked by sys_clk_pin). Large setup violations at the end of those stages might be difficult to fix during the post-placement implementation flow and could be the result of non-optimal XDC constraints or non-optimal design architecture
Related violations: <none>

TIMING-16#405 Warning
Large setup violation  
There is a large setup violation of -22.966 ns between poly_mode_inst/coeff_str_reg[3][12]/C (clocked by sys_clk_pin) and poly_mode_inst/coeff_val_reg[1][21]/D (clocked by sys_clk_pin). Large setup violations at the end of those stages might be difficult to fix during the post-placement implementation flow and could be the result of non-optimal XDC constraints or non-optimal design architecture
Related violations: <none>

TIMING-16#406 Warning
Large setup violation  
There is a large setup violation of -22.974 ns between poly_mode_inst/coeff_str_reg[3][12]/C (clocked by sys_clk_pin) and poly_mode_inst/coeff_val_reg[2][12]/D (clocked by sys_clk_pin). Large setup violations at the end of those stages might be difficult to fix during the post-placement implementation flow and could be the result of non-optimal XDC constraints or non-optimal design architecture
Related violations: <none>

TIMING-16#407 Warning
Large setup violation  
There is a large setup violation of -22.978 ns between poly_mode_inst/coeff_str_reg[3][12]/C (clocked by sys_clk_pin) and poly_mode_inst/coeff_val_reg[0][14]/D (clocked by sys_clk_pin). Large setup violations at the end of those stages might be difficult to fix during the post-placement implementation flow and could be the result of non-optimal XDC constraints or non-optimal design architecture
Related violations: <none>

TIMING-16#408 Warning
Large setup violation  
There is a large setup violation of -22.981 ns between poly_mode_inst/coeff_str_reg[3][12]/C (clocked by sys_clk_pin) and poly_mode_inst/coeff_val_reg[0][16]/D (clocked by sys_clk_pin). Large setup violations at the end of those stages might be difficult to fix during the post-placement implementation flow and could be the result of non-optimal XDC constraints or non-optimal design architecture
Related violations: <none>

TIMING-16#409 Warning
Large setup violation  
There is a large setup violation of -22.992 ns between poly_mode_inst/coeff_str_reg[3][12]/C (clocked by sys_clk_pin) and poly_mode_inst/coeff_val_reg[0][18]/D (clocked by sys_clk_pin). Large setup violations at the end of those stages might be difficult to fix during the post-placement implementation flow and could be the result of non-optimal XDC constraints or non-optimal design architecture
Related violations: <none>

TIMING-16#410 Warning
Large setup violation  
There is a large setup violation of -22.996 ns between poly_mode_inst/coeff_str_reg[3][12]/C (clocked by sys_clk_pin) and poly_mode_inst/coeff_val_reg[1][14]/D (clocked by sys_clk_pin). Large setup violations at the end of those stages might be difficult to fix during the post-placement implementation flow and could be the result of non-optimal XDC constraints or non-optimal design architecture
Related violations: <none>

TIMING-16#411 Warning
Large setup violation  
There is a large setup violation of -22.996 ns between poly_mode_inst/coeff_str_reg[3][12]/C (clocked by sys_clk_pin) and poly_mode_inst/coeff_val_reg[3][14]/D (clocked by sys_clk_pin). Large setup violations at the end of those stages might be difficult to fix during the post-placement implementation flow and could be the result of non-optimal XDC constraints or non-optimal design architecture
Related violations: <none>

TIMING-16#412 Warning
Large setup violation  
There is a large setup violation of -23.012 ns between poly_mode_inst/coeff_str_reg[3][12]/C (clocked by sys_clk_pin) and poly_mode_inst/coeff_val_reg[3][17]/D (clocked by sys_clk_pin). Large setup violations at the end of those stages might be difficult to fix during the post-placement implementation flow and could be the result of non-optimal XDC constraints or non-optimal design architecture
Related violations: <none>

TIMING-16#413 Warning
Large setup violation  
There is a large setup violation of -23.014 ns between poly_mode_inst/coeff_str_reg[3][12]/C (clocked by sys_clk_pin) and poly_mode_inst/coeff_val_reg[1][19]/D (clocked by sys_clk_pin). Large setup violations at the end of those stages might be difficult to fix during the post-placement implementation flow and could be the result of non-optimal XDC constraints or non-optimal design architecture
Related violations: <none>

TIMING-16#414 Warning
Large setup violation  
There is a large setup violation of -23.015 ns between poly_mode_inst/coeff_str_reg[3][12]/C (clocked by sys_clk_pin) and poly_mode_inst/coeff_val_reg[3][13]/D (clocked by sys_clk_pin). Large setup violations at the end of those stages might be difficult to fix during the post-placement implementation flow and could be the result of non-optimal XDC constraints or non-optimal design architecture
Related violations: <none>

TIMING-16#415 Warning
Large setup violation  
There is a large setup violation of -23.041 ns between poly_mode_inst/coeff_str_reg[3][12]/C (clocked by sys_clk_pin) and poly_mode_inst/coeff_val_reg[0][17]/D (clocked by sys_clk_pin). Large setup violations at the end of those stages might be difficult to fix during the post-placement implementation flow and could be the result of non-optimal XDC constraints or non-optimal design architecture
Related violations: <none>

TIMING-16#416 Warning
Large setup violation  
There is a large setup violation of -23.049 ns between poly_mode_inst/coeff_str_reg[3][12]/C (clocked by sys_clk_pin) and poly_mode_inst/coeff_val_reg[1][12]/D (clocked by sys_clk_pin). Large setup violations at the end of those stages might be difficult to fix during the post-placement implementation flow and could be the result of non-optimal XDC constraints or non-optimal design architecture
Related violations: <none>

TIMING-16#417 Warning
Large setup violation  
There is a large setup violation of -23.049 ns between poly_mode_inst/coeff_str_reg[3][12]/C (clocked by sys_clk_pin) and poly_mode_inst/coeff_val_reg[1][13]/D (clocked by sys_clk_pin). Large setup violations at the end of those stages might be difficult to fix during the post-placement implementation flow and could be the result of non-optimal XDC constraints or non-optimal design architecture
Related violations: <none>

TIMING-16#418 Warning
Large setup violation  
There is a large setup violation of -23.057 ns between poly_mode_inst/coeff_str_reg[3][12]/C (clocked by sys_clk_pin) and poly_mode_inst/coeff_val_reg[2][18]/D (clocked by sys_clk_pin). Large setup violations at the end of those stages might be difficult to fix during the post-placement implementation flow and could be the result of non-optimal XDC constraints or non-optimal design architecture
Related violations: <none>

TIMING-16#419 Warning
Large setup violation  
There is a large setup violation of -23.072 ns between poly_mode_inst/coeff_str_reg[3][12]/C (clocked by sys_clk_pin) and poly_mode_inst/coeff_val_reg[2][13]/D (clocked by sys_clk_pin). Large setup violations at the end of those stages might be difficult to fix during the post-placement implementation flow and could be the result of non-optimal XDC constraints or non-optimal design architecture
Related violations: <none>

TIMING-16#420 Warning
Large setup violation  
There is a large setup violation of -23.074 ns between poly_mode_inst/coeff_str_reg[3][12]/C (clocked by sys_clk_pin) and poly_mode_inst/coeff_val_reg[2][23]/D (clocked by sys_clk_pin). Large setup violations at the end of those stages might be difficult to fix during the post-placement implementation flow and could be the result of non-optimal XDC constraints or non-optimal design architecture
Related violations: <none>

TIMING-16#421 Warning
Large setup violation  
There is a large setup violation of -23.080 ns between poly_mode_inst/coeff_str_reg[3][12]/C (clocked by sys_clk_pin) and poly_mode_inst/coeff_val_reg[1][15]/D (clocked by sys_clk_pin). Large setup violations at the end of those stages might be difficult to fix during the post-placement implementation flow and could be the result of non-optimal XDC constraints or non-optimal design architecture
Related violations: <none>

TIMING-16#422 Warning
Large setup violation  
There is a large setup violation of -23.082 ns between poly_mode_inst/coeff_str_reg[3][12]/C (clocked by sys_clk_pin) and poly_mode_inst/coeff_val_reg[3][23]/D (clocked by sys_clk_pin). Large setup violations at the end of those stages might be difficult to fix during the post-placement implementation flow and could be the result of non-optimal XDC constraints or non-optimal design architecture
Related violations: <none>

TIMING-16#423 Warning
Large setup violation  
There is a large setup violation of -23.083 ns between poly_mode_inst/coeff_str_reg[3][12]/C (clocked by sys_clk_pin) and poly_mode_inst/coeff_val_reg[2][16]/D (clocked by sys_clk_pin). Large setup violations at the end of those stages might be difficult to fix during the post-placement implementation flow and could be the result of non-optimal XDC constraints or non-optimal design architecture
Related violations: <none>

TIMING-16#424 Warning
Large setup violation  
There is a large setup violation of -23.083 ns between poly_mode_inst/coeff_str_reg[3][12]/C (clocked by sys_clk_pin) and poly_mode_inst/coeff_val_reg[2][20]/D (clocked by sys_clk_pin). Large setup violations at the end of those stages might be difficult to fix during the post-placement implementation flow and could be the result of non-optimal XDC constraints or non-optimal design architecture
Related violations: <none>

TIMING-16#425 Warning
Large setup violation  
There is a large setup violation of -23.111 ns between poly_mode_inst/coeff_str_reg[3][12]/C (clocked by sys_clk_pin) and poly_mode_inst/coeff_val_reg[2][15]/D (clocked by sys_clk_pin). Large setup violations at the end of those stages might be difficult to fix during the post-placement implementation flow and could be the result of non-optimal XDC constraints or non-optimal design architecture
Related violations: <none>

TIMING-16#426 Warning
Large setup violation  
There is a large setup violation of -23.112 ns between poly_mode_inst/coeff_str_reg[3][12]/C (clocked by sys_clk_pin) and poly_mode_inst/coeff_val_reg[2][14]/D (clocked by sys_clk_pin). Large setup violations at the end of those stages might be difficult to fix during the post-placement implementation flow and could be the result of non-optimal XDC constraints or non-optimal design architecture
Related violations: <none>

TIMING-16#427 Warning
Large setup violation  
There is a large setup violation of -23.117 ns between poly_mode_inst/coeff_str_reg[3][12]/C (clocked by sys_clk_pin) and poly_mode_inst/coeff_val_reg[1][16]/D (clocked by sys_clk_pin). Large setup violations at the end of those stages might be difficult to fix during the post-placement implementation flow and could be the result of non-optimal XDC constraints or non-optimal design architecture
Related violations: <none>

TIMING-16#428 Warning
Large setup violation  
There is a large setup violation of -23.132 ns between poly_mode_inst/coeff_str_reg[3][12]/C (clocked by sys_clk_pin) and poly_mode_inst/coeff_val_reg[1][17]/D (clocked by sys_clk_pin). Large setup violations at the end of those stages might be difficult to fix during the post-placement implementation flow and could be the result of non-optimal XDC constraints or non-optimal design architecture
Related violations: <none>

TIMING-16#429 Warning
Large setup violation  
There is a large setup violation of -23.138 ns between poly_mode_inst/coeff_str_reg[3][12]/C (clocked by sys_clk_pin) and poly_mode_inst/coeff_val_reg[2][17]/D (clocked by sys_clk_pin). Large setup violations at the end of those stages might be difficult to fix during the post-placement implementation flow and could be the result of non-optimal XDC constraints or non-optimal design architecture
Related violations: <none>

TIMING-16#430 Warning
Large setup violation  
There is a large setup violation of -23.173 ns between poly_mode_inst/coeff_str_reg[3][12]/C (clocked by sys_clk_pin) and poly_mode_inst/coeff_val_reg[0][23]/D (clocked by sys_clk_pin). Large setup violations at the end of those stages might be difficult to fix during the post-placement implementation flow and could be the result of non-optimal XDC constraints or non-optimal design architecture
Related violations: <none>

TIMING-16#431 Warning
Large setup violation  
There is a large setup violation of -23.200 ns between poly_mode_inst/coeff_str_reg[3][12]/C (clocked by sys_clk_pin) and poly_mode_inst/coeff_val_reg[3][20]/D (clocked by sys_clk_pin). Large setup violations at the end of those stages might be difficult to fix during the post-placement implementation flow and could be the result of non-optimal XDC constraints or non-optimal design architecture
Related violations: <none>

TIMING-16#432 Warning
Large setup violation  
There is a large setup violation of -23.211 ns between poly_mode_inst/coeff_str_reg[3][12]/C (clocked by sys_clk_pin) and poly_mode_inst/coeff_val_reg[1][22]/D (clocked by sys_clk_pin). Large setup violations at the end of those stages might be difficult to fix during the post-placement implementation flow and could be the result of non-optimal XDC constraints or non-optimal design architecture
Related violations: <none>

TIMING-16#433 Warning
Large setup violation  
There is a large setup violation of -23.218 ns between poly_mode_inst/coeff_str_reg[3][12]/C (clocked by sys_clk_pin) and poly_mode_inst/coeff_val_reg[1][18]/D (clocked by sys_clk_pin). Large setup violations at the end of those stages might be difficult to fix during the post-placement implementation flow and could be the result of non-optimal XDC constraints or non-optimal design architecture
Related violations: <none>

TIMING-16#434 Warning
Large setup violation  
There is a large setup violation of -23.237 ns between poly_mode_inst/coeff_str_reg[3][12]/C (clocked by sys_clk_pin) and poly_mode_inst/coeff_val_reg[0][20]/D (clocked by sys_clk_pin). Large setup violations at the end of those stages might be difficult to fix during the post-placement implementation flow and could be the result of non-optimal XDC constraints or non-optimal design architecture
Related violations: <none>

TIMING-16#435 Warning
Large setup violation  
There is a large setup violation of -23.343 ns between poly_mode_inst/coeff_str_reg[3][12]/C (clocked by sys_clk_pin) and poly_mode_inst/coeff_val_reg[1][23]/D (clocked by sys_clk_pin). Large setup violations at the end of those stages might be difficult to fix during the post-placement implementation flow and could be the result of non-optimal XDC constraints or non-optimal design architecture
Related violations: <none>

TIMING-16#436 Warning
Large setup violation  
There is a large setup violation of -23.398 ns between poly_mode_inst/coeff_str_reg[3][12]/C (clocked by sys_clk_pin) and poly_mode_inst/coeff_val_reg[1][20]/D (clocked by sys_clk_pin). Large setup violations at the end of those stages might be difficult to fix during the post-placement implementation flow and could be the result of non-optimal XDC constraints or non-optimal design architecture
Related violations: <none>

TIMING-16#437 Warning
Large setup violation  
There is a large setup violation of -23.409 ns between poly_mode_inst/coeff_str_reg[3][12]/C (clocked by sys_clk_pin) and poly_mode_inst/coeff_val_reg[0][22]/D (clocked by sys_clk_pin). Large setup violations at the end of those stages might be difficult to fix during the post-placement implementation flow and could be the result of non-optimal XDC constraints or non-optimal design architecture
Related violations: <none>

TIMING-16#438 Warning
Large setup violation  
There is a large setup violation of -23.496 ns between poly_mode_inst/coeff_str_reg[3][12]/C (clocked by sys_clk_pin) and poly_mode_inst/coeff_val_reg[2][22]/D (clocked by sys_clk_pin). Large setup violations at the end of those stages might be difficult to fix during the post-placement implementation flow and could be the result of non-optimal XDC constraints or non-optimal design architecture
Related violations: <none>

TIMING-16#439 Warning
Large setup violation  
There is a large setup violation of -23.550 ns between poly_mode_inst/coeff_str_reg[3][12]/C (clocked by sys_clk_pin) and poly_mode_inst/coeff_val_reg[3][22]/D (clocked by sys_clk_pin). Large setup violations at the end of those stages might be difficult to fix during the post-placement implementation flow and could be the result of non-optimal XDC constraints or non-optimal design architecture
Related violations: <none>

TIMING-16#440 Warning
Large setup violation  
There is a large setup violation of -3.012 ns between ascii_converter_inst/ascii_char_reg[4]/C (clocked by sys_clk_pin) and poly_mode_inst/integer_digits_reg[0][2]/D (clocked by sys_clk_pin). Large setup violations at the end of those stages might be difficult to fix during the post-placement implementation flow and could be the result of non-optimal XDC constraints or non-optimal design architecture
Related violations: <none>

TIMING-16#441 Warning
Large setup violation  
There is a large setup violation of -3.045 ns between ascii_converter_inst/ascii_char_reg[4]/C (clocked by sys_clk_pin) and poly_mode_inst/coeff_str_reg[1][60]/D (clocked by sys_clk_pin). Large setup violations at the end of those stages might be difficult to fix during the post-placement implementation flow and could be the result of non-optimal XDC constraints or non-optimal design architecture
Related violations: <none>

TIMING-16#442 Warning
Large setup violation  
There is a large setup violation of -3.101 ns between calc_mode_module_inst/vga_x_reg_reg[4]/C (clocked by sys_clk_pin) and calc_mode_module_inst/font_rom/U0/inst_blk_mem_gen/gnbram.gnativebmg.native_blk_mem_gen/valid.cstr/ramloop[0].ram.r/prim_init.ram/DEVICE_7SERIES.NO_BMM_INFO.SP.SIMPLE_PRIM18.ram/ADDRARDADDR[8] (clocked by sys_clk_pin). Large setup violations at the end of those stages might be difficult to fix during the post-placement implementation flow and could be the result of non-optimal XDC constraints or non-optimal design architecture
Related violations: <none>

TIMING-16#443 Warning
Large setup violation  
There is a large setup violation of -3.104 ns between ascii_converter_inst/ascii_char_reg[4]/C (clocked by sys_clk_pin) and poly_mode_inst/integer_digits_reg[2][2]/D (clocked by sys_clk_pin). Large setup violations at the end of those stages might be difficult to fix during the post-placement implementation flow and could be the result of non-optimal XDC constraints or non-optimal design architecture
Related violations: <none>

TIMING-16#444 Warning
Large setup violation  
There is a large setup violation of -3.185 ns between ascii_converter_inst/ascii_char_reg[4]/C (clocked by sys_clk_pin) and poly_mode_inst/integer_digits_reg[2][3]/D (clocked by sys_clk_pin). Large setup violations at the end of those stages might be difficult to fix during the post-placement implementation flow and could be the result of non-optimal XDC constraints or non-optimal design architecture
Related violations: <none>

TIMING-16#445 Warning
Large setup violation  
There is a large setup violation of -3.201 ns between ascii_converter_inst/ascii_char_reg[4]/C (clocked by sys_clk_pin) and poly_mode_inst/coeff_str_reg[0][60]/D (clocked by sys_clk_pin). Large setup violations at the end of those stages might be difficult to fix during the post-placement implementation flow and could be the result of non-optimal XDC constraints or non-optimal design architecture
Related violations: <none>

TIMING-16#446 Warning
Large setup violation  
There is a large setup violation of -3.249 ns between poly_solver_inst/state_reg[2]/C (clocked by sys_clk_pin) and poly_solver_inst/pipe_mul_a0__0/B[2] (clocked by sys_clk_pin). Large setup violations at the end of those stages might be difficult to fix during the post-placement implementation flow and could be the result of non-optimal XDC constraints or non-optimal design architecture
Related violations: <none>

TIMING-16#447 Warning
Large setup violation  
There is a large setup violation of -3.268 ns between poly_solver_inst/state_reg[2]/C (clocked by sys_clk_pin) and poly_solver_inst/pipe_mul_a0__0/B[0] (clocked by sys_clk_pin). Large setup violations at the end of those stages might be difficult to fix during the post-placement implementation flow and could be the result of non-optimal XDC constraints or non-optimal design architecture
Related violations: <none>

TIMING-16#448 Warning
Large setup violation  
There is a large setup violation of -3.458 ns between ascii_converter_inst/ascii_char_reg[4]/C (clocked by sys_clk_pin) and poly_mode_inst/active_coeff_index_reg[1]/D (clocked by sys_clk_pin). Large setup violations at the end of those stages might be difficult to fix during the post-placement implementation flow and could be the result of non-optimal XDC constraints or non-optimal design architecture
Related violations: <none>

TIMING-16#449 Warning
Large setup violation  
There is a large setup violation of -3.506 ns between poly_solver_inst/state_reg[2]/C (clocked by sys_clk_pin) and poly_solver_inst/pipe_mul_a0__0/B[4] (clocked by sys_clk_pin). Large setup violations at the end of those stages might be difficult to fix during the post-placement implementation flow and could be the result of non-optimal XDC constraints or non-optimal design architecture
Related violations: <none>

TIMING-16#450 Warning
Large setup violation  
There is a large setup violation of -3.549 ns between poly_solver_inst/state_reg[2]/C (clocked by sys_clk_pin) and poly_solver_inst/pipe_mul_a0__0/B[7] (clocked by sys_clk_pin). Large setup violations at the end of those stages might be difficult to fix during the post-placement implementation flow and could be the result of non-optimal XDC constraints or non-optimal design architecture
Related violations: <none>

TIMING-16#451 Warning
Large setup violation  
There is a large setup violation of -3.665 ns between poly_solver_inst/state_reg[2]/C (clocked by sys_clk_pin) and poly_solver_inst/pipe_mul_a0__0/B[6] (clocked by sys_clk_pin). Large setup violations at the end of those stages might be difficult to fix during the post-placement implementation flow and could be the result of non-optimal XDC constraints or non-optimal design architecture
Related violations: <none>

TIMING-16#452 Warning
Large setup violation  
There is a large setup violation of -3.723 ns between poly_solver_inst/state_reg[2]/C (clocked by sys_clk_pin) and poly_solver_inst/pipe_mul_a0__0/B[12] (clocked by sys_clk_pin). Large setup violations at the end of those stages might be difficult to fix during the post-placement implementation flow and could be the result of non-optimal XDC constraints or non-optimal design architecture
Related violations: <none>

TIMING-16#453 Warning
Large setup violation  
There is a large setup violation of -3.791 ns between ascii_converter_inst/ascii_char_reg[4]/C (clocked by sys_clk_pin) and poly_mode_inst/fractional_digits_reg[1][1]/D (clocked by sys_clk_pin). Large setup violations at the end of those stages might be difficult to fix during the post-placement implementation flow and could be the result of non-optimal XDC constraints or non-optimal design architecture
Related violations: <none>

TIMING-16#454 Warning
Large setup violation  
There is a large setup violation of -3.820 ns between shared_equation_length_reg[6]__0/C (clocked by sys_clk_pin) and oled_keypad_inst/s1_in_cursor_pos_reg/D (clocked by sys_clk_pin). Large setup violations at the end of those stages might be difficult to fix during the post-placement implementation flow and could be the result of non-optimal XDC constraints or non-optimal design architecture
Related violations: <none>

TIMING-16#455 Warning
Large setup violation  
There is a large setup violation of -3.920 ns between poly_solver_inst/state_reg[2]/C (clocked by sys_clk_pin) and poly_solver_inst/pipe_mul_a0__0/B[9] (clocked by sys_clk_pin). Large setup violations at the end of those stages might be difficult to fix during the post-placement implementation flow and could be the result of non-optimal XDC constraints or non-optimal design architecture
Related violations: <none>

TIMING-16#456 Warning
Large setup violation  
There is a large setup violation of -3.951 ns between ascii_converter_inst/ascii_char_reg[4]/C (clocked by sys_clk_pin) and poly_mode_inst/fractional_digits_reg[3][1]/D (clocked by sys_clk_pin). Large setup violations at the end of those stages might be difficult to fix during the post-placement implementation flow and could be the result of non-optimal XDC constraints or non-optimal design architecture
Related violations: <none>

TIMING-16#457 Warning
Large setup violation  
There is a large setup violation of -3.957 ns between ascii_converter_inst/ascii_char_reg[4]/C (clocked by sys_clk_pin) and poly_mode_inst/fractional_digits_reg[0][1]/D (clocked by sys_clk_pin). Large setup violations at the end of those stages might be difficult to fix during the post-placement implementation flow and could be the result of non-optimal XDC constraints or non-optimal design architecture
Related violations: <none>

TIMING-16#458 Warning
Large setup violation  
There is a large setup violation of -32.613 ns between display_handler_inst/vga_sync_unit/v_count_reg_reg[3]/C (clocked by sys_clk_pin) and poly_mode_inst/poly_vga_inst/char_code_reg_reg[1]/D (clocked by sys_clk_pin). Large setup violations at the end of those stages might be difficult to fix during the post-placement implementation flow and could be the result of non-optimal XDC constraints or non-optimal design architecture
Related violations: <none>

TIMING-16#459 Warning
Large setup violation  
There is a large setup violation of -32.999 ns between display_handler_inst/vga_sync_unit/v_count_reg_reg[3]/C (clocked by sys_clk_pin) and poly_mode_inst/poly_vga_inst/char_code_reg_reg[2]/D (clocked by sys_clk_pin). Large setup violations at the end of those stages might be difficult to fix during the post-placement implementation flow and could be the result of non-optimal XDC constraints or non-optimal design architecture
Related violations: <none>

TIMING-16#460 Warning
Large setup violation  
There is a large setup violation of -33.102 ns between display_handler_inst/vga_sync_unit/v_count_reg_reg[3]/C (clocked by sys_clk_pin) and poly_mode_inst/poly_vga_inst/char_code_reg_reg[3]/D (clocked by sys_clk_pin). Large setup violations at the end of those stages might be difficult to fix during the post-placement implementation flow and could be the result of non-optimal XDC constraints or non-optimal design architecture
Related violations: <none>

TIMING-16#461 Warning
Large setup violation  
There is a large setup violation of -33.429 ns between display_handler_inst/vga_sync_unit/v_count_reg_reg[3]/C (clocked by sys_clk_pin) and poly_mode_inst/poly_vga_inst/char_code_reg_reg[4]/D (clocked by sys_clk_pin). Large setup violations at the end of those stages might be difficult to fix during the post-placement implementation flow and could be the result of non-optimal XDC constraints or non-optimal design architecture
Related violations: <none>

TIMING-16#462 Warning
Large setup violation  
There is a large setup violation of -4.032 ns between ascii_converter_inst/ascii_char_reg[4]/C (clocked by sys_clk_pin) and poly_mode_inst/input_digit_index_reg[0]/CE (clocked by sys_clk_pin). Large setup violations at the end of those stages might be difficult to fix during the post-placement implementation flow and could be the result of non-optimal XDC constraints or non-optimal design architecture
Related violations: <none>

TIMING-16#463 Warning
Large setup violation  
There is a large setup violation of -4.032 ns between ascii_converter_inst/ascii_char_reg[4]/C (clocked by sys_clk_pin) and poly_mode_inst/input_digit_index_reg[1]/CE (clocked by sys_clk_pin). Large setup violations at the end of those stages might be difficult to fix during the post-placement implementation flow and could be the result of non-optimal XDC constraints or non-optimal design architecture
Related violations: <none>

TIMING-16#464 Warning
Large setup violation  
There is a large setup violation of -4.032 ns between ascii_converter_inst/ascii_char_reg[4]/C (clocked by sys_clk_pin) and poly_mode_inst/input_digit_index_reg[2]/CE (clocked by sys_clk_pin). Large setup violations at the end of those stages might be difficult to fix during the post-placement implementation flow and could be the result of non-optimal XDC constraints or non-optimal design architecture
Related violations: <none>

TIMING-16#465 Warning
Large setup violation  
There is a large setup violation of -4.032 ns between ascii_converter_inst/ascii_char_reg[4]/C (clocked by sys_clk_pin) and poly_mode_inst/input_digit_index_reg[3]/CE (clocked by sys_clk_pin). Large setup violations at the end of those stages might be difficult to fix during the post-placement implementation flow and could be the result of non-optimal XDC constraints or non-optimal design architecture
Related violations: <none>

TIMING-16#466 Warning
Large setup violation  
There is a large setup violation of -4.035 ns between ascii_converter_inst/ascii_char_reg[4]/C (clocked by sys_clk_pin) and poly_mode_inst/integer_digits_reg[0][1]/D (clocked by sys_clk_pin). Large setup violations at the end of those stages might be difficult to fix during the post-placement implementation flow and could be the result of non-optimal XDC constraints or non-optimal design architecture
Related violations: <none>

TIMING-16#467 Warning
Large setup violation  
There is a large setup violation of -4.110 ns between ascii_converter_inst/ascii_char_reg[4]/C (clocked by sys_clk_pin) and poly_mode_inst/integer_digits_reg[1][1]/D (clocked by sys_clk_pin). Large setup violations at the end of those stages might be difficult to fix during the post-placement implementation flow and could be the result of non-optimal XDC constraints or non-optimal design architecture
Related violations: <none>

TIMING-16#468 Warning
Large setup violation  
There is a large setup violation of -4.134 ns between ascii_converter_inst/ascii_char_reg[4]/C (clocked by sys_clk_pin) and poly_mode_inst/fractional_digits_reg[0][0]/D (clocked by sys_clk_pin). Large setup violations at the end of those stages might be difficult to fix during the post-placement implementation flow and could be the result of non-optimal XDC constraints or non-optimal design architecture
Related violations: <none>

TIMING-16#469 Warning
Large setup violation  
There is a large setup violation of -4.142 ns between poly_solver_inst/state_reg[2]/C (clocked by sys_clk_pin) and poly_solver_inst/pipe_mul_a0__0/B[1] (clocked by sys_clk_pin). Large setup violations at the end of those stages might be difficult to fix during the post-placement implementation flow and could be the result of non-optimal XDC constraints or non-optimal design architecture
Related violations: <none>

TIMING-16#470 Warning
Large setup violation  
There is a large setup violation of -4.146 ns between ascii_converter_inst/ascii_char_reg[4]/C (clocked by sys_clk_pin) and poly_mode_inst/integer_digits_reg[2][1]/D (clocked by sys_clk_pin). Large setup violations at the end of those stages might be difficult to fix during the post-placement implementation flow and could be the result of non-optimal XDC constraints or non-optimal design architecture
Related violations: <none>

TIMING-16#471 Warning
Large setup violation  
There is a large setup violation of -4.154 ns between ascii_converter_inst/ascii_char_reg[4]/C (clocked by sys_clk_pin) and poly_mode_inst/fractional_digits_reg[2][0]/D (clocked by sys_clk_pin). Large setup violations at the end of those stages might be difficult to fix during the post-placement implementation flow and could be the result of non-optimal XDC constraints or non-optimal design architecture
Related violations: <none>

TIMING-16#472 Warning
Large setup violation  
There is a large setup violation of -4.188 ns between ascii_converter_inst/ascii_char_reg[4]/C (clocked by sys_clk_pin) and poly_mode_inst/input_digit_index_reg[0]/D (clocked by sys_clk_pin). Large setup violations at the end of those stages might be difficult to fix during the post-placement implementation flow and could be the result of non-optimal XDC constraints or non-optimal design architecture
Related violations: <none>

TIMING-16#473 Warning
Large setup violation  
There is a large setup violation of -4.242 ns between poly_solver_inst/state_reg[2]/C (clocked by sys_clk_pin) and poly_solver_inst/pipe_mul_a0__0/B[13] (clocked by sys_clk_pin). Large setup violations at the end of those stages might be difficult to fix during the post-placement implementation flow and could be the result of non-optimal XDC constraints or non-optimal design architecture
Related violations: <none>

TIMING-16#474 Warning
Large setup violation  
There is a large setup violation of -4.259 ns between poly_solver_inst/state_reg[2]/C (clocked by sys_clk_pin) and poly_solver_inst/pipe_mul_a0__0/B[10] (clocked by sys_clk_pin). Large setup violations at the end of those stages might be difficult to fix during the post-placement implementation flow and could be the result of non-optimal XDC constraints or non-optimal design architecture
Related violations: <none>

TIMING-16#475 Warning
Large setup violation  
There is a large setup violation of -4.284 ns between ascii_converter_inst/ascii_char_reg[4]/C (clocked by sys_clk_pin) and poly_mode_inst/integer_digits_reg[3][0]/D (clocked by sys_clk_pin). Large setup violations at the end of those stages might be difficult to fix during the post-placement implementation flow and could be the result of non-optimal XDC constraints or non-optimal design architecture
Related violations: <none>

TIMING-16#476 Warning
Large setup violation  
There is a large setup violation of -4.288 ns between ascii_converter_inst/ascii_char_reg[4]/C (clocked by sys_clk_pin) and poly_mode_inst/fractional_digits_reg[1][0]/D (clocked by sys_clk_pin). Large setup violations at the end of those stages might be difficult to fix during the post-placement implementation flow and could be the result of non-optimal XDC constraints or non-optimal design architecture
Related violations: <none>

TIMING-16#477 Warning
Large setup violation  
There is a large setup violation of -4.291 ns between ascii_converter_inst/ascii_char_reg[4]/C (clocked by sys_clk_pin) and poly_mode_inst/fractional_digits_reg[2][1]/D (clocked by sys_clk_pin). Large setup violations at the end of those stages might be difficult to fix during the post-placement implementation flow and could be the result of non-optimal XDC constraints or non-optimal design architecture
Related violations: <none>

TIMING-16#478 Warning
Large setup violation  
There is a large setup violation of -4.311 ns between ascii_converter_inst/ascii_char_reg[4]/C (clocked by sys_clk_pin) and poly_mode_inst/fractional_digits_reg[2][0]/CE (clocked by sys_clk_pin). Large setup violations at the end of those stages might be difficult to fix during the post-placement implementation flow and could be the result of non-optimal XDC constraints or non-optimal design architecture
Related violations: <none>

TIMING-16#479 Warning
Large setup violation  
There is a large setup violation of -4.311 ns between ascii_converter_inst/ascii_char_reg[4]/C (clocked by sys_clk_pin) and poly_mode_inst/fractional_digits_reg[2][1]/CE (clocked by sys_clk_pin). Large setup violations at the end of those stages might be difficult to fix during the post-placement implementation flow and could be the result of non-optimal XDC constraints or non-optimal design architecture
Related violations: <none>

TIMING-16#480 Warning
Large setup violation  
There is a large setup violation of -4.311 ns between ascii_converter_inst/ascii_char_reg[4]/C (clocked by sys_clk_pin) and poly_mode_inst/fractional_digits_reg[2][2]/CE (clocked by sys_clk_pin). Large setup violations at the end of those stages might be difficult to fix during the post-placement implementation flow and could be the result of non-optimal XDC constraints or non-optimal design architecture
Related violations: <none>

TIMING-16#481 Warning
Large setup violation  
There is a large setup violation of -4.311 ns between ascii_converter_inst/ascii_char_reg[4]/C (clocked by sys_clk_pin) and poly_mode_inst/fractional_digits_reg[2][3]/CE (clocked by sys_clk_pin). Large setup violations at the end of those stages might be difficult to fix during the post-placement implementation flow and could be the result of non-optimal XDC constraints or non-optimal design architecture
Related violations: <none>

TIMING-16#482 Warning
Large setup violation  
There is a large setup violation of -4.325 ns between ascii_converter_inst/ascii_char_reg[4]/C (clocked by sys_clk_pin) and poly_mode_inst/integer_digits_reg[2][0]/D (clocked by sys_clk_pin). Large setup violations at the end of those stages might be difficult to fix during the post-placement implementation flow and could be the result of non-optimal XDC constraints or non-optimal design architecture
Related violations: <none>

TIMING-16#483 Warning
Large setup violation  
There is a large setup violation of -4.350 ns between poly_solver_inst/state_reg[2]/C (clocked by sys_clk_pin) and poly_solver_inst/pipe_mul_a0__0/B[3] (clocked by sys_clk_pin). Large setup violations at the end of those stages might be difficult to fix during the post-placement implementation flow and could be the result of non-optimal XDC constraints or non-optimal design architecture
Related violations: <none>

TIMING-16#484 Warning
Large setup violation  
There is a large setup violation of -4.443 ns between ascii_converter_inst/ascii_char_reg[4]/C (clocked by sys_clk_pin) and poly_mode_inst/integer_digits_reg[0][0]/D (clocked by sys_clk_pin). Large setup violations at the end of those stages might be difficult to fix during the post-placement implementation flow and could be the result of non-optimal XDC constraints or non-optimal design architecture
Related violations: <none>

TIMING-16#485 Warning
Large setup violation  
There is a large setup violation of -4.472 ns between ascii_converter_inst/ascii_char_reg[4]/C (clocked by sys_clk_pin) and poly_mode_inst/fractional_digits_reg[3][0]/D (clocked by sys_clk_pin). Large setup violations at the end of those stages might be difficult to fix during the post-placement implementation flow and could be the result of non-optimal XDC constraints or non-optimal design architecture
Related violations: <none>

TIMING-16#486 Warning
Large setup violation  
There is a large setup violation of -4.479 ns between ascii_converter_inst/ascii_char_reg[4]/C (clocked by sys_clk_pin) and poly_mode_inst/integer_digits_reg[1][0]/D (clocked by sys_clk_pin). Large setup violations at the end of those stages might be difficult to fix during the post-placement implementation flow and could be the result of non-optimal XDC constraints or non-optimal design architecture
Related violations: <none>

TIMING-16#487 Warning
Large setup violation  
There is a large setup violation of -4.483 ns between ascii_converter_inst/ascii_char_reg[4]/C (clocked by sys_clk_pin) and poly_mode_inst/integer_digits_reg[3][1]/D (clocked by sys_clk_pin). Large setup violations at the end of those stages might be difficult to fix during the post-placement implementation flow and could be the result of non-optimal XDC constraints or non-optimal design architecture
Related violations: <none>

TIMING-16#488 Warning
Large setup violation  
There is a large setup violation of -4.506 ns between poly_solver_inst/state_reg[2]/C (clocked by sys_clk_pin) and poly_solver_inst/pipe_mul_a0__0/B[5] (clocked by sys_clk_pin). Large setup violations at the end of those stages might be difficult to fix during the post-placement implementation flow and could be the result of non-optimal XDC constraints or non-optimal design architecture
Related violations: <none>

TIMING-16#489 Warning
Large setup violation  
There is a large setup violation of -4.730 ns between ascii_converter_inst/ascii_char_reg[4]/C (clocked by sys_clk_pin) and poly_mode_inst/fractional_digits_reg[1][3]/D (clocked by sys_clk_pin). Large setup violations at the end of those stages might be difficult to fix during the post-placement implementation flow and could be the result of non-optimal XDC constraints or non-optimal design architecture
Related violations: <none>

TIMING-16#490 Warning
Large setup violation  
There is a large setup violation of -4.746 ns between ascii_converter_inst/ascii_char_reg[4]/C (clocked by sys_clk_pin) and poly_mode_inst/fractional_digits_reg[0][3]/D (clocked by sys_clk_pin). Large setup violations at the end of those stages might be difficult to fix during the post-placement implementation flow and could be the result of non-optimal XDC constraints or non-optimal design architecture
Related violations: <none>

TIMING-16#491 Warning
Large setup violation  
There is a large setup violation of -4.802 ns between poly_solver_inst/state_reg[2]/C (clocked by sys_clk_pin) and poly_solver_inst/pipe_mul_a0__0/B[14] (clocked by sys_clk_pin). Large setup violations at the end of those stages might be difficult to fix during the post-placement implementation flow and could be the result of non-optimal XDC constraints or non-optimal design architecture
Related violations: <none>

TIMING-16#492 Warning
Large setup violation  
There is a large setup violation of -4.802 ns between poly_solver_inst/state_reg[2]/C (clocked by sys_clk_pin) and poly_solver_inst/pipe_mul_a0__0/B[15] (clocked by sys_clk_pin). Large setup violations at the end of those stages might be difficult to fix during the post-placement implementation flow and could be the result of non-optimal XDC constraints or non-optimal design architecture
Related violations: <none>

TIMING-16#493 Warning
Large setup violation  
There is a large setup violation of -4.859 ns between ascii_converter_inst/ascii_char_reg[4]/C (clocked by sys_clk_pin) and poly_mode_inst/fractional_digits_reg[0][2]/D (clocked by sys_clk_pin). Large setup violations at the end of those stages might be difficult to fix during the post-placement implementation flow and could be the result of non-optimal XDC constraints or non-optimal design architecture
Related violations: <none>

TIMING-16#494 Warning
Large setup violation  
There is a large setup violation of -4.916 ns between ascii_converter_inst/ascii_char_reg[4]/C (clocked by sys_clk_pin) and poly_mode_inst/fractional_digits_reg[2][3]/D (clocked by sys_clk_pin). Large setup violations at the end of those stages might be difficult to fix during the post-placement implementation flow and could be the result of non-optimal XDC constraints or non-optimal design architecture
Related violations: <none>

TIMING-16#495 Warning
Large setup violation  
There is a large setup violation of -4.916 ns between ascii_converter_inst/ascii_char_reg[4]/C (clocked by sys_clk_pin) and poly_mode_inst/fractional_digits_reg[3][3]/D (clocked by sys_clk_pin). Large setup violations at the end of those stages might be difficult to fix during the post-placement implementation flow and could be the result of non-optimal XDC constraints or non-optimal design architecture
Related violations: <none>

TIMING-16#496 Warning
Large setup violation  
There is a large setup violation of -4.922 ns between display_handler_inst/vga_sync_unit/h_count_reg_reg[3]/C (clocked by sys_clk_pin) and poly_mode_inst/poly_vga_inst/char_code_reg_reg[6]/D (clocked by sys_clk_pin). Large setup violations at the end of those stages might be difficult to fix during the post-placement implementation flow and could be the result of non-optimal XDC constraints or non-optimal design architecture
Related violations: <none>

TIMING-16#497 Warning
Large setup violation  
There is a large setup violation of -4.989 ns between ascii_converter_inst/ascii_char_reg[4]/C (clocked by sys_clk_pin) and poly_mode_inst/has_dot_reg[1][0]/D (clocked by sys_clk_pin). Large setup violations at the end of those stages might be difficult to fix during the post-placement implementation flow and could be the result of non-optimal XDC constraints or non-optimal design architecture
Related violations: <none>

TIMING-16#498 Warning
Large setup violation  
There is a large setup violation of -5.052 ns between poly_solver_inst/state_reg[2]/C (clocked by sys_clk_pin) and poly_solver_inst/pipe_mul_a0__0/B[11] (clocked by sys_clk_pin). Large setup violations at the end of those stages might be difficult to fix during the post-placement implementation flow and could be the result of non-optimal XDC constraints or non-optimal design architecture
Related violations: <none>

TIMING-16#499 Warning
Large setup violation  
There is a large setup violation of -5.094 ns between poly_solver_inst/state_reg[2]/C (clocked by sys_clk_pin) and poly_solver_inst/pipe_mul_a0__0/B[16] (clocked by sys_clk_pin). Large setup violations at the end of those stages might be difficult to fix during the post-placement implementation flow and could be the result of non-optimal XDC constraints or non-optimal design architecture
Related violations: <none>

TIMING-16#500 Warning
Large setup violation  
There is a large setup violation of -5.094 ns between poly_solver_inst/state_reg[2]/C (clocked by sys_clk_pin) and poly_solver_inst/pipe_mul_a0__0/B[17] (clocked by sys_clk_pin). Large setup violations at the end of those stages might be difficult to fix during the post-placement implementation flow and could be the result of non-optimal XDC constraints or non-optimal design architecture
Related violations: <none>

TIMING-16#501 Warning
Large setup violation  
There is a large setup violation of -5.167 ns between ascii_converter_inst/ascii_char_reg[4]/C (clocked by sys_clk_pin) and poly_mode_inst/has_dot_reg[3][0]/D (clocked by sys_clk_pin). Large setup violations at the end of those stages might be difficult to fix during the post-placement implementation flow and could be the result of non-optimal XDC constraints or non-optimal design architecture
Related violations: <none>

TIMING-16#502 Warning
Large setup violation  
There is a large setup violation of -5.327 ns between ascii_converter_inst/ascii_char_reg[4]/C (clocked by sys_clk_pin) and poly_mode_inst/fractional_digits_reg[3][2]/D (clocked by sys_clk_pin). Large setup violations at the end of those stages might be difficult to fix during the post-placement implementation flow and could be the result of non-optimal XDC constraints or non-optimal design architecture
Related violations: <none>

TIMING-16#503 Warning
Large setup violation  
There is a large setup violation of -5.331 ns between ascii_converter_inst/ascii_char_reg[4]/C (clocked by sys_clk_pin) and poly_mode_inst/has_dot_reg[2][0]/D (clocked by sys_clk_pin). Large setup violations at the end of those stages might be difficult to fix during the post-placement implementation flow and could be the result of non-optimal XDC constraints or non-optimal design architecture
Related violations: <none>

TIMING-16#504 Warning
Large setup violation  
There is a large setup violation of -5.459 ns between poly_solver_inst/state_reg[2]/C (clocked by sys_clk_pin) and poly_solver_inst/pipe_mul_a0__0/B[8] (clocked by sys_clk_pin). Large setup violations at the end of those stages might be difficult to fix during the post-placement implementation flow and could be the result of non-optimal XDC constraints or non-optimal design architecture
Related violations: <none>

TIMING-16#505 Warning
Large setup violation  
There is a large setup violation of -5.470 ns between ascii_converter_inst/ascii_char_reg[4]/C (clocked by sys_clk_pin) and poly_mode_inst/fractional_digits_reg[1][2]/D (clocked by sys_clk_pin). Large setup violations at the end of those stages might be difficult to fix during the post-placement implementation flow and could be the result of non-optimal XDC constraints or non-optimal design architecture
Related violations: <none>

TIMING-16#506 Warning
Large setup violation  
There is a large setup violation of -5.527 ns between ascii_converter_inst/ascii_char_reg[4]/C (clocked by sys_clk_pin) and poly_mode_inst/fractional_digits_reg[2][2]/D (clocked by sys_clk_pin). Large setup violations at the end of those stages might be difficult to fix during the post-placement implementation flow and could be the result of non-optimal XDC constraints or non-optimal design architecture
Related violations: <none>

TIMING-16#507 Warning
Large setup violation  
There is a large setup violation of -5.570 ns between ascii_converter_inst/ascii_char_reg[4]/C (clocked by sys_clk_pin) and poly_mode_inst/coeff_str_reg[0][21]/D (clocked by sys_clk_pin). Large setup violations at the end of those stages might be difficult to fix during the post-placement implementation flow and could be the result of non-optimal XDC constraints or non-optimal design architecture
Related violations: <none>

TIMING-16#508 Warning
Large setup violation  
There is a large setup violation of -5.710 ns between ascii_converter_inst/ascii_char_reg[4]/C (clocked by sys_clk_pin) and poly_mode_inst/coeff_str_reg[3][65]/D (clocked by sys_clk_pin). Large setup violations at the end of those stages might be difficult to fix during the post-placement implementation flow and could be the result of non-optimal XDC constraints or non-optimal design architecture
Related violations: <none>

TIMING-16#509 Warning
Large setup violation  
There is a large setup violation of -5.726 ns between ascii_converter_inst/ascii_char_reg[4]/C (clocked by sys_clk_pin) and poly_mode_inst/coeff_str_reg[0][32]/D (clocked by sys_clk_pin). Large setup violations at the end of those stages might be difficult to fix during the post-placement implementation flow and could be the result of non-optimal XDC constraints or non-optimal design architecture
Related violations: <none>

TIMING-16#510 Warning
Large setup violation  
There is a large setup violation of -5.830 ns between ascii_converter_inst/ascii_char_reg[4]/C (clocked by sys_clk_pin) and poly_mode_inst/coeff_str_reg[0][61]/D (clocked by sys_clk_pin). Large setup violations at the end of those stages might be difficult to fix during the post-placement implementation flow and could be the result of non-optimal XDC constraints or non-optimal design architecture
Related violations: <none>

TIMING-16#511 Warning
Large setup violation  
There is a large setup violation of -5.834 ns between ascii_converter_inst/ascii_char_reg[4]/C (clocked by sys_clk_pin) and poly_mode_inst/coeff_str_reg[3][45]/D (clocked by sys_clk_pin). Large setup violations at the end of those stages might be difficult to fix during the post-placement implementation flow and could be the result of non-optimal XDC constraints or non-optimal design architecture
Related violations: <none>

TIMING-16#512 Warning
Large setup violation  
There is a large setup violation of -5.858 ns between display_handler_inst/vga_sync_unit/h_count_reg_reg[3]/C (clocked by sys_clk_pin) and poly_mode_inst/poly_vga_inst/char_code_reg_reg[5]/D (clocked by sys_clk_pin). Large setup violations at the end of those stages might be difficult to fix during the post-placement implementation flow and could be the result of non-optimal XDC constraints or non-optimal design architecture
Related violations: <none>

TIMING-16#513 Warning
Large setup violation  
There is a large setup violation of -5.920 ns between ascii_converter_inst/ascii_char_reg[4]/C (clocked by sys_clk_pin) and poly_mode_inst/coeff_str_reg[3][26]/CE (clocked by sys_clk_pin). Large setup violations at the end of those stages might be difficult to fix during the post-placement implementation flow and could be the result of non-optimal XDC constraints or non-optimal design architecture
Related violations: <none>

TIMING-16#514 Warning
Large setup violation  
There is a large setup violation of -5.985 ns between ascii_converter_inst/ascii_char_reg[4]/C (clocked by sys_clk_pin) and poly_mode_inst/coeff_str_reg[0][40]/D (clocked by sys_clk_pin). Large setup violations at the end of those stages might be difficult to fix during the post-placement implementation flow and could be the result of non-optimal XDC constraints or non-optimal design architecture
Related violations: <none>

TIMING-16#515 Warning
Large setup violation  
There is a large setup violation of -5.987 ns between ascii_converter_inst/ascii_char_reg[4]/C (clocked by sys_clk_pin) and poly_mode_inst/coeff_str_reg[3][21]/D (clocked by sys_clk_pin). Large setup violations at the end of those stages might be difficult to fix during the post-placement implementation flow and could be the result of non-optimal XDC constraints or non-optimal design architecture
Related violations: <none>

TIMING-16#516 Warning
Large setup violation  
There is a large setup violation of -6.028 ns between ascii_converter_inst/ascii_char_reg[4]/C (clocked by sys_clk_pin) and poly_mode_inst/coeff_str_reg[0][45]/D (clocked by sys_clk_pin). Large setup violations at the end of those stages might be difficult to fix during the post-placement implementation flow and could be the result of non-optimal XDC constraints or non-optimal design architecture
Related violations: <none>

TIMING-16#517 Warning
Large setup violation  
There is a large setup violation of -6.073 ns between ascii_converter_inst/ascii_char_reg[4]/C (clocked by sys_clk_pin) and poly_mode_inst/coeff_str_reg[2][16]/D (clocked by sys_clk_pin). Large setup violations at the end of those stages might be difficult to fix during the post-placement implementation flow and could be the result of non-optimal XDC constraints or non-optimal design architecture
Related violations: <none>

TIMING-16#518 Warning
Large setup violation  
There is a large setup violation of -6.078 ns between ascii_converter_inst/ascii_char_reg[4]/C (clocked by sys_clk_pin) and poly_mode_inst/coeff_str_reg[1][59]/CE (clocked by sys_clk_pin). Large setup violations at the end of those stages might be difficult to fix during the post-placement implementation flow and could be the result of non-optimal XDC constraints or non-optimal design architecture
Related violations: <none>

TIMING-16#519 Warning
Large setup violation  
There is a large setup violation of -6.092 ns between ascii_converter_inst/ascii_char_reg[4]/C (clocked by sys_clk_pin) and poly_mode_inst/coeff_str_reg[3][64]/D (clocked by sys_clk_pin). Large setup violations at the end of those stages might be difficult to fix during the post-placement implementation flow and could be the result of non-optimal XDC constraints or non-optimal design architecture
Related violations: <none>

TIMING-16#520 Warning
Large setup violation  
There is a large setup violation of -6.100 ns between ascii_converter_inst/ascii_char_reg[4]/C (clocked by sys_clk_pin) and poly_mode_inst/coeff_str_reg[2][50]/D (clocked by sys_clk_pin). Large setup violations at the end of those stages might be difficult to fix during the post-placement implementation flow and could be the result of non-optimal XDC constraints or non-optimal design architecture
Related violations: <none>

TIMING-16#521 Warning
Large setup violation  
There is a large setup violation of -6.107 ns between ascii_converter_inst/ascii_char_reg[4]/C (clocked by sys_clk_pin) and poly_mode_inst/coeff_str_reg[1][61]/D (clocked by sys_clk_pin). Large setup violations at the end of those stages might be difficult to fix during the post-placement implementation flow and could be the result of non-optimal XDC constraints or non-optimal design architecture
Related violations: <none>

TIMING-16#522 Warning
Large setup violation  
There is a large setup violation of -6.114 ns between ascii_converter_inst/ascii_char_reg[4]/C (clocked by sys_clk_pin) and poly_mode_inst/coeff_str_reg[0][64]/D (clocked by sys_clk_pin). Large setup violations at the end of those stages might be difficult to fix during the post-placement implementation flow and could be the result of non-optimal XDC constraints or non-optimal design architecture
Related violations: <none>

TIMING-16#523 Warning
Large setup violation  
There is a large setup violation of -6.133 ns between ascii_converter_inst/ascii_char_reg[4]/C (clocked by sys_clk_pin) and poly_mode_inst/coeff_str_reg[3][24]/CE (clocked by sys_clk_pin). Large setup violations at the end of those stages might be difficult to fix during the post-placement implementation flow and could be the result of non-optimal XDC constraints or non-optimal design architecture
Related violations: <none>

TIMING-16#524 Warning
Large setup violation  
There is a large setup violation of -6.133 ns between ascii_converter_inst/ascii_char_reg[4]/C (clocked by sys_clk_pin) and poly_mode_inst/coeff_str_reg[3][25]/CE (clocked by sys_clk_pin). Large setup violations at the end of those stages might be difficult to fix during the post-placement implementation flow and could be the result of non-optimal XDC constraints or non-optimal design architecture
Related violations: <none>

TIMING-16#525 Warning
Large setup violation  
There is a large setup violation of -6.133 ns between ascii_converter_inst/ascii_char_reg[4]/C (clocked by sys_clk_pin) and poly_mode_inst/coeff_str_reg[3][27]/CE (clocked by sys_clk_pin). Large setup violations at the end of those stages might be difficult to fix during the post-placement implementation flow and could be the result of non-optimal XDC constraints or non-optimal design architecture
Related violations: <none>

TIMING-16#526 Warning
Large setup violation  
There is a large setup violation of -6.133 ns between ascii_converter_inst/ascii_char_reg[4]/C (clocked by sys_clk_pin) and poly_mode_inst/coeff_str_reg[3][28]/CE (clocked by sys_clk_pin). Large setup violations at the end of those stages might be difficult to fix during the post-placement implementation flow and could be the result of non-optimal XDC constraints or non-optimal design architecture
Related violations: <none>

TIMING-16#527 Warning
Large setup violation  
There is a large setup violation of -6.133 ns between ascii_converter_inst/ascii_char_reg[4]/C (clocked by sys_clk_pin) and poly_mode_inst/coeff_str_reg[3][29]/CE (clocked by sys_clk_pin). Large setup violations at the end of those stages might be difficult to fix during the post-placement implementation flow and could be the result of non-optimal XDC constraints or non-optimal design architecture
Related violations: <none>

TIMING-16#528 Warning
Large setup violation  
There is a large setup violation of -6.136 ns between ascii_converter_inst/ascii_char_reg[4]/C (clocked by sys_clk_pin) and poly_mode_inst/coeff_str_reg[2][32]/D (clocked by sys_clk_pin). Large setup violations at the end of those stages might be difficult to fix during the post-placement implementation flow and could be the result of non-optimal XDC constraints or non-optimal design architecture
Related violations: <none>

TIMING-16#529 Warning
Large setup violation  
There is a large setup violation of -6.145 ns between ascii_converter_inst/ascii_char_reg[4]/C (clocked by sys_clk_pin) and poly_mode_inst/coeff_str_reg[1][21]/D (clocked by sys_clk_pin). Large setup violations at the end of those stages might be difficult to fix during the post-placement implementation flow and could be the result of non-optimal XDC constraints or non-optimal design architecture
Related violations: <none>

TIMING-16#530 Warning
Large setup violation  
There is a large setup violation of -6.156 ns between ascii_converter_inst/ascii_char_reg[4]/C (clocked by sys_clk_pin) and poly_mode_inst/coeff_str_reg[0][10]/D (clocked by sys_clk_pin). Large setup violations at the end of those stages might be difficult to fix during the post-placement implementation flow and could be the result of non-optimal XDC constraints or non-optimal design architecture
Related violations: <none>

TIMING-16#531 Warning
Large setup violation  
There is a large setup violation of -6.170 ns between ascii_converter_inst/ascii_char_reg[4]/C (clocked by sys_clk_pin) and poly_mode_inst/coeff_str_reg[2][21]/D (clocked by sys_clk_pin). Large setup violations at the end of those stages might be difficult to fix during the post-placement implementation flow and could be the result of non-optimal XDC constraints or non-optimal design architecture
Related violations: <none>

TIMING-16#532 Warning
Large setup violation  
There is a large setup violation of -6.172 ns between ascii_converter_inst/ascii_char_reg[4]/C (clocked by sys_clk_pin) and poly_mode_inst/coeff_str_reg[1][32]/D (clocked by sys_clk_pin). Large setup violations at the end of those stages might be difficult to fix during the post-placement implementation flow and could be the result of non-optimal XDC constraints or non-optimal design architecture
Related violations: <none>

TIMING-16#533 Warning
Large setup violation  
There is a large setup violation of -6.177 ns between ascii_converter_inst/ascii_char_reg[4]/C (clocked by sys_clk_pin) and poly_mode_inst/coeff_str_reg[2][33]/D (clocked by sys_clk_pin). Large setup violations at the end of those stages might be difficult to fix during the post-placement implementation flow and could be the result of non-optimal XDC constraints or non-optimal design architecture
Related violations: <none>

TIMING-16#534 Warning
Large setup violation  
There is a large setup violation of -6.192 ns between ascii_converter_inst/ascii_char_reg[4]/C (clocked by sys_clk_pin) and poly_mode_inst/coeff_str_reg[0][53]/D (clocked by sys_clk_pin). Large setup violations at the end of those stages might be difficult to fix during the post-placement implementation flow and could be the result of non-optimal XDC constraints or non-optimal design architecture
Related violations: <none>

TIMING-16#535 Warning
Large setup violation  
There is a large setup violation of -6.225 ns between ascii_converter_inst/ascii_char_reg[4]/C (clocked by sys_clk_pin) and poly_mode_inst/coeff_str_reg[2][29]/D (clocked by sys_clk_pin). Large setup violations at the end of those stages might be difficult to fix during the post-placement implementation flow and could be the result of non-optimal XDC constraints or non-optimal design architecture
Related violations: <none>

TIMING-16#536 Warning
Large setup violation  
There is a large setup violation of -6.226 ns between ascii_converter_inst/ascii_char_reg[4]/C (clocked by sys_clk_pin) and poly_mode_inst/coeff_str_reg[2][64]/D (clocked by sys_clk_pin). Large setup violations at the end of those stages might be difficult to fix during the post-placement implementation flow and could be the result of non-optimal XDC constraints or non-optimal design architecture
Related violations: <none>

TIMING-16#537 Warning
Large setup violation  
There is a large setup violation of -6.242 ns between ascii_converter_inst/ascii_char_reg[4]/C (clocked by sys_clk_pin) and poly_mode_inst/integer_digits_reg[2][0]/CE (clocked by sys_clk_pin). Large setup violations at the end of those stages might be difficult to fix during the post-placement implementation flow and could be the result of non-optimal XDC constraints or non-optimal design architecture
Related violations: <none>

TIMING-16#538 Warning
Large setup violation  
There is a large setup violation of -6.242 ns between ascii_converter_inst/ascii_char_reg[4]/C (clocked by sys_clk_pin) and poly_mode_inst/integer_digits_reg[2][1]/CE (clocked by sys_clk_pin). Large setup violations at the end of those stages might be difficult to fix during the post-placement implementation flow and could be the result of non-optimal XDC constraints or non-optimal design architecture
Related violations: <none>

TIMING-16#539 Warning
Large setup violation  
There is a large setup violation of -6.242 ns between ascii_converter_inst/ascii_char_reg[4]/C (clocked by sys_clk_pin) and poly_mode_inst/integer_digits_reg[2][2]/CE (clocked by sys_clk_pin). Large setup violations at the end of those stages might be difficult to fix during the post-placement implementation flow and could be the result of non-optimal XDC constraints or non-optimal design architecture
Related violations: <none>

TIMING-16#540 Warning
Large setup violation  
There is a large setup violation of -6.242 ns between ascii_converter_inst/ascii_char_reg[4]/C (clocked by sys_clk_pin) and poly_mode_inst/integer_digits_reg[2][3]/CE (clocked by sys_clk_pin). Large setup violations at the end of those stages might be difficult to fix during the post-placement implementation flow and could be the result of non-optimal XDC constraints or non-optimal design architecture
Related violations: <none>

TIMING-16#541 Warning
Large setup violation  
There is a large setup violation of -6.257 ns between ascii_converter_inst/ascii_char_reg[4]/C (clocked by sys_clk_pin) and poly_mode_inst/coeff_str_reg[1][40]/D (clocked by sys_clk_pin). Large setup violations at the end of those stages might be difficult to fix during the post-placement implementation flow and could be the result of non-optimal XDC constraints or non-optimal design architecture
Related violations: <none>

TIMING-16#542 Warning
Large setup violation  
There is a large setup violation of -6.260 ns between ascii_converter_inst/ascii_char_reg[4]/C (clocked by sys_clk_pin) and poly_mode_inst/coeff_str_reg[1][10]/D (clocked by sys_clk_pin). Large setup violations at the end of those stages might be difficult to fix during the post-placement implementation flow and could be the result of non-optimal XDC constraints or non-optimal design architecture
Related violations: <none>

TIMING-16#543 Warning
Large setup violation  
There is a large setup violation of -6.272 ns between ascii_converter_inst/ascii_char_reg[4]/C (clocked by sys_clk_pin) and poly_mode_inst/coeff_str_reg[0][11]/D (clocked by sys_clk_pin). Large setup violations at the end of those stages might be difficult to fix during the post-placement implementation flow and could be the result of non-optimal XDC constraints or non-optimal design architecture
Related violations: <none>

TIMING-16#544 Warning
Large setup violation  
There is a large setup violation of -6.273 ns between ascii_converter_inst/ascii_char_reg[4]/C (clocked by sys_clk_pin) and poly_mode_inst/coeff_str_reg[3][61]/D (clocked by sys_clk_pin). Large setup violations at the end of those stages might be difficult to fix during the post-placement implementation flow and could be the result of non-optimal XDC constraints or non-optimal design architecture
Related violations: <none>

TIMING-16#545 Warning
Large setup violation  
There is a large setup violation of -6.278 ns between ascii_converter_inst/ascii_char_reg[4]/C (clocked by sys_clk_pin) and poly_mode_inst/coeff_str_reg[3][29]/D (clocked by sys_clk_pin). Large setup violations at the end of those stages might be difficult to fix during the post-placement implementation flow and could be the result of non-optimal XDC constraints or non-optimal design architecture
Related violations: <none>

TIMING-16#546 Warning
Large setup violation  
There is a large setup violation of -6.292 ns between ascii_converter_inst/ascii_char_reg[4]/C (clocked by sys_clk_pin) and poly_mode_inst/coeff_str_reg[0][29]/D (clocked by sys_clk_pin). Large setup violations at the end of those stages might be difficult to fix during the post-placement implementation flow and could be the result of non-optimal XDC constraints or non-optimal design architecture
Related violations: <none>

TIMING-16#547 Warning
Large setup violation  
There is a large setup violation of -6.301 ns between ascii_converter_inst/ascii_char_reg[4]/C (clocked by sys_clk_pin) and poly_mode_inst/coeff_str_reg[3][10]/D (clocked by sys_clk_pin). Large setup violations at the end of those stages might be difficult to fix during the post-placement implementation flow and could be the result of non-optimal XDC constraints or non-optimal design architecture
Related violations: <none>

TIMING-16#548 Warning
Large setup violation  
There is a large setup violation of -6.307 ns between ascii_converter_inst/ascii_char_reg[4]/C (clocked by sys_clk_pin) and poly_mode_inst/coeff_str_reg[2][45]/D (clocked by sys_clk_pin). Large setup violations at the end of those stages might be difficult to fix during the post-placement implementation flow and could be the result of non-optimal XDC constraints or non-optimal design architecture
Related violations: <none>

TIMING-16#549 Warning
Large setup violation  
There is a large setup violation of -6.316 ns between ascii_converter_inst/ascii_char_reg[4]/C (clocked by sys_clk_pin) and poly_mode_inst/coeff_str_reg[0][33]/D (clocked by sys_clk_pin). Large setup violations at the end of those stages might be difficult to fix during the post-placement implementation flow and could be the result of non-optimal XDC constraints or non-optimal design architecture
Related violations: <none>

TIMING-16#550 Warning
Large setup violation  
There is a large setup violation of -6.331 ns between ascii_converter_inst/ascii_char_reg[4]/C (clocked by sys_clk_pin) and poly_mode_inst/coeff_str_reg[1][33]/D (clocked by sys_clk_pin). Large setup violations at the end of those stages might be difficult to fix during the post-placement implementation flow and could be the result of non-optimal XDC constraints or non-optimal design architecture
Related violations: <none>

TIMING-16#551 Warning
Large setup violation  
There is a large setup violation of -6.331 ns between ascii_converter_inst/ascii_char_reg[4]/C (clocked by sys_clk_pin) and poly_mode_inst/coeff_str_reg[3][32]/D (clocked by sys_clk_pin). Large setup violations at the end of those stages might be difficult to fix during the post-placement implementation flow and could be the result of non-optimal XDC constraints or non-optimal design architecture
Related violations: <none>

TIMING-16#552 Warning
Large setup violation  
There is a large setup violation of -6.331 ns between ascii_converter_inst/ascii_char_reg[4]/C (clocked by sys_clk_pin) and poly_mode_inst/coeff_str_reg[3][33]/D (clocked by sys_clk_pin). Large setup violations at the end of those stages might be difficult to fix during the post-placement implementation flow and could be the result of non-optimal XDC constraints or non-optimal design architecture
Related violations: <none>

TIMING-16#553 Warning
Large setup violation  
There is a large setup violation of -6.334 ns between ascii_converter_inst/ascii_char_reg[4]/C (clocked by sys_clk_pin) and poly_mode_inst/coeff_str_reg[2][74]/D (clocked by sys_clk_pin). Large setup violations at the end of those stages might be difficult to fix during the post-placement implementation flow and could be the result of non-optimal XDC constraints or non-optimal design architecture
Related violations: <none>

TIMING-16#554 Warning
Large setup violation  
There is a large setup violation of -6.344 ns between ascii_converter_inst/ascii_char_reg[4]/C (clocked by sys_clk_pin) and poly_mode_inst/coeff_str_reg[2][72]/D (clocked by sys_clk_pin). Large setup violations at the end of those stages might be difficult to fix during the post-placement implementation flow and could be the result of non-optimal XDC constraints or non-optimal design architecture
Related violations: <none>

TIMING-16#555 Warning
Large setup violation  
There is a large setup violation of -6.359 ns between ascii_converter_inst/ascii_char_reg[4]/C (clocked by sys_clk_pin) and poly_mode_inst/coeff_str_reg[0][72]/D (clocked by sys_clk_pin). Large setup violations at the end of those stages might be difficult to fix during the post-placement implementation flow and could be the result of non-optimal XDC constraints or non-optimal design architecture
Related violations: <none>

TIMING-16#556 Warning
Large setup violation  
There is a large setup violation of -6.362 ns between ascii_converter_inst/ascii_char_reg[4]/C (clocked by sys_clk_pin) and poly_mode_inst/coeff_str_reg[3][53]/D (clocked by sys_clk_pin). Large setup violations at the end of those stages might be difficult to fix during the post-placement implementation flow and could be the result of non-optimal XDC constraints or non-optimal design architecture
Related violations: <none>

TIMING-16#557 Warning
Large setup violation  
There is a large setup violation of -6.371 ns between ascii_converter_inst/ascii_char_reg[4]/C (clocked by sys_clk_pin) and poly_mode_inst/coeff_str_reg[1][45]/D (clocked by sys_clk_pin). Large setup violations at the end of those stages might be difficult to fix during the post-placement implementation flow and could be the result of non-optimal XDC constraints or non-optimal design architecture
Related violations: <none>

TIMING-16#558 Warning
Large setup violation  
There is a large setup violation of -6.395 ns between ascii_converter_inst/ascii_char_reg[4]/C (clocked by sys_clk_pin) and poly_mode_inst/coeff_str_reg[3][72]/D (clocked by sys_clk_pin). Large setup violations at the end of those stages might be difficult to fix during the post-placement implementation flow and could be the result of non-optimal XDC constraints or non-optimal design architecture
Related violations: <none>

TIMING-16#559 Warning
Large setup violation  
There is a large setup violation of -6.400 ns between ascii_converter_inst/ascii_char_reg[4]/C (clocked by sys_clk_pin) and poly_mode_inst/integer_digits_reg[3][0]/CE (clocked by sys_clk_pin). Large setup violations at the end of those stages might be difficult to fix during the post-placement implementation flow and could be the result of non-optimal XDC constraints or non-optimal design architecture
Related violations: <none>

TIMING-16#560 Warning
Large setup violation  
There is a large setup violation of -6.400 ns between ascii_converter_inst/ascii_char_reg[4]/C (clocked by sys_clk_pin) and poly_mode_inst/integer_digits_reg[3][1]/CE (clocked by sys_clk_pin). Large setup violations at the end of those stages might be difficult to fix during the post-placement implementation flow and could be the result of non-optimal XDC constraints or non-optimal design architecture
Related violations: <none>

TIMING-16#561 Warning
Large setup violation  
There is a large setup violation of -6.400 ns between ascii_converter_inst/ascii_char_reg[4]/C (clocked by sys_clk_pin) and poly_mode_inst/integer_digits_reg[3][2]/CE (clocked by sys_clk_pin). Large setup violations at the end of those stages might be difficult to fix during the post-placement implementation flow and could be the result of non-optimal XDC constraints or non-optimal design architecture
Related violations: <none>

TIMING-16#562 Warning
Large setup violation  
There is a large setup violation of -6.400 ns between ascii_converter_inst/ascii_char_reg[4]/C (clocked by sys_clk_pin) and poly_mode_inst/integer_digits_reg[3][3]/CE (clocked by sys_clk_pin). Large setup violations at the end of those stages might be difficult to fix during the post-placement implementation flow and could be the result of non-optimal XDC constraints or non-optimal design architecture
Related violations: <none>

TIMING-16#563 Warning
Large setup violation  
There is a large setup violation of -6.402 ns between ascii_converter_inst/ascii_char_reg[4]/C (clocked by sys_clk_pin) and poly_mode_inst/coeff_lengths_reg[2][0]/CE (clocked by sys_clk_pin). Large setup violations at the end of those stages might be difficult to fix during the post-placement implementation flow and could be the result of non-optimal XDC constraints or non-optimal design architecture
Related violations: <none>

TIMING-16#564 Warning
Large setup violation  
There is a large setup violation of -6.402 ns between ascii_converter_inst/ascii_char_reg[4]/C (clocked by sys_clk_pin) and poly_mode_inst/coeff_lengths_reg[2][1]/CE (clocked by sys_clk_pin). Large setup violations at the end of those stages might be difficult to fix during the post-placement implementation flow and could be the result of non-optimal XDC constraints or non-optimal design architecture
Related violations: <none>

TIMING-16#565 Warning
Large setup violation  
There is a large setup violation of -6.402 ns between ascii_converter_inst/ascii_char_reg[4]/C (clocked by sys_clk_pin) and poly_mode_inst/coeff_lengths_reg[2][2]/CE (clocked by sys_clk_pin). Large setup violations at the end of those stages might be difficult to fix during the post-placement implementation flow and could be the result of non-optimal XDC constraints or non-optimal design architecture
Related violations: <none>

TIMING-16#566 Warning
Large setup violation  
There is a large setup violation of -6.402 ns between ascii_converter_inst/ascii_char_reg[4]/C (clocked by sys_clk_pin) and poly_mode_inst/coeff_lengths_reg[2][3]/CE (clocked by sys_clk_pin). Large setup violations at the end of those stages might be difficult to fix during the post-placement implementation flow and could be the result of non-optimal XDC constraints or non-optimal design architecture
Related violations: <none>

TIMING-16#567 Warning
Large setup violation  
There is a large setup violation of -6.418 ns between ascii_converter_inst/ascii_char_reg[4]/C (clocked by sys_clk_pin) and poly_mode_inst/coeff_str_reg[0][37]/D (clocked by sys_clk_pin). Large setup violations at the end of those stages might be difficult to fix during the post-placement implementation flow and could be the result of non-optimal XDC constraints or non-optimal design architecture
Related violations: <none>

TIMING-16#568 Warning
Large setup violation  
There is a large setup violation of -6.421 ns between ascii_converter_inst/ascii_char_reg[4]/C (clocked by sys_clk_pin) and poly_mode_inst/coeff_str_reg[1][5]/D (clocked by sys_clk_pin). Large setup violations at the end of those stages might be difficult to fix during the post-placement implementation flow and could be the result of non-optimal XDC constraints or non-optimal design architecture
Related violations: <none>

TIMING-16#569 Warning
Large setup violation  
There is a large setup violation of -6.460 ns between ascii_converter_inst/ascii_char_reg[4]/C (clocked by sys_clk_pin) and poly_mode_inst/coeff_str_reg[1][37]/D (clocked by sys_clk_pin). Large setup violations at the end of those stages might be difficult to fix during the post-placement implementation flow and could be the result of non-optimal XDC constraints or non-optimal design architecture
Related violations: <none>

TIMING-16#570 Warning
Large setup violation  
There is a large setup violation of -6.472 ns between ascii_converter_inst/ascii_char_reg[4]/C (clocked by sys_clk_pin) and poly_mode_inst/coeff_str_reg[2][53]/D (clocked by sys_clk_pin). Large setup violations at the end of those stages might be difficult to fix during the post-placement implementation flow and could be the result of non-optimal XDC constraints or non-optimal design architecture
Related violations: <none>

TIMING-16#571 Warning
Large setup violation  
There is a large setup violation of -6.478 ns between ascii_converter_inst/ascii_char_reg[4]/C (clocked by sys_clk_pin) and poly_mode_inst/coeff_str_reg[0][65]/D (clocked by sys_clk_pin). Large setup violations at the end of those stages might be difficult to fix during the post-placement implementation flow and could be the result of non-optimal XDC constraints or non-optimal design architecture
Related violations: <none>

TIMING-16#572 Warning
Large setup violation  
There is a large setup violation of -6.478 ns between ascii_converter_inst/ascii_char_reg[4]/C (clocked by sys_clk_pin) and poly_mode_inst/coeff_str_reg[2][10]/D (clocked by sys_clk_pin). Large setup violations at the end of those stages might be difficult to fix during the post-placement implementation flow and could be the result of non-optimal XDC constraints or non-optimal design architecture
Related violations: <none>

TIMING-16#573 Warning
Large setup violation  
There is a large setup violation of -6.479 ns between ascii_converter_inst/ascii_char_reg[4]/C (clocked by sys_clk_pin) and poly_mode_inst/coeff_str_reg[1][34]/D (clocked by sys_clk_pin). Large setup violations at the end of those stages might be difficult to fix during the post-placement implementation flow and could be the result of non-optimal XDC constraints or non-optimal design architecture
Related violations: <none>

TIMING-16#574 Warning
Large setup violation  
There is a large setup violation of -6.485 ns between ascii_converter_inst/ascii_char_reg[4]/C (clocked by sys_clk_pin) and poly_mode_inst/integer_digits_reg[1][0]/CE (clocked by sys_clk_pin). Large setup violations at the end of those stages might be difficult to fix during the post-placement implementation flow and could be the result of non-optimal XDC constraints or non-optimal design architecture
Related violations: <none>

TIMING-16#575 Warning
Large setup violation  
There is a large setup violation of -6.485 ns between ascii_converter_inst/ascii_char_reg[4]/C (clocked by sys_clk_pin) and poly_mode_inst/integer_digits_reg[1][1]/CE (clocked by sys_clk_pin). Large setup violations at the end of those stages might be difficult to fix during the post-placement implementation flow and could be the result of non-optimal XDC constraints or non-optimal design architecture
Related violations: <none>

TIMING-16#576 Warning
Large setup violation  
There is a large setup violation of -6.485 ns between ascii_converter_inst/ascii_char_reg[4]/C (clocked by sys_clk_pin) and poly_mode_inst/integer_digits_reg[1][2]/CE (clocked by sys_clk_pin). Large setup violations at the end of those stages might be difficult to fix during the post-placement implementation flow and could be the result of non-optimal XDC constraints or non-optimal design architecture
Related violations: <none>

TIMING-16#577 Warning
Large setup violation  
There is a large setup violation of -6.485 ns between ascii_converter_inst/ascii_char_reg[4]/C (clocked by sys_clk_pin) and poly_mode_inst/integer_digits_reg[1][3]/CE (clocked by sys_clk_pin). Large setup violations at the end of those stages might be difficult to fix during the post-placement implementation flow and could be the result of non-optimal XDC constraints or non-optimal design architecture
Related violations: <none>

TIMING-16#578 Warning
Large setup violation  
There is a large setup violation of -6.486 ns between ascii_converter_inst/ascii_char_reg[4]/C (clocked by sys_clk_pin) and poly_mode_inst/coeff_lengths_reg[1][0]/CE (clocked by sys_clk_pin). Large setup violations at the end of those stages might be difficult to fix during the post-placement implementation flow and could be the result of non-optimal XDC constraints or non-optimal design architecture
Related violations: <none>

TIMING-16#579 Warning
Large setup violation  
There is a large setup violation of -6.486 ns between ascii_converter_inst/ascii_char_reg[4]/C (clocked by sys_clk_pin) and poly_mode_inst/coeff_lengths_reg[1][1]/CE (clocked by sys_clk_pin). Large setup violations at the end of those stages might be difficult to fix during the post-placement implementation flow and could be the result of non-optimal XDC constraints or non-optimal design architecture
Related violations: <none>

TIMING-16#580 Warning
Large setup violation  
There is a large setup violation of -6.486 ns between ascii_converter_inst/ascii_char_reg[4]/C (clocked by sys_clk_pin) and poly_mode_inst/coeff_lengths_reg[1][2]/CE (clocked by sys_clk_pin). Large setup violations at the end of those stages might be difficult to fix during the post-placement implementation flow and could be the result of non-optimal XDC constraints or non-optimal design architecture
Related violations: <none>

TIMING-16#581 Warning
Large setup violation  
There is a large setup violation of -6.486 ns between ascii_converter_inst/ascii_char_reg[4]/C (clocked by sys_clk_pin) and poly_mode_inst/coeff_lengths_reg[1][3]/CE (clocked by sys_clk_pin). Large setup violations at the end of those stages might be difficult to fix during the post-placement implementation flow and could be the result of non-optimal XDC constraints or non-optimal design architecture
Related violations: <none>

TIMING-16#582 Warning
Large setup violation  
There is a large setup violation of -6.492 ns between ascii_converter_inst/ascii_char_reg[4]/C (clocked by sys_clk_pin) and poly_mode_inst/coeff_str_reg[1][11]/D (clocked by sys_clk_pin). Large setup violations at the end of those stages might be difficult to fix during the post-placement implementation flow and could be the result of non-optimal XDC constraints or non-optimal design architecture
Related violations: <none>

TIMING-16#583 Warning
Large setup violation  
There is a large setup violation of -6.504 ns between ascii_converter_inst/ascii_char_reg[4]/C (clocked by sys_clk_pin) and poly_mode_inst/coeff_str_reg[1][65]/D (clocked by sys_clk_pin). Large setup violations at the end of those stages might be difficult to fix during the post-placement implementation flow and could be the result of non-optimal XDC constraints or non-optimal design architecture
Related violations: <none>

TIMING-16#584 Warning
Large setup violation  
There is a large setup violation of -6.506 ns between ascii_converter_inst/ascii_char_reg[4]/C (clocked by sys_clk_pin) and poly_mode_inst/coeff_str_reg[1][8]/D (clocked by sys_clk_pin). Large setup violations at the end of those stages might be difficult to fix during the post-placement implementation flow and could be the result of non-optimal XDC constraints or non-optimal design architecture
Related violations: <none>

TIMING-16#585 Warning
Large setup violation  
There is a large setup violation of -6.516 ns between ascii_converter_inst/ascii_char_reg[4]/C (clocked by sys_clk_pin) and poly_mode_inst/coeff_str_reg[0][2]/D (clocked by sys_clk_pin). Large setup violations at the end of those stages might be difficult to fix during the post-placement implementation flow and could be the result of non-optimal XDC constraints or non-optimal design architecture
Related violations: <none>

TIMING-16#586 Warning
Large setup violation  
There is a large setup violation of -6.516 ns between ascii_converter_inst/ascii_char_reg[4]/C (clocked by sys_clk_pin) and poly_mode_inst/coeff_str_reg[3][74]/D (clocked by sys_clk_pin). Large setup violations at the end of those stages might be difficult to fix during the post-placement implementation flow and could be the result of non-optimal XDC constraints or non-optimal design architecture
Related violations: <none>

TIMING-16#587 Warning
Large setup violation  
There is a large setup violation of -6.522 ns between ascii_converter_inst/ascii_char_reg[4]/C (clocked by sys_clk_pin) and poly_mode_inst/coeff_str_reg[1][64]/D (clocked by sys_clk_pin). Large setup violations at the end of those stages might be difficult to fix during the post-placement implementation flow and could be the result of non-optimal XDC constraints or non-optimal design architecture
Related violations: <none>

TIMING-16#588 Warning
Large setup violation  
There is a large setup violation of -6.523 ns between ascii_converter_inst/ascii_char_reg[4]/C (clocked by sys_clk_pin) and poly_mode_inst/coeff_str_reg[0][26]/CE (clocked by sys_clk_pin). Large setup violations at the end of those stages might be difficult to fix during the post-placement implementation flow and could be the result of non-optimal XDC constraints or non-optimal design architecture
Related violations: <none>

TIMING-16#589 Warning
Large setup violation  
There is a large setup violation of -6.526 ns between ascii_converter_inst/ascii_char_reg[4]/C (clocked by sys_clk_pin) and poly_mode_inst/coeff_str_reg[1][72]/D (clocked by sys_clk_pin). Large setup violations at the end of those stages might be difficult to fix during the post-placement implementation flow and could be the result of non-optimal XDC constraints or non-optimal design architecture
Related violations: <none>

TIMING-16#590 Warning
Large setup violation  
There is a large setup violation of -6.528 ns between ascii_converter_inst/ascii_char_reg[4]/C (clocked by sys_clk_pin) and poly_mode_inst/coeff_str_reg[1][9]/D (clocked by sys_clk_pin). Large setup violations at the end of those stages might be difficult to fix during the post-placement implementation flow and could be the result of non-optimal XDC constraints or non-optimal design architecture
Related violations: <none>

TIMING-16#591 Warning
Large setup violation  
There is a large setup violation of -6.532 ns between ascii_converter_inst/ascii_char_reg[4]/C (clocked by sys_clk_pin) and poly_mode_inst/coeff_str_reg[0][69]/D (clocked by sys_clk_pin). Large setup violations at the end of those stages might be difficult to fix during the post-placement implementation flow and could be the result of non-optimal XDC constraints or non-optimal design architecture
Related violations: <none>

TIMING-16#592 Warning
Large setup violation  
There is a large setup violation of -6.535 ns between ascii_converter_inst/ascii_char_reg[4]/C (clocked by sys_clk_pin) and poly_mode_inst/coeff_str_reg[3][13]/D (clocked by sys_clk_pin). Large setup violations at the end of those stages might be difficult to fix during the post-placement implementation flow and could be the result of non-optimal XDC constraints or non-optimal design architecture
Related violations: <none>

TIMING-16#593 Warning
Large setup violation  
There is a large setup violation of -6.537 ns between ascii_converter_inst/ascii_char_reg[4]/C (clocked by sys_clk_pin) and poly_mode_inst/coeff_str_reg[3][40]/D (clocked by sys_clk_pin). Large setup violations at the end of those stages might be difficult to fix during the post-placement implementation flow and could be the result of non-optimal XDC constraints or non-optimal design architecture
Related violations: <none>

TIMING-16#594 Warning
Large setup violation  
There is a large setup violation of -6.538 ns between ascii_converter_inst/ascii_char_reg[4]/C (clocked by sys_clk_pin) and poly_mode_inst/coeff_str_reg[3][37]/D (clocked by sys_clk_pin). Large setup violations at the end of those stages might be difficult to fix during the post-placement implementation flow and could be the result of non-optimal XDC constraints or non-optimal design architecture
Related violations: <none>

TIMING-16#595 Warning
Large setup violation  
There is a large setup violation of -6.543 ns between ascii_converter_inst/ascii_char_reg[4]/C (clocked by sys_clk_pin) and poly_mode_inst/coeff_str_reg[3][1]/D (clocked by sys_clk_pin). Large setup violations at the end of those stages might be difficult to fix during the post-placement implementation flow and could be the result of non-optimal XDC constraints or non-optimal design architecture
Related violations: <none>

TIMING-16#596 Warning
Large setup violation  
There is a large setup violation of -6.554 ns between ascii_converter_inst/ascii_char_reg[4]/C (clocked by sys_clk_pin) and poly_mode_inst/coeff_str_reg[1][17]/D (clocked by sys_clk_pin). Large setup violations at the end of those stages might be difficult to fix during the post-placement implementation flow and could be the result of non-optimal XDC constraints or non-optimal design architecture
Related violations: <none>

TIMING-16#597 Warning
Large setup violation  
There is a large setup violation of -6.557 ns between ascii_converter_inst/ascii_char_reg[4]/C (clocked by sys_clk_pin) and poly_mode_inst/coeff_str_reg[0][50]/D (clocked by sys_clk_pin). Large setup violations at the end of those stages might be difficult to fix during the post-placement implementation flow and could be the result of non-optimal XDC constraints or non-optimal design architecture
Related violations: <none>

TIMING-16#598 Warning
Large setup violation  
There is a large setup violation of -6.560 ns between ascii_converter_inst/ascii_char_reg[4]/C (clocked by sys_clk_pin) and poly_mode_inst/coeff_str_reg[1][13]/D (clocked by sys_clk_pin). Large setup violations at the end of those stages might be difficult to fix during the post-placement implementation flow and could be the result of non-optimal XDC constraints or non-optimal design architecture
Related violations: <none>

TIMING-16#599 Warning
Large setup violation  
There is a large setup violation of -6.565 ns between ascii_converter_inst/ascii_char_reg[4]/C (clocked by sys_clk_pin) and poly_mode_inst/coeff_str_reg[1][1]/D (clocked by sys_clk_pin). Large setup violations at the end of those stages might be difficult to fix during the post-placement implementation flow and could be the result of non-optimal XDC constraints or non-optimal design architecture
Related violations: <none>

TIMING-16#600 Warning
Large setup violation  
There is a large setup violation of -6.568 ns between ascii_converter_inst/ascii_char_reg[4]/C (clocked by sys_clk_pin) and poly_mode_inst/coeff_str_reg[2][37]/D (clocked by sys_clk_pin). Large setup violations at the end of those stages might be difficult to fix during the post-placement implementation flow and could be the result of non-optimal XDC constraints or non-optimal design architecture
Related violations: <none>

TIMING-16#601 Warning
Large setup violation  
There is a large setup violation of -6.576 ns between ascii_converter_inst/ascii_char_reg[4]/C (clocked by sys_clk_pin) and poly_mode_inst/coeff_str_reg[1][41]/D (clocked by sys_clk_pin). Large setup violations at the end of those stages might be difficult to fix during the post-placement implementation flow and could be the result of non-optimal XDC constraints or non-optimal design architecture
Related violations: <none>

TIMING-16#602 Warning
Large setup violation  
There is a large setup violation of -6.576 ns between ascii_converter_inst/ascii_char_reg[4]/C (clocked by sys_clk_pin) and poly_mode_inst/coeff_str_reg[3][5]/D (clocked by sys_clk_pin). Large setup violations at the end of those stages might be difficult to fix during the post-placement implementation flow and could be the result of non-optimal XDC constraints or non-optimal design architecture
Related violations: <none>

TIMING-16#603 Warning
Large setup violation  
There is a large setup violation of -6.579 ns between ascii_converter_inst/ascii_char_reg[4]/C (clocked by sys_clk_pin) and poly_mode_inst/coeff_str_reg[0][25]/CE (clocked by sys_clk_pin). Large setup violations at the end of those stages might be difficult to fix during the post-placement implementation flow and could be the result of non-optimal XDC constraints or non-optimal design architecture
Related violations: <none>

TIMING-16#604 Warning
Large setup violation  
There is a large setup violation of -6.582 ns between ascii_converter_inst/ascii_char_reg[4]/C (clocked by sys_clk_pin) and poly_mode_inst/coeff_str_reg[1][69]/D (clocked by sys_clk_pin). Large setup violations at the end of those stages might be difficult to fix during the post-placement implementation flow and could be the result of non-optimal XDC constraints or non-optimal design architecture
Related violations: <none>

TIMING-16#605 Warning
Large setup violation  
There is a large setup violation of -6.593 ns between ascii_converter_inst/ascii_char_reg[4]/C (clocked by sys_clk_pin) and poly_mode_inst/coeff_str_reg[3][32]/CE (clocked by sys_clk_pin). Large setup violations at the end of those stages might be difficult to fix during the post-placement implementation flow and could be the result of non-optimal XDC constraints or non-optimal design architecture
Related violations: <none>

TIMING-16#606 Warning
Large setup violation  
There is a large setup violation of -6.593 ns between ascii_converter_inst/ascii_char_reg[4]/C (clocked by sys_clk_pin) and poly_mode_inst/coeff_str_reg[3][34]/CE (clocked by sys_clk_pin). Large setup violations at the end of those stages might be difficult to fix during the post-placement implementation flow and could be the result of non-optimal XDC constraints or non-optimal design architecture
Related violations: <none>

TIMING-16#607 Warning
Large setup violation  
There is a large setup violation of -6.604 ns between ascii_converter_inst/ascii_char_reg[4]/C (clocked by sys_clk_pin) and poly_mode_inst/coeff_str_reg[2][0]/D (clocked by sys_clk_pin). Large setup violations at the end of those stages might be difficult to fix during the post-placement implementation flow and could be the result of non-optimal XDC constraints or non-optimal design architecture
Related violations: <none>

TIMING-16#608 Warning
Large setup violation  
There is a large setup violation of -6.612 ns between ascii_converter_inst/ascii_char_reg[4]/C (clocked by sys_clk_pin) and poly_mode_inst/coeff_str_reg[3][41]/D (clocked by sys_clk_pin). Large setup violations at the end of those stages might be difficult to fix during the post-placement implementation flow and could be the result of non-optimal XDC constraints or non-optimal design architecture
Related violations: <none>

TIMING-16#609 Warning
Large setup violation  
There is a large setup violation of -6.614 ns between ascii_converter_inst/ascii_char_reg[4]/C (clocked by sys_clk_pin) and poly_mode_inst/coeff_str_reg[3][18]/D (clocked by sys_clk_pin). Large setup violations at the end of those stages might be difficult to fix during the post-placement implementation flow and could be the result of non-optimal XDC constraints or non-optimal design architecture
Related violations: <none>

TIMING-16#610 Warning
Large setup violation  
There is a large setup violation of -6.616 ns between ascii_converter_inst/ascii_char_reg[4]/C (clocked by sys_clk_pin) and poly_mode_inst/coeff_str_reg[0][1]/D (clocked by sys_clk_pin). Large setup violations at the end of those stages might be difficult to fix during the post-placement implementation flow and could be the result of non-optimal XDC constraints or non-optimal design architecture
Related violations: <none>

TIMING-16#611 Warning
Large setup violation  
There is a large setup violation of -6.618 ns between ascii_converter_inst/ascii_char_reg[4]/C (clocked by sys_clk_pin) and poly_mode_inst/coeff_str_reg[2][41]/D (clocked by sys_clk_pin). Large setup violations at the end of those stages might be difficult to fix during the post-placement implementation flow and could be the result of non-optimal XDC constraints or non-optimal design architecture
Related violations: <none>

TIMING-16#612 Warning
Large setup violation  
There is a large setup violation of -6.619 ns between ascii_converter_inst/ascii_char_reg[4]/C (clocked by sys_clk_pin) and poly_mode_inst/coeff_str_reg[1][53]/D (clocked by sys_clk_pin). Large setup violations at the end of those stages might be difficult to fix during the post-placement implementation flow and could be the result of non-optimal XDC constraints or non-optimal design architecture
Related violations: <none>

TIMING-16#613 Warning
Large setup violation  
There is a large setup violation of -6.623 ns between ascii_converter_inst/ascii_char_reg[4]/C (clocked by sys_clk_pin) and poly_mode_inst/coeff_str_reg[1][18]/D (clocked by sys_clk_pin). Large setup violations at the end of those stages might be difficult to fix during the post-placement implementation flow and could be the result of non-optimal XDC constraints or non-optimal design architecture
Related violations: <none>

TIMING-16#614 Warning
Large setup violation  
There is a large setup violation of -6.629 ns between ascii_converter_inst/ascii_char_reg[4]/C (clocked by sys_clk_pin) and poly_mode_inst/coeff_str_reg[1][29]/D (clocked by sys_clk_pin). Large setup violations at the end of those stages might be difficult to fix during the post-placement implementation flow and could be the result of non-optimal XDC constraints or non-optimal design architecture
Related violations: <none>

TIMING-16#615 Warning
Large setup violation  
There is a large setup violation of -6.630 ns between ascii_converter_inst/ascii_char_reg[4]/C (clocked by sys_clk_pin) and poly_mode_inst/coeff_str_reg[0][74]/D (clocked by sys_clk_pin). Large setup violations at the end of those stages might be difficult to fix during the post-placement implementation flow and could be the result of non-optimal XDC constraints or non-optimal design architecture
Related violations: <none>

TIMING-16#616 Warning
Large setup violation  
There is a large setup violation of -6.630 ns between ascii_converter_inst/ascii_char_reg[4]/C (clocked by sys_clk_pin) and poly_mode_inst/coeff_str_reg[3][8]/D (clocked by sys_clk_pin). Large setup violations at the end of those stages might be difficult to fix during the post-placement implementation flow and could be the result of non-optimal XDC constraints or non-optimal design architecture
Related violations: <none>

TIMING-16#617 Warning
Large setup violation  
There is a large setup violation of -6.631 ns between ascii_converter_inst/ascii_char_reg[4]/C (clocked by sys_clk_pin) and poly_mode_inst/coeff_str_reg[1][16]/CE (clocked by sys_clk_pin). Large setup violations at the end of those stages might be difficult to fix during the post-placement implementation flow and could be the result of non-optimal XDC constraints or non-optimal design architecture
Related violations: <none>

TIMING-16#618 Warning
Large setup violation  
There is a large setup violation of -6.631 ns between ascii_converter_inst/ascii_char_reg[4]/C (clocked by sys_clk_pin) and poly_mode_inst/coeff_str_reg[1][17]/CE (clocked by sys_clk_pin). Large setup violations at the end of those stages might be difficult to fix during the post-placement implementation flow and could be the result of non-optimal XDC constraints or non-optimal design architecture
Related violations: <none>

TIMING-16#619 Warning
Large setup violation  
There is a large setup violation of -6.631 ns between ascii_converter_inst/ascii_char_reg[4]/C (clocked by sys_clk_pin) and poly_mode_inst/coeff_str_reg[1][18]/CE (clocked by sys_clk_pin). Large setup violations at the end of those stages might be difficult to fix during the post-placement implementation flow and could be the result of non-optimal XDC constraints or non-optimal design architecture
Related violations: <none>

TIMING-16#620 Warning
Large setup violation  
There is a large setup violation of -6.631 ns between ascii_converter_inst/ascii_char_reg[4]/C (clocked by sys_clk_pin) and poly_mode_inst/coeff_str_reg[1][19]/CE (clocked by sys_clk_pin). Large setup violations at the end of those stages might be difficult to fix during the post-placement implementation flow and could be the result of non-optimal XDC constraints or non-optimal design architecture
Related violations: <none>

TIMING-16#621 Warning
Large setup violation  
There is a large setup violation of -6.631 ns between ascii_converter_inst/ascii_char_reg[4]/C (clocked by sys_clk_pin) and poly_mode_inst/coeff_str_reg[1][20]/CE (clocked by sys_clk_pin). Large setup violations at the end of those stages might be difficult to fix during the post-placement implementation flow and could be the result of non-optimal XDC constraints or non-optimal design architecture
Related violations: <none>

TIMING-16#622 Warning
Large setup violation  
There is a large setup violation of -6.631 ns between ascii_converter_inst/ascii_char_reg[4]/C (clocked by sys_clk_pin) and poly_mode_inst/coeff_str_reg[1][21]/CE (clocked by sys_clk_pin). Large setup violations at the end of those stages might be difficult to fix during the post-placement implementation flow and could be the result of non-optimal XDC constraints or non-optimal design architecture
Related violations: <none>

TIMING-16#623 Warning
Large setup violation  
There is a large setup violation of -6.632 ns between ascii_converter_inst/ascii_char_reg[4]/C (clocked by sys_clk_pin) and poly_mode_inst/coeff_str_reg[2][1]/D (clocked by sys_clk_pin). Large setup violations at the end of those stages might be difficult to fix during the post-placement implementation flow and could be the result of non-optimal XDC constraints or non-optimal design architecture
Related violations: <none>

TIMING-16#624 Warning
Large setup violation  
There is a large setup violation of -6.644 ns between ascii_converter_inst/ascii_char_reg[4]/C (clocked by sys_clk_pin) and poly_mode_inst/coeff_str_reg[3][0]/D (clocked by sys_clk_pin). Large setup violations at the end of those stages might be difficult to fix during the post-placement implementation flow and could be the result of non-optimal XDC constraints or non-optimal design architecture
Related violations: <none>

TIMING-16#625 Warning
Large setup violation  
There is a large setup violation of -6.650 ns between ascii_converter_inst/ascii_char_reg[4]/C (clocked by sys_clk_pin) and poly_mode_inst/coeff_str_reg[2][61]/D (clocked by sys_clk_pin). Large setup violations at the end of those stages might be difficult to fix during the post-placement implementation flow and could be the result of non-optimal XDC constraints or non-optimal design architecture
Related violations: <none>

TIMING-16#626 Warning
Large setup violation  
There is a large setup violation of -6.653 ns between ascii_converter_inst/ascii_char_reg[4]/C (clocked by sys_clk_pin) and poly_mode_inst/coeff_str_reg[2][65]/D (clocked by sys_clk_pin). Large setup violations at the end of those stages might be difficult to fix during the post-placement implementation flow and could be the result of non-optimal XDC constraints or non-optimal design architecture
Related violations: <none>

TIMING-16#627 Warning
Large setup violation  
There is a large setup violation of -6.655 ns between ascii_converter_inst/ascii_char_reg[4]/C (clocked by sys_clk_pin) and poly_mode_inst/coeff_str_reg[1][56]/CE (clocked by sys_clk_pin). Large setup violations at the end of those stages might be difficult to fix during the post-placement implementation flow and could be the result of non-optimal XDC constraints or non-optimal design architecture
Related violations: <none>

TIMING-16#628 Warning
Large setup violation  
There is a large setup violation of -6.655 ns between ascii_converter_inst/ascii_char_reg[4]/C (clocked by sys_clk_pin) and poly_mode_inst/coeff_str_reg[1][61]/CE (clocked by sys_clk_pin). Large setup violations at the end of those stages might be difficult to fix during the post-placement implementation flow and could be the result of non-optimal XDC constraints or non-optimal design architecture
Related violations: <none>

TIMING-16#629 Warning
Large setup violation  
There is a large setup violation of -6.656 ns between ascii_converter_inst/ascii_char_reg[4]/C (clocked by sys_clk_pin) and poly_mode_inst/coeff_str_reg[0][24]/CE (clocked by sys_clk_pin). Large setup violations at the end of those stages might be difficult to fix during the post-placement implementation flow and could be the result of non-optimal XDC constraints or non-optimal design architecture
Related violations: <none>

TIMING-16#630 Warning
Large setup violation  
There is a large setup violation of -6.656 ns between ascii_converter_inst/ascii_char_reg[4]/C (clocked by sys_clk_pin) and poly_mode_inst/coeff_str_reg[0][27]/CE (clocked by sys_clk_pin). Large setup violations at the end of those stages might be difficult to fix during the post-placement implementation flow and could be the result of non-optimal XDC constraints or non-optimal design architecture
Related violations: <none>

TIMING-16#631 Warning
Large setup violation  
There is a large setup violation of -6.687 ns between ascii_converter_inst/ascii_char_reg[4]/C (clocked by sys_clk_pin) and poly_mode_inst/coeff_str_reg[0][41]/D (clocked by sys_clk_pin). Large setup violations at the end of those stages might be difficult to fix during the post-placement implementation flow and could be the result of non-optimal XDC constraints or non-optimal design architecture
Related violations: <none>

TIMING-16#632 Warning
Large setup violation  
There is a large setup violation of -6.692 ns between ascii_converter_inst/ascii_char_reg[4]/C (clocked by sys_clk_pin) and poly_mode_inst/coeff_str_reg[3][59]/CE (clocked by sys_clk_pin). Large setup violations at the end of those stages might be difficult to fix during the post-placement implementation flow and could be the result of non-optimal XDC constraints or non-optimal design architecture
Related violations: <none>

TIMING-16#633 Warning
Large setup violation  
There is a large setup violation of -6.695 ns between ascii_converter_inst/ascii_char_reg[4]/C (clocked by sys_clk_pin) and poly_mode_inst/coeff_str_reg[1][57]/CE (clocked by sys_clk_pin). Large setup violations at the end of those stages might be difficult to fix during the post-placement implementation flow and could be the result of non-optimal XDC constraints or non-optimal design architecture
Related violations: <none>

TIMING-16#634 Warning
Large setup violation  
There is a large setup violation of -6.695 ns between ascii_converter_inst/ascii_char_reg[4]/C (clocked by sys_clk_pin) and poly_mode_inst/coeff_str_reg[1][58]/CE (clocked by sys_clk_pin). Large setup violations at the end of those stages might be difficult to fix during the post-placement implementation flow and could be the result of non-optimal XDC constraints or non-optimal design architecture
Related violations: <none>

TIMING-16#635 Warning
Large setup violation  
There is a large setup violation of -6.695 ns between ascii_converter_inst/ascii_char_reg[4]/C (clocked by sys_clk_pin) and poly_mode_inst/coeff_str_reg[1][60]/CE (clocked by sys_clk_pin). Large setup violations at the end of those stages might be difficult to fix during the post-placement implementation flow and could be the result of non-optimal XDC constraints or non-optimal design architecture
Related violations: <none>

TIMING-16#636 Warning
Large setup violation  
There is a large setup violation of -6.705 ns between ascii_converter_inst/ascii_char_reg[4]/C (clocked by sys_clk_pin) and poly_mode_inst/coeff_str_reg[2][17]/D (clocked by sys_clk_pin). Large setup violations at the end of those stages might be difficult to fix during the post-placement implementation flow and could be the result of non-optimal XDC constraints or non-optimal design architecture
Related violations: <none>

TIMING-16#637 Warning
Large setup violation  
There is a large setup violation of -6.709 ns between ascii_converter_inst/ascii_char_reg[4]/C (clocked by sys_clk_pin) and poly_mode_inst/coeff_str_reg[1][73]/D (clocked by sys_clk_pin). Large setup violations at the end of those stages might be difficult to fix during the post-placement implementation flow and could be the result of non-optimal XDC constraints or non-optimal design architecture
Related violations: <none>

TIMING-16#638 Warning
Large setup violation  
There is a large setup violation of -6.720 ns between ascii_converter_inst/ascii_char_reg[4]/C (clocked by sys_clk_pin) and poly_mode_inst/coeff_str_reg[2][11]/D (clocked by sys_clk_pin). Large setup violations at the end of those stages might be difficult to fix during the post-placement implementation flow and could be the result of non-optimal XDC constraints or non-optimal design architecture
Related violations: <none>

TIMING-16#639 Warning
Large setup violation  
There is a large setup violation of -6.722 ns between ascii_converter_inst/ascii_char_reg[4]/C (clocked by sys_clk_pin) and poly_mode_inst/coeff_str_reg[3][33]/CE (clocked by sys_clk_pin). Large setup violations at the end of those stages might be difficult to fix during the post-placement implementation flow and could be the result of non-optimal XDC constraints or non-optimal design architecture
Related violations: <none>

TIMING-16#640 Warning
Large setup violation  
There is a large setup violation of -6.722 ns between ascii_converter_inst/ascii_char_reg[4]/C (clocked by sys_clk_pin) and poly_mode_inst/coeff_str_reg[3][35]/CE (clocked by sys_clk_pin). Large setup violations at the end of those stages might be difficult to fix during the post-placement implementation flow and could be the result of non-optimal XDC constraints or non-optimal design architecture
Related violations: <none>

TIMING-16#641 Warning
Large setup violation  
There is a large setup violation of -6.722 ns between ascii_converter_inst/ascii_char_reg[4]/C (clocked by sys_clk_pin) and poly_mode_inst/coeff_str_reg[3][36]/CE (clocked by sys_clk_pin). Large setup violations at the end of those stages might be difficult to fix during the post-placement implementation flow and could be the result of non-optimal XDC constraints or non-optimal design architecture
Related violations: <none>

TIMING-16#642 Warning
Large setup violation  
There is a large setup violation of -6.722 ns between ascii_converter_inst/ascii_char_reg[4]/C (clocked by sys_clk_pin) and poly_mode_inst/coeff_str_reg[3][37]/CE (clocked by sys_clk_pin). Large setup violations at the end of those stages might be difficult to fix during the post-placement implementation flow and could be the result of non-optimal XDC constraints or non-optimal design architecture
Related violations: <none>

TIMING-16#643 Warning
Large setup violation  
There is a large setup violation of -6.727 ns between ascii_converter_inst/ascii_char_reg[4]/C (clocked by sys_clk_pin) and poly_mode_inst/coeff_str_reg[0][16]/D (clocked by sys_clk_pin). Large setup violations at the end of those stages might be difficult to fix during the post-placement implementation flow and could be the result of non-optimal XDC constraints or non-optimal design architecture
Related violations: <none>

TIMING-16#644 Warning
Large setup violation  
There is a large setup violation of -6.729 ns between ascii_converter_inst/ascii_char_reg[4]/C (clocked by sys_clk_pin) and poly_mode_inst/coeff_str_reg[3][50]/D (clocked by sys_clk_pin). Large setup violations at the end of those stages might be difficult to fix during the post-placement implementation flow and could be the result of non-optimal XDC constraints or non-optimal design architecture
Related violations: <none>

TIMING-16#645 Warning
Large setup violation  
There is a large setup violation of -6.730 ns between ascii_converter_inst/ascii_char_reg[4]/C (clocked by sys_clk_pin) and poly_mode_inst/coeff_str_reg[1][50]/D (clocked by sys_clk_pin). Large setup violations at the end of those stages might be difficult to fix during the post-placement implementation flow and could be the result of non-optimal XDC constraints or non-optimal design architecture
Related violations: <none>

TIMING-16#646 Warning
Large setup violation  
There is a large setup violation of -6.731 ns between ascii_converter_inst/ascii_char_reg[4]/C (clocked by sys_clk_pin) and poly_mode_inst/coeff_str_reg[2][69]/D (clocked by sys_clk_pin). Large setup violations at the end of those stages might be difficult to fix during the post-placement implementation flow and could be the result of non-optimal XDC constraints or non-optimal design architecture
Related violations: <none>

TIMING-16#647 Warning
Large setup violation  
There is a large setup violation of -6.734 ns between ascii_converter_inst/ascii_char_reg[4]/C (clocked by sys_clk_pin) and poly_mode_inst/coeff_str_reg[2][40]/D (clocked by sys_clk_pin). Large setup violations at the end of those stages might be difficult to fix during the post-placement implementation flow and could be the result of non-optimal XDC constraints or non-optimal design architecture
Related violations: <none>

TIMING-16#648 Warning
Large setup violation  
There is a large setup violation of -6.738 ns between ascii_converter_inst/ascii_char_reg[4]/C (clocked by sys_clk_pin) and poly_mode_inst/coeff_str_reg[0][28]/CE (clocked by sys_clk_pin). Large setup violations at the end of those stages might be difficult to fix during the post-placement implementation flow and could be the result of non-optimal XDC constraints or non-optimal design architecture
Related violations: <none>

TIMING-16#649 Warning
Large setup violation  
There is a large setup violation of -6.738 ns between ascii_converter_inst/ascii_char_reg[4]/C (clocked by sys_clk_pin) and poly_mode_inst/coeff_str_reg[0][29]/CE (clocked by sys_clk_pin). Large setup violations at the end of those stages might be difficult to fix during the post-placement implementation flow and could be the result of non-optimal XDC constraints or non-optimal design architecture
Related violations: <none>

TIMING-16#650 Warning
Large setup violation  
There is a large setup violation of -6.751 ns between ascii_converter_inst/ascii_char_reg[4]/C (clocked by sys_clk_pin) and poly_mode_inst/coeff_str_reg[2][9]/D (clocked by sys_clk_pin). Large setup violations at the end of those stages might be difficult to fix during the post-placement implementation flow and could be the result of non-optimal XDC constraints or non-optimal design architecture
Related violations: <none>

TIMING-16#651 Warning
Large setup violation  
There is a large setup violation of -6.763 ns between ascii_converter_inst/ascii_char_reg[4]/C (clocked by sys_clk_pin) and poly_mode_inst/coeff_str_reg[1][41]/CE (clocked by sys_clk_pin). Large setup violations at the end of those stages might be difficult to fix during the post-placement implementation flow and could be the result of non-optimal XDC constraints or non-optimal design architecture
Related violations: <none>

TIMING-16#652 Warning
Large setup violation  
There is a large setup violation of -6.763 ns between ascii_converter_inst/ascii_char_reg[4]/C (clocked by sys_clk_pin) and poly_mode_inst/coeff_str_reg[1][42]/CE (clocked by sys_clk_pin). Large setup violations at the end of those stages might be difficult to fix during the post-placement implementation flow and could be the result of non-optimal XDC constraints or non-optimal design architecture
Related violations: <none>

TIMING-16#653 Warning
Large setup violation  
There is a large setup violation of -6.763 ns between ascii_converter_inst/ascii_char_reg[4]/C (clocked by sys_clk_pin) and poly_mode_inst/coeff_str_reg[1][43]/CE (clocked by sys_clk_pin). Large setup violations at the end of those stages might be difficult to fix during the post-placement implementation flow and could be the result of non-optimal XDC constraints or non-optimal design architecture
Related violations: <none>

TIMING-16#654 Warning
Large setup violation  
There is a large setup violation of -6.763 ns between ascii_converter_inst/ascii_char_reg[4]/C (clocked by sys_clk_pin) and poly_mode_inst/coeff_str_reg[1][44]/CE (clocked by sys_clk_pin). Large setup violations at the end of those stages might be difficult to fix during the post-placement implementation flow and could be the result of non-optimal XDC constraints or non-optimal design architecture
Related violations: <none>

TIMING-16#655 Warning
Large setup violation  
There is a large setup violation of -6.765 ns between ascii_converter_inst/ascii_char_reg[4]/C (clocked by sys_clk_pin) and poly_mode_inst/coeff_str_reg[1][74]/D (clocked by sys_clk_pin). Large setup violations at the end of those stages might be difficult to fix during the post-placement implementation flow and could be the result of non-optimal XDC constraints or non-optimal design architecture
Related violations: <none>

TIMING-16#656 Warning
Large setup violation  
There is a large setup violation of -6.769 ns between ascii_converter_inst/ascii_char_reg[4]/C (clocked by sys_clk_pin) and poly_mode_inst/coeff_str_reg[3][42]/D (clocked by sys_clk_pin). Large setup violations at the end of those stages might be difficult to fix during the post-placement implementation flow and could be the result of non-optimal XDC constraints or non-optimal design architecture
Related violations: <none>

TIMING-16#657 Warning
Large setup violation  
There is a large setup violation of -6.770 ns between ascii_converter_inst/ascii_char_reg[4]/C (clocked by sys_clk_pin) and poly_mode_inst/coeff_str_reg[0][18]/D (clocked by sys_clk_pin). Large setup violations at the end of those stages might be difficult to fix during the post-placement implementation flow and could be the result of non-optimal XDC constraints or non-optimal design architecture
Related violations: <none>

TIMING-16#658 Warning
Large setup violation  
There is a large setup violation of -6.772 ns between ascii_converter_inst/ascii_char_reg[4]/C (clocked by sys_clk_pin) and poly_mode_inst/coeff_str_reg[1][40]/CE (clocked by sys_clk_pin). Large setup violations at the end of those stages might be difficult to fix during the post-placement implementation flow and could be the result of non-optimal XDC constraints or non-optimal design architecture
Related violations: <none>

TIMING-16#659 Warning
Large setup violation  
There is a large setup violation of -6.772 ns between ascii_converter_inst/ascii_char_reg[4]/C (clocked by sys_clk_pin) and poly_mode_inst/coeff_str_reg[1][45]/CE (clocked by sys_clk_pin). Large setup violations at the end of those stages might be difficult to fix during the post-placement implementation flow and could be the result of non-optimal XDC constraints or non-optimal design architecture
Related violations: <none>

TIMING-16#660 Warning
Large setup violation  
There is a large setup violation of -6.773 ns between ascii_converter_inst/ascii_char_reg[4]/C (clocked by sys_clk_pin) and poly_mode_inst/coeff_str_reg[1][43]/D (clocked by sys_clk_pin). Large setup violations at the end of those stages might be difficult to fix during the post-placement implementation flow and could be the result of non-optimal XDC constraints or non-optimal design architecture
Related violations: <none>

TIMING-16#661 Warning
Large setup violation  
There is a large setup violation of -6.782 ns between ascii_converter_inst/ascii_char_reg[4]/C (clocked by sys_clk_pin) and poly_mode_inst/coeff_str_reg[1][26]/CE (clocked by sys_clk_pin). Large setup violations at the end of those stages might be difficult to fix during the post-placement implementation flow and could be the result of non-optimal XDC constraints or non-optimal design architecture
Related violations: <none>

TIMING-16#662 Warning
Large setup violation  
There is a large setup violation of -6.784 ns between ascii_converter_inst/ascii_char_reg[4]/C (clocked by sys_clk_pin) and poly_mode_inst/coeff_str_reg[0][65]/CE (clocked by sys_clk_pin). Large setup violations at the end of those stages might be difficult to fix during the post-placement implementation flow and could be the result of non-optimal XDC constraints or non-optimal design architecture
Related violations: <none>

TIMING-16#663 Warning
Large setup violation  
There is a large setup violation of -6.784 ns between ascii_converter_inst/ascii_char_reg[4]/C (clocked by sys_clk_pin) and poly_mode_inst/coeff_str_reg[0][66]/CE (clocked by sys_clk_pin). Large setup violations at the end of those stages might be difficult to fix during the post-placement implementation flow and could be the result of non-optimal XDC constraints or non-optimal design architecture
Related violations: <none>

TIMING-16#664 Warning
Large setup violation  
There is a large setup violation of -6.784 ns between ascii_converter_inst/ascii_char_reg[4]/C (clocked by sys_clk_pin) and poly_mode_inst/coeff_str_reg[0][68]/CE (clocked by sys_clk_pin). Large setup violations at the end of those stages might be difficult to fix during the post-placement implementation flow and could be the result of non-optimal XDC constraints or non-optimal design architecture
Related violations: <none>

TIMING-16#665 Warning
Large setup violation  
There is a large setup violation of -6.784 ns between ascii_converter_inst/ascii_char_reg[4]/C (clocked by sys_clk_pin) and poly_mode_inst/coeff_str_reg[1][77]/D (clocked by sys_clk_pin). Large setup violations at the end of those stages might be difficult to fix during the post-placement implementation flow and could be the result of non-optimal XDC constraints or non-optimal design architecture
Related violations: <none>

TIMING-16#666 Warning
Large setup violation  
There is a large setup violation of -6.817 ns between ascii_converter_inst/ascii_char_reg[4]/C (clocked by sys_clk_pin) and poly_mode_inst/coeff_str_reg[3][77]/D (clocked by sys_clk_pin). Large setup violations at the end of those stages might be difficult to fix during the post-placement implementation flow and could be the result of non-optimal XDC constraints or non-optimal design architecture
Related violations: <none>

TIMING-16#667 Warning
Large setup violation  
There is a large setup violation of -6.822 ns between ascii_converter_inst/ascii_char_reg[4]/C (clocked by sys_clk_pin) and poly_mode_inst/coeff_str_reg[3][11]/D (clocked by sys_clk_pin). Large setup violations at the end of those stages might be difficult to fix during the post-placement implementation flow and could be the result of non-optimal XDC constraints or non-optimal design architecture
Related violations: <none>

TIMING-16#668 Warning
Large setup violation  
There is a large setup violation of -6.825 ns between ascii_converter_inst/ascii_char_reg[4]/C (clocked by sys_clk_pin) and poly_mode_inst/coeff_str_reg[2][8]/D (clocked by sys_clk_pin). Large setup violations at the end of those stages might be difficult to fix during the post-placement implementation flow and could be the result of non-optimal XDC constraints or non-optimal design architecture
Related violations: <none>

TIMING-16#669 Warning
Large setup violation  
There is a large setup violation of -6.828 ns between ascii_converter_inst/ascii_char_reg[4]/C (clocked by sys_clk_pin) and poly_mode_inst/coeff_str_reg[1][0]/D (clocked by sys_clk_pin). Large setup violations at the end of those stages might be difficult to fix during the post-placement implementation flow and could be the result of non-optimal XDC constraints or non-optimal design architecture
Related violations: <none>

TIMING-16#670 Warning
Large setup violation  
There is a large setup violation of -6.839 ns between ascii_converter_inst/ascii_char_reg[4]/C (clocked by sys_clk_pin) and poly_mode_inst/coeff_str_reg[1][75]/D (clocked by sys_clk_pin). Large setup violations at the end of those stages might be difficult to fix during the post-placement implementation flow and could be the result of non-optimal XDC constraints or non-optimal design architecture
Related violations: <none>

TIMING-16#671 Warning
Large setup violation  
There is a large setup violation of -6.841 ns between ascii_converter_inst/ascii_char_reg[4]/C (clocked by sys_clk_pin) and poly_mode_inst/coeff_str_reg[0][17]/D (clocked by sys_clk_pin). Large setup violations at the end of those stages might be difficult to fix during the post-placement implementation flow and could be the result of non-optimal XDC constraints or non-optimal design architecture
Related violations: <none>

TIMING-16#672 Warning
Large setup violation  
There is a large setup violation of -6.844 ns between ascii_converter_inst/ascii_char_reg[4]/C (clocked by sys_clk_pin) and poly_mode_inst/coeff_str_reg[1][32]/CE (clocked by sys_clk_pin). Large setup violations at the end of those stages might be difficult to fix during the post-placement implementation flow and could be the result of non-optimal XDC constraints or non-optimal design architecture
Related violations: <none>

TIMING-16#673 Warning
Large setup violation  
There is a large setup violation of -6.857 ns between ascii_converter_inst/ascii_char_reg[4]/C (clocked by sys_clk_pin) and poly_mode_inst/coeff_str_reg[1][26]/D (clocked by sys_clk_pin). Large setup violations at the end of those stages might be difficult to fix during the post-placement implementation flow and could be the result of non-optimal XDC constraints or non-optimal design architecture
Related violations: <none>

TIMING-16#674 Warning
Large setup violation  
There is a large setup violation of -6.864 ns between ascii_converter_inst/ascii_char_reg[4]/C (clocked by sys_clk_pin) and poly_mode_inst/coeff_str_reg[0][8]/D (clocked by sys_clk_pin). Large setup violations at the end of those stages might be difficult to fix during the post-placement implementation flow and could be the result of non-optimal XDC constraints or non-optimal design architecture
Related violations: <none>

TIMING-16#675 Warning
Large setup violation  
There is a large setup violation of -6.875 ns between ascii_converter_inst/ascii_char_reg[4]/C (clocked by sys_clk_pin) and poly_mode_inst/coeff_str_reg[2][48]/CE (clocked by sys_clk_pin). Large setup violations at the end of those stages might be difficult to fix during the post-placement implementation flow and could be the result of non-optimal XDC constraints or non-optimal design architecture
Related violations: <none>

TIMING-16#676 Warning
Large setup violation  
There is a large setup violation of -6.875 ns between ascii_converter_inst/ascii_char_reg[4]/C (clocked by sys_clk_pin) and poly_mode_inst/coeff_str_reg[2][50]/CE (clocked by sys_clk_pin). Large setup violations at the end of those stages might be difficult to fix during the post-placement implementation flow and could be the result of non-optimal XDC constraints or non-optimal design architecture
Related violations: <none>

TIMING-16#677 Warning
Large setup violation  
There is a large setup violation of -6.882 ns between ascii_converter_inst/ascii_char_reg[4]/C (clocked by sys_clk_pin) and poly_mode_inst/coeff_str_reg[2][75]/D (clocked by sys_clk_pin). Large setup violations at the end of those stages might be difficult to fix during the post-placement implementation flow and could be the result of non-optimal XDC constraints or non-optimal design architecture
Related violations: <none>

TIMING-16#678 Warning
Large setup violation  
There is a large setup violation of -6.897 ns between ascii_converter_inst/ascii_char_reg[4]/C (clocked by sys_clk_pin) and poly_mode_inst/coeff_str_reg[0][5]/D (clocked by sys_clk_pin). Large setup violations at the end of those stages might be difficult to fix during the post-placement implementation flow and could be the result of non-optimal XDC constraints or non-optimal design architecture
Related violations: <none>

TIMING-16#679 Warning
Large setup violation  
There is a large setup violation of -6.899 ns between ascii_converter_inst/ascii_char_reg[4]/C (clocked by sys_clk_pin) and poly_mode_inst/coeff_str_reg[1][34]/CE (clocked by sys_clk_pin). Large setup violations at the end of those stages might be difficult to fix during the post-placement implementation flow and could be the result of non-optimal XDC constraints or non-optimal design architecture
Related violations: <none>

TIMING-16#680 Warning
Large setup violation  
There is a large setup violation of -6.905 ns between ascii_converter_inst/ascii_char_reg[4]/C (clocked by sys_clk_pin) and poly_mode_inst/coeff_str_reg[2][26]/CE (clocked by sys_clk_pin). Large setup violations at the end of those stages might be difficult to fix during the post-placement implementation flow and could be the result of non-optimal XDC constraints or non-optimal design architecture
Related violations: <none>

TIMING-16#681 Warning
Large setup violation  
There is a large setup violation of -6.913 ns between ascii_converter_inst/ascii_char_reg[4]/C (clocked by sys_clk_pin) and poly_mode_inst/coeff_str_reg[2][40]/CE (clocked by sys_clk_pin). Large setup violations at the end of those stages might be difficult to fix during the post-placement implementation flow and could be the result of non-optimal XDC constraints or non-optimal design architecture
Related violations: <none>

TIMING-16#682 Warning
Large setup violation  
There is a large setup violation of -6.913 ns between ascii_converter_inst/ascii_char_reg[4]/C (clocked by sys_clk_pin) and poly_mode_inst/coeff_str_reg[2][41]/CE (clocked by sys_clk_pin). Large setup violations at the end of those stages might be difficult to fix during the post-placement implementation flow and could be the result of non-optimal XDC constraints or non-optimal design architecture
Related violations: <none>

TIMING-16#683 Warning
Large setup violation  
There is a large setup violation of -6.913 ns between ascii_converter_inst/ascii_char_reg[4]/C (clocked by sys_clk_pin) and poly_mode_inst/coeff_str_reg[2][42]/CE (clocked by sys_clk_pin). Large setup violations at the end of those stages might be difficult to fix during the post-placement implementation flow and could be the result of non-optimal XDC constraints or non-optimal design architecture
Related violations: <none>

TIMING-16#684 Warning
Large setup violation  
There is a large setup violation of -6.913 ns between ascii_converter_inst/ascii_char_reg[4]/C (clocked by sys_clk_pin) and poly_mode_inst/coeff_str_reg[2][43]/CE (clocked by sys_clk_pin). Large setup violations at the end of those stages might be difficult to fix during the post-placement implementation flow and could be the result of non-optimal XDC constraints or non-optimal design architecture
Related violations: <none>

TIMING-16#685 Warning
Large setup violation  
There is a large setup violation of -6.913 ns between ascii_converter_inst/ascii_char_reg[4]/C (clocked by sys_clk_pin) and poly_mode_inst/coeff_str_reg[2][44]/CE (clocked by sys_clk_pin). Large setup violations at the end of those stages might be difficult to fix during the post-placement implementation flow and could be the result of non-optimal XDC constraints or non-optimal design architecture
Related violations: <none>

TIMING-16#686 Warning
Large setup violation  
There is a large setup violation of -6.913 ns between ascii_converter_inst/ascii_char_reg[4]/C (clocked by sys_clk_pin) and poly_mode_inst/coeff_str_reg[2][45]/CE (clocked by sys_clk_pin). Large setup violations at the end of those stages might be difficult to fix during the post-placement implementation flow and could be the result of non-optimal XDC constraints or non-optimal design architecture
Related violations: <none>

TIMING-16#687 Warning
Large setup violation  
There is a large setup violation of -6.914 ns between ascii_converter_inst/ascii_char_reg[4]/C (clocked by sys_clk_pin) and poly_mode_inst/coeff_str_reg[1][42]/D (clocked by sys_clk_pin). Large setup violations at the end of those stages might be difficult to fix during the post-placement implementation flow and could be the result of non-optimal XDC constraints or non-optimal design architecture
Related violations: <none>

TIMING-16#688 Warning
Large setup violation  
There is a large setup violation of -6.932 ns between ascii_converter_inst/ascii_char_reg[4]/C (clocked by sys_clk_pin) and poly_mode_inst/coeff_str_reg[0][77]/D (clocked by sys_clk_pin). Large setup violations at the end of those stages might be difficult to fix during the post-placement implementation flow and could be the result of non-optimal XDC constraints or non-optimal design architecture
Related violations: <none>

TIMING-16#689 Warning
Large setup violation  
There is a large setup violation of -6.934 ns between ascii_converter_inst/ascii_char_reg[4]/C (clocked by sys_clk_pin) and poly_mode_inst/coeff_str_reg[1][49]/D (clocked by sys_clk_pin). Large setup violations at the end of those stages might be difficult to fix during the post-placement implementation flow and could be the result of non-optimal XDC constraints or non-optimal design architecture
Related violations: <none>

TIMING-16#690 Warning
Large setup violation  
There is a large setup violation of -6.934 ns between ascii_converter_inst/ascii_char_reg[4]/C (clocked by sys_clk_pin) and poly_mode_inst/coeff_str_reg[1][66]/D (clocked by sys_clk_pin). Large setup violations at the end of those stages might be difficult to fix during the post-placement implementation flow and could be the result of non-optimal XDC constraints or non-optimal design architecture
Related violations: <none>

TIMING-16#691 Warning
Large setup violation  
There is a large setup violation of -6.939 ns between ascii_converter_inst/ascii_char_reg[4]/C (clocked by sys_clk_pin) and poly_mode_inst/coeff_str_reg[3][69]/D (clocked by sys_clk_pin). Large setup violations at the end of those stages might be difficult to fix during the post-placement implementation flow and could be the result of non-optimal XDC constraints or non-optimal design architecture
Related violations: <none>

TIMING-16#692 Warning
Large setup violation  
There is a large setup violation of -6.941 ns between ascii_converter_inst/ascii_char_reg[4]/C (clocked by sys_clk_pin) and poly_mode_inst/coeff_str_reg[1][51]/D (clocked by sys_clk_pin). Large setup violations at the end of those stages might be difficult to fix during the post-placement implementation flow and could be the result of non-optimal XDC constraints or non-optimal design architecture
Related violations: <none>

TIMING-16#693 Warning
Large setup violation  
There is a large setup violation of -6.944 ns between ascii_converter_inst/ascii_char_reg[4]/C (clocked by sys_clk_pin) and poly_mode_inst/coeff_str_reg[3][16]/D (clocked by sys_clk_pin). Large setup violations at the end of those stages might be difficult to fix during the post-placement implementation flow and could be the result of non-optimal XDC constraints or non-optimal design architecture
Related violations: <none>

TIMING-16#694 Warning
Large setup violation  
There is a large setup violation of -6.946 ns between ascii_converter_inst/ascii_char_reg[4]/C (clocked by sys_clk_pin) and poly_mode_inst/coeff_str_reg[1][16]/D (clocked by sys_clk_pin). Large setup violations at the end of those stages might be difficult to fix during the post-placement implementation flow and could be the result of non-optimal XDC constraints or non-optimal design architecture
Related violations: <none>

TIMING-16#695 Warning
Large setup violation  
There is a large setup violation of -6.951 ns between ascii_converter_inst/ascii_char_reg[4]/C (clocked by sys_clk_pin) and poly_mode_inst/coeff_str_reg[3][56]/D (clocked by sys_clk_pin). Large setup violations at the end of those stages might be difficult to fix during the post-placement implementation flow and could be the result of non-optimal XDC constraints or non-optimal design architecture
Related violations: <none>

TIMING-16#696 Warning
Large setup violation  
There is a large setup violation of -6.979 ns between ascii_converter_inst/ascii_char_reg[4]/C (clocked by sys_clk_pin) and poly_mode_inst/coeff_str_reg[3][40]/CE (clocked by sys_clk_pin). Large setup violations at the end of those stages might be difficult to fix during the post-placement implementation flow and could be the result of non-optimal XDC constraints or non-optimal design architecture
Related violations: <none>

TIMING-16#697 Warning
Large setup violation  
There is a large setup violation of -6.979 ns between ascii_converter_inst/ascii_char_reg[4]/C (clocked by sys_clk_pin) and poly_mode_inst/coeff_str_reg[3][45]/CE (clocked by sys_clk_pin). Large setup violations at the end of those stages might be difficult to fix during the post-placement implementation flow and could be the result of non-optimal XDC constraints or non-optimal design architecture
Related violations: <none>

TIMING-16#698 Warning
Large setup violation  
There is a large setup violation of -6.979 ns between ascii_converter_inst/ascii_char_reg[4]/C (clocked by sys_clk_pin) and poly_mode_inst/coeff_str_reg[3][48]/CE (clocked by sys_clk_pin). Large setup violations at the end of those stages might be difficult to fix during the post-placement implementation flow and could be the result of non-optimal XDC constraints or non-optimal design architecture
Related violations: <none>

TIMING-16#699 Warning
Large setup violation  
There is a large setup violation of -6.979 ns between ascii_converter_inst/ascii_char_reg[4]/C (clocked by sys_clk_pin) and poly_mode_inst/coeff_str_reg[3][50]/CE (clocked by sys_clk_pin). Large setup violations at the end of those stages might be difficult to fix during the post-placement implementation flow and could be the result of non-optimal XDC constraints or non-optimal design architecture
Related violations: <none>

TIMING-16#700 Warning
Large setup violation  
There is a large setup violation of -6.984 ns between ascii_converter_inst/ascii_char_reg[4]/C (clocked by sys_clk_pin) and poly_mode_inst/coeff_str_reg[3][34]/D (clocked by sys_clk_pin). Large setup violations at the end of those stages might be difficult to fix during the post-placement implementation flow and could be the result of non-optimal XDC constraints or non-optimal design architecture
Related violations: <none>

TIMING-16#701 Warning
Large setup violation  
There is a large setup violation of -6.985 ns between ascii_converter_inst/ascii_char_reg[4]/C (clocked by sys_clk_pin) and poly_mode_inst/coeff_str_reg[0][67]/CE (clocked by sys_clk_pin). Large setup violations at the end of those stages might be difficult to fix during the post-placement implementation flow and could be the result of non-optimal XDC constraints or non-optimal design architecture
Related violations: <none>

TIMING-16#702 Warning
Large setup violation  
There is a large setup violation of -6.991 ns between ascii_converter_inst/ascii_char_reg[4]/C (clocked by sys_clk_pin) and poly_mode_inst/coeff_str_reg[3][72]/CE (clocked by sys_clk_pin). Large setup violations at the end of those stages might be difficult to fix during the post-placement implementation flow and could be the result of non-optimal XDC constraints or non-optimal design architecture
Related violations: <none>

TIMING-16#703 Warning
Large setup violation  
There is a large setup violation of -6.991 ns between ascii_converter_inst/ascii_char_reg[4]/C (clocked by sys_clk_pin) and poly_mode_inst/coeff_str_reg[3][73]/CE (clocked by sys_clk_pin). Large setup violations at the end of those stages might be difficult to fix during the post-placement implementation flow and could be the result of non-optimal XDC constraints or non-optimal design architecture
Related violations: <none>

TIMING-16#704 Warning
Large setup violation  
There is a large setup violation of -6.991 ns between ascii_converter_inst/ascii_char_reg[4]/C (clocked by sys_clk_pin) and poly_mode_inst/coeff_str_reg[3][74]/CE (clocked by sys_clk_pin). Large setup violations at the end of those stages might be difficult to fix during the post-placement implementation flow and could be the result of non-optimal XDC constraints or non-optimal design architecture
Related violations: <none>

TIMING-16#705 Warning
Large setup violation  
There is a large setup violation of -6.994 ns between ascii_converter_inst/ascii_char_reg[4]/C (clocked by sys_clk_pin) and poly_mode_inst/coeff_str_reg[2][32]/CE (clocked by sys_clk_pin). Large setup violations at the end of those stages might be difficult to fix during the post-placement implementation flow and could be the result of non-optimal XDC constraints or non-optimal design architecture
Related violations: <none>

TIMING-16#706 Warning
Large setup violation  
There is a large setup violation of -6.994 ns between ascii_converter_inst/ascii_char_reg[4]/C (clocked by sys_clk_pin) and poly_mode_inst/coeff_str_reg[2][34]/CE (clocked by sys_clk_pin). Large setup violations at the end of those stages might be difficult to fix during the post-placement implementation flow and could be the result of non-optimal XDC constraints or non-optimal design architecture
Related violations: <none>

TIMING-16#707 Warning
Large setup violation  
There is a large setup violation of -6.996 ns between ascii_converter_inst/ascii_char_reg[4]/C (clocked by sys_clk_pin) and poly_mode_inst/coeff_str_reg[3][43]/D (clocked by sys_clk_pin). Large setup violations at the end of those stages might be difficult to fix during the post-placement implementation flow and could be the result of non-optimal XDC constraints or non-optimal design architecture
Related violations: <none>

TIMING-16#708 Warning
Large setup violation  
There is a large setup violation of -7.002 ns between ascii_converter_inst/ascii_char_reg[4]/C (clocked by sys_clk_pin) and poly_mode_inst/coeff_str_reg[0][24]/D (clocked by sys_clk_pin). Large setup violations at the end of those stages might be difficult to fix during the post-placement implementation flow and could be the result of non-optimal XDC constraints or non-optimal design architecture
Related violations: <none>

TIMING-16#709 Warning
Large setup violation  
There is a large setup violation of -7.009 ns between ascii_converter_inst/ascii_char_reg[4]/C (clocked by sys_clk_pin) and poly_mode_inst/coeff_str_reg[0][73]/D (clocked by sys_clk_pin). Large setup violations at the end of those stages might be difficult to fix during the post-placement implementation flow and could be the result of non-optimal XDC constraints or non-optimal design architecture
Related violations: <none>

TIMING-16#710 Warning
Large setup violation  
There is a large setup violation of -7.013 ns between ascii_converter_inst/ascii_char_reg[4]/C (clocked by sys_clk_pin) and poly_mode_inst/coeff_str_reg[0][13]/D (clocked by sys_clk_pin). Large setup violations at the end of those stages might be difficult to fix during the post-placement implementation flow and could be the result of non-optimal XDC constraints or non-optimal design architecture
Related violations: <none>

TIMING-16#711 Warning
Large setup violation  
There is a large setup violation of -7.014 ns between ascii_converter_inst/ascii_char_reg[4]/C (clocked by sys_clk_pin) and poly_mode_inst/coeff_str_reg[3][41]/CE (clocked by sys_clk_pin). Large setup violations at the end of those stages might be difficult to fix during the post-placement implementation flow and could be the result of non-optimal XDC constraints or non-optimal design architecture
Related violations: <none>

TIMING-16#712 Warning
Large setup violation  
There is a large setup violation of -7.014 ns between ascii_converter_inst/ascii_char_reg[4]/C (clocked by sys_clk_pin) and poly_mode_inst/coeff_str_reg[3][42]/CE (clocked by sys_clk_pin). Large setup violations at the end of those stages might be difficult to fix during the post-placement implementation flow and could be the result of non-optimal XDC constraints or non-optimal design architecture
Related violations: <none>

TIMING-16#713 Warning
Large setup violation  
There is a large setup violation of -7.014 ns between ascii_converter_inst/ascii_char_reg[4]/C (clocked by sys_clk_pin) and poly_mode_inst/coeff_str_reg[3][43]/CE (clocked by sys_clk_pin). Large setup violations at the end of those stages might be difficult to fix during the post-placement implementation flow and could be the result of non-optimal XDC constraints or non-optimal design architecture
Related violations: <none>

TIMING-16#714 Warning
Large setup violation  
There is a large setup violation of -7.014 ns between ascii_converter_inst/ascii_char_reg[4]/C (clocked by sys_clk_pin) and poly_mode_inst/coeff_str_reg[3][44]/CE (clocked by sys_clk_pin). Large setup violations at the end of those stages might be difficult to fix during the post-placement implementation flow and could be the result of non-optimal XDC constraints or non-optimal design architecture
Related violations: <none>

TIMING-16#715 Warning
Large setup violation  
There is a large setup violation of -7.022 ns between ascii_converter_inst/ascii_char_reg[4]/C (clocked by sys_clk_pin) and poly_mode_inst/coeff_str_reg[0][48]/D (clocked by sys_clk_pin). Large setup violations at the end of those stages might be difficult to fix during the post-placement implementation flow and could be the result of non-optimal XDC constraints or non-optimal design architecture
Related violations: <none>

TIMING-16#716 Warning
Large setup violation  
There is a large setup violation of -7.035 ns between ascii_converter_inst/ascii_char_reg[4]/C (clocked by sys_clk_pin) and poly_mode_inst/coeff_str_reg[0][9]/D (clocked by sys_clk_pin). Large setup violations at the end of those stages might be difficult to fix during the post-placement implementation flow and could be the result of non-optimal XDC constraints or non-optimal design architecture
Related violations: <none>

TIMING-16#717 Warning
Large setup violation  
There is a large setup violation of -7.036 ns between ascii_converter_inst/ascii_char_reg[4]/C (clocked by sys_clk_pin) and poly_mode_inst/coeff_str_reg[2][42]/D (clocked by sys_clk_pin). Large setup violations at the end of those stages might be difficult to fix during the post-placement implementation flow and could be the result of non-optimal XDC constraints or non-optimal design architecture
Related violations: <none>

TIMING-16#718 Warning
Large setup violation  
There is a large setup violation of -7.039 ns between ascii_converter_inst/ascii_char_reg[4]/C (clocked by sys_clk_pin) and poly_mode_inst/coeff_str_reg[2][77]/D (clocked by sys_clk_pin). Large setup violations at the end of those stages might be difficult to fix during the post-placement implementation flow and could be the result of non-optimal XDC constraints or non-optimal design architecture
Related violations: <none>

TIMING-16#719 Warning
Large setup violation  
There is a large setup violation of -7.040 ns between ascii_converter_inst/ascii_char_reg[4]/C (clocked by sys_clk_pin) and poly_mode_inst/coeff_str_reg[3][75]/CE (clocked by sys_clk_pin). Large setup violations at the end of those stages might be difficult to fix during the post-placement implementation flow and could be the result of non-optimal XDC constraints or non-optimal design architecture
Related violations: <none>

TIMING-16#720 Warning
Large setup violation  
There is a large setup violation of -7.040 ns between ascii_converter_inst/ascii_char_reg[4]/C (clocked by sys_clk_pin) and poly_mode_inst/coeff_str_reg[3][76]/CE (clocked by sys_clk_pin). Large setup violations at the end of those stages might be difficult to fix during the post-placement implementation flow and could be the result of non-optimal XDC constraints or non-optimal design architecture
Related violations: <none>

TIMING-16#721 Warning
Large setup violation  
There is a large setup violation of -7.040 ns between ascii_converter_inst/ascii_char_reg[4]/C (clocked by sys_clk_pin) and poly_mode_inst/coeff_str_reg[3][77]/CE (clocked by sys_clk_pin). Large setup violations at the end of those stages might be difficult to fix during the post-placement implementation flow and could be the result of non-optimal XDC constraints or non-optimal design architecture
Related violations: <none>

TIMING-16#722 Warning
Large setup violation  
There is a large setup violation of -7.042 ns between ascii_converter_inst/ascii_char_reg[4]/C (clocked by sys_clk_pin) and poly_mode_inst/coeff_str_reg[0][64]/CE (clocked by sys_clk_pin). Large setup violations at the end of those stages might be difficult to fix during the post-placement implementation flow and could be the result of non-optimal XDC constraints or non-optimal design architecture
Related violations: <none>

TIMING-16#723 Warning
Large setup violation  
There is a large setup violation of -7.045 ns between ascii_converter_inst/ascii_char_reg[4]/C (clocked by sys_clk_pin) and poly_mode_inst/coeff_str_reg[0][75]/D (clocked by sys_clk_pin). Large setup violations at the end of those stages might be difficult to fix during the post-placement implementation flow and could be the result of non-optimal XDC constraints or non-optimal design architecture
Related violations: <none>

TIMING-16#724 Warning
Large setup violation  
There is a large setup violation of -7.051 ns between ascii_converter_inst/ascii_char_reg[4]/C (clocked by sys_clk_pin) and poly_mode_inst/coeff_str_reg[0][51]/D (clocked by sys_clk_pin). Large setup violations at the end of those stages might be difficult to fix during the post-placement implementation flow and could be the result of non-optimal XDC constraints or non-optimal design architecture
Related violations: <none>

TIMING-16#725 Warning
Large setup violation  
There is a large setup violation of -7.055 ns between ascii_converter_inst/ascii_char_reg[4]/C (clocked by sys_clk_pin) and poly_mode_inst/coeff_str_reg[0][42]/D (clocked by sys_clk_pin). Large setup violations at the end of those stages might be difficult to fix during the post-placement implementation flow and could be the result of non-optimal XDC constraints or non-optimal design architecture
Related violations: <none>

TIMING-16#726 Warning
Large setup violation  
There is a large setup violation of -7.057 ns between ascii_converter_inst/ascii_char_reg[4]/C (clocked by sys_clk_pin) and poly_mode_inst/coeff_str_reg[2][48]/D (clocked by sys_clk_pin). Large setup violations at the end of those stages might be difficult to fix during the post-placement implementation flow and could be the result of non-optimal XDC constraints or non-optimal design architecture
Related violations: <none>

TIMING-16#727 Warning
Large setup violation  
There is a large setup violation of -7.059 ns between ascii_converter_inst/ascii_char_reg[4]/C (clocked by sys_clk_pin) and poly_mode_inst/coeff_str_reg[1][24]/D (clocked by sys_clk_pin). Large setup violations at the end of those stages might be difficult to fix during the post-placement implementation flow and could be the result of non-optimal XDC constraints or non-optimal design architecture
Related violations: <none>

TIMING-16#728 Warning
Large setup violation  
There is a large setup violation of -7.061 ns between ascii_converter_inst/ascii_char_reg[4]/C (clocked by sys_clk_pin) and poly_mode_inst/coeff_str_reg[3][49]/D (clocked by sys_clk_pin). Large setup violations at the end of those stages might be difficult to fix during the post-placement implementation flow and could be the result of non-optimal XDC constraints or non-optimal design architecture
Related violations: <none>

TIMING-16#729 Warning
Large setup violation  
There is a large setup violation of -7.062 ns between ascii_converter_inst/ascii_char_reg[4]/C (clocked by sys_clk_pin) and poly_mode_inst/coeff_str_reg[2][19]/D (clocked by sys_clk_pin). Large setup violations at the end of those stages might be difficult to fix during the post-placement implementation flow and could be the result of non-optimal XDC constraints or non-optimal design architecture
Related violations: <none>

TIMING-16#730 Warning
Large setup violation  
There is a large setup violation of -7.064 ns between ascii_converter_inst/ascii_char_reg[4]/C (clocked by sys_clk_pin) and poly_mode_inst/coeff_str_reg[3][75]/D (clocked by sys_clk_pin). Large setup violations at the end of those stages might be difficult to fix during the post-placement implementation flow and could be the result of non-optimal XDC constraints or non-optimal design architecture
Related violations: <none>

TIMING-16#731 Warning
Large setup violation  
There is a large setup violation of -7.066 ns between ascii_converter_inst/ascii_char_reg[4]/C (clocked by sys_clk_pin) and poly_mode_inst/coeff_str_reg[3][17]/D (clocked by sys_clk_pin). Large setup violations at the end of those stages might be difficult to fix during the post-placement implementation flow and could be the result of non-optimal XDC constraints or non-optimal design architecture
Related violations: <none>

TIMING-16#732 Warning
Large setup violation  
There is a large setup violation of -7.068 ns between ascii_converter_inst/ascii_char_reg[4]/C (clocked by sys_clk_pin) and poly_mode_inst/coeff_str_reg[1][56]/D (clocked by sys_clk_pin). Large setup violations at the end of those stages might be difficult to fix during the post-placement implementation flow and could be the result of non-optimal XDC constraints or non-optimal design architecture
Related violations: <none>

TIMING-16#733 Warning
Large setup violation  
There is a large setup violation of -7.076 ns between ascii_converter_inst/ascii_char_reg[4]/C (clocked by sys_clk_pin) and poly_mode_inst/coeff_str_reg[2][24]/CE (clocked by sys_clk_pin). Large setup violations at the end of those stages might be difficult to fix during the post-placement implementation flow and could be the result of non-optimal XDC constraints or non-optimal design architecture
Related violations: <none>

TIMING-16#734 Warning
Large setup violation  
There is a large setup violation of -7.076 ns between ascii_converter_inst/ascii_char_reg[4]/C (clocked by sys_clk_pin) and poly_mode_inst/coeff_str_reg[2][25]/CE (clocked by sys_clk_pin). Large setup violations at the end of those stages might be difficult to fix during the post-placement implementation flow and could be the result of non-optimal XDC constraints or non-optimal design architecture
Related violations: <none>

TIMING-16#735 Warning
Large setup violation  
There is a large setup violation of -7.076 ns between ascii_converter_inst/ascii_char_reg[4]/C (clocked by sys_clk_pin) and poly_mode_inst/coeff_str_reg[2][27]/CE (clocked by sys_clk_pin). Large setup violations at the end of those stages might be difficult to fix during the post-placement implementation flow and could be the result of non-optimal XDC constraints or non-optimal design architecture
Related violations: <none>

TIMING-16#736 Warning
Large setup violation  
There is a large setup violation of -7.076 ns between ascii_converter_inst/ascii_char_reg[4]/C (clocked by sys_clk_pin) and poly_mode_inst/coeff_str_reg[2][28]/CE (clocked by sys_clk_pin). Large setup violations at the end of those stages might be difficult to fix during the post-placement implementation flow and could be the result of non-optimal XDC constraints or non-optimal design architecture
Related violations: <none>

TIMING-16#737 Warning
Large setup violation  
There is a large setup violation of -7.076 ns between ascii_converter_inst/ascii_char_reg[4]/C (clocked by sys_clk_pin) and poly_mode_inst/coeff_str_reg[2][29]/CE (clocked by sys_clk_pin). Large setup violations at the end of those stages might be difficult to fix during the post-placement implementation flow and could be the result of non-optimal XDC constraints or non-optimal design architecture
Related violations: <none>

TIMING-16#738 Warning
Large setup violation  
There is a large setup violation of -7.076 ns between ascii_converter_inst/ascii_char_reg[4]/C (clocked by sys_clk_pin) and poly_mode_inst/coeff_str_reg[3][48]/D (clocked by sys_clk_pin). Large setup violations at the end of those stages might be difficult to fix during the post-placement implementation flow and could be the result of non-optimal XDC constraints or non-optimal design architecture
Related violations: <none>

TIMING-16#739 Warning
Large setup violation  
There is a large setup violation of -7.087 ns between ascii_converter_inst/ascii_char_reg[4]/C (clocked by sys_clk_pin) and poly_mode_inst/coeff_str_reg[2][66]/D (clocked by sys_clk_pin). Large setup violations at the end of those stages might be difficult to fix during the post-placement implementation flow and could be the result of non-optimal XDC constraints or non-optimal design architecture
Related violations: <none>

TIMING-16#740 Warning
Large setup violation  
There is a large setup violation of -7.096 ns between ascii_converter_inst/ascii_char_reg[4]/C (clocked by sys_clk_pin) and poly_mode_inst/coeff_str_reg[1][33]/CE (clocked by sys_clk_pin). Large setup violations at the end of those stages might be difficult to fix during the post-placement implementation flow and could be the result of non-optimal XDC constraints or non-optimal design architecture
Related violations: <none>

TIMING-16#741 Warning
Large setup violation  
There is a large setup violation of -7.096 ns between ascii_converter_inst/ascii_char_reg[4]/C (clocked by sys_clk_pin) and poly_mode_inst/coeff_str_reg[1][35]/CE (clocked by sys_clk_pin). Large setup violations at the end of those stages might be difficult to fix during the post-placement implementation flow and could be the result of non-optimal XDC constraints or non-optimal design architecture
Related violations: <none>

TIMING-16#742 Warning
Large setup violation  
There is a large setup violation of -7.096 ns between ascii_converter_inst/ascii_char_reg[4]/C (clocked by sys_clk_pin) and poly_mode_inst/coeff_str_reg[1][36]/CE (clocked by sys_clk_pin). Large setup violations at the end of those stages might be difficult to fix during the post-placement implementation flow and could be the result of non-optimal XDC constraints or non-optimal design architecture
Related violations: <none>

TIMING-16#743 Warning
Large setup violation  
There is a large setup violation of -7.096 ns between ascii_converter_inst/ascii_char_reg[4]/C (clocked by sys_clk_pin) and poly_mode_inst/coeff_str_reg[1][37]/CE (clocked by sys_clk_pin). Large setup violations at the end of those stages might be difficult to fix during the post-placement implementation flow and could be the result of non-optimal XDC constraints or non-optimal design architecture
Related violations: <none>

TIMING-16#744 Warning
Large setup violation  
There is a large setup violation of -7.098 ns between ascii_converter_inst/ascii_char_reg[4]/C (clocked by sys_clk_pin) and poly_mode_inst/coeff_str_reg[2][56]/D (clocked by sys_clk_pin). Large setup violations at the end of those stages might be difficult to fix during the post-placement implementation flow and could be the result of non-optimal XDC constraints or non-optimal design architecture
Related violations: <none>

TIMING-16#745 Warning
Large setup violation  
There is a large setup violation of -7.098 ns between ascii_converter_inst/ascii_char_reg[4]/C (clocked by sys_clk_pin) and poly_mode_inst/coeff_str_reg[3][66]/D (clocked by sys_clk_pin). Large setup violations at the end of those stages might be difficult to fix during the post-placement implementation flow and could be the result of non-optimal XDC constraints or non-optimal design architecture
Related violations: <none>

TIMING-16#746 Warning
Large setup violation  
There is a large setup violation of -7.099 ns between ascii_converter_inst/ascii_char_reg[4]/C (clocked by sys_clk_pin) and poly_mode_inst/coeff_str_reg[0][57]/D (clocked by sys_clk_pin). Large setup violations at the end of those stages might be difficult to fix during the post-placement implementation flow and could be the result of non-optimal XDC constraints or non-optimal design architecture
Related violations: <none>

TIMING-16#747 Warning
Large setup violation  
There is a large setup violation of -7.099 ns between ascii_converter_inst/ascii_char_reg[4]/C (clocked by sys_clk_pin) and poly_mode_inst/coeff_str_reg[2][34]/D (clocked by sys_clk_pin). Large setup violations at the end of those stages might be difficult to fix during the post-placement implementation flow and could be the result of non-optimal XDC constraints or non-optimal design architecture
Related violations: <none>

TIMING-16#748 Warning
Large setup violation  
There is a large setup violation of -7.100 ns between ascii_converter_inst/ascii_char_reg[4]/C (clocked by sys_clk_pin) and poly_mode_inst/coeff_str_reg[3][56]/CE (clocked by sys_clk_pin). Large setup violations at the end of those stages might be difficult to fix during the post-placement implementation flow and could be the result of non-optimal XDC constraints or non-optimal design architecture
Related violations: <none>

TIMING-16#749 Warning
Large setup violation  
There is a large setup violation of -7.100 ns between ascii_converter_inst/ascii_char_reg[4]/C (clocked by sys_clk_pin) and poly_mode_inst/coeff_str_reg[3][57]/CE (clocked by sys_clk_pin). Large setup violations at the end of those stages might be difficult to fix during the post-placement implementation flow and could be the result of non-optimal XDC constraints or non-optimal design architecture
Related violations: <none>

TIMING-16#750 Warning
Large setup violation  
There is a large setup violation of -7.100 ns between ascii_converter_inst/ascii_char_reg[4]/C (clocked by sys_clk_pin) and poly_mode_inst/coeff_str_reg[3][58]/CE (clocked by sys_clk_pin). Large setup violations at the end of those stages might be difficult to fix during the post-placement implementation flow and could be the result of non-optimal XDC constraints or non-optimal design architecture
Related violations: <none>

TIMING-16#751 Warning
Large setup violation  
There is a large setup violation of -7.100 ns between ascii_converter_inst/ascii_char_reg[4]/C (clocked by sys_clk_pin) and poly_mode_inst/coeff_str_reg[3][60]/CE (clocked by sys_clk_pin). Large setup violations at the end of those stages might be difficult to fix during the post-placement implementation flow and could be the result of non-optimal XDC constraints or non-optimal design architecture
Related violations: <none>

TIMING-16#752 Warning
Large setup violation  
There is a large setup violation of -7.100 ns between ascii_converter_inst/ascii_char_reg[4]/C (clocked by sys_clk_pin) and poly_mode_inst/coeff_str_reg[3][61]/CE (clocked by sys_clk_pin). Large setup violations at the end of those stages might be difficult to fix during the post-placement implementation flow and could be the result of non-optimal XDC constraints or non-optimal design architecture
Related violations: <none>

TIMING-16#753 Warning
Large setup violation  
There is a large setup violation of -7.104 ns between ascii_converter_inst/ascii_char_reg[4]/C (clocked by sys_clk_pin) and poly_mode_inst/coeff_str_reg[0][56]/D (clocked by sys_clk_pin). Large setup violations at the end of those stages might be difficult to fix during the post-placement implementation flow and could be the result of non-optimal XDC constraints or non-optimal design architecture
Related violations: <none>

TIMING-16#754 Warning
Large setup violation  
There is a large setup violation of -7.111 ns between ascii_converter_inst/ascii_char_reg[4]/C (clocked by sys_clk_pin) and poly_mode_inst/coeff_str_reg[2][72]/CE (clocked by sys_clk_pin). Large setup violations at the end of those stages might be difficult to fix during the post-placement implementation flow and could be the result of non-optimal XDC constraints or non-optimal design architecture
Related violations: <none>

TIMING-16#755 Warning
Large setup violation  
There is a large setup violation of -7.111 ns between ascii_converter_inst/ascii_char_reg[4]/C (clocked by sys_clk_pin) and poly_mode_inst/coeff_str_reg[2][73]/CE (clocked by sys_clk_pin). Large setup violations at the end of those stages might be difficult to fix during the post-placement implementation flow and could be the result of non-optimal XDC constraints or non-optimal design architecture
Related violations: <none>

TIMING-16#756 Warning
Large setup violation  
There is a large setup violation of -7.111 ns between ascii_converter_inst/ascii_char_reg[4]/C (clocked by sys_clk_pin) and poly_mode_inst/coeff_str_reg[2][74]/CE (clocked by sys_clk_pin). Large setup violations at the end of those stages might be difficult to fix during the post-placement implementation flow and could be the result of non-optimal XDC constraints or non-optimal design architecture
Related violations: <none>

TIMING-16#757 Warning
Large setup violation  
There is a large setup violation of -7.115 ns between ascii_converter_inst/ascii_char_reg[4]/C (clocked by sys_clk_pin) and poly_mode_inst/coeff_lengths_reg[0][2]/CE (clocked by sys_clk_pin). Large setup violations at the end of those stages might be difficult to fix during the post-placement implementation flow and could be the result of non-optimal XDC constraints or non-optimal design architecture
Related violations: <none>

TIMING-16#758 Warning
Large setup violation  
There is a large setup violation of -7.119 ns between ascii_converter_inst/ascii_char_reg[4]/C (clocked by sys_clk_pin) and poly_mode_inst/coeff_str_reg[0][66]/D (clocked by sys_clk_pin). Large setup violations at the end of those stages might be difficult to fix during the post-placement implementation flow and could be the result of non-optimal XDC constraints or non-optimal design architecture
Related violations: <none>

TIMING-16#759 Warning
Large setup violation  
There is a large setup violation of -7.121 ns between ascii_converter_inst/ascii_char_reg[4]/C (clocked by sys_clk_pin) and poly_mode_inst/coeff_str_reg[2][24]/D (clocked by sys_clk_pin). Large setup violations at the end of those stages might be difficult to fix during the post-placement implementation flow and could be the result of non-optimal XDC constraints or non-optimal design architecture
Related violations: <none>

TIMING-16#760 Warning
Large setup violation  
There is a large setup violation of -7.121 ns between ascii_converter_inst/ascii_char_reg[4]/C (clocked by sys_clk_pin) and poly_mode_inst/coeff_str_reg[2][33]/CE (clocked by sys_clk_pin). Large setup violations at the end of those stages might be difficult to fix during the post-placement implementation flow and could be the result of non-optimal XDC constraints or non-optimal design architecture
Related violations: <none>

TIMING-16#761 Warning
Large setup violation  
There is a large setup violation of -7.121 ns between ascii_converter_inst/ascii_char_reg[4]/C (clocked by sys_clk_pin) and poly_mode_inst/coeff_str_reg[2][35]/CE (clocked by sys_clk_pin). Large setup violations at the end of those stages might be difficult to fix during the post-placement implementation flow and could be the result of non-optimal XDC constraints or non-optimal design architecture
Related violations: <none>

TIMING-16#762 Warning
Large setup violation  
There is a large setup violation of -7.121 ns between ascii_converter_inst/ascii_char_reg[4]/C (clocked by sys_clk_pin) and poly_mode_inst/coeff_str_reg[2][36]/CE (clocked by sys_clk_pin). Large setup violations at the end of those stages might be difficult to fix during the post-placement implementation flow and could be the result of non-optimal XDC constraints or non-optimal design architecture
Related violations: <none>

TIMING-16#763 Warning
Large setup violation  
There is a large setup violation of -7.121 ns between ascii_converter_inst/ascii_char_reg[4]/C (clocked by sys_clk_pin) and poly_mode_inst/coeff_str_reg[2][37]/CE (clocked by sys_clk_pin). Large setup violations at the end of those stages might be difficult to fix during the post-placement implementation flow and could be the result of non-optimal XDC constraints or non-optimal design architecture
Related violations: <none>

TIMING-16#764 Warning
Large setup violation  
There is a large setup violation of -7.123 ns between ascii_converter_inst/ascii_char_reg[4]/C (clocked by sys_clk_pin) and poly_mode_inst/coeff_str_reg[3][2]/D (clocked by sys_clk_pin). Large setup violations at the end of those stages might be difficult to fix during the post-placement implementation flow and could be the result of non-optimal XDC constraints or non-optimal design architecture
Related violations: <none>

TIMING-16#765 Warning
Large setup violation  
There is a large setup violation of -7.124 ns between ascii_converter_inst/ascii_char_reg[4]/C (clocked by sys_clk_pin) and poly_mode_inst/coeff_str_reg[2][49]/CE (clocked by sys_clk_pin). Large setup violations at the end of those stages might be difficult to fix during the post-placement implementation flow and could be the result of non-optimal XDC constraints or non-optimal design architecture
Related violations: <none>

TIMING-16#766 Warning
Large setup violation  
There is a large setup violation of -7.124 ns between ascii_converter_inst/ascii_char_reg[4]/C (clocked by sys_clk_pin) and poly_mode_inst/coeff_str_reg[2][51]/CE (clocked by sys_clk_pin). Large setup violations at the end of those stages might be difficult to fix during the post-placement implementation flow and could be the result of non-optimal XDC constraints or non-optimal design architecture
Related violations: <none>

TIMING-16#767 Warning
Large setup violation  
There is a large setup violation of -7.124 ns between ascii_converter_inst/ascii_char_reg[4]/C (clocked by sys_clk_pin) and poly_mode_inst/coeff_str_reg[2][52]/CE (clocked by sys_clk_pin). Large setup violations at the end of those stages might be difficult to fix during the post-placement implementation flow and could be the result of non-optimal XDC constraints or non-optimal design architecture
Related violations: <none>

TIMING-16#768 Warning
Large setup violation  
There is a large setup violation of -7.124 ns between ascii_converter_inst/ascii_char_reg[4]/C (clocked by sys_clk_pin) and poly_mode_inst/coeff_str_reg[2][53]/CE (clocked by sys_clk_pin). Large setup violations at the end of those stages might be difficult to fix during the post-placement implementation flow and could be the result of non-optimal XDC constraints or non-optimal design architecture
Related violations: <none>

TIMING-16#769 Warning
Large setup violation  
There is a large setup violation of -7.128 ns between poly_solver_inst/state_reg[2]/C (clocked by sys_clk_pin) and poly_solver_inst/pipe_mul_a0__0/PCIN[0] (clocked by sys_clk_pin). Large setup violations at the end of those stages might be difficult to fix during the post-placement implementation flow and could be the result of non-optimal XDC constraints or non-optimal design architecture
Related violations: <none>

TIMING-16#770 Warning
Large setup violation  
There is a large setup violation of -7.128 ns between poly_solver_inst/state_reg[2]/C (clocked by sys_clk_pin) and poly_solver_inst/pipe_mul_a0__0/PCIN[10] (clocked by sys_clk_pin). Large setup violations at the end of those stages might be difficult to fix during the post-placement implementation flow and could be the result of non-optimal XDC constraints or non-optimal design architecture
Related violations: <none>

TIMING-16#771 Warning
Large setup violation  
There is a large setup violation of -7.128 ns between poly_solver_inst/state_reg[2]/C (clocked by sys_clk_pin) and poly_solver_inst/pipe_mul_a0__0/PCIN[11] (clocked by sys_clk_pin). Large setup violations at the end of those stages might be difficult to fix during the post-placement implementation flow and could be the result of non-optimal XDC constraints or non-optimal design architecture
Related violations: <none>

TIMING-16#772 Warning
Large setup violation  
There is a large setup violation of -7.128 ns between poly_solver_inst/state_reg[2]/C (clocked by sys_clk_pin) and poly_solver_inst/pipe_mul_a0__0/PCIN[12] (clocked by sys_clk_pin). Large setup violations at the end of those stages might be difficult to fix during the post-placement implementation flow and could be the result of non-optimal XDC constraints or non-optimal design architecture
Related violations: <none>

TIMING-16#773 Warning
Large setup violation  
There is a large setup violation of -7.128 ns between poly_solver_inst/state_reg[2]/C (clocked by sys_clk_pin) and poly_solver_inst/pipe_mul_a0__0/PCIN[13] (clocked by sys_clk_pin). Large setup violations at the end of those stages might be difficult to fix during the post-placement implementation flow and could be the result of non-optimal XDC constraints or non-optimal design architecture
Related violations: <none>

TIMING-16#774 Warning
Large setup violation  
There is a large setup violation of -7.128 ns between poly_solver_inst/state_reg[2]/C (clocked by sys_clk_pin) and poly_solver_inst/pipe_mul_a0__0/PCIN[14] (clocked by sys_clk_pin). Large setup violations at the end of those stages might be difficult to fix during the post-placement implementation flow and could be the result of non-optimal XDC constraints or non-optimal design architecture
Related violations: <none>

TIMING-16#775 Warning
Large setup violation  
There is a large setup violation of -7.128 ns between poly_solver_inst/state_reg[2]/C (clocked by sys_clk_pin) and poly_solver_inst/pipe_mul_a0__0/PCIN[15] (clocked by sys_clk_pin). Large setup violations at the end of those stages might be difficult to fix during the post-placement implementation flow and could be the result of non-optimal XDC constraints or non-optimal design architecture
Related violations: <none>

TIMING-16#776 Warning
Large setup violation  
There is a large setup violation of -7.128 ns between poly_solver_inst/state_reg[2]/C (clocked by sys_clk_pin) and poly_solver_inst/pipe_mul_a0__0/PCIN[16] (clocked by sys_clk_pin). Large setup violations at the end of those stages might be difficult to fix during the post-placement implementation flow and could be the result of non-optimal XDC constraints or non-optimal design architecture
Related violations: <none>

TIMING-16#777 Warning
Large setup violation  
There is a large setup violation of -7.128 ns between poly_solver_inst/state_reg[2]/C (clocked by sys_clk_pin) and poly_solver_inst/pipe_mul_a0__0/PCIN[17] (clocked by sys_clk_pin). Large setup violations at the end of those stages might be difficult to fix during the post-placement implementation flow and could be the result of non-optimal XDC constraints or non-optimal design architecture
Related violations: <none>

TIMING-16#778 Warning
Large setup violation  
There is a large setup violation of -7.128 ns between poly_solver_inst/state_reg[2]/C (clocked by sys_clk_pin) and poly_solver_inst/pipe_mul_a0__0/PCIN[18] (clocked by sys_clk_pin). Large setup violations at the end of those stages might be difficult to fix during the post-placement implementation flow and could be the result of non-optimal XDC constraints or non-optimal design architecture
Related violations: <none>

TIMING-16#779 Warning
Large setup violation  
There is a large setup violation of -7.128 ns between poly_solver_inst/state_reg[2]/C (clocked by sys_clk_pin) and poly_solver_inst/pipe_mul_a0__0/PCIN[19] (clocked by sys_clk_pin). Large setup violations at the end of those stages might be difficult to fix during the post-placement implementation flow and could be the result of non-optimal XDC constraints or non-optimal design architecture
Related violations: <none>

TIMING-16#780 Warning
Large setup violation  
There is a large setup violation of -7.128 ns between poly_solver_inst/state_reg[2]/C (clocked by sys_clk_pin) and poly_solver_inst/pipe_mul_a0__0/PCIN[1] (clocked by sys_clk_pin). Large setup violations at the end of those stages might be difficult to fix during the post-placement implementation flow and could be the result of non-optimal XDC constraints or non-optimal design architecture
Related violations: <none>

TIMING-16#781 Warning
Large setup violation  
There is a large setup violation of -7.128 ns between poly_solver_inst/state_reg[2]/C (clocked by sys_clk_pin) and poly_solver_inst/pipe_mul_a0__0/PCIN[20] (clocked by sys_clk_pin). Large setup violations at the end of those stages might be difficult to fix during the post-placement implementation flow and could be the result of non-optimal XDC constraints or non-optimal design architecture
Related violations: <none>

TIMING-16#782 Warning
Large setup violation  
There is a large setup violation of -7.128 ns between poly_solver_inst/state_reg[2]/C (clocked by sys_clk_pin) and poly_solver_inst/pipe_mul_a0__0/PCIN[21] (clocked by sys_clk_pin). Large setup violations at the end of those stages might be difficult to fix during the post-placement implementation flow and could be the result of non-optimal XDC constraints or non-optimal design architecture
Related violations: <none>

TIMING-16#783 Warning
Large setup violation  
There is a large setup violation of -7.128 ns between poly_solver_inst/state_reg[2]/C (clocked by sys_clk_pin) and poly_solver_inst/pipe_mul_a0__0/PCIN[22] (clocked by sys_clk_pin). Large setup violations at the end of those stages might be difficult to fix during the post-placement implementation flow and could be the result of non-optimal XDC constraints or non-optimal design architecture
Related violations: <none>

TIMING-16#784 Warning
Large setup violation  
There is a large setup violation of -7.128 ns between poly_solver_inst/state_reg[2]/C (clocked by sys_clk_pin) and poly_solver_inst/pipe_mul_a0__0/PCIN[23] (clocked by sys_clk_pin). Large setup violations at the end of those stages might be difficult to fix during the post-placement implementation flow and could be the result of non-optimal XDC constraints or non-optimal design architecture
Related violations: <none>

TIMING-16#785 Warning
Large setup violation  
There is a large setup violation of -7.132 ns between ascii_converter_inst/ascii_char_reg[4]/C (clocked by sys_clk_pin) and poly_mode_inst/coeff_str_reg[0][34]/D (clocked by sys_clk_pin). Large setup violations at the end of those stages might be difficult to fix during the post-placement implementation flow and could be the result of non-optimal XDC constraints or non-optimal design architecture
Related violations: <none>

TIMING-16#786 Warning
Large setup violation  
There is a large setup violation of -7.150 ns between ascii_converter_inst/ascii_char_reg[4]/C (clocked by sys_clk_pin) and poly_mode_inst/coeff_str_reg[2][73]/D (clocked by sys_clk_pin). Large setup violations at the end of those stages might be difficult to fix during the post-placement implementation flow and could be the result of non-optimal XDC constraints or non-optimal design architecture
Related violations: <none>

TIMING-16#787 Warning
Large setup violation  
There is a large setup violation of -7.161 ns between ascii_converter_inst/ascii_char_reg[4]/C (clocked by sys_clk_pin) and poly_mode_inst/coeff_str_reg[1][48]/CE (clocked by sys_clk_pin). Large setup violations at the end of those stages might be difficult to fix during the post-placement implementation flow and could be the result of non-optimal XDC constraints or non-optimal design architecture
Related violations: <none>

TIMING-16#788 Warning
Large setup violation  
There is a large setup violation of -7.161 ns between ascii_converter_inst/ascii_char_reg[4]/C (clocked by sys_clk_pin) and poly_mode_inst/coeff_str_reg[1][49]/CE (clocked by sys_clk_pin). Large setup violations at the end of those stages might be difficult to fix during the post-placement implementation flow and could be the result of non-optimal XDC constraints or non-optimal design architecture
Related violations: <none>

TIMING-16#789 Warning
Large setup violation  
There is a large setup violation of -7.161 ns between ascii_converter_inst/ascii_char_reg[4]/C (clocked by sys_clk_pin) and poly_mode_inst/coeff_str_reg[1][50]/CE (clocked by sys_clk_pin). Large setup violations at the end of those stages might be difficult to fix during the post-placement implementation flow and could be the result of non-optimal XDC constraints or non-optimal design architecture
Related violations: <none>

TIMING-16#790 Warning
Large setup violation  
There is a large setup violation of -7.161 ns between ascii_converter_inst/ascii_char_reg[4]/C (clocked by sys_clk_pin) and poly_mode_inst/coeff_str_reg[1][51]/CE (clocked by sys_clk_pin). Large setup violations at the end of those stages might be difficult to fix during the post-placement implementation flow and could be the result of non-optimal XDC constraints or non-optimal design architecture
Related violations: <none>

TIMING-16#791 Warning
Large setup violation  
There is a large setup violation of -7.161 ns between ascii_converter_inst/ascii_char_reg[4]/C (clocked by sys_clk_pin) and poly_mode_inst/coeff_str_reg[1][52]/CE (clocked by sys_clk_pin). Large setup violations at the end of those stages might be difficult to fix during the post-placement implementation flow and could be the result of non-optimal XDC constraints or non-optimal design architecture
Related violations: <none>

TIMING-16#792 Warning
Large setup violation  
There is a large setup violation of -7.161 ns between ascii_converter_inst/ascii_char_reg[4]/C (clocked by sys_clk_pin) and poly_mode_inst/coeff_str_reg[1][53]/CE (clocked by sys_clk_pin). Large setup violations at the end of those stages might be difficult to fix during the post-placement implementation flow and could be the result of non-optimal XDC constraints or non-optimal design architecture
Related violations: <none>

TIMING-16#793 Warning
Large setup violation  
There is a large setup violation of -7.162 ns between ascii_converter_inst/ascii_char_reg[4]/C (clocked by sys_clk_pin) and poly_mode_inst/coeff_str_reg[3][24]/D (clocked by sys_clk_pin). Large setup violations at the end of those stages might be difficult to fix during the post-placement implementation flow and could be the result of non-optimal XDC constraints or non-optimal design architecture
Related violations: <none>

TIMING-16#794 Warning
Large setup violation  
There is a large setup violation of -7.163 ns between ascii_converter_inst/ascii_char_reg[4]/C (clocked by sys_clk_pin) and poly_mode_inst/coeff_str_reg[0][49]/D (clocked by sys_clk_pin). Large setup violations at the end of those stages might be difficult to fix during the post-placement implementation flow and could be the result of non-optimal XDC constraints or non-optimal design architecture
Related violations: <none>

TIMING-16#795 Warning
Large setup violation  
There is a large setup violation of -7.164 ns between ascii_converter_inst/ascii_char_reg[4]/C (clocked by sys_clk_pin) and poly_mode_inst/coeff_str_reg[2][58]/D (clocked by sys_clk_pin). Large setup violations at the end of those stages might be difficult to fix during the post-placement implementation flow and could be the result of non-optimal XDC constraints or non-optimal design architecture
Related violations: <none>

TIMING-16#796 Warning
Large setup violation  
There is a large setup violation of -7.166 ns between ascii_converter_inst/ascii_char_reg[4]/C (clocked by sys_clk_pin) and poly_mode_inst/coeff_str_reg[1][58]/D (clocked by sys_clk_pin). Large setup violations at the end of those stages might be difficult to fix during the post-placement implementation flow and could be the result of non-optimal XDC constraints or non-optimal design architecture
Related violations: <none>

TIMING-16#797 Warning
Large setup violation  
There is a large setup violation of -7.170 ns between ascii_converter_inst/ascii_char_reg[4]/C (clocked by sys_clk_pin) and poly_mode_inst/coeff_str_reg[1][72]/CE (clocked by sys_clk_pin). Large setup violations at the end of those stages might be difficult to fix during the post-placement implementation flow and could be the result of non-optimal XDC constraints or non-optimal design architecture
Related violations: <none>

TIMING-16#798 Warning
Large setup violation  
There is a large setup violation of -7.170 ns between ascii_converter_inst/ascii_char_reg[4]/C (clocked by sys_clk_pin) and poly_mode_inst/coeff_str_reg[1][73]/CE (clocked by sys_clk_pin). Large setup violations at the end of those stages might be difficult to fix during the post-placement implementation flow and could be the result of non-optimal XDC constraints or non-optimal design architecture
Related violations: <none>

TIMING-16#799 Warning
Large setup violation  
There is a large setup violation of -7.170 ns between ascii_converter_inst/ascii_char_reg[4]/C (clocked by sys_clk_pin) and poly_mode_inst/coeff_str_reg[1][74]/CE (clocked by sys_clk_pin). Large setup violations at the end of those stages might be difficult to fix during the post-placement implementation flow and could be the result of non-optimal XDC constraints or non-optimal design architecture
Related violations: <none>

TIMING-16#800 Warning
Large setup violation  
There is a large setup violation of -7.170 ns between ascii_converter_inst/ascii_char_reg[4]/C (clocked by sys_clk_pin) and poly_mode_inst/coeff_str_reg[2][18]/D (clocked by sys_clk_pin). Large setup violations at the end of those stages might be difficult to fix during the post-placement implementation flow and could be the result of non-optimal XDC constraints or non-optimal design architecture
Related violations: <none>

TIMING-16#801 Warning
Large setup violation  
There is a large setup violation of -7.176 ns between ascii_converter_inst/ascii_char_reg[4]/C (clocked by sys_clk_pin) and poly_mode_inst/coeff_str_reg[2][49]/D (clocked by sys_clk_pin). Large setup violations at the end of those stages might be difficult to fix during the post-placement implementation flow and could be the result of non-optimal XDC constraints or non-optimal design architecture
Related violations: <none>

TIMING-16#802 Warning
Large setup violation  
There is a large setup violation of -7.194 ns between ascii_converter_inst/ascii_char_reg[4]/C (clocked by sys_clk_pin) and poly_mode_inst/coeff_str_reg[2][13]/D (clocked by sys_clk_pin). Large setup violations at the end of those stages might be difficult to fix during the post-placement implementation flow and could be the result of non-optimal XDC constraints or non-optimal design architecture
Related violations: <none>

TIMING-16#803 Warning
Large setup violation  
There is a large setup violation of -7.203 ns between ascii_converter_inst/ascii_char_reg[4]/C (clocked by sys_clk_pin) and poly_mode_inst/coeff_str_reg[2][3]/D (clocked by sys_clk_pin). Large setup violations at the end of those stages might be difficult to fix during the post-placement implementation flow and could be the result of non-optimal XDC constraints or non-optimal design architecture
Related violations: <none>

TIMING-16#804 Warning
Large setup violation  
There is a large setup violation of -7.212 ns between ascii_converter_inst/ascii_char_reg[4]/C (clocked by sys_clk_pin) and poly_mode_inst/coeff_str_reg[0][56]/CE (clocked by sys_clk_pin). Large setup violations at the end of those stages might be difficult to fix during the post-placement implementation flow and could be the result of non-optimal XDC constraints or non-optimal design architecture
Related violations: <none>

TIMING-16#805 Warning
Large setup violation  
There is a large setup violation of -7.212 ns between ascii_converter_inst/ascii_char_reg[4]/C (clocked by sys_clk_pin) and poly_mode_inst/coeff_str_reg[0][61]/CE (clocked by sys_clk_pin). Large setup violations at the end of those stages might be difficult to fix during the post-placement implementation flow and could be the result of non-optimal XDC constraints or non-optimal design architecture
Related violations: <none>

TIMING-16#806 Warning
Large setup violation  
There is a large setup violation of -7.216 ns between ascii_converter_inst/ascii_char_reg[4]/C (clocked by sys_clk_pin) and poly_mode_inst/coeff_str_reg[0][35]/D (clocked by sys_clk_pin). Large setup violations at the end of those stages might be difficult to fix during the post-placement implementation flow and could be the result of non-optimal XDC constraints or non-optimal design architecture
Related violations: <none>

TIMING-16#807 Warning
Large setup violation  
There is a large setup violation of -7.232 ns between ascii_converter_inst/ascii_char_reg[4]/C (clocked by sys_clk_pin) and poly_mode_inst/coeff_str_reg[0][0]/D (clocked by sys_clk_pin). Large setup violations at the end of those stages might be difficult to fix during the post-placement implementation flow and could be the result of non-optimal XDC constraints or non-optimal design architecture
Related violations: <none>

TIMING-16#808 Warning
Large setup violation  
There is a large setup violation of -7.234 ns between ascii_converter_inst/ascii_char_reg[4]/C (clocked by sys_clk_pin) and poly_mode_inst/coeff_str_reg[3][73]/D (clocked by sys_clk_pin). Large setup violations at the end of those stages might be difficult to fix during the post-placement implementation flow and could be the result of non-optimal XDC constraints or non-optimal design architecture
Related violations: <none>

TIMING-16#809 Warning
Large setup violation  
There is a large setup violation of -7.236 ns between ascii_converter_inst/ascii_char_reg[4]/C (clocked by sys_clk_pin) and poly_mode_inst/coeff_str_reg[3][67]/D (clocked by sys_clk_pin). Large setup violations at the end of those stages might be difficult to fix during the post-placement implementation flow and could be the result of non-optimal XDC constraints or non-optimal design architecture
Related violations: <none>

TIMING-16#810 Warning
Large setup violation  
There is a large setup violation of -7.248 ns between ascii_converter_inst/ascii_char_reg[4]/C (clocked by sys_clk_pin) and poly_mode_inst/coeff_str_reg[0][69]/CE (clocked by sys_clk_pin). Large setup violations at the end of those stages might be difficult to fix during the post-placement implementation flow and could be the result of non-optimal XDC constraints or non-optimal design architecture
Related violations: <none>

TIMING-16#811 Warning
Large setup violation  
There is a large setup violation of -7.256 ns between ascii_converter_inst/ascii_char_reg[4]/C (clocked by sys_clk_pin) and poly_mode_inst/coeff_str_reg[2][43]/D (clocked by sys_clk_pin). Large setup violations at the end of those stages might be difficult to fix during the post-placement implementation flow and could be the result of non-optimal XDC constraints or non-optimal design architecture
Related violations: <none>

TIMING-16#812 Warning
Large setup violation  
There is a large setup violation of -7.261 ns between ascii_converter_inst/ascii_char_reg[4]/C (clocked by sys_clk_pin) and poly_mode_inst/coeff_str_reg[2][2]/D (clocked by sys_clk_pin). Large setup violations at the end of those stages might be difficult to fix during the post-placement implementation flow and could be the result of non-optimal XDC constraints or non-optimal design architecture
Related violations: <none>

TIMING-16#813 Warning
Large setup violation  
There is a large setup violation of -7.261 ns between ascii_converter_inst/ascii_char_reg[4]/C (clocked by sys_clk_pin) and poly_mode_inst/coeff_str_reg[2][51]/D (clocked by sys_clk_pin). Large setup violations at the end of those stages might be difficult to fix during the post-placement implementation flow and could be the result of non-optimal XDC constraints or non-optimal design architecture
Related violations: <none>

TIMING-16#814 Warning
Large setup violation  
There is a large setup violation of -7.269 ns between ascii_converter_inst/ascii_char_reg[4]/C (clocked by sys_clk_pin) and poly_mode_inst/coeff_str_reg[2][59]/CE (clocked by sys_clk_pin). Large setup violations at the end of those stages might be difficult to fix during the post-placement implementation flow and could be the result of non-optimal XDC constraints or non-optimal design architecture
Related violations: <none>

TIMING-16#815 Warning
Large setup violation  
There is a large setup violation of -7.276 ns between ascii_converter_inst/ascii_char_reg[4]/C (clocked by sys_clk_pin) and poly_mode_inst/coeff_str_reg[3][9]/D (clocked by sys_clk_pin). Large setup violations at the end of those stages might be difficult to fix during the post-placement implementation flow and could be the result of non-optimal XDC constraints or non-optimal design architecture
Related violations: <none>

TIMING-16#816 Warning
Large setup violation  
There is a large setup violation of -7.278 ns between ascii_converter_inst/ascii_char_reg[4]/C (clocked by sys_clk_pin) and poly_mode_inst/has_dot_reg[0][0]/D (clocked by sys_clk_pin). Large setup violations at the end of those stages might be difficult to fix during the post-placement implementation flow and could be the result of non-optimal XDC constraints or non-optimal design architecture
Related violations: <none>

TIMING-16#817 Warning
Large setup violation  
There is a large setup violation of -7.281 ns between ascii_converter_inst/ascii_char_reg[4]/C (clocked by sys_clk_pin) and poly_mode_inst/coeff_str_reg[1][19]/D (clocked by sys_clk_pin). Large setup violations at the end of those stages might be difficult to fix during the post-placement implementation flow and could be the result of non-optimal XDC constraints or non-optimal design architecture
Related violations: <none>

TIMING-16#818 Warning
Large setup violation  
There is a large setup violation of -7.291 ns between ascii_converter_inst/ascii_char_reg[4]/C (clocked by sys_clk_pin) and poly_mode_inst/coeff_str_reg[2][75]/CE (clocked by sys_clk_pin). Large setup violations at the end of those stages might be difficult to fix during the post-placement implementation flow and could be the result of non-optimal XDC constraints or non-optimal design architecture
Related violations: <none>

TIMING-16#819 Warning
Large setup violation  
There is a large setup violation of -7.294 ns between ascii_converter_inst/ascii_char_reg[4]/C (clocked by sys_clk_pin) and poly_mode_inst/coeff_lengths_reg[3][1]/CE (clocked by sys_clk_pin). Large setup violations at the end of those stages might be difficult to fix during the post-placement implementation flow and could be the result of non-optimal XDC constraints or non-optimal design architecture
Related violations: <none>

TIMING-16#820 Warning
Large setup violation  
There is a large setup violation of -7.296 ns between ascii_converter_inst/ascii_char_reg[4]/C (clocked by sys_clk_pin) and poly_mode_inst/coeff_str_reg[3][58]/D (clocked by sys_clk_pin). Large setup violations at the end of those stages might be difficult to fix during the post-placement implementation flow and could be the result of non-optimal XDC constraints or non-optimal design architecture
Related violations: <none>

TIMING-16#821 Warning
Large setup violation  
There is a large setup violation of -7.302 ns between ascii_converter_inst/ascii_char_reg[4]/C (clocked by sys_clk_pin) and poly_mode_inst/coeff_lengths_reg[3][0]/CE (clocked by sys_clk_pin). Large setup violations at the end of those stages might be difficult to fix during the post-placement implementation flow and could be the result of non-optimal XDC constraints or non-optimal design architecture
Related violations: <none>

TIMING-16#822 Warning
Large setup violation  
There is a large setup violation of -7.302 ns between ascii_converter_inst/ascii_char_reg[4]/C (clocked by sys_clk_pin) and poly_mode_inst/coeff_lengths_reg[3][2]/CE (clocked by sys_clk_pin). Large setup violations at the end of those stages might be difficult to fix during the post-placement implementation flow and could be the result of non-optimal XDC constraints or non-optimal design architecture
Related violations: <none>

TIMING-16#823 Warning
Large setup violation  
There is a large setup violation of -7.302 ns between ascii_converter_inst/ascii_char_reg[4]/C (clocked by sys_clk_pin) and poly_mode_inst/coeff_lengths_reg[3][3]/CE (clocked by sys_clk_pin). Large setup violations at the end of those stages might be difficult to fix during the post-placement implementation flow and could be the result of non-optimal XDC constraints or non-optimal design architecture
Related violations: <none>

TIMING-16#824 Warning
Large setup violation  
There is a large setup violation of -7.305 ns between ascii_converter_inst/ascii_char_reg[4]/C (clocked by sys_clk_pin) and poly_mode_inst/coeff_str_reg[0][57]/CE (clocked by sys_clk_pin). Large setup violations at the end of those stages might be difficult to fix during the post-placement implementation flow and could be the result of non-optimal XDC constraints or non-optimal design architecture
Related violations: <none>

TIMING-16#825 Warning
Large setup violation  
There is a large setup violation of -7.305 ns between ascii_converter_inst/ascii_char_reg[4]/C (clocked by sys_clk_pin) and poly_mode_inst/coeff_str_reg[0][58]/CE (clocked by sys_clk_pin). Large setup violations at the end of those stages might be difficult to fix during the post-placement implementation flow and could be the result of non-optimal XDC constraints or non-optimal design architecture
Related violations: <none>

TIMING-16#826 Warning
Large setup violation  
There is a large setup violation of -7.305 ns between ascii_converter_inst/ascii_char_reg[4]/C (clocked by sys_clk_pin) and poly_mode_inst/coeff_str_reg[0][60]/CE (clocked by sys_clk_pin). Large setup violations at the end of those stages might be difficult to fix during the post-placement implementation flow and could be the result of non-optimal XDC constraints or non-optimal design architecture
Related violations: <none>

TIMING-16#827 Warning
Large setup violation  
There is a large setup violation of -7.306 ns between ascii_converter_inst/ascii_char_reg[4]/C (clocked by sys_clk_pin) and poly_mode_inst/coeff_str_reg[2][26]/D (clocked by sys_clk_pin). Large setup violations at the end of those stages might be difficult to fix during the post-placement implementation flow and could be the result of non-optimal XDC constraints or non-optimal design architecture
Related violations: <none>

TIMING-16#828 Warning
Large setup violation  
There is a large setup violation of -7.312 ns between ascii_converter_inst/ascii_char_reg[4]/C (clocked by sys_clk_pin) and poly_mode_inst/coeff_str_reg[1][2]/D (clocked by sys_clk_pin). Large setup violations at the end of those stages might be difficult to fix during the post-placement implementation flow and could be the result of non-optimal XDC constraints or non-optimal design architecture
Related violations: <none>

TIMING-16#829 Warning
Large setup violation  
There is a large setup violation of -7.313 ns between ascii_converter_inst/ascii_char_reg[4]/C (clocked by sys_clk_pin) and poly_mode_inst/coeff_str_reg[0][26]/D (clocked by sys_clk_pin). Large setup violations at the end of those stages might be difficult to fix during the post-placement implementation flow and could be the result of non-optimal XDC constraints or non-optimal design architecture
Related violations: <none>

TIMING-16#830 Warning
Large setup violation  
There is a large setup violation of -7.316 ns between ascii_converter_inst/ascii_char_reg[4]/C (clocked by sys_clk_pin) and poly_mode_inst/coeff_str_reg[2][5]/D (clocked by sys_clk_pin). Large setup violations at the end of those stages might be difficult to fix during the post-placement implementation flow and could be the result of non-optimal XDC constraints or non-optimal design architecture
Related violations: <none>

TIMING-16#831 Warning
Large setup violation  
There is a large setup violation of -7.319 ns between ascii_converter_inst/ascii_char_reg[4]/C (clocked by sys_clk_pin) and poly_mode_inst/coeff_str_reg[0][58]/D (clocked by sys_clk_pin). Large setup violations at the end of those stages might be difficult to fix during the post-placement implementation flow and could be the result of non-optimal XDC constraints or non-optimal design architecture
Related violations: <none>

TIMING-16#832 Warning
Large setup violation  
There is a large setup violation of -7.320 ns between ascii_converter_inst/ascii_char_reg[4]/C (clocked by sys_clk_pin) and poly_mode_inst/coeff_str_reg[3][25]/D (clocked by sys_clk_pin). Large setup violations at the end of those stages might be difficult to fix during the post-placement implementation flow and could be the result of non-optimal XDC constraints or non-optimal design architecture
Related violations: <none>

TIMING-16#833 Warning
Large setup violation  
There is a large setup violation of -7.322 ns between ascii_converter_inst/ascii_char_reg[4]/C (clocked by sys_clk_pin) and poly_mode_inst/coeff_str_reg[1][64]/CE (clocked by sys_clk_pin). Large setup violations at the end of those stages might be difficult to fix during the post-placement implementation flow and could be the result of non-optimal XDC constraints or non-optimal design architecture
Related violations: <none>

TIMING-16#834 Warning
Large setup violation  
There is a large setup violation of -7.322 ns between ascii_converter_inst/ascii_char_reg[4]/C (clocked by sys_clk_pin) and poly_mode_inst/coeff_str_reg[1][66]/CE (clocked by sys_clk_pin). Large setup violations at the end of those stages might be difficult to fix during the post-placement implementation flow and could be the result of non-optimal XDC constraints or non-optimal design architecture
Related violations: <none>

TIMING-16#835 Warning
Large setup violation  
There is a large setup violation of -7.323 ns between ascii_converter_inst/ascii_char_reg[4]/C (clocked by sys_clk_pin) and poly_mode_inst/coeff_str_reg[2][76]/CE (clocked by sys_clk_pin). Large setup violations at the end of those stages might be difficult to fix during the post-placement implementation flow and could be the result of non-optimal XDC constraints or non-optimal design architecture
Related violations: <none>

TIMING-16#836 Warning
Large setup violation  
There is a large setup violation of -7.324 ns between ascii_converter_inst/ascii_char_reg[4]/C (clocked by sys_clk_pin) and poly_mode_inst/coeff_str_reg[1][57]/D (clocked by sys_clk_pin). Large setup violations at the end of those stages might be difficult to fix during the post-placement implementation flow and could be the result of non-optimal XDC constraints or non-optimal design architecture
Related violations: <none>

TIMING-16#837 Warning
Large setup violation  
There is a large setup violation of -7.335 ns between ascii_converter_inst/ascii_char_reg[4]/C (clocked by sys_clk_pin) and poly_mode_inst/coeff_str_reg[1][48]/D (clocked by sys_clk_pin). Large setup violations at the end of those stages might be difficult to fix during the post-placement implementation flow and could be the result of non-optimal XDC constraints or non-optimal design architecture
Related violations: <none>

TIMING-16#838 Warning
Large setup violation  
There is a large setup violation of -7.341 ns between ascii_converter_inst/ascii_char_reg[4]/C (clocked by sys_clk_pin) and poly_mode_inst/coeff_lengths_reg[0][0]/CE (clocked by sys_clk_pin). Large setup violations at the end of those stages might be difficult to fix during the post-placement implementation flow and could be the result of non-optimal XDC constraints or non-optimal design architecture
Related violations: <none>

TIMING-16#839 Warning
Large setup violation  
There is a large setup violation of -7.341 ns between ascii_converter_inst/ascii_char_reg[4]/C (clocked by sys_clk_pin) and poly_mode_inst/coeff_lengths_reg[0][1]/CE (clocked by sys_clk_pin). Large setup violations at the end of those stages might be difficult to fix during the post-placement implementation flow and could be the result of non-optimal XDC constraints or non-optimal design architecture
Related violations: <none>

TIMING-16#840 Warning
Large setup violation  
There is a large setup violation of -7.341 ns between ascii_converter_inst/ascii_char_reg[4]/C (clocked by sys_clk_pin) and poly_mode_inst/coeff_lengths_reg[0][3]/CE (clocked by sys_clk_pin). Large setup violations at the end of those stages might be difficult to fix during the post-placement implementation flow and could be the result of non-optimal XDC constraints or non-optimal design architecture
Related violations: <none>

TIMING-16#841 Warning
Large setup violation  
There is a large setup violation of -7.341 ns between ascii_converter_inst/ascii_char_reg[4]/C (clocked by sys_clk_pin) and poly_mode_inst/coeff_str_reg[3][49]/CE (clocked by sys_clk_pin). Large setup violations at the end of those stages might be difficult to fix during the post-placement implementation flow and could be the result of non-optimal XDC constraints or non-optimal design architecture
Related violations: <none>

TIMING-16#842 Warning
Large setup violation  
There is a large setup violation of -7.341 ns between ascii_converter_inst/ascii_char_reg[4]/C (clocked by sys_clk_pin) and poly_mode_inst/coeff_str_reg[3][51]/CE (clocked by sys_clk_pin). Large setup violations at the end of those stages might be difficult to fix during the post-placement implementation flow and could be the result of non-optimal XDC constraints or non-optimal design architecture
Related violations: <none>

TIMING-16#843 Warning
Large setup violation  
There is a large setup violation of -7.341 ns between ascii_converter_inst/ascii_char_reg[4]/C (clocked by sys_clk_pin) and poly_mode_inst/coeff_str_reg[3][52]/CE (clocked by sys_clk_pin). Large setup violations at the end of those stages might be difficult to fix during the post-placement implementation flow and could be the result of non-optimal XDC constraints or non-optimal design architecture
Related violations: <none>

TIMING-16#844 Warning
Large setup violation  
There is a large setup violation of -7.341 ns between ascii_converter_inst/ascii_char_reg[4]/C (clocked by sys_clk_pin) and poly_mode_inst/coeff_str_reg[3][53]/CE (clocked by sys_clk_pin). Large setup violations at the end of those stages might be difficult to fix during the post-placement implementation flow and could be the result of non-optimal XDC constraints or non-optimal design architecture
Related violations: <none>

TIMING-16#845 Warning
Large setup violation  
There is a large setup violation of -7.355 ns between ascii_converter_inst/ascii_char_reg[4]/C (clocked by sys_clk_pin) and poly_mode_inst/coeff_str_reg[3][57]/D (clocked by sys_clk_pin). Large setup violations at the end of those stages might be difficult to fix during the post-placement implementation flow and could be the result of non-optimal XDC constraints or non-optimal design architecture
Related violations: <none>

TIMING-16#846 Warning
Large setup violation  
There is a large setup violation of -7.360 ns between ascii_converter_inst/ascii_char_reg[4]/C (clocked by sys_clk_pin) and poly_mode_inst/coeff_str_reg[1][35]/D (clocked by sys_clk_pin). Large setup violations at the end of those stages might be difficult to fix during the post-placement implementation flow and could be the result of non-optimal XDC constraints or non-optimal design architecture
Related violations: <none>

TIMING-16#847 Warning
Large setup violation  
There is a large setup violation of -7.361 ns between ascii_converter_inst/ascii_char_reg[4]/C (clocked by sys_clk_pin) and poly_mode_inst/coeff_str_reg[0][10]/CE (clocked by sys_clk_pin). Large setup violations at the end of those stages might be difficult to fix during the post-placement implementation flow and could be the result of non-optimal XDC constraints or non-optimal design architecture
Related violations: <none>

TIMING-16#848 Warning
Large setup violation  
There is a large setup violation of -7.361 ns between ascii_converter_inst/ascii_char_reg[4]/C (clocked by sys_clk_pin) and poly_mode_inst/coeff_str_reg[0][11]/CE (clocked by sys_clk_pin). Large setup violations at the end of those stages might be difficult to fix during the post-placement implementation flow and could be the result of non-optimal XDC constraints or non-optimal design architecture
Related violations: <none>

TIMING-16#849 Warning
Large setup violation  
There is a large setup violation of -7.361 ns between ascii_converter_inst/ascii_char_reg[4]/C (clocked by sys_clk_pin) and poly_mode_inst/coeff_str_reg[0][8]/CE (clocked by sys_clk_pin). Large setup violations at the end of those stages might be difficult to fix during the post-placement implementation flow and could be the result of non-optimal XDC constraints or non-optimal design architecture
Related violations: <none>

TIMING-16#850 Warning
Large setup violation  
There is a large setup violation of -7.361 ns between ascii_converter_inst/ascii_char_reg[4]/C (clocked by sys_clk_pin) and poly_mode_inst/coeff_str_reg[0][9]/CE (clocked by sys_clk_pin). Large setup violations at the end of those stages might be difficult to fix during the post-placement implementation flow and could be the result of non-optimal XDC constraints or non-optimal design architecture
Related violations: <none>

TIMING-16#851 Warning
Large setup violation  
There is a large setup violation of -7.379 ns between ascii_converter_inst/ascii_char_reg[4]/C (clocked by sys_clk_pin) and poly_mode_inst/coeff_str_reg[1][75]/CE (clocked by sys_clk_pin). Large setup violations at the end of those stages might be difficult to fix during the post-placement implementation flow and could be the result of non-optimal XDC constraints or non-optimal design architecture
Related violations: <none>

TIMING-16#852 Warning
Large setup violation  
There is a large setup violation of -7.379 ns between ascii_converter_inst/ascii_char_reg[4]/C (clocked by sys_clk_pin) and poly_mode_inst/coeff_str_reg[1][76]/CE (clocked by sys_clk_pin). Large setup violations at the end of those stages might be difficult to fix during the post-placement implementation flow and could be the result of non-optimal XDC constraints or non-optimal design architecture
Related violations: <none>

TIMING-16#853 Warning
Large setup violation  
There is a large setup violation of -7.379 ns between ascii_converter_inst/ascii_char_reg[4]/C (clocked by sys_clk_pin) and poly_mode_inst/coeff_str_reg[1][77]/CE (clocked by sys_clk_pin). Large setup violations at the end of those stages might be difficult to fix during the post-placement implementation flow and could be the result of non-optimal XDC constraints or non-optimal design architecture
Related violations: <none>

TIMING-16#854 Warning
Large setup violation  
There is a large setup violation of -7.379 ns between ascii_converter_inst/ascii_char_reg[4]/C (clocked by sys_clk_pin) and poly_mode_inst/coeff_str_reg[2][25]/D (clocked by sys_clk_pin). Large setup violations at the end of those stages might be difficult to fix during the post-placement implementation flow and could be the result of non-optimal XDC constraints or non-optimal design architecture
Related violations: <none>

TIMING-16#855 Warning
Large setup violation  
There is a large setup violation of -7.387 ns between ascii_converter_inst/ascii_char_reg[4]/C (clocked by sys_clk_pin) and poly_mode_inst/coeff_str_reg[2][57]/D (clocked by sys_clk_pin). Large setup violations at the end of those stages might be difficult to fix during the post-placement implementation flow and could be the result of non-optimal XDC constraints or non-optimal design architecture
Related violations: <none>

TIMING-16#856 Warning
Large setup violation  
There is a large setup violation of -7.391 ns between ascii_converter_inst/ascii_char_reg[4]/C (clocked by sys_clk_pin) and poly_mode_inst/coeff_str_reg[3][19]/D (clocked by sys_clk_pin). Large setup violations at the end of those stages might be difficult to fix during the post-placement implementation flow and could be the result of non-optimal XDC constraints or non-optimal design architecture
Related violations: <none>

TIMING-16#857 Warning
Large setup violation  
There is a large setup violation of -7.395 ns between ascii_converter_inst/ascii_char_reg[4]/C (clocked by sys_clk_pin) and poly_mode_inst/coeff_str_reg[1][3]/D (clocked by sys_clk_pin). Large setup violations at the end of those stages might be difficult to fix during the post-placement implementation flow and could be the result of non-optimal XDC constraints or non-optimal design architecture
Related violations: <none>

TIMING-16#858 Warning
Large setup violation  
There is a large setup violation of -7.406 ns between ascii_converter_inst/ascii_char_reg[4]/C (clocked by sys_clk_pin) and poly_mode_inst/coeff_str_reg[0][27]/D (clocked by sys_clk_pin). Large setup violations at the end of those stages might be difficult to fix during the post-placement implementation flow and could be the result of non-optimal XDC constraints or non-optimal design architecture
Related violations: <none>

TIMING-16#859 Warning
Large setup violation  
There is a large setup violation of -7.414 ns between ascii_converter_inst/ascii_char_reg[4]/C (clocked by sys_clk_pin) and poly_mode_inst/coeff_str_reg[3][26]/D (clocked by sys_clk_pin). Large setup violations at the end of those stages might be difficult to fix during the post-placement implementation flow and could be the result of non-optimal XDC constraints or non-optimal design architecture
Related violations: <none>

TIMING-16#860 Warning
Large setup violation  
There is a large setup violation of -7.414 ns between ascii_converter_inst/ascii_char_reg[4]/C (clocked by sys_clk_pin) and poly_mode_inst/coeff_str_reg[3][64]/CE (clocked by sys_clk_pin). Large setup violations at the end of those stages might be difficult to fix during the post-placement implementation flow and could be the result of non-optimal XDC constraints or non-optimal design architecture
Related violations: <none>

TIMING-16#861 Warning
Large setup violation  
There is a large setup violation of -7.414 ns between ascii_converter_inst/ascii_char_reg[4]/C (clocked by sys_clk_pin) and poly_mode_inst/coeff_str_reg[3][65]/CE (clocked by sys_clk_pin). Large setup violations at the end of those stages might be difficult to fix during the post-placement implementation flow and could be the result of non-optimal XDC constraints or non-optimal design architecture
Related violations: <none>

TIMING-16#862 Warning
Large setup violation  
There is a large setup violation of -7.414 ns between ascii_converter_inst/ascii_char_reg[4]/C (clocked by sys_clk_pin) and poly_mode_inst/coeff_str_reg[3][66]/CE (clocked by sys_clk_pin). Large setup violations at the end of those stages might be difficult to fix during the post-placement implementation flow and could be the result of non-optimal XDC constraints or non-optimal design architecture
Related violations: <none>

TIMING-16#863 Warning
Large setup violation  
There is a large setup violation of -7.414 ns between ascii_converter_inst/ascii_char_reg[4]/C (clocked by sys_clk_pin) and poly_mode_inst/coeff_str_reg[3][67]/CE (clocked by sys_clk_pin). Large setup violations at the end of those stages might be difficult to fix during the post-placement implementation flow and could be the result of non-optimal XDC constraints or non-optimal design architecture
Related violations: <none>

TIMING-16#864 Warning
Large setup violation  
There is a large setup violation of -7.414 ns between ascii_converter_inst/ascii_char_reg[4]/C (clocked by sys_clk_pin) and poly_mode_inst/coeff_str_reg[3][68]/CE (clocked by sys_clk_pin). Large setup violations at the end of those stages might be difficult to fix during the post-placement implementation flow and could be the result of non-optimal XDC constraints or non-optimal design architecture
Related violations: <none>

TIMING-16#865 Warning
Large setup violation  
There is a large setup violation of -7.417 ns between ascii_converter_inst/ascii_char_reg[4]/C (clocked by sys_clk_pin) and poly_mode_inst/coeff_str_reg[1][67]/D (clocked by sys_clk_pin). Large setup violations at the end of those stages might be difficult to fix during the post-placement implementation flow and could be the result of non-optimal XDC constraints or non-optimal design architecture
Related violations: <none>

TIMING-16#866 Warning
Large setup violation  
There is a large setup violation of -7.422 ns between ascii_converter_inst/ascii_char_reg[4]/C (clocked by sys_clk_pin) and poly_mode_inst/coeff_str_reg[2][0]/CE (clocked by sys_clk_pin). Large setup violations at the end of those stages might be difficult to fix during the post-placement implementation flow and could be the result of non-optimal XDC constraints or non-optimal design architecture
Related violations: <none>

TIMING-16#867 Warning
Large setup violation  
There is a large setup violation of -7.422 ns between ascii_converter_inst/ascii_char_reg[4]/C (clocked by sys_clk_pin) and poly_mode_inst/coeff_str_reg[2][1]/CE (clocked by sys_clk_pin). Large setup violations at the end of those stages might be difficult to fix during the post-placement implementation flow and could be the result of non-optimal XDC constraints or non-optimal design architecture
Related violations: <none>

TIMING-16#868 Warning
Large setup violation  
There is a large setup violation of -7.422 ns between ascii_converter_inst/ascii_char_reg[4]/C (clocked by sys_clk_pin) and poly_mode_inst/coeff_str_reg[2][2]/CE (clocked by sys_clk_pin). Large setup violations at the end of those stages might be difficult to fix during the post-placement implementation flow and could be the result of non-optimal XDC constraints or non-optimal design architecture
Related violations: <none>

TIMING-16#869 Warning
Large setup violation  
There is a large setup violation of -7.422 ns between ascii_converter_inst/ascii_char_reg[4]/C (clocked by sys_clk_pin) and poly_mode_inst/coeff_str_reg[2][3]/CE (clocked by sys_clk_pin). Large setup violations at the end of those stages might be difficult to fix during the post-placement implementation flow and could be the result of non-optimal XDC constraints or non-optimal design architecture
Related violations: <none>

TIMING-16#870 Warning
Large setup violation  
There is a large setup violation of -7.422 ns between ascii_converter_inst/ascii_char_reg[4]/C (clocked by sys_clk_pin) and poly_mode_inst/coeff_str_reg[2][4]/CE (clocked by sys_clk_pin). Large setup violations at the end of those stages might be difficult to fix during the post-placement implementation flow and could be the result of non-optimal XDC constraints or non-optimal design architecture
Related violations: <none>

TIMING-16#871 Warning
Large setup violation  
There is a large setup violation of -7.422 ns between ascii_converter_inst/ascii_char_reg[4]/C (clocked by sys_clk_pin) and poly_mode_inst/coeff_str_reg[2][5]/CE (clocked by sys_clk_pin). Large setup violations at the end of those stages might be difficult to fix during the post-placement implementation flow and could be the result of non-optimal XDC constraints or non-optimal design architecture
Related violations: <none>

TIMING-16#872 Warning
Large setup violation  
There is a large setup violation of -7.478 ns between ascii_converter_inst/ascii_char_reg[4]/C (clocked by sys_clk_pin) and poly_mode_inst/coeff_str_reg[3][51]/D (clocked by sys_clk_pin). Large setup violations at the end of those stages might be difficult to fix during the post-placement implementation flow and could be the result of non-optimal XDC constraints or non-optimal design architecture
Related violations: <none>

TIMING-16#873 Warning
Large setup violation  
There is a large setup violation of -7.480 ns between ascii_converter_inst/ascii_char_reg[4]/C (clocked by sys_clk_pin) and poly_mode_inst/coeff_str_reg[3][10]/CE (clocked by sys_clk_pin). Large setup violations at the end of those stages might be difficult to fix during the post-placement implementation flow and could be the result of non-optimal XDC constraints or non-optimal design architecture
Related violations: <none>

TIMING-16#874 Warning
Large setup violation  
There is a large setup violation of -7.480 ns between ascii_converter_inst/ascii_char_reg[4]/C (clocked by sys_clk_pin) and poly_mode_inst/coeff_str_reg[3][11]/CE (clocked by sys_clk_pin). Large setup violations at the end of those stages might be difficult to fix during the post-placement implementation flow and could be the result of non-optimal XDC constraints or non-optimal design architecture
Related violations: <none>

TIMING-16#875 Warning
Large setup violation  
There is a large setup violation of -7.480 ns between ascii_converter_inst/ascii_char_reg[4]/C (clocked by sys_clk_pin) and poly_mode_inst/coeff_str_reg[3][12]/CE (clocked by sys_clk_pin). Large setup violations at the end of those stages might be difficult to fix during the post-placement implementation flow and could be the result of non-optimal XDC constraints or non-optimal design architecture
Related violations: <none>

TIMING-16#876 Warning
Large setup violation  
There is a large setup violation of -7.480 ns between ascii_converter_inst/ascii_char_reg[4]/C (clocked by sys_clk_pin) and poly_mode_inst/coeff_str_reg[3][13]/CE (clocked by sys_clk_pin). Large setup violations at the end of those stages might be difficult to fix during the post-placement implementation flow and could be the result of non-optimal XDC constraints or non-optimal design architecture
Related violations: <none>

TIMING-16#877 Warning
Large setup violation  
There is a large setup violation of -7.480 ns between ascii_converter_inst/ascii_char_reg[4]/C (clocked by sys_clk_pin) and poly_mode_inst/coeff_str_reg[3][8]/CE (clocked by sys_clk_pin). Large setup violations at the end of those stages might be difficult to fix during the post-placement implementation flow and could be the result of non-optimal XDC constraints or non-optimal design architecture
Related violations: <none>

TIMING-16#878 Warning
Large setup violation  
There is a large setup violation of -7.480 ns between ascii_converter_inst/ascii_char_reg[4]/C (clocked by sys_clk_pin) and poly_mode_inst/coeff_str_reg[3][9]/CE (clocked by sys_clk_pin). Large setup violations at the end of those stages might be difficult to fix during the post-placement implementation flow and could be the result of non-optimal XDC constraints or non-optimal design architecture
Related violations: <none>

TIMING-16#879 Warning
Large setup violation  
There is a large setup violation of -7.488 ns between ascii_converter_inst/ascii_char_reg[4]/C (clocked by sys_clk_pin) and poly_mode_inst/coeff_str_reg[2][77]/CE (clocked by sys_clk_pin). Large setup violations at the end of those stages might be difficult to fix during the post-placement implementation flow and could be the result of non-optimal XDC constraints or non-optimal design architecture
Related violations: <none>

TIMING-16#880 Warning
Large setup violation  
There is a large setup violation of -7.492 ns between ascii_converter_inst/ascii_char_reg[4]/C (clocked by sys_clk_pin) and poly_mode_inst/coeff_str_reg[3][35]/D (clocked by sys_clk_pin). Large setup violations at the end of those stages might be difficult to fix during the post-placement implementation flow and could be the result of non-optimal XDC constraints or non-optimal design architecture
Related violations: <none>

TIMING-16#881 Warning
Large setup violation  
There is a large setup violation of -7.495 ns between ascii_converter_inst/ascii_char_reg[4]/C (clocked by sys_clk_pin) and poly_mode_inst/coeff_str_reg[0][12]/CE (clocked by sys_clk_pin). Large setup violations at the end of those stages might be difficult to fix during the post-placement implementation flow and could be the result of non-optimal XDC constraints or non-optimal design architecture
Related violations: <none>

TIMING-16#882 Warning
Large setup violation  
There is a large setup violation of -7.501 ns between ascii_converter_inst/ascii_char_reg[4]/C (clocked by sys_clk_pin) and poly_mode_inst/coeff_str_reg[0][13]/CE (clocked by sys_clk_pin). Large setup violations at the end of those stages might be difficult to fix during the post-placement implementation flow and could be the result of non-optimal XDC constraints or non-optimal design architecture
Related violations: <none>

TIMING-16#883 Warning
Large setup violation  
There is a large setup violation of -7.504 ns between ascii_converter_inst/ascii_char_reg[4]/C (clocked by sys_clk_pin) and poly_mode_inst/coeff_str_reg[0][74]/CE (clocked by sys_clk_pin). Large setup violations at the end of those stages might be difficult to fix during the post-placement implementation flow and could be the result of non-optimal XDC constraints or non-optimal design architecture
Related violations: <none>

TIMING-16#884 Warning
Large setup violation  
There is a large setup violation of -7.510 ns between ascii_converter_inst/ascii_char_reg[4]/C (clocked by sys_clk_pin) and poly_mode_inst/coeff_str_reg[1][27]/D (clocked by sys_clk_pin). Large setup violations at the end of those stages might be difficult to fix during the post-placement implementation flow and could be the result of non-optimal XDC constraints or non-optimal design architecture
Related violations: <none>

TIMING-16#885 Warning
Large setup violation  
There is a large setup violation of -7.517 ns between ascii_converter_inst/ascii_char_reg[4]/C (clocked by sys_clk_pin) and poly_mode_inst/coeff_str_reg[2][67]/D (clocked by sys_clk_pin). Large setup violations at the end of those stages might be difficult to fix during the post-placement implementation flow and could be the result of non-optimal XDC constraints or non-optimal design architecture
Related violations: <none>

TIMING-16#886 Warning
Large setup violation  
There is a large setup violation of -7.534 ns between ascii_converter_inst/ascii_char_reg[4]/C (clocked by sys_clk_pin) and poly_mode_inst/coeff_str_reg[1][3]/CE (clocked by sys_clk_pin). Large setup violations at the end of those stages might be difficult to fix during the post-placement implementation flow and could be the result of non-optimal XDC constraints or non-optimal design architecture
Related violations: <none>

TIMING-16#887 Warning
Large setup violation  
There is a large setup violation of -7.534 ns between ascii_converter_inst/ascii_char_reg[4]/C (clocked by sys_clk_pin) and poly_mode_inst/coeff_str_reg[1][4]/CE (clocked by sys_clk_pin). Large setup violations at the end of those stages might be difficult to fix during the post-placement implementation flow and could be the result of non-optimal XDC constraints or non-optimal design architecture
Related violations: <none>

TIMING-16#888 Warning
Large setup violation  
There is a large setup violation of -7.534 ns between ascii_converter_inst/ascii_char_reg[4]/C (clocked by sys_clk_pin) and poly_mode_inst/coeff_str_reg[1][5]/CE (clocked by sys_clk_pin). Large setup violations at the end of those stages might be difficult to fix during the post-placement implementation flow and could be the result of non-optimal XDC constraints or non-optimal design architecture
Related violations: <none>

TIMING-16#889 Warning
Large setup violation  
There is a large setup violation of -7.546 ns between ascii_converter_inst/ascii_char_reg[4]/C (clocked by sys_clk_pin) and poly_mode_inst/coeff_str_reg[1][24]/CE (clocked by sys_clk_pin). Large setup violations at the end of those stages might be difficult to fix during the post-placement implementation flow and could be the result of non-optimal XDC constraints or non-optimal design architecture
Related violations: <none>

TIMING-16#890 Warning
Large setup violation  
There is a large setup violation of -7.546 ns between ascii_converter_inst/ascii_char_reg[4]/C (clocked by sys_clk_pin) and poly_mode_inst/coeff_str_reg[1][27]/CE (clocked by sys_clk_pin). Large setup violations at the end of those stages might be difficult to fix during the post-placement implementation flow and could be the result of non-optimal XDC constraints or non-optimal design architecture
Related violations: <none>

TIMING-16#891 Warning
Large setup violation  
There is a large setup violation of -7.555 ns between ascii_converter_inst/ascii_char_reg[4]/C (clocked by sys_clk_pin) and poly_mode_inst/coeff_str_reg[0][25]/D (clocked by sys_clk_pin). Large setup violations at the end of those stages might be difficult to fix during the post-placement implementation flow and could be the result of non-optimal XDC constraints or non-optimal design architecture
Related violations: <none>

TIMING-16#892 Warning
Large setup violation  
There is a large setup violation of -7.555 ns between ascii_converter_inst/ascii_char_reg[4]/C (clocked by sys_clk_pin) and poly_mode_inst/coeff_str_reg[1][25]/D (clocked by sys_clk_pin). Large setup violations at the end of those stages might be difficult to fix during the post-placement implementation flow and could be the result of non-optimal XDC constraints or non-optimal design architecture
Related violations: <none>

TIMING-16#893 Warning
Large setup violation  
There is a large setup violation of -7.562 ns between ascii_converter_inst/ascii_char_reg[4]/C (clocked by sys_clk_pin) and poly_mode_inst/coeff_str_reg[0][59]/CE (clocked by sys_clk_pin). Large setup violations at the end of those stages might be difficult to fix during the post-placement implementation flow and could be the result of non-optimal XDC constraints or non-optimal design architecture
Related violations: <none>

TIMING-16#894 Warning
Large setup violation  
There is a large setup violation of -7.574 ns between ascii_converter_inst/ascii_char_reg[4]/C (clocked by sys_clk_pin) and poly_mode_inst/coeff_str_reg[0][19]/D (clocked by sys_clk_pin). Large setup violations at the end of those stages might be difficult to fix during the post-placement implementation flow and could be the result of non-optimal XDC constraints or non-optimal design architecture
Related violations: <none>

TIMING-16#895 Warning
Large setup violation  
There is a large setup violation of -7.576 ns between ascii_converter_inst/ascii_char_reg[4]/C (clocked by sys_clk_pin) and poly_mode_inst/coeff_str_reg[1][0]/CE (clocked by sys_clk_pin). Large setup violations at the end of those stages might be difficult to fix during the post-placement implementation flow and could be the result of non-optimal XDC constraints or non-optimal design architecture
Related violations: <none>

TIMING-16#896 Warning
Large setup violation  
There is a large setup violation of -7.576 ns between ascii_converter_inst/ascii_char_reg[4]/C (clocked by sys_clk_pin) and poly_mode_inst/coeff_str_reg[1][1]/CE (clocked by sys_clk_pin). Large setup violations at the end of those stages might be difficult to fix during the post-placement implementation flow and could be the result of non-optimal XDC constraints or non-optimal design architecture
Related violations: <none>

TIMING-16#897 Warning
Large setup violation  
There is a large setup violation of -7.576 ns between ascii_converter_inst/ascii_char_reg[4]/C (clocked by sys_clk_pin) and poly_mode_inst/coeff_str_reg[1][2]/CE (clocked by sys_clk_pin). Large setup violations at the end of those stages might be difficult to fix during the post-placement implementation flow and could be the result of non-optimal XDC constraints or non-optimal design architecture
Related violations: <none>

TIMING-16#898 Warning
Large setup violation  
There is a large setup violation of -7.592 ns between ascii_converter_inst/ascii_char_reg[4]/C (clocked by sys_clk_pin) and poly_mode_inst/coeff_str_reg[0][67]/D (clocked by sys_clk_pin). Large setup violations at the end of those stages might be difficult to fix during the post-placement implementation flow and could be the result of non-optimal XDC constraints or non-optimal design architecture
Related violations: <none>

TIMING-16#899 Warning
Large setup violation  
There is a large setup violation of -7.609 ns between ascii_converter_inst/ascii_char_reg[4]/C (clocked by sys_clk_pin) and poly_mode_inst/coeff_str_reg[1][59]/D (clocked by sys_clk_pin). Large setup violations at the end of those stages might be difficult to fix during the post-placement implementation flow and could be the result of non-optimal XDC constraints or non-optimal design architecture
Related violations: <none>

TIMING-16#900 Warning
Large setup violation  
There is a large setup violation of -7.642 ns between ascii_converter_inst/ascii_char_reg[4]/C (clocked by sys_clk_pin) and poly_mode_inst/coeff_str_reg[0][43]/D (clocked by sys_clk_pin). Large setup violations at the end of those stages might be difficult to fix during the post-placement implementation flow and could be the result of non-optimal XDC constraints or non-optimal design architecture
Related violations: <none>

TIMING-16#901 Warning
Large setup violation  
There is a large setup violation of -7.655 ns between ascii_converter_inst/ascii_char_reg[4]/C (clocked by sys_clk_pin) and poly_mode_inst/coeff_str_reg[3][16]/CE (clocked by sys_clk_pin). Large setup violations at the end of those stages might be difficult to fix during the post-placement implementation flow and could be the result of non-optimal XDC constraints or non-optimal design architecture
Related violations: <none>

TIMING-16#902 Warning
Large setup violation  
There is a large setup violation of -7.655 ns between ascii_converter_inst/ascii_char_reg[4]/C (clocked by sys_clk_pin) and poly_mode_inst/coeff_str_reg[3][17]/CE (clocked by sys_clk_pin). Large setup violations at the end of those stages might be difficult to fix during the post-placement implementation flow and could be the result of non-optimal XDC constraints or non-optimal design architecture
Related violations: <none>

TIMING-16#903 Warning
Large setup violation  
There is a large setup violation of -7.655 ns between ascii_converter_inst/ascii_char_reg[4]/C (clocked by sys_clk_pin) and poly_mode_inst/coeff_str_reg[3][18]/CE (clocked by sys_clk_pin). Large setup violations at the end of those stages might be difficult to fix during the post-placement implementation flow and could be the result of non-optimal XDC constraints or non-optimal design architecture
Related violations: <none>

TIMING-16#904 Warning
Large setup violation  
There is a large setup violation of -7.655 ns between ascii_converter_inst/ascii_char_reg[4]/C (clocked by sys_clk_pin) and poly_mode_inst/coeff_str_reg[3][20]/CE (clocked by sys_clk_pin). Large setup violations at the end of those stages might be difficult to fix during the post-placement implementation flow and could be the result of non-optimal XDC constraints or non-optimal design architecture
Related violations: <none>

TIMING-16#905 Warning
Large setup violation  
There is a large setup violation of -7.655 ns between ascii_converter_inst/ascii_char_reg[4]/C (clocked by sys_clk_pin) and poly_mode_inst/coeff_str_reg[3][21]/CE (clocked by sys_clk_pin). Large setup violations at the end of those stages might be difficult to fix during the post-placement implementation flow and could be the result of non-optimal XDC constraints or non-optimal design architecture
Related violations: <none>

TIMING-16#906 Warning
Large setup violation  
There is a large setup violation of -7.657 ns between ascii_converter_inst/ascii_char_reg[4]/C (clocked by sys_clk_pin) and poly_mode_inst/integer_digits_reg[0][0]/CE (clocked by sys_clk_pin). Large setup violations at the end of those stages might be difficult to fix during the post-placement implementation flow and could be the result of non-optimal XDC constraints or non-optimal design architecture
Related violations: <none>

TIMING-16#907 Warning
Large setup violation  
There is a large setup violation of -7.657 ns between ascii_converter_inst/ascii_char_reg[4]/C (clocked by sys_clk_pin) and poly_mode_inst/integer_digits_reg[0][1]/CE (clocked by sys_clk_pin). Large setup violations at the end of those stages might be difficult to fix during the post-placement implementation flow and could be the result of non-optimal XDC constraints or non-optimal design architecture
Related violations: <none>

TIMING-16#908 Warning
Large setup violation  
There is a large setup violation of -7.657 ns between ascii_converter_inst/ascii_char_reg[4]/C (clocked by sys_clk_pin) and poly_mode_inst/integer_digits_reg[0][2]/CE (clocked by sys_clk_pin). Large setup violations at the end of those stages might be difficult to fix during the post-placement implementation flow and could be the result of non-optimal XDC constraints or non-optimal design architecture
Related violations: <none>

TIMING-16#909 Warning
Large setup violation  
There is a large setup violation of -7.657 ns between ascii_converter_inst/ascii_char_reg[4]/C (clocked by sys_clk_pin) and poly_mode_inst/integer_digits_reg[0][3]/CE (clocked by sys_clk_pin). Large setup violations at the end of those stages might be difficult to fix during the post-placement implementation flow and could be the result of non-optimal XDC constraints or non-optimal design architecture
Related violations: <none>

TIMING-16#910 Warning
Large setup violation  
There is a large setup violation of -7.688 ns between ascii_converter_inst/ascii_char_reg[4]/C (clocked by sys_clk_pin) and poly_mode_inst/coeff_str_reg[3][3]/D (clocked by sys_clk_pin). Large setup violations at the end of those stages might be difficult to fix during the post-placement implementation flow and could be the result of non-optimal XDC constraints or non-optimal design architecture
Related violations: <none>

TIMING-16#911 Warning
Large setup violation  
There is a large setup violation of -7.691 ns between ascii_converter_inst/ascii_char_reg[4]/C (clocked by sys_clk_pin) and poly_mode_inst/coeff_str_reg[2][56]/CE (clocked by sys_clk_pin). Large setup violations at the end of those stages might be difficult to fix during the post-placement implementation flow and could be the result of non-optimal XDC constraints or non-optimal design architecture
Related violations: <none>

TIMING-16#912 Warning
Large setup violation  
There is a large setup violation of -7.691 ns between ascii_converter_inst/ascii_char_reg[4]/C (clocked by sys_clk_pin) and poly_mode_inst/coeff_str_reg[2][57]/CE (clocked by sys_clk_pin). Large setup violations at the end of those stages might be difficult to fix during the post-placement implementation flow and could be the result of non-optimal XDC constraints or non-optimal design architecture
Related violations: <none>

TIMING-16#913 Warning
Large setup violation  
There is a large setup violation of -7.691 ns between ascii_converter_inst/ascii_char_reg[4]/C (clocked by sys_clk_pin) and poly_mode_inst/coeff_str_reg[2][58]/CE (clocked by sys_clk_pin). Large setup violations at the end of those stages might be difficult to fix during the post-placement implementation flow and could be the result of non-optimal XDC constraints or non-optimal design architecture
Related violations: <none>

TIMING-16#914 Warning
Large setup violation  
There is a large setup violation of -7.691 ns between ascii_converter_inst/ascii_char_reg[4]/C (clocked by sys_clk_pin) and poly_mode_inst/coeff_str_reg[2][60]/CE (clocked by sys_clk_pin). Large setup violations at the end of those stages might be difficult to fix during the post-placement implementation flow and could be the result of non-optimal XDC constraints or non-optimal design architecture
Related violations: <none>

TIMING-16#915 Warning
Large setup violation  
There is a large setup violation of -7.691 ns between ascii_converter_inst/ascii_char_reg[4]/C (clocked by sys_clk_pin) and poly_mode_inst/coeff_str_reg[2][61]/CE (clocked by sys_clk_pin). Large setup violations at the end of those stages might be difficult to fix during the post-placement implementation flow and could be the result of non-optimal XDC constraints or non-optimal design architecture
Related violations: <none>

TIMING-16#916 Warning
Large setup violation  
There is a large setup violation of -7.717 ns between ascii_converter_inst/ascii_char_reg[4]/C (clocked by sys_clk_pin) and poly_mode_inst/coeff_str_reg[2][35]/D (clocked by sys_clk_pin). Large setup violations at the end of those stages might be difficult to fix during the post-placement implementation flow and could be the result of non-optimal XDC constraints or non-optimal design architecture
Related violations: <none>

TIMING-16#917 Warning
Large setup violation  
There is a large setup violation of -7.720 ns between ascii_converter_inst/ascii_char_reg[4]/C (clocked by sys_clk_pin) and poly_mode_inst/coeff_str_reg[2][16]/CE (clocked by sys_clk_pin). Large setup violations at the end of those stages might be difficult to fix during the post-placement implementation flow and could be the result of non-optimal XDC constraints or non-optimal design architecture
Related violations: <none>

TIMING-16#918 Warning
Large setup violation  
There is a large setup violation of -7.720 ns between ascii_converter_inst/ascii_char_reg[4]/C (clocked by sys_clk_pin) and poly_mode_inst/coeff_str_reg[2][17]/CE (clocked by sys_clk_pin). Large setup violations at the end of those stages might be difficult to fix during the post-placement implementation flow and could be the result of non-optimal XDC constraints or non-optimal design architecture
Related violations: <none>

TIMING-16#919 Warning
Large setup violation  
There is a large setup violation of -7.720 ns between ascii_converter_inst/ascii_char_reg[4]/C (clocked by sys_clk_pin) and poly_mode_inst/coeff_str_reg[2][18]/CE (clocked by sys_clk_pin). Large setup violations at the end of those stages might be difficult to fix during the post-placement implementation flow and could be the result of non-optimal XDC constraints or non-optimal design architecture
Related violations: <none>

TIMING-16#920 Warning
Large setup violation  
There is a large setup violation of -7.720 ns between ascii_converter_inst/ascii_char_reg[4]/C (clocked by sys_clk_pin) and poly_mode_inst/coeff_str_reg[2][19]/CE (clocked by sys_clk_pin). Large setup violations at the end of those stages might be difficult to fix during the post-placement implementation flow and could be the result of non-optimal XDC constraints or non-optimal design architecture
Related violations: <none>

TIMING-16#921 Warning
Large setup violation  
There is a large setup violation of -7.720 ns between ascii_converter_inst/ascii_char_reg[4]/C (clocked by sys_clk_pin) and poly_mode_inst/coeff_str_reg[2][20]/CE (clocked by sys_clk_pin). Large setup violations at the end of those stages might be difficult to fix during the post-placement implementation flow and could be the result of non-optimal XDC constraints or non-optimal design architecture
Related violations: <none>

TIMING-16#922 Warning
Large setup violation  
There is a large setup violation of -7.720 ns between ascii_converter_inst/ascii_char_reg[4]/C (clocked by sys_clk_pin) and poly_mode_inst/coeff_str_reg[2][21]/CE (clocked by sys_clk_pin). Large setup violations at the end of those stages might be difficult to fix during the post-placement implementation flow and could be the result of non-optimal XDC constraints or non-optimal design architecture
Related violations: <none>

TIMING-16#923 Warning
Large setup violation  
There is a large setup violation of -7.733 ns between ascii_converter_inst/ascii_char_reg[4]/C (clocked by sys_clk_pin) and poly_mode_inst/coeff_str_reg[2][10]/CE (clocked by sys_clk_pin). Large setup violations at the end of those stages might be difficult to fix during the post-placement implementation flow and could be the result of non-optimal XDC constraints or non-optimal design architecture
Related violations: <none>

TIMING-16#924 Warning
Large setup violation  
There is a large setup violation of -7.733 ns between ascii_converter_inst/ascii_char_reg[4]/C (clocked by sys_clk_pin) and poly_mode_inst/coeff_str_reg[2][11]/CE (clocked by sys_clk_pin). Large setup violations at the end of those stages might be difficult to fix during the post-placement implementation flow and could be the result of non-optimal XDC constraints or non-optimal design architecture
Related violations: <none>

TIMING-16#925 Warning
Large setup violation  
There is a large setup violation of -7.733 ns between ascii_converter_inst/ascii_char_reg[4]/C (clocked by sys_clk_pin) and poly_mode_inst/coeff_str_reg[2][12]/CE (clocked by sys_clk_pin). Large setup violations at the end of those stages might be difficult to fix during the post-placement implementation flow and could be the result of non-optimal XDC constraints or non-optimal design architecture
Related violations: <none>

TIMING-16#926 Warning
Large setup violation  
There is a large setup violation of -7.733 ns between ascii_converter_inst/ascii_char_reg[4]/C (clocked by sys_clk_pin) and poly_mode_inst/coeff_str_reg[2][13]/CE (clocked by sys_clk_pin). Large setup violations at the end of those stages might be difficult to fix during the post-placement implementation flow and could be the result of non-optimal XDC constraints or non-optimal design architecture
Related violations: <none>

TIMING-16#927 Warning
Large setup violation  
There is a large setup violation of -7.733 ns between ascii_converter_inst/ascii_char_reg[4]/C (clocked by sys_clk_pin) and poly_mode_inst/coeff_str_reg[2][8]/CE (clocked by sys_clk_pin). Large setup violations at the end of those stages might be difficult to fix during the post-placement implementation flow and could be the result of non-optimal XDC constraints or non-optimal design architecture
Related violations: <none>

TIMING-16#928 Warning
Large setup violation  
There is a large setup violation of -7.733 ns between ascii_converter_inst/ascii_char_reg[4]/C (clocked by sys_clk_pin) and poly_mode_inst/coeff_str_reg[2][9]/CE (clocked by sys_clk_pin). Large setup violations at the end of those stages might be difficult to fix during the post-placement implementation flow and could be the result of non-optimal XDC constraints or non-optimal design architecture
Related violations: <none>

TIMING-16#929 Warning
Large setup violation  
There is a large setup violation of -7.744 ns between ascii_converter_inst/ascii_char_reg[4]/C (clocked by sys_clk_pin) and poly_mode_inst/coeff_str_reg[0][75]/CE (clocked by sys_clk_pin). Large setup violations at the end of those stages might be difficult to fix during the post-placement implementation flow and could be the result of non-optimal XDC constraints or non-optimal design architecture
Related violations: <none>

TIMING-16#930 Warning
Large setup violation  
There is a large setup violation of -7.744 ns between ascii_converter_inst/ascii_char_reg[4]/C (clocked by sys_clk_pin) and poly_mode_inst/coeff_str_reg[0][76]/CE (clocked by sys_clk_pin). Large setup violations at the end of those stages might be difficult to fix during the post-placement implementation flow and could be the result of non-optimal XDC constraints or non-optimal design architecture
Related violations: <none>

TIMING-16#931 Warning
Large setup violation  
There is a large setup violation of -7.744 ns between ascii_converter_inst/ascii_char_reg[4]/C (clocked by sys_clk_pin) and poly_mode_inst/coeff_str_reg[0][77]/CE (clocked by sys_clk_pin). Large setup violations at the end of those stages might be difficult to fix during the post-placement implementation flow and could be the result of non-optimal XDC constraints or non-optimal design architecture
Related violations: <none>

TIMING-16#932 Warning
Large setup violation  
There is a large setup violation of -7.757 ns between ascii_converter_inst/ascii_char_reg[4]/C (clocked by sys_clk_pin) and poly_mode_inst/coeff_str_reg[0][59]/D (clocked by sys_clk_pin). Large setup violations at the end of those stages might be difficult to fix during the post-placement implementation flow and could be the result of non-optimal XDC constraints or non-optimal design architecture
Related violations: <none>

TIMING-16#933 Warning
Large setup violation  
There is a large setup violation of -7.767 ns between ascii_converter_inst/ascii_char_reg[4]/C (clocked by sys_clk_pin) and poly_mode_inst/coeff_str_reg[3][4]/CE (clocked by sys_clk_pin). Large setup violations at the end of those stages might be difficult to fix during the post-placement implementation flow and could be the result of non-optimal XDC constraints or non-optimal design architecture
Related violations: <none>

TIMING-16#934 Warning
Large setup violation  
There is a large setup violation of -7.767 ns between ascii_converter_inst/ascii_char_reg[4]/C (clocked by sys_clk_pin) and poly_mode_inst/coeff_str_reg[3][5]/CE (clocked by sys_clk_pin). Large setup violations at the end of those stages might be difficult to fix during the post-placement implementation flow and could be the result of non-optimal XDC constraints or non-optimal design architecture
Related violations: <none>

TIMING-16#935 Warning
Large setup violation  
There is a large setup violation of -7.768 ns between ascii_converter_inst/ascii_char_reg[4]/C (clocked by sys_clk_pin) and poly_mode_inst/coeff_str_reg[1][65]/CE (clocked by sys_clk_pin). Large setup violations at the end of those stages might be difficult to fix during the post-placement implementation flow and could be the result of non-optimal XDC constraints or non-optimal design architecture
Related violations: <none>

TIMING-16#936 Warning
Large setup violation  
There is a large setup violation of -7.768 ns between ascii_converter_inst/ascii_char_reg[4]/C (clocked by sys_clk_pin) and poly_mode_inst/coeff_str_reg[1][67]/CE (clocked by sys_clk_pin). Large setup violations at the end of those stages might be difficult to fix during the post-placement implementation flow and could be the result of non-optimal XDC constraints or non-optimal design architecture
Related violations: <none>

TIMING-16#937 Warning
Large setup violation  
There is a large setup violation of -7.768 ns between ascii_converter_inst/ascii_char_reg[4]/C (clocked by sys_clk_pin) and poly_mode_inst/coeff_str_reg[1][68]/CE (clocked by sys_clk_pin). Large setup violations at the end of those stages might be difficult to fix during the post-placement implementation flow and could be the result of non-optimal XDC constraints or non-optimal design architecture
Related violations: <none>

TIMING-16#938 Warning
Large setup violation  
There is a large setup violation of -7.768 ns between ascii_converter_inst/ascii_char_reg[4]/C (clocked by sys_clk_pin) and poly_mode_inst/coeff_str_reg[1][69]/CE (clocked by sys_clk_pin). Large setup violations at the end of those stages might be difficult to fix during the post-placement implementation flow and could be the result of non-optimal XDC constraints or non-optimal design architecture
Related violations: <none>

TIMING-16#939 Warning
Large setup violation  
There is a large setup violation of -7.796 ns between ascii_converter_inst/ascii_char_reg[4]/C (clocked by sys_clk_pin) and poly_mode_inst/coeff_str_reg[2][59]/D (clocked by sys_clk_pin). Large setup violations at the end of those stages might be difficult to fix during the post-placement implementation flow and could be the result of non-optimal XDC constraints or non-optimal design architecture
Related violations: <none>

TIMING-16#940 Warning
Large setup violation  
There is a large setup violation of -7.802 ns between ascii_converter_inst/ascii_char_reg[4]/C (clocked by sys_clk_pin) and poly_mode_inst/coeff_str_reg[0][3]/D (clocked by sys_clk_pin). Large setup violations at the end of those stages might be difficult to fix during the post-placement implementation flow and could be the result of non-optimal XDC constraints or non-optimal design architecture
Related violations: <none>

TIMING-16#941 Warning
Large setup violation  
There is a large setup violation of -7.834 ns between ascii_converter_inst/ascii_char_reg[4]/C (clocked by sys_clk_pin) and poly_mode_inst/coeff_str_reg[0][72]/CE (clocked by sys_clk_pin). Large setup violations at the end of those stages might be difficult to fix during the post-placement implementation flow and could be the result of non-optimal XDC constraints or non-optimal design architecture
Related violations: <none>

TIMING-16#942 Warning
Large setup violation  
There is a large setup violation of -7.834 ns between ascii_converter_inst/ascii_char_reg[4]/C (clocked by sys_clk_pin) and poly_mode_inst/coeff_str_reg[0][73]/CE (clocked by sys_clk_pin). Large setup violations at the end of those stages might be difficult to fix during the post-placement implementation flow and could be the result of non-optimal XDC constraints or non-optimal design architecture
Related violations: <none>

TIMING-16#943 Warning
Large setup violation  
There is a large setup violation of -7.836 ns between ascii_converter_inst/ascii_char_reg[4]/C (clocked by sys_clk_pin) and poly_mode_inst/coeff_str_reg[3][0]/CE (clocked by sys_clk_pin). Large setup violations at the end of those stages might be difficult to fix during the post-placement implementation flow and could be the result of non-optimal XDC constraints or non-optimal design architecture
Related violations: <none>

TIMING-16#944 Warning
Large setup violation  
There is a large setup violation of -7.836 ns between ascii_converter_inst/ascii_char_reg[4]/C (clocked by sys_clk_pin) and poly_mode_inst/coeff_str_reg[3][1]/CE (clocked by sys_clk_pin). Large setup violations at the end of those stages might be difficult to fix during the post-placement implementation flow and could be the result of non-optimal XDC constraints or non-optimal design architecture
Related violations: <none>

TIMING-16#945 Warning
Large setup violation  
There is a large setup violation of -7.836 ns between ascii_converter_inst/ascii_char_reg[4]/C (clocked by sys_clk_pin) and poly_mode_inst/coeff_str_reg[3][2]/CE (clocked by sys_clk_pin). Large setup violations at the end of those stages might be difficult to fix during the post-placement implementation flow and could be the result of non-optimal XDC constraints or non-optimal design architecture
Related violations: <none>

TIMING-16#946 Warning
Large setup violation  
There is a large setup violation of -7.836 ns between ascii_converter_inst/ascii_char_reg[4]/C (clocked by sys_clk_pin) and poly_mode_inst/coeff_str_reg[3][3]/CE (clocked by sys_clk_pin). Large setup violations at the end of those stages might be difficult to fix during the post-placement implementation flow and could be the result of non-optimal XDC constraints or non-optimal design architecture
Related violations: <none>

TIMING-16#947 Warning
Large setup violation  
There is a large setup violation of -7.871 ns between ascii_converter_inst/ascii_char_reg[4]/C (clocked by sys_clk_pin) and poly_mode_inst/coeff_str_reg[0][21]/CE (clocked by sys_clk_pin). Large setup violations at the end of those stages might be difficult to fix during the post-placement implementation flow and could be the result of non-optimal XDC constraints or non-optimal design architecture
Related violations: <none>

TIMING-16#948 Warning
Large setup violation  
There is a large setup violation of -7.871 ns between ascii_converter_inst/ascii_char_reg[4]/C (clocked by sys_clk_pin) and poly_mode_inst/coeff_str_reg[3][69]/CE (clocked by sys_clk_pin). Large setup violations at the end of those stages might be difficult to fix during the post-placement implementation flow and could be the result of non-optimal XDC constraints or non-optimal design architecture
Related violations: <none>

TIMING-16#949 Warning
Large setup violation  
There is a large setup violation of -7.874 ns between ascii_converter_inst/ascii_char_reg[4]/C (clocked by sys_clk_pin) and poly_mode_inst/coeff_str_reg[0][19]/CE (clocked by sys_clk_pin). Large setup violations at the end of those stages might be difficult to fix during the post-placement implementation flow and could be the result of non-optimal XDC constraints or non-optimal design architecture
Related violations: <none>

TIMING-16#950 Warning
Large setup violation  
There is a large setup violation of -7.878 ns between ascii_converter_inst/ascii_char_reg[4]/C (clocked by sys_clk_pin) and poly_mode_inst/coeff_str_reg[0][16]/CE (clocked by sys_clk_pin). Large setup violations at the end of those stages might be difficult to fix during the post-placement implementation flow and could be the result of non-optimal XDC constraints or non-optimal design architecture
Related violations: <none>

TIMING-16#951 Warning
Large setup violation  
There is a large setup violation of -7.878 ns between ascii_converter_inst/ascii_char_reg[4]/C (clocked by sys_clk_pin) and poly_mode_inst/coeff_str_reg[0][17]/CE (clocked by sys_clk_pin). Large setup violations at the end of those stages might be difficult to fix during the post-placement implementation flow and could be the result of non-optimal XDC constraints or non-optimal design architecture
Related violations: <none>

TIMING-16#952 Warning
Large setup violation  
There is a large setup violation of -7.878 ns between ascii_converter_inst/ascii_char_reg[4]/C (clocked by sys_clk_pin) and poly_mode_inst/coeff_str_reg[0][18]/CE (clocked by sys_clk_pin). Large setup violations at the end of those stages might be difficult to fix during the post-placement implementation flow and could be the result of non-optimal XDC constraints or non-optimal design architecture
Related violations: <none>

TIMING-16#953 Warning
Large setup violation  
There is a large setup violation of -7.878 ns between ascii_converter_inst/ascii_char_reg[4]/C (clocked by sys_clk_pin) and poly_mode_inst/coeff_str_reg[0][20]/CE (clocked by sys_clk_pin). Large setup violations at the end of those stages might be difficult to fix during the post-placement implementation flow and could be the result of non-optimal XDC constraints or non-optimal design architecture
Related violations: <none>

TIMING-16#954 Warning
Large setup violation  
There is a large setup violation of -7.886 ns between ascii_converter_inst/ascii_char_reg[4]/C (clocked by sys_clk_pin) and poly_mode_inst/coeff_str_reg[1][25]/CE (clocked by sys_clk_pin). Large setup violations at the end of those stages might be difficult to fix during the post-placement implementation flow and could be the result of non-optimal XDC constraints or non-optimal design architecture
Related violations: <none>

TIMING-16#955 Warning
Large setup violation  
There is a large setup violation of -7.893 ns between ascii_converter_inst/ascii_char_reg[4]/C (clocked by sys_clk_pin) and poly_mode_inst/coeff_str_reg[3][19]/CE (clocked by sys_clk_pin). Large setup violations at the end of those stages might be difficult to fix during the post-placement implementation flow and could be the result of non-optimal XDC constraints or non-optimal design architecture
Related violations: <none>

TIMING-16#956 Warning
Large setup violation  
There is a large setup violation of -7.897 ns between ascii_converter_inst/ascii_char_reg[4]/C (clocked by sys_clk_pin) and poly_mode_inst/coeff_str_reg[2][27]/D (clocked by sys_clk_pin). Large setup violations at the end of those stages might be difficult to fix during the post-placement implementation flow and could be the result of non-optimal XDC constraints or non-optimal design architecture
Related violations: <none>

TIMING-16#957 Warning
Large setup violation  
There is a large setup violation of -7.899 ns between ascii_converter_inst/ascii_char_reg[4]/C (clocked by sys_clk_pin) and poly_mode_inst/coeff_str_reg[3][59]/D (clocked by sys_clk_pin). Large setup violations at the end of those stages might be difficult to fix during the post-placement implementation flow and could be the result of non-optimal XDC constraints or non-optimal design architecture
Related violations: <none>

TIMING-16#958 Warning
Large setup violation  
There is a large setup violation of -7.912 ns between ascii_converter_inst/ascii_char_reg[4]/C (clocked by sys_clk_pin) and poly_mode_inst/coeff_str_reg[0][3]/CE (clocked by sys_clk_pin). Large setup violations at the end of those stages might be difficult to fix during the post-placement implementation flow and could be the result of non-optimal XDC constraints or non-optimal design architecture
Related violations: <none>

TIMING-16#959 Warning
Large setup violation  
There is a large setup violation of -7.912 ns between ascii_converter_inst/ascii_char_reg[4]/C (clocked by sys_clk_pin) and poly_mode_inst/coeff_str_reg[0][4]/CE (clocked by sys_clk_pin). Large setup violations at the end of those stages might be difficult to fix during the post-placement implementation flow and could be the result of non-optimal XDC constraints or non-optimal design architecture
Related violations: <none>

TIMING-16#960 Warning
Large setup violation  
There is a large setup violation of -7.912 ns between ascii_converter_inst/ascii_char_reg[4]/C (clocked by sys_clk_pin) and poly_mode_inst/coeff_str_reg[0][5]/CE (clocked by sys_clk_pin). Large setup violations at the end of those stages might be difficult to fix during the post-placement implementation flow and could be the result of non-optimal XDC constraints or non-optimal design architecture
Related violations: <none>

TIMING-16#961 Warning
Large setup violation  
There is a large setup violation of -7.924 ns between ascii_converter_inst/ascii_char_reg[4]/C (clocked by sys_clk_pin) and poly_mode_inst/coeff_str_reg[3][27]/D (clocked by sys_clk_pin). Large setup violations at the end of those stages might be difficult to fix during the post-placement implementation flow and could be the result of non-optimal XDC constraints or non-optimal design architecture
Related violations: <none>

TIMING-16#962 Warning
Large setup violation  
There is a large setup violation of -7.932 ns between ascii_converter_inst/ascii_char_reg[4]/C (clocked by sys_clk_pin) and poly_mode_inst/coeff_str_reg[0][51]/CE (clocked by sys_clk_pin). Large setup violations at the end of those stages might be difficult to fix during the post-placement implementation flow and could be the result of non-optimal XDC constraints or non-optimal design architecture
Related violations: <none>

TIMING-16#963 Warning
Large setup violation  
There is a large setup violation of -7.932 ns between ascii_converter_inst/ascii_char_reg[4]/C (clocked by sys_clk_pin) and poly_mode_inst/coeff_str_reg[0][53]/CE (clocked by sys_clk_pin). Large setup violations at the end of those stages might be difficult to fix during the post-placement implementation flow and could be the result of non-optimal XDC constraints or non-optimal design architecture
Related violations: <none>

TIMING-16#964 Warning
Large setup violation  
There is a large setup violation of -7.979 ns between ascii_converter_inst/ascii_char_reg[4]/C (clocked by sys_clk_pin) and poly_mode_inst/coeff_str_reg[2][64]/CE (clocked by sys_clk_pin). Large setup violations at the end of those stages might be difficult to fix during the post-placement implementation flow and could be the result of non-optimal XDC constraints or non-optimal design architecture
Related violations: <none>

TIMING-16#965 Warning
Large setup violation  
There is a large setup violation of -7.979 ns between ascii_converter_inst/ascii_char_reg[4]/C (clocked by sys_clk_pin) and poly_mode_inst/coeff_str_reg[2][69]/CE (clocked by sys_clk_pin). Large setup violations at the end of those stages might be difficult to fix during the post-placement implementation flow and could be the result of non-optimal XDC constraints or non-optimal design architecture
Related violations: <none>

TIMING-16#966 Warning
Large setup violation  
There is a large setup violation of -8.019 ns between ascii_converter_inst/ascii_char_reg[4]/C (clocked by sys_clk_pin) and poly_mode_inst/coeff_str_reg[2][67]/CE (clocked by sys_clk_pin). Large setup violations at the end of those stages might be difficult to fix during the post-placement implementation flow and could be the result of non-optimal XDC constraints or non-optimal design architecture
Related violations: <none>

TIMING-16#967 Warning
Large setup violation  
There is a large setup violation of -8.033 ns between ascii_converter_inst/ascii_char_reg[4]/C (clocked by sys_clk_pin) and poly_mode_inst/coeff_str_reg[0][33]/CE (clocked by sys_clk_pin). Large setup violations at the end of those stages might be difficult to fix during the post-placement implementation flow and could be the result of non-optimal XDC constraints or non-optimal design architecture
Related violations: <none>

TIMING-16#968 Warning
Large setup violation  
There is a large setup violation of -8.033 ns between ascii_converter_inst/ascii_char_reg[4]/C (clocked by sys_clk_pin) and poly_mode_inst/coeff_str_reg[0][35]/CE (clocked by sys_clk_pin). Large setup violations at the end of those stages might be difficult to fix during the post-placement implementation flow and could be the result of non-optimal XDC constraints or non-optimal design architecture
Related violations: <none>

TIMING-16#969 Warning
Large setup violation  
There is a large setup violation of -8.033 ns between ascii_converter_inst/ascii_char_reg[4]/C (clocked by sys_clk_pin) and poly_mode_inst/coeff_str_reg[0][36]/CE (clocked by sys_clk_pin). Large setup violations at the end of those stages might be difficult to fix during the post-placement implementation flow and could be the result of non-optimal XDC constraints or non-optimal design architecture
Related violations: <none>

TIMING-16#970 Warning
Large setup violation  
There is a large setup violation of -8.033 ns between ascii_converter_inst/ascii_char_reg[4]/C (clocked by sys_clk_pin) and poly_mode_inst/coeff_str_reg[0][37]/CE (clocked by sys_clk_pin). Large setup violations at the end of those stages might be difficult to fix during the post-placement implementation flow and could be the result of non-optimal XDC constraints or non-optimal design architecture
Related violations: <none>

TIMING-16#971 Warning
Large setup violation  
There is a large setup violation of -8.035 ns between ascii_converter_inst/ascii_char_reg[4]/C (clocked by sys_clk_pin) and poly_mode_inst/coeff_str_reg[0][32]/CE (clocked by sys_clk_pin). Large setup violations at the end of those stages might be difficult to fix during the post-placement implementation flow and could be the result of non-optimal XDC constraints or non-optimal design architecture
Related violations: <none>

TIMING-16#972 Warning
Large setup violation  
There is a large setup violation of -8.035 ns between ascii_converter_inst/ascii_char_reg[4]/C (clocked by sys_clk_pin) and poly_mode_inst/coeff_str_reg[0][34]/CE (clocked by sys_clk_pin). Large setup violations at the end of those stages might be difficult to fix during the post-placement implementation flow and could be the result of non-optimal XDC constraints or non-optimal design architecture
Related violations: <none>

TIMING-16#973 Warning
Large setup violation  
There is a large setup violation of -8.109 ns between ascii_converter_inst/ascii_char_reg[4]/C (clocked by sys_clk_pin) and poly_mode_inst/coeff_str_reg[2][65]/CE (clocked by sys_clk_pin). Large setup violations at the end of those stages might be difficult to fix during the post-placement implementation flow and could be the result of non-optimal XDC constraints or non-optimal design architecture
Related violations: <none>

TIMING-16#974 Warning
Large setup violation  
There is a large setup violation of -8.109 ns between ascii_converter_inst/ascii_char_reg[4]/C (clocked by sys_clk_pin) and poly_mode_inst/coeff_str_reg[2][66]/CE (clocked by sys_clk_pin). Large setup violations at the end of those stages might be difficult to fix during the post-placement implementation flow and could be the result of non-optimal XDC constraints or non-optimal design architecture
Related violations: <none>

TIMING-16#975 Warning
Large setup violation  
There is a large setup violation of -8.109 ns between ascii_converter_inst/ascii_char_reg[4]/C (clocked by sys_clk_pin) and poly_mode_inst/coeff_str_reg[2][68]/CE (clocked by sys_clk_pin). Large setup violations at the end of those stages might be difficult to fix during the post-placement implementation flow and could be the result of non-optimal XDC constraints or non-optimal design architecture
Related violations: <none>

TIMING-16#976 Warning
Large setup violation  
There is a large setup violation of -8.187 ns between ascii_converter_inst/ascii_char_reg[4]/C (clocked by sys_clk_pin) and poly_mode_inst/coeff_str_reg[1][11]/CE (clocked by sys_clk_pin). Large setup violations at the end of those stages might be difficult to fix during the post-placement implementation flow and could be the result of non-optimal XDC constraints or non-optimal design architecture
Related violations: <none>

TIMING-16#977 Warning
Large setup violation  
There is a large setup violation of -8.197 ns between ascii_converter_inst/ascii_char_reg[4]/C (clocked by sys_clk_pin) and poly_mode_inst/coeff_str_reg[1][28]/CE (clocked by sys_clk_pin). Large setup violations at the end of those stages might be difficult to fix during the post-placement implementation flow and could be the result of non-optimal XDC constraints or non-optimal design architecture
Related violations: <none>

TIMING-16#978 Warning
Large setup violation  
There is a large setup violation of -8.197 ns between ascii_converter_inst/ascii_char_reg[4]/C (clocked by sys_clk_pin) and poly_mode_inst/coeff_str_reg[1][29]/CE (clocked by sys_clk_pin). Large setup violations at the end of those stages might be difficult to fix during the post-placement implementation flow and could be the result of non-optimal XDC constraints or non-optimal design architecture
Related violations: <none>

TIMING-16#979 Warning
Large setup violation  
There is a large setup violation of -8.213 ns between ascii_converter_inst/ascii_char_reg[4]/C (clocked by sys_clk_pin) and poly_mode_inst/coeff_str_reg[0][48]/CE (clocked by sys_clk_pin). Large setup violations at the end of those stages might be difficult to fix during the post-placement implementation flow and could be the result of non-optimal XDC constraints or non-optimal design architecture
Related violations: <none>

TIMING-16#980 Warning
Large setup violation  
There is a large setup violation of -8.231 ns between ascii_converter_inst/ascii_char_reg[4]/C (clocked by sys_clk_pin) and poly_mode_inst/coeff_str_reg[0][50]/CE (clocked by sys_clk_pin). Large setup violations at the end of those stages might be difficult to fix during the post-placement implementation flow and could be the result of non-optimal XDC constraints or non-optimal design architecture
Related violations: <none>

TIMING-16#981 Warning
Large setup violation  
There is a large setup violation of -8.283 ns between ascii_converter_inst/ascii_char_reg[4]/C (clocked by sys_clk_pin) and poly_mode_inst/coeff_str_reg[0][49]/CE (clocked by sys_clk_pin). Large setup violations at the end of those stages might be difficult to fix during the post-placement implementation flow and could be the result of non-optimal XDC constraints or non-optimal design architecture
Related violations: <none>

TIMING-16#982 Warning
Large setup violation  
There is a large setup violation of -8.283 ns between ascii_converter_inst/ascii_char_reg[4]/C (clocked by sys_clk_pin) and poly_mode_inst/coeff_str_reg[0][52]/CE (clocked by sys_clk_pin). Large setup violations at the end of those stages might be difficult to fix during the post-placement implementation flow and could be the result of non-optimal XDC constraints or non-optimal design architecture
Related violations: <none>

TIMING-16#983 Warning
Large setup violation  
There is a large setup violation of -8.288 ns between ascii_converter_inst/ascii_char_reg[4]/C (clocked by sys_clk_pin) and poly_mode_inst/coeff_str_reg[1][13]/CE (clocked by sys_clk_pin). Large setup violations at the end of those stages might be difficult to fix during the post-placement implementation flow and could be the result of non-optimal XDC constraints or non-optimal design architecture
Related violations: <none>

TIMING-16#984 Warning
Large setup violation  
There is a large setup violation of -8.449 ns between ascii_converter_inst/ascii_char_reg[4]/C (clocked by sys_clk_pin) and poly_mode_inst/coeff_str_reg[1][10]/CE (clocked by sys_clk_pin). Large setup violations at the end of those stages might be difficult to fix during the post-placement implementation flow and could be the result of non-optimal XDC constraints or non-optimal design architecture
Related violations: <none>

TIMING-16#985 Warning
Large setup violation  
There is a large setup violation of -8.449 ns between ascii_converter_inst/ascii_char_reg[4]/C (clocked by sys_clk_pin) and poly_mode_inst/coeff_str_reg[1][12]/CE (clocked by sys_clk_pin). Large setup violations at the end of those stages might be difficult to fix during the post-placement implementation flow and could be the result of non-optimal XDC constraints or non-optimal design architecture
Related violations: <none>

TIMING-16#986 Warning
Large setup violation  
There is a large setup violation of -8.449 ns between ascii_converter_inst/ascii_char_reg[4]/C (clocked by sys_clk_pin) and poly_mode_inst/coeff_str_reg[1][8]/CE (clocked by sys_clk_pin). Large setup violations at the end of those stages might be difficult to fix during the post-placement implementation flow and could be the result of non-optimal XDC constraints or non-optimal design architecture
Related violations: <none>

TIMING-16#987 Warning
Large setup violation  
There is a large setup violation of -8.449 ns between ascii_converter_inst/ascii_char_reg[4]/C (clocked by sys_clk_pin) and poly_mode_inst/coeff_str_reg[1][9]/CE (clocked by sys_clk_pin). Large setup violations at the end of those stages might be difficult to fix during the post-placement implementation flow and could be the result of non-optimal XDC constraints or non-optimal design architecture
Related violations: <none>

TIMING-16#988 Warning
Large setup violation  
There is a large setup violation of -8.506 ns between ascii_converter_inst/ascii_char_reg[4]/C (clocked by sys_clk_pin) and poly_mode_inst/coeff_str_reg[0][0]/CE (clocked by sys_clk_pin). Large setup violations at the end of those stages might be difficult to fix during the post-placement implementation flow and could be the result of non-optimal XDC constraints or non-optimal design architecture
Related violations: <none>

TIMING-16#989 Warning
Large setup violation  
There is a large setup violation of -8.506 ns between ascii_converter_inst/ascii_char_reg[4]/C (clocked by sys_clk_pin) and poly_mode_inst/coeff_str_reg[0][1]/CE (clocked by sys_clk_pin). Large setup violations at the end of those stages might be difficult to fix during the post-placement implementation flow and could be the result of non-optimal XDC constraints or non-optimal design architecture
Related violations: <none>

TIMING-16#990 Warning
Large setup violation  
There is a large setup violation of -8.506 ns between ascii_converter_inst/ascii_char_reg[4]/C (clocked by sys_clk_pin) and poly_mode_inst/coeff_str_reg[0][2]/CE (clocked by sys_clk_pin). Large setup violations at the end of those stages might be difficult to fix during the post-placement implementation flow and could be the result of non-optimal XDC constraints or non-optimal design architecture
Related violations: <none>

TIMING-16#991 Warning
Large setup violation  
There is a large setup violation of -8.518 ns between ascii_converter_inst/ascii_char_reg[4]/C (clocked by sys_clk_pin) and poly_mode_inst/fractional_digits_reg[0][0]/CE (clocked by sys_clk_pin). Large setup violations at the end of those stages might be difficult to fix during the post-placement implementation flow and could be the result of non-optimal XDC constraints or non-optimal design architecture
Related violations: <none>

TIMING-16#992 Warning
Large setup violation  
There is a large setup violation of -8.518 ns between ascii_converter_inst/ascii_char_reg[4]/C (clocked by sys_clk_pin) and poly_mode_inst/fractional_digits_reg[0][1]/CE (clocked by sys_clk_pin). Large setup violations at the end of those stages might be difficult to fix during the post-placement implementation flow and could be the result of non-optimal XDC constraints or non-optimal design architecture
Related violations: <none>

TIMING-16#993 Warning
Large setup violation  
There is a large setup violation of -8.518 ns between ascii_converter_inst/ascii_char_reg[4]/C (clocked by sys_clk_pin) and poly_mode_inst/fractional_digits_reg[0][2]/CE (clocked by sys_clk_pin). Large setup violations at the end of those stages might be difficult to fix during the post-placement implementation flow and could be the result of non-optimal XDC constraints or non-optimal design architecture
Related violations: <none>

TIMING-16#994 Warning
Large setup violation  
There is a large setup violation of -8.518 ns between ascii_converter_inst/ascii_char_reg[4]/C (clocked by sys_clk_pin) and poly_mode_inst/fractional_digits_reg[0][3]/CE (clocked by sys_clk_pin). Large setup violations at the end of those stages might be difficult to fix during the post-placement implementation flow and could be the result of non-optimal XDC constraints or non-optimal design architecture
Related violations: <none>

TIMING-16#995 Warning
Large setup violation  
There is a large setup violation of -8.547 ns between ascii_converter_inst/ascii_char_reg[4]/C (clocked by sys_clk_pin) and poly_mode_inst/coeff_str_reg[0][41]/CE (clocked by sys_clk_pin). Large setup violations at the end of those stages might be difficult to fix during the post-placement implementation flow and could be the result of non-optimal XDC constraints or non-optimal design architecture
Related violations: <none>

TIMING-16#996 Warning
Large setup violation  
There is a large setup violation of -8.547 ns between ascii_converter_inst/ascii_char_reg[4]/C (clocked by sys_clk_pin) and poly_mode_inst/coeff_str_reg[0][42]/CE (clocked by sys_clk_pin). Large setup violations at the end of those stages might be difficult to fix during the post-placement implementation flow and could be the result of non-optimal XDC constraints or non-optimal design architecture
Related violations: <none>

TIMING-16#997 Warning
Large setup violation  
There is a large setup violation of -8.547 ns between ascii_converter_inst/ascii_char_reg[4]/C (clocked by sys_clk_pin) and poly_mode_inst/coeff_str_reg[0][43]/CE (clocked by sys_clk_pin). Large setup violations at the end of those stages might be difficult to fix during the post-placement implementation flow and could be the result of non-optimal XDC constraints or non-optimal design architecture
Related violations: <none>

TIMING-16#998 Warning
Large setup violation  
There is a large setup violation of -8.547 ns between ascii_converter_inst/ascii_char_reg[4]/C (clocked by sys_clk_pin) and poly_mode_inst/coeff_str_reg[0][44]/CE (clocked by sys_clk_pin). Large setup violations at the end of those stages might be difficult to fix during the post-placement implementation flow and could be the result of non-optimal XDC constraints or non-optimal design architecture
Related violations: <none>

TIMING-16#999 Warning
Large setup violation  
There is a large setup violation of -8.600 ns between ascii_converter_inst/ascii_char_reg[4]/C (clocked by sys_clk_pin) and poly_mode_inst/coeff_str_reg[0][40]/CE (clocked by sys_clk_pin). Large setup violations at the end of those stages might be difficult to fix during the post-placement implementation flow and could be the result of non-optimal XDC constraints or non-optimal design architecture
Related violations: <none>

TIMING-16#1000 Warning
Large setup violation  
There is a large setup violation of -8.600 ns between ascii_converter_inst/ascii_char_reg[4]/C (clocked by sys_clk_pin) and poly_mode_inst/coeff_str_reg[0][45]/CE (clocked by sys_clk_pin). Large setup violations at the end of those stages might be difficult to fix during the post-placement implementation flow and could be the result of non-optimal XDC constraints or non-optimal design architecture
Related violations: <none>

TIMING-17#1 Warning
Non-clocked sequential cell  
The clock pin display_handler_inst/oled_display_inst/FSM_onehot_state_reg[0]/C is not reached by a timing clock
Related violations: <none>

TIMING-17#2 Warning
Non-clocked sequential cell  
The clock pin display_handler_inst/oled_display_inst/FSM_onehot_state_reg[10]/C is not reached by a timing clock
Related violations: <none>

TIMING-17#3 Warning
Non-clocked sequential cell  
The clock pin display_handler_inst/oled_display_inst/FSM_onehot_state_reg[11]/C is not reached by a timing clock
Related violations: <none>

TIMING-17#4 Warning
Non-clocked sequential cell  
The clock pin display_handler_inst/oled_display_inst/FSM_onehot_state_reg[12]/C is not reached by a timing clock
Related violations: <none>

TIMING-17#5 Warning
Non-clocked sequential cell  
The clock pin display_handler_inst/oled_display_inst/FSM_onehot_state_reg[13]/C is not reached by a timing clock
Related violations: <none>

TIMING-17#6 Warning
Non-clocked sequential cell  
The clock pin display_handler_inst/oled_display_inst/FSM_onehot_state_reg[14]/C is not reached by a timing clock
Related violations: <none>

TIMING-17#7 Warning
Non-clocked sequential cell  
The clock pin display_handler_inst/oled_display_inst/FSM_onehot_state_reg[15]/C is not reached by a timing clock
Related violations: <none>

TIMING-17#8 Warning
Non-clocked sequential cell  
The clock pin display_handler_inst/oled_display_inst/FSM_onehot_state_reg[16]/C is not reached by a timing clock
Related violations: <none>

TIMING-17#9 Warning
Non-clocked sequential cell  
The clock pin display_handler_inst/oled_display_inst/FSM_onehot_state_reg[17]/C is not reached by a timing clock
Related violations: <none>

TIMING-17#10 Warning
Non-clocked sequential cell  
The clock pin display_handler_inst/oled_display_inst/FSM_onehot_state_reg[18]/C is not reached by a timing clock
Related violations: <none>

TIMING-17#11 Warning
Non-clocked sequential cell  
The clock pin display_handler_inst/oled_display_inst/FSM_onehot_state_reg[19]/C is not reached by a timing clock
Related violations: <none>

TIMING-17#12 Warning
Non-clocked sequential cell  
The clock pin display_handler_inst/oled_display_inst/FSM_onehot_state_reg[1]/C is not reached by a timing clock
Related violations: <none>

TIMING-17#13 Warning
Non-clocked sequential cell  
The clock pin display_handler_inst/oled_display_inst/FSM_onehot_state_reg[20]/C is not reached by a timing clock
Related violations: <none>

TIMING-17#14 Warning
Non-clocked sequential cell  
The clock pin display_handler_inst/oled_display_inst/FSM_onehot_state_reg[21]/C is not reached by a timing clock
Related violations: <none>

TIMING-17#15 Warning
Non-clocked sequential cell  
The clock pin display_handler_inst/oled_display_inst/FSM_onehot_state_reg[22]/C is not reached by a timing clock
Related violations: <none>

TIMING-17#16 Warning
Non-clocked sequential cell  
The clock pin display_handler_inst/oled_display_inst/FSM_onehot_state_reg[23]/C is not reached by a timing clock
Related violations: <none>

TIMING-17#17 Warning
Non-clocked sequential cell  
The clock pin display_handler_inst/oled_display_inst/FSM_onehot_state_reg[24]/C is not reached by a timing clock
Related violations: <none>

TIMING-17#18 Warning
Non-clocked sequential cell  
The clock pin display_handler_inst/oled_display_inst/FSM_onehot_state_reg[25]/C is not reached by a timing clock
Related violations: <none>

TIMING-17#19 Warning
Non-clocked sequential cell  
The clock pin display_handler_inst/oled_display_inst/FSM_onehot_state_reg[26]/C is not reached by a timing clock
Related violations: <none>

TIMING-17#20 Warning
Non-clocked sequential cell  
The clock pin display_handler_inst/oled_display_inst/FSM_onehot_state_reg[27]/C is not reached by a timing clock
Related violations: <none>

TIMING-17#21 Warning
Non-clocked sequential cell  
The clock pin display_handler_inst/oled_display_inst/FSM_onehot_state_reg[28]/C is not reached by a timing clock
Related violations: <none>

TIMING-17#22 Warning
Non-clocked sequential cell  
The clock pin display_handler_inst/oled_display_inst/FSM_onehot_state_reg[29]/C is not reached by a timing clock
Related violations: <none>

TIMING-17#23 Warning
Non-clocked sequential cell  
The clock pin display_handler_inst/oled_display_inst/FSM_onehot_state_reg[2]/C is not reached by a timing clock
Related violations: <none>

TIMING-17#24 Warning
Non-clocked sequential cell  
The clock pin display_handler_inst/oled_display_inst/FSM_onehot_state_reg[30]/C is not reached by a timing clock
Related violations: <none>

TIMING-17#25 Warning
Non-clocked sequential cell  
The clock pin display_handler_inst/oled_display_inst/FSM_onehot_state_reg[31]/C is not reached by a timing clock
Related violations: <none>

TIMING-17#26 Warning
Non-clocked sequential cell  
The clock pin display_handler_inst/oled_display_inst/FSM_onehot_state_reg[3]/C is not reached by a timing clock
Related violations: <none>

TIMING-17#27 Warning
Non-clocked sequential cell  
The clock pin display_handler_inst/oled_display_inst/FSM_onehot_state_reg[4]/C is not reached by a timing clock
Related violations: <none>

TIMING-17#28 Warning
Non-clocked sequential cell  
The clock pin display_handler_inst/oled_display_inst/FSM_onehot_state_reg[5]/C is not reached by a timing clock
Related violations: <none>

TIMING-17#29 Warning
Non-clocked sequential cell  
The clock pin display_handler_inst/oled_display_inst/FSM_onehot_state_reg[6]/C is not reached by a timing clock
Related violations: <none>

TIMING-17#30 Warning
Non-clocked sequential cell  
The clock pin display_handler_inst/oled_display_inst/FSM_onehot_state_reg[7]/C is not reached by a timing clock
Related violations: <none>

TIMING-17#31 Warning
Non-clocked sequential cell  
The clock pin display_handler_inst/oled_display_inst/FSM_onehot_state_reg[8]/C is not reached by a timing clock
Related violations: <none>

TIMING-17#32 Warning
Non-clocked sequential cell  
The clock pin display_handler_inst/oled_display_inst/FSM_onehot_state_reg[9]/C is not reached by a timing clock
Related violations: <none>

TIMING-17#33 Warning
Non-clocked sequential cell  
The clock pin display_handler_inst/oled_display_inst/delay_reg[0]/C is not reached by a timing clock
Related violations: <none>

TIMING-17#34 Warning
Non-clocked sequential cell  
The clock pin display_handler_inst/oled_display_inst/delay_reg[10]/C is not reached by a timing clock
Related violations: <none>

TIMING-17#35 Warning
Non-clocked sequential cell  
The clock pin display_handler_inst/oled_display_inst/delay_reg[11]/C is not reached by a timing clock
Related violations: <none>

TIMING-17#36 Warning
Non-clocked sequential cell  
The clock pin display_handler_inst/oled_display_inst/delay_reg[12]/C is not reached by a timing clock
Related violations: <none>

TIMING-17#37 Warning
Non-clocked sequential cell  
The clock pin display_handler_inst/oled_display_inst/delay_reg[13]/C is not reached by a timing clock
Related violations: <none>

TIMING-17#38 Warning
Non-clocked sequential cell  
The clock pin display_handler_inst/oled_display_inst/delay_reg[14]/C is not reached by a timing clock
Related violations: <none>

TIMING-17#39 Warning
Non-clocked sequential cell  
The clock pin display_handler_inst/oled_display_inst/delay_reg[15]/C is not reached by a timing clock
Related violations: <none>

TIMING-17#40 Warning
Non-clocked sequential cell  
The clock pin display_handler_inst/oled_display_inst/delay_reg[16]/C is not reached by a timing clock
Related violations: <none>

TIMING-17#41 Warning
Non-clocked sequential cell  
The clock pin display_handler_inst/oled_display_inst/delay_reg[17]/C is not reached by a timing clock
Related violations: <none>

TIMING-17#42 Warning
Non-clocked sequential cell  
The clock pin display_handler_inst/oled_display_inst/delay_reg[18]/C is not reached by a timing clock
Related violations: <none>

TIMING-17#43 Warning
Non-clocked sequential cell  
The clock pin display_handler_inst/oled_display_inst/delay_reg[19]/C is not reached by a timing clock
Related violations: <none>

TIMING-17#44 Warning
Non-clocked sequential cell  
The clock pin display_handler_inst/oled_display_inst/delay_reg[1]/C is not reached by a timing clock
Related violations: <none>

TIMING-17#45 Warning
Non-clocked sequential cell  
The clock pin display_handler_inst/oled_display_inst/delay_reg[2]/C is not reached by a timing clock
Related violations: <none>

TIMING-17#46 Warning
Non-clocked sequential cell  
The clock pin display_handler_inst/oled_display_inst/delay_reg[3]/C is not reached by a timing clock
Related violations: <none>

TIMING-17#47 Warning
Non-clocked sequential cell  
The clock pin display_handler_inst/oled_display_inst/delay_reg[4]/C is not reached by a timing clock
Related violations: <none>

TIMING-17#48 Warning
Non-clocked sequential cell  
The clock pin display_handler_inst/oled_display_inst/delay_reg[5]/C is not reached by a timing clock
Related violations: <none>

TIMING-17#49 Warning
Non-clocked sequential cell  
The clock pin display_handler_inst/oled_display_inst/delay_reg[6]/C is not reached by a timing clock
Related violations: <none>

TIMING-17#50 Warning
Non-clocked sequential cell  
The clock pin display_handler_inst/oled_display_inst/delay_reg[7]/C is not reached by a timing clock
Related violations: <none>

TIMING-17#51 Warning
Non-clocked sequential cell  
The clock pin display_handler_inst/oled_display_inst/delay_reg[8]/C is not reached by a timing clock
Related violations: <none>

TIMING-17#52 Warning
Non-clocked sequential cell  
The clock pin display_handler_inst/oled_display_inst/delay_reg[9]/C is not reached by a timing clock
Related violations: <none>

TIMING-17#53 Warning
Non-clocked sequential cell  
The clock pin display_handler_inst/oled_display_inst/frame_counter_reg[0]/C is not reached by a timing clock
Related violations: <none>

TIMING-17#54 Warning
Non-clocked sequential cell  
The clock pin display_handler_inst/oled_display_inst/frame_counter_reg[10]/C is not reached by a timing clock
Related violations: <none>

TIMING-17#55 Warning
Non-clocked sequential cell  
The clock pin display_handler_inst/oled_display_inst/frame_counter_reg[11]/C is not reached by a timing clock
Related violations: <none>

TIMING-17#56 Warning
Non-clocked sequential cell  
The clock pin display_handler_inst/oled_display_inst/frame_counter_reg[12]/C is not reached by a timing clock
Related violations: <none>

TIMING-17#57 Warning
Non-clocked sequential cell  
The clock pin display_handler_inst/oled_display_inst/frame_counter_reg[13]/C is not reached by a timing clock
Related violations: <none>

TIMING-17#58 Warning
Non-clocked sequential cell  
The clock pin display_handler_inst/oled_display_inst/frame_counter_reg[14]/C is not reached by a timing clock
Related violations: <none>

TIMING-17#59 Warning
Non-clocked sequential cell  
The clock pin display_handler_inst/oled_display_inst/frame_counter_reg[15]/C is not reached by a timing clock
Related violations: <none>

TIMING-17#60 Warning
Non-clocked sequential cell  
The clock pin display_handler_inst/oled_display_inst/frame_counter_reg[16]/C is not reached by a timing clock
Related violations: <none>

TIMING-17#61 Warning
Non-clocked sequential cell  
The clock pin display_handler_inst/oled_display_inst/frame_counter_reg[1]/C is not reached by a timing clock
Related violations: <none>

TIMING-17#62 Warning
Non-clocked sequential cell  
The clock pin display_handler_inst/oled_display_inst/frame_counter_reg[2]/C is not reached by a timing clock
Related violations: <none>

TIMING-17#63 Warning
Non-clocked sequential cell  
The clock pin display_handler_inst/oled_display_inst/frame_counter_reg[3]/C is not reached by a timing clock
Related violations: <none>

TIMING-17#64 Warning
Non-clocked sequential cell  
The clock pin display_handler_inst/oled_display_inst/frame_counter_reg[4]/C is not reached by a timing clock
Related violations: <none>

TIMING-17#65 Warning
Non-clocked sequential cell  
The clock pin display_handler_inst/oled_display_inst/frame_counter_reg[5]/C is not reached by a timing clock
Related violations: <none>

TIMING-17#66 Warning
Non-clocked sequential cell  
The clock pin display_handler_inst/oled_display_inst/frame_counter_reg[6]/C is not reached by a timing clock
Related violations: <none>

TIMING-17#67 Warning
Non-clocked sequential cell  
The clock pin display_handler_inst/oled_display_inst/frame_counter_reg[7]/C is not reached by a timing clock
Related violations: <none>

TIMING-17#68 Warning
Non-clocked sequential cell  
The clock pin display_handler_inst/oled_display_inst/frame_counter_reg[8]/C is not reached by a timing clock
Related violations: <none>

TIMING-17#69 Warning
Non-clocked sequential cell  
The clock pin display_handler_inst/oled_display_inst/frame_counter_reg[9]/C is not reached by a timing clock
Related violations: <none>

TIMING-17#70 Warning
Non-clocked sequential cell  
The clock pin display_handler_inst/oled_display_inst/spi_word_bit_count_reg[0]/C is not reached by a timing clock
Related violations: <none>

TIMING-17#71 Warning
Non-clocked sequential cell  
The clock pin display_handler_inst/oled_display_inst/spi_word_bit_count_reg[1]/C is not reached by a timing clock
Related violations: <none>

TIMING-17#72 Warning
Non-clocked sequential cell  
The clock pin display_handler_inst/oled_display_inst/spi_word_bit_count_reg[2]/C is not reached by a timing clock
Related violations: <none>

TIMING-17#73 Warning
Non-clocked sequential cell  
The clock pin display_handler_inst/oled_display_inst/spi_word_bit_count_reg[3]/C is not reached by a timing clock
Related violations: <none>

TIMING-17#74 Warning
Non-clocked sequential cell  
The clock pin display_handler_inst/oled_display_inst/spi_word_bit_count_reg[4]/C is not reached by a timing clock
Related violations: <none>

TIMING-17#75 Warning
Non-clocked sequential cell  
The clock pin display_handler_inst/oled_display_inst/spi_word_bit_count_reg[5]/C is not reached by a timing clock
Related violations: <none>

TIMING-17#76 Warning
Non-clocked sequential cell  
The clock pin display_handler_inst/oled_display_inst/spi_word_reg[0]/C is not reached by a timing clock
Related violations: <none>

TIMING-17#77 Warning
Non-clocked sequential cell  
The clock pin display_handler_inst/oled_display_inst/spi_word_reg[10]/C is not reached by a timing clock
Related violations: <none>

TIMING-17#78 Warning
Non-clocked sequential cell  
The clock pin display_handler_inst/oled_display_inst/spi_word_reg[11]/C is not reached by a timing clock
Related violations: <none>

TIMING-17#79 Warning
Non-clocked sequential cell  
The clock pin display_handler_inst/oled_display_inst/spi_word_reg[12]/C is not reached by a timing clock
Related violations: <none>

TIMING-17#80 Warning
Non-clocked sequential cell  
The clock pin display_handler_inst/oled_display_inst/spi_word_reg[13]/C is not reached by a timing clock
Related violations: <none>

TIMING-17#81 Warning
Non-clocked sequential cell  
The clock pin display_handler_inst/oled_display_inst/spi_word_reg[14]/C is not reached by a timing clock
Related violations: <none>

TIMING-17#82 Warning
Non-clocked sequential cell  
The clock pin display_handler_inst/oled_display_inst/spi_word_reg[15]/C is not reached by a timing clock
Related violations: <none>

TIMING-17#83 Warning
Non-clocked sequential cell  
The clock pin display_handler_inst/oled_display_inst/spi_word_reg[16]/C is not reached by a timing clock
Related violations: <none>

TIMING-17#84 Warning
Non-clocked sequential cell  
The clock pin display_handler_inst/oled_display_inst/spi_word_reg[17]/C is not reached by a timing clock
Related violations: <none>

TIMING-17#85 Warning
Non-clocked sequential cell  
The clock pin display_handler_inst/oled_display_inst/spi_word_reg[18]/C is not reached by a timing clock
Related violations: <none>

TIMING-17#86 Warning
Non-clocked sequential cell  
The clock pin display_handler_inst/oled_display_inst/spi_word_reg[19]/C is not reached by a timing clock
Related violations: <none>

TIMING-17#87 Warning
Non-clocked sequential cell  
The clock pin display_handler_inst/oled_display_inst/spi_word_reg[1]/C is not reached by a timing clock
Related violations: <none>

TIMING-17#88 Warning
Non-clocked sequential cell  
The clock pin display_handler_inst/oled_display_inst/spi_word_reg[20]/C is not reached by a timing clock
Related violations: <none>

TIMING-17#89 Warning
Non-clocked sequential cell  
The clock pin display_handler_inst/oled_display_inst/spi_word_reg[21]/C is not reached by a timing clock
Related violations: <none>

TIMING-17#90 Warning
Non-clocked sequential cell  
The clock pin display_handler_inst/oled_display_inst/spi_word_reg[22]/C is not reached by a timing clock
Related violations: <none>

TIMING-17#91 Warning
Non-clocked sequential cell  
The clock pin display_handler_inst/oled_display_inst/spi_word_reg[23]/C is not reached by a timing clock
Related violations: <none>

TIMING-17#92 Warning
Non-clocked sequential cell  
The clock pin display_handler_inst/oled_display_inst/spi_word_reg[24]/C is not reached by a timing clock
Related violations: <none>

TIMING-17#93 Warning
Non-clocked sequential cell  
The clock pin display_handler_inst/oled_display_inst/spi_word_reg[25]/C is not reached by a timing clock
Related violations: <none>

TIMING-17#94 Warning
Non-clocked sequential cell  
The clock pin display_handler_inst/oled_display_inst/spi_word_reg[26]/C is not reached by a timing clock
Related violations: <none>

TIMING-17#95 Warning
Non-clocked sequential cell  
The clock pin display_handler_inst/oled_display_inst/spi_word_reg[27]/C is not reached by a timing clock
Related violations: <none>

TIMING-17#96 Warning
Non-clocked sequential cell  
The clock pin display_handler_inst/oled_display_inst/spi_word_reg[28]/C is not reached by a timing clock
Related violations: <none>

TIMING-17#97 Warning
Non-clocked sequential cell  
The clock pin display_handler_inst/oled_display_inst/spi_word_reg[29]/C is not reached by a timing clock
Related violations: <none>

TIMING-17#98 Warning
Non-clocked sequential cell  
The clock pin display_handler_inst/oled_display_inst/spi_word_reg[2]/C is not reached by a timing clock
Related violations: <none>

TIMING-17#99 Warning
Non-clocked sequential cell  
The clock pin display_handler_inst/oled_display_inst/spi_word_reg[30]/C is not reached by a timing clock
Related violations: <none>

TIMING-17#100 Warning
Non-clocked sequential cell  
The clock pin display_handler_inst/oled_display_inst/spi_word_reg[31]/C is not reached by a timing clock
Related violations: <none>

TIMING-17#101 Warning
Non-clocked sequential cell  
The clock pin display_handler_inst/oled_display_inst/spi_word_reg[32]/C is not reached by a timing clock
Related violations: <none>

TIMING-17#102 Warning
Non-clocked sequential cell  
The clock pin display_handler_inst/oled_display_inst/spi_word_reg[33]/C is not reached by a timing clock
Related violations: <none>

TIMING-17#103 Warning
Non-clocked sequential cell  
The clock pin display_handler_inst/oled_display_inst/spi_word_reg[34]/C is not reached by a timing clock
Related violations: <none>

TIMING-17#104 Warning
Non-clocked sequential cell  
The clock pin display_handler_inst/oled_display_inst/spi_word_reg[35]/C is not reached by a timing clock
Related violations: <none>

TIMING-17#105 Warning
Non-clocked sequential cell  
The clock pin display_handler_inst/oled_display_inst/spi_word_reg[36]/C is not reached by a timing clock
Related violations: <none>

TIMING-17#106 Warning
Non-clocked sequential cell  
The clock pin display_handler_inst/oled_display_inst/spi_word_reg[37]/C is not reached by a timing clock
Related violations: <none>

TIMING-17#107 Warning
Non-clocked sequential cell  
The clock pin display_handler_inst/oled_display_inst/spi_word_reg[38]/C is not reached by a timing clock
Related violations: <none>

TIMING-17#108 Warning
Non-clocked sequential cell  
The clock pin display_handler_inst/oled_display_inst/spi_word_reg[39]/C is not reached by a timing clock
Related violations: <none>

TIMING-17#109 Warning
Non-clocked sequential cell  
The clock pin display_handler_inst/oled_display_inst/spi_word_reg[3]/C is not reached by a timing clock
Related violations: <none>

TIMING-17#110 Warning
Non-clocked sequential cell  
The clock pin display_handler_inst/oled_display_inst/spi_word_reg[4]/C is not reached by a timing clock
Related violations: <none>

TIMING-17#111 Warning
Non-clocked sequential cell  
The clock pin display_handler_inst/oled_display_inst/spi_word_reg[5]/C is not reached by a timing clock
Related violations: <none>

TIMING-17#112 Warning
Non-clocked sequential cell  
The clock pin display_handler_inst/oled_display_inst/spi_word_reg[6]/C is not reached by a timing clock
Related violations: <none>

TIMING-17#113 Warning
Non-clocked sequential cell  
The clock pin display_handler_inst/oled_display_inst/spi_word_reg[7]/C is not reached by a timing clock
Related violations: <none>

TIMING-17#114 Warning
Non-clocked sequential cell  
The clock pin display_handler_inst/oled_display_inst/spi_word_reg[8]/C is not reached by a timing clock
Related violations: <none>

TIMING-17#115 Warning
Non-clocked sequential cell  
The clock pin display_handler_inst/oled_display_inst/spi_word_reg[9]/C is not reached by a timing clock
Related violations: <none>

TIMING-18#1 Warning
Missing input or output delay  
An input delay is missing on btn[0] relative to clock(s) sys_clk_pin
Related violations: <none>

TIMING-18#2 Warning
Missing input or output delay  
An input delay is missing on btn[1] relative to clock(s) sys_clk_pin
Related violations: <none>

TIMING-18#3 Warning
Missing input or output delay  
An input delay is missing on btn[2] relative to clock(s) sys_clk_pin
Related violations: <none>

TIMING-18#4 Warning
Missing input or output delay  
An input delay is missing on btn[3] relative to clock(s) sys_clk_pin
Related violations: <none>

TIMING-18#5 Warning
Missing input or output delay  
An input delay is missing on btn[4] relative to clock(s) sys_clk_pin
Related violations: <none>

TIMING-18#6 Warning
Missing input or output delay  
An input delay is missing on sw[0] relative to clock(s) sys_clk_pin
Related violations: <none>

TIMING-18#7 Warning
Missing input or output delay  
An input delay is missing on sw[10] relative to clock(s) sys_clk_pin
Related violations: <none>

TIMING-18#8 Warning
Missing input or output delay  
An input delay is missing on sw[11] relative to clock(s) sys_clk_pin
Related violations: <none>

TIMING-18#9 Warning
Missing input or output delay  
An input delay is missing on sw[12] relative to clock(s) sys_clk_pin
Related violations: <none>

TIMING-18#10 Warning
Missing input or output delay  
An input delay is missing on sw[13] relative to clock(s) sys_clk_pin
Related violations: <none>

TIMING-18#11 Warning
Missing input or output delay  
An input delay is missing on sw[14] relative to clock(s) sys_clk_pin
Related violations: <none>

TIMING-18#12 Warning
Missing input or output delay  
An input delay is missing on sw[15] relative to clock(s) sys_clk_pin
Related violations: <none>

TIMING-18#13 Warning
Missing input or output delay  
An input delay is missing on sw[1] relative to clock(s) sys_clk_pin
Related violations: <none>

TIMING-18#14 Warning
Missing input or output delay  
An input delay is missing on sw[2] relative to clock(s) sys_clk_pin
Related violations: <none>

TIMING-18#15 Warning
Missing input or output delay  
An input delay is missing on sw[3] relative to clock(s) sys_clk_pin
Related violations: <none>

TIMING-18#16 Warning
Missing input or output delay  
An input delay is missing on sw[4] relative to clock(s) sys_clk_pin
Related violations: <none>

TIMING-18#17 Warning
Missing input or output delay  
An input delay is missing on sw[5] relative to clock(s) sys_clk_pin
Related violations: <none>

TIMING-18#18 Warning
Missing input or output delay  
An input delay is missing on sw[6] relative to clock(s) sys_clk_pin
Related violations: <none>

TIMING-18#19 Warning
Missing input or output delay  
An input delay is missing on sw[7] relative to clock(s) sys_clk_pin
Related violations: <none>

TIMING-18#20 Warning
Missing input or output delay  
An input delay is missing on sw[8] relative to clock(s) sys_clk_pin
Related violations: <none>

TIMING-18#21 Warning
Missing input or output delay  
An input delay is missing on sw[9] relative to clock(s) sys_clk_pin
Related violations: <none>

TIMING-18#22 Warning
Missing input or output delay  
An output delay is missing on JB[0] relative to clock(s) sys_clk_pin
Related violations: <none>

TIMING-18#23 Warning
Missing input or output delay  
An output delay is missing on JB[1] relative to clock(s) sys_clk_pin
Related violations: <none>

TIMING-18#24 Warning
Missing input or output delay  
An output delay is missing on JB[2] relative to clock(s) sys_clk_pin
Related violations: <none>

TIMING-18#25 Warning
Missing input or output delay  
An output delay is missing on JB[3] relative to clock(s) sys_clk_pin
Related violations: <none>

TIMING-18#26 Warning
Missing input or output delay  
An output delay is missing on JB[4] relative to clock(s) sys_clk_pin
Related violations: <none>

TIMING-18#27 Warning
Missing input or output delay  
An output delay is missing on JB[5] relative to clock(s) sys_clk_pin
Related violations: <none>

TIMING-18#28 Warning
Missing input or output delay  
An output delay is missing on JB[6] relative to clock(s) sys_clk_pin
Related violations: <none>

TIMING-18#29 Warning
Missing input or output delay  
An output delay is missing on JB[7] relative to clock(s) sys_clk_pin
Related violations: <none>

TIMING-18#30 Warning
Missing input or output delay  
An output delay is missing on VGA_Hsync relative to clock(s) sys_clk_pin
Related violations: <none>

TIMING-18#31 Warning
Missing input or output delay  
An output delay is missing on VGA_RGB[0] relative to clock(s) sys_clk_pin
Related violations: <none>

TIMING-18#32 Warning
Missing input or output delay  
An output delay is missing on VGA_RGB[10] relative to clock(s) sys_clk_pin
Related violations: <none>

TIMING-18#33 Warning
Missing input or output delay  
An output delay is missing on VGA_RGB[11] relative to clock(s) sys_clk_pin
Related violations: <none>

TIMING-18#34 Warning
Missing input or output delay  
An output delay is missing on VGA_RGB[1] relative to clock(s) sys_clk_pin
Related violations: <none>

TIMING-18#35 Warning
Missing input or output delay  
An output delay is missing on VGA_RGB[2] relative to clock(s) sys_clk_pin
Related violations: <none>

TIMING-18#36 Warning
Missing input or output delay  
An output delay is missing on VGA_RGB[3] relative to clock(s) sys_clk_pin
Related violations: <none>

TIMING-18#37 Warning
Missing input or output delay  
An output delay is missing on VGA_RGB[4] relative to clock(s) sys_clk_pin
Related violations: <none>

TIMING-18#38 Warning
Missing input or output delay  
An output delay is missing on VGA_RGB[5] relative to clock(s) sys_clk_pin
Related violations: <none>

TIMING-18#39 Warning
Missing input or output delay  
An output delay is missing on VGA_RGB[6] relative to clock(s) sys_clk_pin
Related violations: <none>

TIMING-18#40 Warning
Missing input or output delay  
An output delay is missing on VGA_RGB[7] relative to clock(s) sys_clk_pin
Related violations: <none>

TIMING-18#41 Warning
Missing input or output delay  
An output delay is missing on VGA_RGB[8] relative to clock(s) sys_clk_pin
Related violations: <none>

TIMING-18#42 Warning
Missing input or output delay  
An output delay is missing on VGA_RGB[9] relative to clock(s) sys_clk_pin
Related violations: <none>

TIMING-18#43 Warning
Missing input or output delay  
An output delay is missing on VGA_Vsync relative to clock(s) sys_clk_pin
Related violations: <none>

TIMING-18#44 Warning
Missing input or output delay  
An output delay is missing on current_main_mode[0] relative to clock(s) sys_clk_pin
Related violations: <none>

TIMING-18#45 Warning
Missing input or output delay  
An output delay is missing on current_main_mode[1] relative to clock(s) sys_clk_pin
Related violations: <none>

TIMING-18#46 Warning
Missing input or output delay  
An output delay is missing on current_main_mode[2] relative to clock(s) sys_clk_pin
Related violations: <none>

TIMING-18#47 Warning
Missing input or output delay  
An output delay is missing on led[0] relative to clock(s) sys_clk_pin
Related violations: <none>

TIMING-18#48 Warning
Missing input or output delay  
An output delay is missing on led[10] relative to clock(s) sys_clk_pin
Related violations: <none>

TIMING-18#49 Warning
Missing input or output delay  
An output delay is missing on led[11] relative to clock(s) sys_clk_pin
Related violations: <none>

TIMING-18#50 Warning
Missing input or output delay  
An output delay is missing on led[12] relative to clock(s) sys_clk_pin
Related violations: <none>

TIMING-18#51 Warning
Missing input or output delay  
An output delay is missing on led[13] relative to clock(s) sys_clk_pin
Related violations: <none>

TIMING-18#52 Warning
Missing input or output delay  
An output delay is missing on led[1] relative to clock(s) sys_clk_pin
Related violations: <none>

TIMING-18#53 Warning
Missing input or output delay  
An output delay is missing on led[2] relative to clock(s) sys_clk_pin
Related violations: <none>

TIMING-18#54 Warning
Missing input or output delay  
An output delay is missing on led[3] relative to clock(s) sys_clk_pin
Related violations: <none>

TIMING-18#55 Warning
Missing input or output delay  
An output delay is missing on led[4] relative to clock(s) sys_clk_pin
Related violations: <none>

TIMING-18#56 Warning
Missing input or output delay  
An output delay is missing on led[5] relative to clock(s) sys_clk_pin
Related violations: <none>

TIMING-18#57 Warning
Missing input or output delay  
An output delay is missing on led[6] relative to clock(s) sys_clk_pin
Related violations: <none>

TIMING-18#58 Warning
Missing input or output delay  
An output delay is missing on led[7] relative to clock(s) sys_clk_pin
Related violations: <none>

TIMING-18#59 Warning
Missing input or output delay  
An output delay is missing on led[8] relative to clock(s) sys_clk_pin
Related violations: <none>

TIMING-18#60 Warning
Missing input or output delay  
An output delay is missing on led[9] relative to clock(s) sys_clk_pin
Related violations: <none>


