
*** Running vivado
    with args -log Top_Student.vds -m64 -product Vivado -mode batch -messageDb vivado.pb -notrace -source Top_Student.tcl


****** Vivado v2018.2 (64-bit)
  **** SW Build 2258646 on Thu Jun 14 20:03:12 MDT 2018
  **** IP Build 2256618 on Thu Jun 14 22:10:49 MDT 2018
    ** Copyright 1986-2018 Xilinx, Inc. All Rights Reserved.

source Top_Student.tcl -notrace
Command: synth_design -top Top_Student -part xc7a35tcpg236-1
Starting synth_design
Attempting to get a license for feature 'Synthesis' and/or device 'xc7a35t'
INFO: [Common 17-349] Got license for feature 'Synthesis' and/or device 'xc7a35t'
INFO: Launching helper process for spawning children vivado processes
INFO: Helper process launched with PID 4308 
WARNING: [Synth 8-992] shared_equation_buffer is already implicitly declared earlier [C:/Users/xiang/ee2026_Project/consolidated_sources/sources/features/parser/key_to_ascii_converter.v:371]
WARNING: [Synth 8-992] shared_equation_length is already implicitly declared earlier [C:/Users/xiang/ee2026_Project/consolidated_sources/sources/features/parser/key_to_ascii_converter.v:372]
WARNING: [Synth 8-992] shared_equation_buffer is already implicitly declared earlier [C:/Users/xiang/ee2026_Project/consolidated_sources/sources/Top_Student/main.v:267]
WARNING: [Synth 8-992] shared_equation_length is already implicitly declared earlier [C:/Users/xiang/ee2026_Project/consolidated_sources/sources/Top_Student/main.v:268]
WARNING: [Synth 8-2490] overwriting previous definition of module Top_Student [C:/Users/xiang/ee2026_Project/consolidated_sources/sources/Top_Student/main.v:11]
---------------------------------------------------------------------------------
Starting RTL Elaboration : Time (s): cpu = 00:00:02 ; elapsed = 00:00:02 . Memory (MB): peak = 398.328 ; gain = 111.445
---------------------------------------------------------------------------------
INFO: [Synth 8-6157] synthesizing module 'Top_Student' [C:/Users/xiang/ee2026_Project/consolidated_sources/sources/Top_Student/main.v:11]
	Parameter MODE_OFF bound to: 3'b000 
	Parameter MODE_WELCOME bound to: 3'b001 
	Parameter MODE_CALCULATOR bound to: 3'b010 
	Parameter MODE_GRAPHER bound to: 3'b011 
	Parameter MODE_POLY bound to: 3'b100 
INFO: [Synth 8-6157] synthesizing module 'display_handler' [C:/Users/xiang/ee2026_Project/consolidated_sources/sources/Accessories/display_handler.v:3]
INFO: [Synth 8-6157] synthesizing module 'flexible_timer' [C:/Users/xiang/ee2026_Project/consolidated_sources/sources/Accessories/flexible_timer.v:3]
	Parameter BASYS_CLOCK bound to: 100000000 - type: integer 
INFO: [Synth 8-6155] done synthesizing module 'flexible_timer' (1#1) [C:/Users/xiang/ee2026_Project/consolidated_sources/sources/Accessories/flexible_timer.v:3]
INFO: [Synth 8-6157] synthesizing module 'Oled_Display' [C:/Users/xiang/ee2026_Project/consolidated_sources/sources/Accessories/Oled_Display.v:36]
	Parameter Width bound to: 96 - type: integer 
	Parameter Height bound to: 64 - type: integer 
	Parameter PixelCount bound to: 6144 - type: integer 
	Parameter PixelCountWidth bound to: 13 - type: integer 
	Parameter ClkFreq bound to: 6250000 - type: integer 
	Parameter FrameFreq bound to: 60 - type: integer 
	Parameter FrameDiv bound to: 104166 - type: integer 
	Parameter FrameDivWidth bound to: 17 - type: integer 
	Parameter PowerDelay bound to: 20 - type: integer 
	Parameter ResetDelay bound to: 3 - type: integer 
	Parameter VccEnDelay bound to: 20 - type: integer 
	Parameter StartupCompleteDelay bound to: 100 - type: integer 
	Parameter MaxDelay bound to: 100 - type: integer 
	Parameter MaxDelayCount bound to: 625000 - type: integer 
	Parameter StateCount bound to: 32 - type: integer 
	Parameter StateWidth bound to: 5 - type: integer 
	Parameter PowerUp bound to: 5'b00000 
	Parameter Reset bound to: 5'b00001 
	Parameter ReleaseReset bound to: 5'b00011 
	Parameter EnableDriver bound to: 5'b00010 
	Parameter DisplayOff bound to: 5'b00110 
	Parameter SetRemapDisplayFormat bound to: 5'b00111 
	Parameter SetStartLine bound to: 5'b00101 
	Parameter SetOffset bound to: 5'b00100 
	Parameter SetNormalDisplay bound to: 5'b01100 
	Parameter SetMultiplexRatio bound to: 5'b01101 
	Parameter SetMasterConfiguration bound to: 5'b01111 
	Parameter DisablePowerSave bound to: 5'b01110 
	Parameter SetPhaseAdjust bound to: 5'b01010 
	Parameter SetDisplayClock bound to: 5'b01011 
	Parameter SetSecondPrechargeA bound to: 5'b01001 
	Parameter SetSecondPrechargeB bound to: 5'b01000 
	Parameter SetSecondPrechargeC bound to: 5'b11000 
	Parameter SetPrechargeLevel bound to: 5'b11001 
	Parameter SetVCOMH bound to: 5'b11011 
	Parameter SetMasterCurrent bound to: 5'b11010 
	Parameter SetContrastA bound to: 5'b11110 
	Parameter SetContrastB bound to: 5'b11111 
	Parameter SetContrastC bound to: 5'b11101 
	Parameter DisableScrolling bound to: 5'b11100 
	Parameter ClearScreen bound to: 5'b10100 
	Parameter VccEn bound to: 5'b10101 
	Parameter DisplayOn bound to: 5'b10111 
	Parameter PrepareNextFrame bound to: 5'b10110 
	Parameter SetColAddress bound to: 5'b10010 
	Parameter SetRowAddress bound to: 5'b10011 
	Parameter WaitNextFrame bound to: 5'b10001 
	Parameter SendPixel bound to: 5'b10000 
	Parameter SpiCommandMaxWidth bound to: 40 - type: integer 
	Parameter SpiCommandBitCountWidth bound to: 6 - type: integer 
INFO: [Synth 8-226] default block is never used [C:/Users/xiang/ee2026_Project/consolidated_sources/sources/Accessories/Oled_Display.v:123]
INFO: [Synth 8-226] default block is never used [C:/Users/xiang/ee2026_Project/consolidated_sources/sources/Accessories/Oled_Display.v:198]
WARNING: [Synth 8-693] zero replication count - replication ignored [C:/Users/xiang/ee2026_Project/consolidated_sources/sources/Accessories/Oled_Display.v:346]
INFO: [Synth 8-6155] done synthesizing module 'Oled_Display' (2#1) [C:/Users/xiang/ee2026_Project/consolidated_sources/sources/Accessories/Oled_Display.v:36]
WARNING: [Synth 8-350] instance 'oled_display_inst' of module 'Oled_Display' requires 14 connections, but only 10 given [C:/Users/xiang/ee2026_Project/consolidated_sources/sources/Accessories/display_handler.v:28]
INFO: [Synth 8-6157] synthesizing module 'vga_sync' [C:/Users/xiang/ee2026_Project/consolidated_sources/sources/Accessories/vga_sync.v:1]
	Parameter H_DISPLAY bound to: 640 - type: integer 
	Parameter H_L_BORDER bound to: 48 - type: integer 
	Parameter H_R_BORDER bound to: 16 - type: integer 
	Parameter H_RETRACE bound to: 96 - type: integer 
	Parameter H_MAX bound to: 799 - type: integer 
	Parameter START_H_RETRACE bound to: 656 - type: integer 
	Parameter END_H_RETRACE bound to: 751 - type: integer 
	Parameter V_DISPLAY bound to: 480 - type: integer 
	Parameter V_T_BORDER bound to: 10 - type: integer 
	Parameter V_B_BORDER bound to: 33 - type: integer 
	Parameter V_RETRACE bound to: 2 - type: integer 
	Parameter V_MAX bound to: 524 - type: integer 
	Parameter START_V_RETRACE bound to: 513 - type: integer 
	Parameter END_V_RETRACE bound to: 514 - type: integer 
INFO: [Synth 8-6155] done synthesizing module 'vga_sync' (3#1) [C:/Users/xiang/ee2026_Project/consolidated_sources/sources/Accessories/vga_sync.v:1]
INFO: [Synth 8-6155] done synthesizing module 'display_handler' (4#1) [C:/Users/xiang/ee2026_Project/consolidated_sources/sources/Accessories/display_handler.v:3]
INFO: [Synth 8-6157] synthesizing module 'button_debouncer_array' [C:/Users/xiang/ee2026_Project/consolidated_sources/sources/Accessories/debouncer.v:50]
INFO: [Synth 8-6157] synthesizing module 'debouncer' [C:/Users/xiang/ee2026_Project/consolidated_sources/sources/Accessories/debouncer.v:3]
	Parameter DEBOUNCE_COUNT bound to: 4999999 - type: integer 
INFO: [Synth 8-6155] done synthesizing module 'debouncer' (5#1) [C:/Users/xiang/ee2026_Project/consolidated_sources/sources/Accessories/debouncer.v:3]
INFO: [Synth 8-6155] done synthesizing module 'button_debouncer_array' (6#1) [C:/Users/xiang/ee2026_Project/consolidated_sources/sources/Accessories/debouncer.v:50]
INFO: [Synth 8-6157] synthesizing module 'off_module' [C:/Users/xiang/ee2026_Project/consolidated_sources/sources/Submodules/off_module.v:3]
INFO: [Synth 8-6155] done synthesizing module 'off_module' (7#1) [C:/Users/xiang/ee2026_Project/consolidated_sources/sources/Submodules/off_module.v:3]
INFO: [Synth 8-6157] synthesizing module 'welcome_mode_module' [C:/Users/xiang/ee2026_Project/consolidated_sources/sources/Submodules/welcome_mode/welcome_mode_module.v:3]
	Parameter MODE_WELCOME bound to: 3'b001 
INFO: [Synth 8-6157] synthesizing module 'welcome_drawer_oled' [C:/Users/xiang/ee2026_Project/consolidated_sources/sources/Submodules/welcome_mode/welcome_drawer_oled.v:3]
INFO: [Synth 8-6155] done synthesizing module 'welcome_drawer_oled' (8#1) [C:/Users/xiang/ee2026_Project/consolidated_sources/sources/Submodules/welcome_mode/welcome_drawer_oled.v:3]
INFO: [Synth 8-6157] synthesizing module 'welcome_drawer_vga' [C:/Users/xiang/ee2026_Project/consolidated_sources/sources/Submodules/welcome_mode/welcome_drawer_vga.v:3]
	Parameter MODE_OFF bound to: 3'b000 
	Parameter MODE_WELCOME bound to: 3'b001 
	Parameter MODE_CALCULATOR bound to: 3'b010 
	Parameter MODE_GRAPHER bound to: 3'b011 
	Parameter MODE_POLY bound to: 3'b100 
	Parameter H_RES bound to: 640 - type: integer 
	Parameter V_RES bound to: 480 - type: integer 
	Parameter FONT_WIDTH bound to: 8 - type: integer 
	Parameter FONT_HEIGHT bound to: 8 - type: integer 
	Parameter CHAR_COUNT_ROW_1 bound to: 6 - type: integer 
	Parameter X_START_ROW_1 bound to: 296 - type: integer 
	Parameter Y_START_ROW_1 bound to: 208 - type: integer 
	Parameter CHAR_COUNT_ROW_2 bound to: 10 - type: integer 
	Parameter X_START_ROW_2 bound to: 280 - type: integer 
	Parameter Y_START_ROW_2 bound to: 224 - type: integer 
	Parameter CHAR_COUNT_ROW_3 bound to: 10 - type: integer 
	Parameter X_START_ROW_3 bound to: 280 - type: integer 
	Parameter Y_START_ROW_3 bound to: 272 - type: integer 
	Parameter CHAR_COUNT_ROW_4 bound to: 7 - type: integer 
	Parameter X_START_ROW_4 bound to: 292 - type: integer 
	Parameter Y_START_ROW_4 bound to: 308 - type: integer 
	Parameter CHAR_COUNT_ROW_5 bound to: 10 - type: integer 
	Parameter X_START_ROW_5 bound to: 280 - type: integer 
	Parameter Y_START_ROW_5 bound to: 344 - type: integer 
	Parameter SELECTION_COLOR bound to: 12'b000000000000 
	Parameter SELECTION_BG_COLOR bound to: 12'b111111111111 
	Parameter TEXT_COLOR bound to: 12'b111111111111 
	Parameter BG_COLOR bound to: 12'b000000000000 
INFO: [Synth 8-6157] synthesizing module 'blk_mem_gen_font' [C:/Users/xiang/ee2026_Project/project_gner/project_gner.runs/synth_1/.Xil/Vivado-38456-Plup1/realtime/blk_mem_gen_font_stub.v:6]
INFO: [Synth 8-6155] done synthesizing module 'blk_mem_gen_font' (9#1) [C:/Users/xiang/ee2026_Project/project_gner/project_gner.runs/synth_1/.Xil/Vivado-38456-Plup1/realtime/blk_mem_gen_font_stub.v:6]
WARNING: [Synth 8-350] instance 'font_rom_inst' of module 'blk_mem_gen_font' requires 6 connections, but only 4 given [C:/Users/xiang/ee2026_Project/consolidated_sources/sources/Submodules/welcome_mode/welcome_drawer_vga.v:132]
WARNING: [Synth 8-6014] Unused sequential element char_index_reg_reg was removed.  [C:/Users/xiang/ee2026_Project/consolidated_sources/sources/Submodules/welcome_mode/welcome_drawer_vga.v:202]
INFO: [Synth 8-6155] done synthesizing module 'welcome_drawer_vga' (10#1) [C:/Users/xiang/ee2026_Project/consolidated_sources/sources/Submodules/welcome_mode/welcome_drawer_vga.v:3]
INFO: [Synth 8-6155] done synthesizing module 'welcome_mode_module' (11#1) [C:/Users/xiang/ee2026_Project/consolidated_sources/sources/Submodules/welcome_mode/welcome_mode_module.v:3]
WARNING: [Synth 8-350] instance 'welcome_mode_module_inst' of module 'welcome_mode_module' requires 12 connections, but only 11 given [C:/Users/xiang/ee2026_Project/consolidated_sources/sources/Top_Student/main.v:185]
INFO: [Synth 8-6157] synthesizing module 'oled_keypad' [C:/Users/xiang/ee2026_Project/consolidated_sources/sources/features/keypad/oled_keypad.v:6]
	Parameter OLED_WIDTH bound to: 96 - type: integer 
	Parameter OLED_HEIGHT bound to: 64 - type: integer 
	Parameter INPUT_Y_START bound to: 0 - type: integer 
	Parameter INPUT_Y_END bound to: 7 - type: integer 
	Parameter KEYPAD_Y_START bound to: 12 - type: integer 
	Parameter PAGE_NUMBERS bound to: 1'b0 
	Parameter PAGE_FUNCTIONS bound to: 1'b1 
	Parameter WHITE bound to: 16'b1111111111111111 
	Parameter BLACK bound to: 16'b0000000000000000 
	Parameter PAGE1_ROWS bound to: 4 - type: integer 
	Parameter PAGE1_COLS bound to: 5 - type: integer 
	Parameter PAGE1_CELL_WIDTH bound to: 19 - type: integer 
	Parameter PAGE1_CELL_HEIGHT bound to: 13 - type: integer 
	Parameter PAGE1_X_START bound to: 0 - type: integer 
	Parameter PAGE2_ROWS bound to: 3 - type: integer 
	Parameter PAGE2_COLS bound to: 3 - type: integer 
	Parameter PAGE2_CELL_WIDTH bound to: 32 - type: integer 
	Parameter PAGE2_CELL_HEIGHT bound to: 17 - type: integer 
	Parameter PAGE2_X_START bound to: 0 - type: integer 
	Parameter CHAR_SQRT bound to: 8'b11111011 
	Parameter CHAR_PI bound to: 8'b11100011 
	Parameter KEY_0 bound to: 5'b00000 
	Parameter KEY_1 bound to: 5'b00001 
	Parameter KEY_2 bound to: 5'b00010 
	Parameter KEY_3 bound to: 5'b00011 
	Parameter KEY_4 bound to: 5'b00100 
	Parameter KEY_5 bound to: 5'b00101 
	Parameter KEY_6 bound to: 5'b00110 
	Parameter KEY_7 bound to: 5'b00111 
	Parameter KEY_8 bound to: 5'b01000 
	Parameter KEY_9 bound to: 5'b01001 
	Parameter KEY_ADD bound to: 5'b01010 
	Parameter KEY_SUB bound to: 5'b01011 
	Parameter KEY_MUL bound to: 5'b01100 
	Parameter KEY_DIV bound to: 5'b01101 
	Parameter KEY_POW bound to: 5'b01110 
	Parameter KEY_SIN bound to: 5'b01111 
	Parameter KEY_COS bound to: 5'b10000 
	Parameter KEY_TAN bound to: 5'b10001 
	Parameter KEY_LN bound to: 5'b10010 
	Parameter KEY_SQRT bound to: 5'b10011 
	Parameter KEY_PI bound to: 5'b10100 
	Parameter KEY_E bound to: 5'b10101 
	Parameter KEY_DOT bound to: 5'b10110 
	Parameter KEY_EQUAL bound to: 5'b10111 
	Parameter KEY_CLEAR bound to: 5'b11000 
	Parameter KEY_LPAREN bound to: 5'b11001 
	Parameter KEY_RPAREN bound to: 5'b11010 
	Parameter KEY_DELETE bound to: 5'b11011 
	Parameter KEY_FACTORIAL bound to: 5'b11100 
INFO: [Synth 8-155] case statement is not full and has no default [C:/Users/xiang/ee2026_Project/consolidated_sources/sources/features/keypad/oled_keypad.v:410]
INFO: [Synth 8-4471] merging register 'vga_output_complete_reg' into 'vga_output_valid_reg' [C:/Users/xiang/ee2026_Project/consolidated_sources/sources/features/keypad/oled_keypad.v:119]
WARNING: [Synth 8-6014] Unused sequential element vga_output_complete_reg was removed.  [C:/Users/xiang/ee2026_Project/consolidated_sources/sources/features/keypad/oled_keypad.v:119]
INFO: [Synth 8-6155] done synthesizing module 'oled_keypad' (12#1) [C:/Users/xiang/ee2026_Project/consolidated_sources/sources/features/keypad/oled_keypad.v:6]
WARNING: [Synth 8-350] instance 'oled_keypad_inst' of module 'oled_keypad' requires 16 connections, but only 12 given [C:/Users/xiang/ee2026_Project/consolidated_sources/sources/Top_Student/main.v:222]
INFO: [Synth 8-6157] synthesizing module 'key_to_ascii_converter' [C:/Users/xiang/ee2026_Project/consolidated_sources/sources/features/parser/key_to_ascii_converter.v:8]
	Parameter KEY_0 bound to: 5'b00000 
	Parameter KEY_1 bound to: 5'b00001 
	Parameter KEY_2 bound to: 5'b00010 
	Parameter KEY_3 bound to: 5'b00011 
	Parameter KEY_4 bound to: 5'b00100 
	Parameter KEY_5 bound to: 5'b00101 
	Parameter KEY_6 bound to: 5'b00110 
	Parameter KEY_7 bound to: 5'b00111 
	Parameter KEY_8 bound to: 5'b01000 
	Parameter KEY_9 bound to: 5'b01001 
	Parameter KEY_ADD bound to: 5'b01010 
	Parameter KEY_SUB bound to: 5'b01011 
	Parameter KEY_MUL bound to: 5'b01100 
	Parameter KEY_DIV bound to: 5'b01101 
	Parameter KEY_POW bound to: 5'b01110 
	Parameter KEY_SIN bound to: 5'b01111 
	Parameter KEY_COS bound to: 5'b10000 
	Parameter KEY_TAN bound to: 5'b10001 
	Parameter KEY_LN bound to: 5'b10010 
	Parameter KEY_SQRT bound to: 5'b10011 
	Parameter KEY_PI bound to: 5'b10100 
	Parameter KEY_E bound to: 5'b10101 
	Parameter KEY_DOT bound to: 5'b10110 
	Parameter KEY_EQUAL bound to: 5'b10111 
	Parameter KEY_CLEAR bound to: 5'b11000 
	Parameter KEY_LPAREN bound to: 5'b11001 
	Parameter KEY_RPAREN bound to: 5'b11010 
	Parameter KEY_DELETE bound to: 5'b11011 
	Parameter KEY_FACTORIAL bound to: 5'b11100 
INFO: [Synth 8-6155] done synthesizing module 'key_to_ascii_converter' (13#1) [C:/Users/xiang/ee2026_Project/consolidated_sources/sources/features/parser/key_to_ascii_converter.v:8]
WARNING: [Synth 8-350] instance 'ascii_converter_inst' of module 'key_to_ascii_converter' requires 9 connections, but only 6 given [C:/Users/xiang/ee2026_Project/consolidated_sources/sources/Top_Student/main.v:244]
INFO: [Synth 8-6157] synthesizing module 'calc_mode_module' [C:/Users/xiang/ee2026_Project/consolidated_sources/sources/Submodules/calc_mode_module.v:10]
	Parameter TEXT_BOX_Y_START bound to: 25 - type: integer 
	Parameter TEXT_BOX_Y_END bound to: 65 - type: integer 
	Parameter TEXT_BOX_X_START bound to: 60 - type: integer 
	Parameter TEXT_BOX_X_END bound to: 580 - type: integer 
	Parameter CHAR_WIDTH bound to: 8 - type: integer 
	Parameter CHAR_HEIGHT bound to: 8 - type: integer 
	Parameter TEXT_START_X bound to: 68 - type: integer 
	Parameter TEXT_START_Y bound to: 41 - type: integer 
INFO: [Synth 8-6155] done synthesizing module 'calc_mode_module' (14#1) [C:/Users/xiang/ee2026_Project/consolidated_sources/sources/Submodules/calc_mode_module.v:10]
INFO: [Synth 8-6157] synthesizing module 'graph_mode_module' [C:/Users/xiang/ee2026_Project/consolidated_sources/sources/Submodules/graph_mode_module.v:10]
	Parameter TEXT_BOX_Y_START bound to: 25 - type: integer 
	Parameter TEXT_BOX_Y_END bound to: 65 - type: integer 
	Parameter TEXT_BOX_X_START bound to: 60 - type: integer 
	Parameter TEXT_BOX_X_END bound to: 580 - type: integer 
	Parameter GRAPH_Y_START bound to: 75 - type: integer 
	Parameter GRAPH_Y_END bound to: 470 - type: integer 
	Parameter CHAR_WIDTH bound to: 8 - type: integer 
	Parameter CHAR_HEIGHT bound to: 8 - type: integer 
	Parameter TEXT_START_X bound to: 68 - type: integer 
	Parameter TEXT_START_Y bound to: 41 - type: integer 
INFO: [Synth 8-6155] done synthesizing module 'graph_mode_module' (15#1) [C:/Users/xiang/ee2026_Project/consolidated_sources/sources/Submodules/graph_mode_module.v:10]
INFO: [Synth 8-6157] synthesizing module 'poly_mode_module' [C:/Users/xiang/ee2026_Project/consolidated_sources/sources/features/polynomial/poly_mode_module.v:3]
	Parameter MODE_POLY bound to: 3'b100 
	Parameter ASCII_C_UPPER bound to: 8'b01000011 
	Parameter ASCII_C_LOWER bound to: 8'b01100011 
	Parameter ASCII_D_UPPER bound to: 8'b01000100 
	Parameter ASCII_D_LOWER bound to: 8'b01100100 
	Parameter ASCII_EQUALS bound to: 8'b00111101 
	Parameter ASCII_DIGIT_0 bound to: 8'b00110000 
	Parameter ASCII_DIGIT_9 bound to: 8'b00111001 
	Parameter ASCII_DOT bound to: 8'b00101110 
	Parameter ASCII_MINUS bound to: 8'b00101101 
	Parameter ASCII_SPACE bound to: 8'b00100000 
INFO: [Synth 8-6157] synthesizing module 'poly_drawer_vga' [C:/Users/xiang/ee2026_Project/consolidated_sources/sources/features/polynomial/poly_drawer_vga.v:1]
	Parameter H_RES bound to: 640 - type: integer 
	Parameter V_RES bound to: 480 - type: integer 
	Parameter FONT_WIDTH bound to: 8 - type: integer 
	Parameter FONT_HEIGHT bound to: 8 - type: integer 
	Parameter BG_COLOR bound to: 12'b000000000000 
	Parameter TEXT_COLOR bound to: 12'b111111111111 
	Parameter ACTIVE_BG bound to: 12'b010001000000 
	Parameter BOX_COLOR bound to: 12'b111111111111 
INFO: [Synth 8-6155] done synthesizing module 'poly_drawer_vga' (16#1) [C:/Users/xiang/ee2026_Project/consolidated_sources/sources/features/polynomial/poly_drawer_vga.v:1]
WARNING: [Synth 8-689] width (2) of port connection 'active_coeff_index' does not match port width (3) of module 'poly_drawer_vga' [C:/Users/xiang/ee2026_Project/consolidated_sources/sources/features/polynomial/poly_mode_module.v:345]
INFO: [Synth 8-6155] done synthesizing module 'poly_mode_module' (17#1) [C:/Users/xiang/ee2026_Project/consolidated_sources/sources/features/polynomial/poly_mode_module.v:3]
WARNING: [Synth 8-350] instance 'poly_mode_inst' of module 'poly_mode_module' requires 32 connections, but only 30 given [C:/Users/xiang/ee2026_Project/consolidated_sources/sources/Top_Student/main.v:526]
INFO: [Synth 8-6157] synthesizing module 'poly_solver' [C:/Users/xiang/ee2026_Project/consolidated_sources/sources/features/polynomial/poly_solver.v:22]
	Parameter IO_BITS bound to: 24 - type: integer 
	Parameter IO_FRAC bound to: 6 - type: integer 
	Parameter INT_BITS bound to: 32 - type: integer 
	Parameter INT_FRAC bound to: 14 - type: integer 
	Parameter SHIFT_IO_TO_INT bound to: 8 - type: integer 
	Parameter SHIFT_INT_TO_IO bound to: 8 - type: integer 
	Parameter MAX_ITER bound to: 20 - type: integer 
	Parameter TIMEOUT_LIMIT bound to: 16'b0001001110001000 
	Parameter IDLE bound to: 0 - type: integer 
	Parameter NORMALIZE bound to: 1 - type: integer 
	Parameter CLASSIFY_CALC bound to: 2 - type: integer 
	Parameter CLASSIFY_PIPE bound to: 3 - type: integer 
	Parameter CLASSIFY_EVAL bound to: 4 - type: integer 
	Parameter NR_INIT bound to: 5 - type: integer 
	Parameter NR_X2_CALC bound to: 6 - type: integer 
	Parameter NR_X2_PIPE bound to: 7 - type: integer 
	Parameter NR_X2_STORE bound to: 8 - type: integer 
	Parameter NR_X3_CALC bound to: 9 - type: integer 
	Parameter NR_X3_PIPE bound to: 10 - type: integer 
	Parameter NR_X3_STORE bound to: 11 - type: integer 
	Parameter NR_FX_CALC bound to: 12 - type: integer 
	Parameter NR_FX_PIPE bound to: 13 - type: integer 
	Parameter NR_FX_SUM bound to: 14 - type: integer 
	Parameter NR_FPX_CALC bound to: 15 - type: integer 
	Parameter NR_FPX_PIPE bound to: 16 - type: integer 
	Parameter NR_FPX_SUM bound to: 17 - type: integer 
	Parameter NR_DIV_REQ bound to: 18 - type: integer 
	Parameter NR_DIV_WAIT bound to: 19 - type: integer 
	Parameter NR_UPDATE bound to: 20 - type: integer 
	Parameter DEFLATE_X2_CALC bound to: 21 - type: integer 
	Parameter DEFLATE_X2_PIPE bound to: 22 - type: integer 
	Parameter DEFLATE_X2_STORE bound to: 23 - type: integer 
	Parameter DEFLATE_X3_CALC bound to: 24 - type: integer 
	Parameter DEFLATE_X3_PIPE bound to: 25 - type: integer 
	Parameter DEFLATE_X3_STORE bound to: 26 - type: integer 
	Parameter DEFLATE_FX_CHECK_CALC bound to: 27 - type: integer 
	Parameter DEFLATE_FX_CHECK_PIPE bound to: 28 - type: integer 
	Parameter DEFLATE_FX_CHECK_SUM bound to: 29 - type: integer 
	Parameter DEFLATE_COEFF_CALC bound to: 30 - type: integer 
	Parameter DEFLATE_COEFF_PIPE bound to: 31 - type: integer 
	Parameter DEFLATE_COEFF_SUM bound to: 32 - type: integer 
	Parameter DEFLATE_EVAL bound to: 33 - type: integer 
	Parameter QUAD_INIT_CALC bound to: 34 - type: integer 
	Parameter QUAD_INIT_PIPE bound to: 35 - type: integer 
	Parameter QUAD_INIT_SUM bound to: 36 - type: integer 
	Parameter QUAD_SQRT_START bound to: 37 - type: integer 
	Parameter QUAD_SQRT_WAIT bound to: 38 - type: integer 
	Parameter QUAD_PREP bound to: 39 - type: integer 
	Parameter QUAD_DIV1_REQ bound to: 40 - type: integer 
	Parameter QUAD_DIV1_WAIT bound to: 41 - type: integer 
	Parameter QUAD_DIV2_REQ bound to: 42 - type: integer 
	Parameter QUAD_DIV2_WAIT bound to: 43 - type: integer 
	Parameter QUAD_SOLVE bound to: 44 - type: integer 
	Parameter OUTPUT bound to: 45 - type: integer 
	Parameter ERROR bound to: 46 - type: integer 
	Parameter ARB_IDLE bound to: 0 - type: integer 
	Parameter ARB_BUSY_MAIN bound to: 1 - type: integer 
	Parameter ARB_BUSY_SQRT bound to: 2 - type: integer 
INFO: [Synth 8-6157] synthesizing module 'divider_generator_0' [C:/Users/xiang/ee2026_Project/project_gner/project_gner.runs/synth_1/.Xil/Vivado-38456-Plup1/realtime/divider_generator_0_stub.v:6]
INFO: [Synth 8-6155] done synthesizing module 'divider_generator_0' (18#1) [C:/Users/xiang/ee2026_Project/project_gner/project_gner.runs/synth_1/.Xil/Vivado-38456-Plup1/realtime/divider_generator_0_stub.v:6]
INFO: [Synth 8-6157] synthesizing module 'sqrt_iterative' [C:/Users/xiang/ee2026_Project/consolidated_sources/sources/features/polynomial/sqrt_iterative.v:19]
	Parameter IDLE bound to: 0 - type: integer 
	Parameter INIT bound to: 32'sb00000000000000000000000000000001 
	Parameter DIV_WAIT bound to: 2 - type: integer 
	Parameter CHECK bound to: 3 - type: integer 
	Parameter MAX_SQRT_ITER bound to: 10 - type: integer 
	Parameter DIV_TIMEOUT bound to: 250 - type: integer 
INFO: [Synth 8-226] default block is never used [C:/Users/xiang/ee2026_Project/consolidated_sources/sources/features/polynomial/sqrt_iterative.v:72]
WARNING: [Synth 8-6014] Unused sequential element diff_reg was removed.  [C:/Users/xiang/ee2026_Project/consolidated_sources/sources/features/polynomial/sqrt_iterative.v:62]
INFO: [Synth 8-6155] done synthesizing module 'sqrt_iterative' (19#1) [C:/Users/xiang/ee2026_Project/consolidated_sources/sources/features/polynomial/sqrt_iterative.v:19]
INFO: [Synth 8-155] case statement is not full and has no default [C:/Users/xiang/ee2026_Project/consolidated_sources/sources/features/polynomial/poly_solver.v:181]
WARNING: [Synth 8-6014] Unused sequential element norm_shift_reg was removed.  [C:/Users/xiang/ee2026_Project/consolidated_sources/sources/features/polynomial/poly_solver.v:262]
WARNING: [Synth 8-6014] Unused sequential element a_temp_reg was removed.  [C:/Users/xiang/ee2026_Project/consolidated_sources/sources/features/polynomial/poly_solver.v:323]
WARNING: [Synth 8-6014] Unused sequential element x_new_reg was removed.  [C:/Users/xiang/ee2026_Project/consolidated_sources/sources/features/polynomial/poly_solver.v:506]
WARNING: [Synth 8-5788] Register main_fsm_dividend_reg in module poly_solver is has both Set and reset with same priority. This may cause simulation mismatches. Consider rewriting code  [C:/Users/xiang/ee2026_Project/consolidated_sources/sources/features/polynomial/poly_solver.v:488]
WARNING: [Synth 8-5788] Register main_fsm_divisor_reg in module poly_solver is has both Set and reset with same priority. This may cause simulation mismatches. Consider rewriting code  [C:/Users/xiang/ee2026_Project/consolidated_sources/sources/features/polynomial/poly_solver.v:489]
WARNING: [Synth 8-5788] Register fx_check_reg in module poly_solver is has both Set and reset with same priority. This may cause simulation mismatches. Consider rewriting code  [C:/Users/xiang/ee2026_Project/consolidated_sources/sources/features/polynomial/poly_solver.v:570]
WARNING: [Synth 8-5788] Register sqrt_input_reg in module poly_solver is has both Set and reset with same priority. This may cause simulation mismatches. Consider rewriting code  [C:/Users/xiang/ee2026_Project/consolidated_sources/sources/features/polynomial/poly_solver.v:151]
WARNING: [Synth 8-5788] Register sqrt_disc_reg in module poly_solver is has both Set and reset with same priority. This may cause simulation mismatches. Consider rewriting code  [C:/Users/xiang/ee2026_Project/consolidated_sources/sources/features/polynomial/poly_solver.v:648]
WARNING: [Synth 8-5788] Register num1_reg in module poly_solver is has both Set and reset with same priority. This may cause simulation mismatches. Consider rewriting code  [C:/Users/xiang/ee2026_Project/consolidated_sources/sources/features/polynomial/poly_solver.v:656]
WARNING: [Synth 8-5788] Register num2_reg in module poly_solver is has both Set and reset with same priority. This may cause simulation mismatches. Consider rewriting code  [C:/Users/xiang/ee2026_Project/consolidated_sources/sources/features/polynomial/poly_solver.v:657]
WARNING: [Synth 8-5788] Register quad_result1_reg in module poly_solver is has both Set and reset with same priority. This may cause simulation mismatches. Consider rewriting code  [C:/Users/xiang/ee2026_Project/consolidated_sources/sources/features/polynomial/poly_solver.v:668]
WARNING: [Synth 8-5788] Register quad_result2_reg in module poly_solver is has both Set and reset with same priority. This may cause simulation mismatches. Consider rewriting code  [C:/Users/xiang/ee2026_Project/consolidated_sources/sources/features/polynomial/poly_solver.v:691]
INFO: [Synth 8-6155] done synthesizing module 'poly_solver' (20#1) [C:/Users/xiang/ee2026_Project/consolidated_sources/sources/features/polynomial/poly_solver.v:22]
INFO: [Synth 8-6155] done synthesizing module 'Top_Student' (21#1) [C:/Users/xiang/ee2026_Project/consolidated_sources/sources/Top_Student/main.v:11]
WARNING: [Synth 8-3917] design Top_Student has port seg[7] driven by constant 1
WARNING: [Synth 8-3917] design Top_Student has port seg[6] driven by constant 1
WARNING: [Synth 8-3917] design Top_Student has port seg[5] driven by constant 1
WARNING: [Synth 8-3917] design Top_Student has port seg[4] driven by constant 1
WARNING: [Synth 8-3917] design Top_Student has port seg[3] driven by constant 1
WARNING: [Synth 8-3917] design Top_Student has port seg[2] driven by constant 1
WARNING: [Synth 8-3917] design Top_Student has port seg[1] driven by constant 1
WARNING: [Synth 8-3917] design Top_Student has port seg[0] driven by constant 1
WARNING: [Synth 8-3917] design Top_Student has port an[3] driven by constant 1
WARNING: [Synth 8-3917] design Top_Student has port an[2] driven by constant 1
WARNING: [Synth 8-3917] design Top_Student has port an[1] driven by constant 1
WARNING: [Synth 8-3917] design Top_Student has port an[0] driven by constant 1
WARNING: [Synth 8-3331] design poly_drawer_vga has unconnected port coeff_a3[23]
WARNING: [Synth 8-3331] design poly_drawer_vga has unconnected port coeff_a3[22]
WARNING: [Synth 8-3331] design poly_drawer_vga has unconnected port coeff_a3[21]
WARNING: [Synth 8-3331] design poly_drawer_vga has unconnected port coeff_a3[20]
WARNING: [Synth 8-3331] design poly_drawer_vga has unconnected port coeff_a3[19]
WARNING: [Synth 8-3331] design poly_drawer_vga has unconnected port coeff_a3[18]
WARNING: [Synth 8-3331] design poly_drawer_vga has unconnected port coeff_a3[17]
WARNING: [Synth 8-3331] design poly_drawer_vga has unconnected port coeff_a3[16]
WARNING: [Synth 8-3331] design poly_drawer_vga has unconnected port coeff_a3[15]
WARNING: [Synth 8-3331] design poly_drawer_vga has unconnected port coeff_a3[14]
WARNING: [Synth 8-3331] design poly_drawer_vga has unconnected port coeff_a3[13]
WARNING: [Synth 8-3331] design poly_drawer_vga has unconnected port coeff_a3[12]
WARNING: [Synth 8-3331] design poly_drawer_vga has unconnected port coeff_a3[11]
WARNING: [Synth 8-3331] design poly_drawer_vga has unconnected port coeff_a3[10]
WARNING: [Synth 8-3331] design poly_drawer_vga has unconnected port coeff_a3[9]
WARNING: [Synth 8-3331] design poly_drawer_vga has unconnected port coeff_a3[8]
WARNING: [Synth 8-3331] design poly_drawer_vga has unconnected port coeff_a3[7]
WARNING: [Synth 8-3331] design poly_drawer_vga has unconnected port coeff_a3[6]
WARNING: [Synth 8-3331] design poly_drawer_vga has unconnected port coeff_a3[5]
WARNING: [Synth 8-3331] design poly_drawer_vga has unconnected port coeff_a3[4]
WARNING: [Synth 8-3331] design poly_drawer_vga has unconnected port coeff_a3[3]
WARNING: [Synth 8-3331] design poly_drawer_vga has unconnected port coeff_a3[2]
WARNING: [Synth 8-3331] design poly_drawer_vga has unconnected port coeff_a3[1]
WARNING: [Synth 8-3331] design poly_drawer_vga has unconnected port coeff_a3[0]
WARNING: [Synth 8-3331] design poly_drawer_vga has unconnected port coeff_a2[23]
WARNING: [Synth 8-3331] design poly_drawer_vga has unconnected port coeff_a2[22]
WARNING: [Synth 8-3331] design poly_drawer_vga has unconnected port coeff_a2[21]
WARNING: [Synth 8-3331] design poly_drawer_vga has unconnected port coeff_a2[20]
WARNING: [Synth 8-3331] design poly_drawer_vga has unconnected port coeff_a2[19]
WARNING: [Synth 8-3331] design poly_drawer_vga has unconnected port coeff_a2[18]
WARNING: [Synth 8-3331] design poly_drawer_vga has unconnected port coeff_a2[17]
WARNING: [Synth 8-3331] design poly_drawer_vga has unconnected port coeff_a2[16]
WARNING: [Synth 8-3331] design poly_drawer_vga has unconnected port coeff_a2[15]
WARNING: [Synth 8-3331] design poly_drawer_vga has unconnected port coeff_a2[14]
WARNING: [Synth 8-3331] design poly_drawer_vga has unconnected port coeff_a2[13]
WARNING: [Synth 8-3331] design poly_drawer_vga has unconnected port coeff_a2[12]
WARNING: [Synth 8-3331] design poly_drawer_vga has unconnected port coeff_a2[11]
WARNING: [Synth 8-3331] design poly_drawer_vga has unconnected port coeff_a2[10]
WARNING: [Synth 8-3331] design poly_drawer_vga has unconnected port coeff_a2[9]
WARNING: [Synth 8-3331] design poly_drawer_vga has unconnected port coeff_a2[8]
WARNING: [Synth 8-3331] design poly_drawer_vga has unconnected port coeff_a2[7]
WARNING: [Synth 8-3331] design poly_drawer_vga has unconnected port coeff_a2[6]
WARNING: [Synth 8-3331] design poly_drawer_vga has unconnected port coeff_a2[5]
WARNING: [Synth 8-3331] design poly_drawer_vga has unconnected port coeff_a2[4]
WARNING: [Synth 8-3331] design poly_drawer_vga has unconnected port coeff_a2[3]
WARNING: [Synth 8-3331] design poly_drawer_vga has unconnected port coeff_a2[2]
WARNING: [Synth 8-3331] design poly_drawer_vga has unconnected port coeff_a2[1]
WARNING: [Synth 8-3331] design poly_drawer_vga has unconnected port coeff_a2[0]
WARNING: [Synth 8-3331] design poly_drawer_vga has unconnected port coeff_a1[23]
WARNING: [Synth 8-3331] design poly_drawer_vga has unconnected port coeff_a1[22]
WARNING: [Synth 8-3331] design poly_drawer_vga has unconnected port coeff_a1[21]
WARNING: [Synth 8-3331] design poly_drawer_vga has unconnected port coeff_a1[20]
WARNING: [Synth 8-3331] design poly_drawer_vga has unconnected port coeff_a1[19]
WARNING: [Synth 8-3331] design poly_drawer_vga has unconnected port coeff_a1[18]
WARNING: [Synth 8-3331] design poly_drawer_vga has unconnected port coeff_a1[17]
WARNING: [Synth 8-3331] design poly_drawer_vga has unconnected port coeff_a1[16]
WARNING: [Synth 8-3331] design poly_drawer_vga has unconnected port coeff_a1[15]
WARNING: [Synth 8-3331] design poly_drawer_vga has unconnected port coeff_a1[14]
WARNING: [Synth 8-3331] design poly_drawer_vga has unconnected port coeff_a1[13]
WARNING: [Synth 8-3331] design poly_drawer_vga has unconnected port coeff_a1[12]
WARNING: [Synth 8-3331] design poly_drawer_vga has unconnected port coeff_a1[11]
WARNING: [Synth 8-3331] design poly_drawer_vga has unconnected port coeff_a1[10]
WARNING: [Synth 8-3331] design poly_drawer_vga has unconnected port coeff_a1[9]
WARNING: [Synth 8-3331] design poly_drawer_vga has unconnected port coeff_a1[8]
WARNING: [Synth 8-3331] design poly_drawer_vga has unconnected port coeff_a1[7]
WARNING: [Synth 8-3331] design poly_drawer_vga has unconnected port coeff_a1[6]
WARNING: [Synth 8-3331] design poly_drawer_vga has unconnected port coeff_a1[5]
WARNING: [Synth 8-3331] design poly_drawer_vga has unconnected port coeff_a1[4]
WARNING: [Synth 8-3331] design poly_drawer_vga has unconnected port coeff_a1[3]
WARNING: [Synth 8-3331] design poly_drawer_vga has unconnected port coeff_a1[2]
WARNING: [Synth 8-3331] design poly_drawer_vga has unconnected port coeff_a1[1]
WARNING: [Synth 8-3331] design poly_drawer_vga has unconnected port coeff_a1[0]
WARNING: [Synth 8-3331] design poly_drawer_vga has unconnected port coeff_a0[23]
WARNING: [Synth 8-3331] design poly_drawer_vga has unconnected port coeff_a0[22]
WARNING: [Synth 8-3331] design poly_drawer_vga has unconnected port coeff_a0[21]
WARNING: [Synth 8-3331] design poly_drawer_vga has unconnected port coeff_a0[20]
WARNING: [Synth 8-3331] design poly_drawer_vga has unconnected port coeff_a0[19]
WARNING: [Synth 8-3331] design poly_drawer_vga has unconnected port coeff_a0[18]
WARNING: [Synth 8-3331] design poly_drawer_vga has unconnected port coeff_a0[17]
WARNING: [Synth 8-3331] design poly_drawer_vga has unconnected port coeff_a0[16]
WARNING: [Synth 8-3331] design poly_drawer_vga has unconnected port coeff_a0[15]
WARNING: [Synth 8-3331] design poly_drawer_vga has unconnected port coeff_a0[14]
WARNING: [Synth 8-3331] design poly_drawer_vga has unconnected port coeff_a0[13]
WARNING: [Synth 8-3331] design poly_drawer_vga has unconnected port coeff_a0[12]
WARNING: [Synth 8-3331] design poly_drawer_vga has unconnected port coeff_a0[11]
WARNING: [Synth 8-3331] design poly_drawer_vga has unconnected port coeff_a0[10]
WARNING: [Synth 8-3331] design poly_drawer_vga has unconnected port coeff_a0[9]
WARNING: [Synth 8-3331] design poly_drawer_vga has unconnected port coeff_a0[8]
WARNING: [Synth 8-3331] design poly_drawer_vga has unconnected port coeff_a0[7]
WARNING: [Synth 8-3331] design poly_drawer_vga has unconnected port coeff_a0[6]
WARNING: [Synth 8-3331] design poly_drawer_vga has unconnected port coeff_a0[5]
WARNING: [Synth 8-3331] design poly_drawer_vga has unconnected port coeff_a0[4]
WARNING: [Synth 8-3331] design poly_drawer_vga has unconnected port coeff_a0[3]
WARNING: [Synth 8-3331] design poly_drawer_vga has unconnected port coeff_a0[2]
WARNING: [Synth 8-3331] design poly_drawer_vga has unconnected port coeff_a0[1]
WARNING: [Synth 8-3331] design poly_drawer_vga has unconnected port coeff_a0[0]
WARNING: [Synth 8-3331] design poly_mode_module has unconnected port btn[4]
WARNING: [Synth 8-3331] design poly_mode_module has unconnected port btn[3]
WARNING: [Synth 8-3331] design poly_mode_module has unconnected port btn[2]
WARNING: [Synth 8-3331] design poly_mode_module has unconnected port btn[1]
INFO: [Common 17-14] Message 'Synth 8-3331' appears 100 times and further instances of the messages will be disabled. Use the Tcl command set_msg_config to change the current settings.
---------------------------------------------------------------------------------
Finished RTL Elaboration : Time (s): cpu = 00:00:03 ; elapsed = 00:00:03 . Memory (MB): peak = 501.285 ; gain = 214.402
---------------------------------------------------------------------------------

Report Check Netlist: 
+------+------------------+-------+---------+-------+------------------+
|      |Item              |Errors |Warnings |Status |Description       |
+------+------------------+-------+---------+-------+------------------+
|1     |multi_driven_nets |      0|        0|Passed |Multi driven nets |
+------+------------------+-------+---------+-------+------------------+
WARNING: [Synth 8-3295] tying undriven pin oled_display_inst:reset to constant 0 [C:/Users/xiang/ee2026_Project/consolidated_sources/sources/Accessories/display_handler.v:28]
---------------------------------------------------------------------------------
Start Handling Custom Attributes
---------------------------------------------------------------------------------
---------------------------------------------------------------------------------
Finished Handling Custom Attributes : Time (s): cpu = 00:00:04 ; elapsed = 00:00:03 . Memory (MB): peak = 501.285 ; gain = 214.402
---------------------------------------------------------------------------------
---------------------------------------------------------------------------------
Finished RTL Optimization Phase 1 : Time (s): cpu = 00:00:04 ; elapsed = 00:00:03 . Memory (MB): peak = 501.285 ; gain = 214.402
---------------------------------------------------------------------------------
INFO: [Device 21-403] Loading part xc7a35tcpg236-1
INFO: [Project 1-570] Preparing netlist for logic optimization

Processing XDC Constraints
Initializing timing engine
Parsing XDC File [c:/Users/xiang/ee2026_Project/project_gner/project_gner.srcs/sources_1/ip/divider_generator_0_1/divider_generator_0/divider_generator_0_in_context.xdc] for cell 'poly_solver_inst/divider_generator_0_inst'
Finished Parsing XDC File [c:/Users/xiang/ee2026_Project/project_gner/project_gner.srcs/sources_1/ip/divider_generator_0_1/divider_generator_0/divider_generator_0_in_context.xdc] for cell 'poly_solver_inst/divider_generator_0_inst'
Parsing XDC File [c:/Users/xiang/ee2026_Project/project_gner/project_gner.srcs/sources_1/ip/blk_mem_gen_font_2/blk_mem_gen_font/blk_mem_gen_font_in_context.xdc] for cell 'welcome_mode_module_inst/welcome_drawer_vga_inst/font_rom_inst'
Finished Parsing XDC File [c:/Users/xiang/ee2026_Project/project_gner/project_gner.srcs/sources_1/ip/blk_mem_gen_font_2/blk_mem_gen_font/blk_mem_gen_font_in_context.xdc] for cell 'welcome_mode_module_inst/welcome_drawer_vga_inst/font_rom_inst'
Parsing XDC File [c:/Users/xiang/ee2026_Project/project_gner/project_gner.srcs/sources_1/ip/blk_mem_gen_font_2/blk_mem_gen_font/blk_mem_gen_font_in_context.xdc] for cell 'oled_keypad_inst/font_rom'
Finished Parsing XDC File [c:/Users/xiang/ee2026_Project/project_gner/project_gner.srcs/sources_1/ip/blk_mem_gen_font_2/blk_mem_gen_font/blk_mem_gen_font_in_context.xdc] for cell 'oled_keypad_inst/font_rom'
Parsing XDC File [c:/Users/xiang/ee2026_Project/project_gner/project_gner.srcs/sources_1/ip/blk_mem_gen_font_2/blk_mem_gen_font/blk_mem_gen_font_in_context.xdc] for cell 'calc_mode_module_inst/font_rom'
Finished Parsing XDC File [c:/Users/xiang/ee2026_Project/project_gner/project_gner.srcs/sources_1/ip/blk_mem_gen_font_2/blk_mem_gen_font/blk_mem_gen_font_in_context.xdc] for cell 'calc_mode_module_inst/font_rom'
Parsing XDC File [c:/Users/xiang/ee2026_Project/project_gner/project_gner.srcs/sources_1/ip/blk_mem_gen_font_2/blk_mem_gen_font/blk_mem_gen_font_in_context.xdc] for cell 'graph_mode_module_inst/font_rom'
Finished Parsing XDC File [c:/Users/xiang/ee2026_Project/project_gner/project_gner.srcs/sources_1/ip/blk_mem_gen_font_2/blk_mem_gen_font/blk_mem_gen_font_in_context.xdc] for cell 'graph_mode_module_inst/font_rom'
Parsing XDC File [c:/Users/xiang/ee2026_Project/project_gner/project_gner.srcs/sources_1/ip/blk_mem_gen_font_2/blk_mem_gen_font/blk_mem_gen_font_in_context.xdc] for cell 'poly_mode_inst/poly_vga_inst/font_inst'
Finished Parsing XDC File [c:/Users/xiang/ee2026_Project/project_gner/project_gner.srcs/sources_1/ip/blk_mem_gen_font_2/blk_mem_gen_font/blk_mem_gen_font_in_context.xdc] for cell 'poly_mode_inst/poly_vga_inst/font_inst'
Parsing XDC File [C:/Users/xiang/ee2026_Project/consolidated_sources/constraints/my_constraints.xdc]
Finished Parsing XDC File [C:/Users/xiang/ee2026_Project/consolidated_sources/constraints/my_constraints.xdc]
INFO: [Project 1-236] Implementation specific constraints were found while reading constraint file [C:/Users/xiang/ee2026_Project/consolidated_sources/constraints/my_constraints.xdc]. These constraints will be ignored for synthesis but will be used in implementation. Impacted constraints are listed in the file [.Xil/Top_Student_propImpl.xdc].
Resolution: To avoid this warning, move constraints listed in [.Xil/Top_Student_propImpl.xdc] to another XDC file and exclude this new file from synthesis with the used_in_synthesis property (File Properties dialog in GUI) and re-run elaboration/synthesis.
Parsing XDC File [C:/Users/xiang/ee2026_Project/project_gner/project_gner.runs/synth_1/dont_touch.xdc]
Finished Parsing XDC File [C:/Users/xiang/ee2026_Project/project_gner/project_gner.runs/synth_1/dont_touch.xdc]
Completed Processing XDC Constraints

INFO: [Project 1-111] Unisim Transformation Summary:
No Unisim elements were transformed.

Constraint Validation Runtime : Time (s): cpu = 00:00:00 ; elapsed = 00:00:00.005 . Memory (MB): peak = 891.273 ; gain = 0.000
WARNING: [Timing 38-316] Clock period '20.000' specified during out-of-context synthesis of instance 'calc_mode_module_inst/font_rom' at clock pin 'clka' is different from the actual clock period '10.000', this can lead to different synthesis results.
WARNING: [Timing 38-316] Clock period '20.000' specified during out-of-context synthesis of instance 'graph_mode_module_inst/font_rom' at clock pin 'clka' is different from the actual clock period '10.000', this can lead to different synthesis results.
WARNING: [Timing 38-316] Clock period '20.000' specified during out-of-context synthesis of instance 'oled_keypad_inst/font_rom' at clock pin 'clka' is different from the actual clock period '10.000', this can lead to different synthesis results.
WARNING: [Timing 38-316] Clock period '20.000' specified during out-of-context synthesis of instance 'poly_mode_inst/poly_vga_inst/font_inst' at clock pin 'clka' is different from the actual clock period '10.000', this can lead to different synthesis results.
WARNING: [Timing 38-316] Clock period '1000.000' specified during out-of-context synthesis of instance 'poly_solver_inst/divider_generator_0_inst' at clock pin 'aclk' is different from the actual clock period '10.000', this can lead to different synthesis results.
WARNING: [Timing 38-316] Clock period '20.000' specified during out-of-context synthesis of instance 'welcome_mode_module_inst/welcome_drawer_vga_inst/font_rom_inst' at clock pin 'clka' is different from the actual clock period '10.000', this can lead to different synthesis results.
---------------------------------------------------------------------------------
Finished Constraint Validation : Time (s): cpu = 00:00:11 ; elapsed = 00:00:12 . Memory (MB): peak = 891.648 ; gain = 604.766
---------------------------------------------------------------------------------
---------------------------------------------------------------------------------
Start Loading Part and Timing Information
---------------------------------------------------------------------------------
Loading part: xc7a35tcpg236-1
---------------------------------------------------------------------------------
Finished Loading Part and Timing Information : Time (s): cpu = 00:00:11 ; elapsed = 00:00:12 . Memory (MB): peak = 891.648 ; gain = 604.766
---------------------------------------------------------------------------------
---------------------------------------------------------------------------------
Start Applying 'set_property' XDC Constraints
---------------------------------------------------------------------------------
Applied set_property DONT_TOUCH = true for poly_solver_inst/divider_generator_0_inst. (constraint file  auto generated constraint, line ).
Applied set_property DONT_TOUCH = true for calc_mode_module_inst/font_rom. (constraint file  auto generated constraint, line ).
Applied set_property DONT_TOUCH = true for graph_mode_module_inst/font_rom. (constraint file  auto generated constraint, line ).
Applied set_property DONT_TOUCH = true for oled_keypad_inst/font_rom. (constraint file  auto generated constraint, line ).
Applied set_property DONT_TOUCH = true for poly_mode_inst/poly_vga_inst/font_inst. (constraint file  auto generated constraint, line ).
Applied set_property DONT_TOUCH = true for welcome_mode_module_inst/welcome_drawer_vga_inst/font_rom_inst. (constraint file  auto generated constraint, line ).
---------------------------------------------------------------------------------
Finished applying 'set_property' XDC Constraints : Time (s): cpu = 00:00:11 ; elapsed = 00:00:13 . Memory (MB): peak = 891.648 ; gain = 604.766
---------------------------------------------------------------------------------
INFO: [Synth 8-802] inferred FSM for state register 'state_reg' in module 'Oled_Display'
INFO: [Synth 8-5546] ROM "fsm_next_state0" won't be mapped to RAM because it is too sparse
INFO: [Synth 8-5544] ROM "fsm_next_state0" won't be mapped to Block RAM because address size (1) smaller than threshold (5)
INFO: [Synth 8-5546] ROM "fsm_next_state0" won't be mapped to RAM because it is too sparse
INFO: [Synth 8-5544] ROM "vga_x_d" won't be mapped to Block RAM because address size (3) smaller than threshold (5)
INFO: [Synth 8-5544] ROM "row_1_rom" won't be mapped to Block RAM because address size (3) smaller than threshold (5)
INFO: [Synth 8-5544] ROM "row_2_rom" won't be mapped to Block RAM because address size (4) smaller than threshold (5)
INFO: [Synth 8-5544] ROM "row_3_rom" won't be mapped to Block RAM because address size (4) smaller than threshold (5)
INFO: [Synth 8-5544] ROM "row_4_rom" won't be mapped to Block RAM because address size (3) smaller than threshold (5)
INFO: [Synth 8-5544] ROM "row_5_rom" won't be mapped to Block RAM because address size (4) smaller than threshold (5)
INFO: [Synth 8-5544] ROM "vga_x_d" won't be mapped to Block RAM because address size (3) smaller than threshold (5)
INFO: [Synth 8-5544] ROM "row_1_rom" won't be mapped to Block RAM because address size (3) smaller than threshold (5)
INFO: [Synth 8-5544] ROM "row_2_rom" won't be mapped to Block RAM because address size (4) smaller than threshold (5)
INFO: [Synth 8-5544] ROM "row_3_rom" won't be mapped to Block RAM because address size (4) smaller than threshold (5)
INFO: [Synth 8-5544] ROM "row_4_rom" won't be mapped to Block RAM because address size (3) smaller than threshold (5)
INFO: [Synth 8-5544] ROM "row_5_rom" won't be mapped to Block RAM because address size (4) smaller than threshold (5)
INFO: [Synth 8-5544] ROM "char_code_reg" won't be mapped to Block RAM because address size (1) smaller than threshold (5)
INFO: [Synth 8-5544] ROM "char_code_reg" won't be mapped to Block RAM because address size (1) smaller than threshold (5)
INFO: [Synth 8-5544] ROM "mode_target" won't be mapped to Block RAM because address size (2) smaller than threshold (5)
INFO: [Synth 8-5544] ROM "current_page" won't be mapped to Block RAM because address size (3) smaller than threshold (5)
INFO: [Synth 8-5587] ROM size for "key_code" is below threshold of ROM address width. It will be mapped to LUTs
INFO: [Synth 8-5544] ROM "selected_char" won't be mapped to Block RAM because address size (3) smaller than threshold (5)
INFO: [Synth 8-5544] ROM "selected_char" won't be mapped to Block RAM because address size (3) smaller than threshold (5)
INFO: [Synth 8-5544] ROM "selected_char" won't be mapped to Block RAM because address size (3) smaller than threshold (5)
INFO: [Synth 8-5544] ROM "selected_char" won't be mapped to Block RAM because address size (3) smaller than threshold (5)
INFO: [Synth 8-5544] ROM "current_page" won't be mapped to Block RAM because address size (3) smaller than threshold (5)
INFO: [Synth 8-5587] ROM size for "key_code" is below threshold of ROM address width. It will be mapped to LUTs
INFO: [Synth 8-5544] ROM "selected_char" won't be mapped to Block RAM because address size (3) smaller than threshold (5)
INFO: [Synth 8-5544] ROM "selected_char" won't be mapped to Block RAM because address size (3) smaller than threshold (5)
INFO: [Synth 8-5544] ROM "selected_char" won't be mapped to Block RAM because address size (3) smaller than threshold (5)
INFO: [Synth 8-5544] ROM "selected_char" won't be mapped to Block RAM because address size (3) smaller than threshold (5)
INFO: [Synth 8-5544] ROM "selected_col" won't be mapped to Block RAM because address size (1) smaller than threshold (5)
INFO: [Synth 8-5544] ROM "selected_col" won't be mapped to Block RAM because address size (1) smaller than threshold (5)
INFO: [Synth 8-5544] ROM "key_code" won't be mapped to Block RAM because address size (4) smaller than threshold (5)
INFO: [Synth 8-5544] ROM "cell_col_lut" won't be mapped to Block RAM because address size (1) smaller than threshold (5)
INFO: [Synth 8-5544] ROM "cell_row_lut" won't be mapped to Block RAM because address size (1) smaller than threshold (5)
INFO: [Synth 8-5544] ROM "page2_char_lengths" won't be mapped to Block RAM because address size (2) smaller than threshold (5)
INFO: [Synth 8-5544] ROM "page2_char_lengths" won't be mapped to Block RAM because address size (2) smaller than threshold (5)
INFO: [Synth 8-5544] ROM "cell_col_lut" won't be mapped to Block RAM because address size (1) smaller than threshold (5)
INFO: [Synth 8-5544] ROM "cell_row_lut" won't be mapped to Block RAM because address size (1) smaller than threshold (5)
INFO: [Synth 8-5544] ROM "page1_chars" won't be mapped to Block RAM because address size (2) smaller than threshold (5)
INFO: [Synth 8-5544] ROM "page1_chars" won't be mapped to Block RAM because address size (2) smaller than threshold (5)
INFO: [Synth 8-5544] ROM "page1_chars" won't be mapped to Block RAM because address size (2) smaller than threshold (5)
INFO: [Synth 8-5544] ROM "page1_chars" won't be mapped to Block RAM because address size (2) smaller than threshold (5)
INFO: [Synth 8-5544] ROM "page1_chars" won't be mapped to Block RAM because address size (2) smaller than threshold (5)
INFO: [Synth 8-5544] ROM "oled_data1" won't be mapped to Block RAM because address size (1) smaller than threshold (5)
INFO: [Synth 8-5587] ROM size for "char_code" is below threshold of ROM address width. It will be mapped to LUTs
INFO: [Synth 8-5587] ROM size for "char_code" is below threshold of ROM address width. It will be mapped to LUTs
INFO: [Synth 8-5587] ROM size for "char_code" is below threshold of ROM address width. It will be mapped to LUTs
INFO: [Synth 8-5587] ROM size for "char_code" is below threshold of ROM address width. It will be mapped to LUTs
INFO: [Synth 8-5546] ROM "real_leading_zeros" won't be mapped to RAM because it is too sparse
INFO: [Synth 8-5546] ROM "imag_leading_zeros" won't be mapped to RAM because it is too sparse
INFO: [Synth 8-5818] HDL ADVISOR - The operator resource <adder> is shared. To prevent sharing consider applying a KEEP on the output of the operator [C:/Users/xiang/ee2026_Project/consolidated_sources/sources/features/polynomial/poly_mode_module.v:227]
INFO: [Synth 8-5544] ROM "coeff_lengths_reg[3]" won't be mapped to Block RAM because address size (2) smaller than threshold (5)
INFO: [Synth 8-5544] ROM "coeff_lengths_reg[2]" won't be mapped to Block RAM because address size (2) smaller than threshold (5)
INFO: [Synth 8-5544] ROM "coeff_lengths_reg[1]" won't be mapped to Block RAM because address size (2) smaller than threshold (5)
INFO: [Synth 8-5544] ROM "coeff_lengths_reg[0]" won't be mapped to Block RAM because address size (2) smaller than threshold (5)
INFO: [Synth 8-5544] ROM "coeff_val_reg[3]" won't be mapped to Block RAM because address size (2) smaller than threshold (5)
INFO: [Synth 8-5544] ROM "coeff_val_reg[2]" won't be mapped to Block RAM because address size (2) smaller than threshold (5)
INFO: [Synth 8-5544] ROM "coeff_val_reg[1]" won't be mapped to Block RAM because address size (2) smaller than threshold (5)
INFO: [Synth 8-5544] ROM "coeff_val_reg[0]" won't be mapped to Block RAM because address size (2) smaller than threshold (5)
INFO: [Synth 8-5546] ROM "has_dot" won't be mapped to RAM because it is too sparse
INFO: [Synth 8-5545] ROM "has_dot_reg[3]" won't be mapped to RAM because address size (32) is larger than maximum supported(25)
INFO: [Synth 8-5545] ROM "has_dot_reg[2]" won't be mapped to RAM because address size (32) is larger than maximum supported(25)
INFO: [Synth 8-5545] ROM "has_dot_reg[1]" won't be mapped to RAM because address size (32) is larger than maximum supported(25)
INFO: [Synth 8-5546] ROM "delete_signal" won't be mapped to RAM because it is too sparse
INFO: [Synth 8-5546] ROM "clear_signal" won't be mapped to RAM because it is too sparse
INFO: [Synth 8-5546] ROM "equal_signal" won't be mapped to RAM because it is too sparse
INFO: [Synth 8-5818] HDL ADVISOR - The operator resource <adder> is shared. To prevent sharing consider applying a KEEP on the output of the operator [C:/Users/xiang/ee2026_Project/consolidated_sources/sources/features/polynomial/sqrt_iterative.v:149]
INFO: [Synth 8-802] inferred FSM for state register 'state_reg' in module 'sqrt_iterative'
INFO: [Synth 8-5545] ROM "x" won't be mapped to RAM because address size (32) is larger than maximum supported(25)
INFO: [Synth 8-5545] ROM "x_new" won't be mapped to RAM because address size (32) is larger than maximum supported(25)
INFO: [Synth 8-5545] ROM "div_req" won't be mapped to RAM because address size (32) is larger than maximum supported(25)
INFO: [Synth 8-5545] ROM "div_dividend" won't be mapped to RAM because address size (32) is larger than maximum supported(25)
INFO: [Synth 8-5544] ROM "div_timeout" won't be mapped to Block RAM because address size (2) smaller than threshold (5)
INFO: [Synth 8-5545] ROM "state" won't be mapped to RAM because address size (32) is larger than maximum supported(25)
INFO: [Synth 8-5818] HDL ADVISOR - The operator resource <multiplier> is shared. To prevent sharing consider applying a KEEP on the output of the operator [C:/Users/xiang/ee2026_Project/consolidated_sources/sources/features/polynomial/poly_solver.v:303]
INFO: [Synth 8-5818] HDL ADVISOR - The operator resource <multiplier> is shared. To prevent sharing consider applying a KEEP on the output of the operator [C:/Users/xiang/ee2026_Project/consolidated_sources/sources/features/polynomial/poly_solver.v:303]
INFO: [Synth 8-5818] HDL ADVISOR - The operator resource <multiplier> is shared. To prevent sharing consider applying a KEEP on the output of the operator [C:/Users/xiang/ee2026_Project/consolidated_sources/sources/features/polynomial/poly_solver.v:303]
INFO: [Synth 8-5545] ROM "state" won't be mapped to RAM because address size (32) is larger than maximum supported(25)
INFO: [Synth 8-5545] ROM "state" won't be mapped to RAM because address size (32) is larger than maximum supported(25)
INFO: [Synth 8-5545] ROM "main_fsm_div_req" won't be mapped to RAM because address size (32) is larger than maximum supported(25)
INFO: [Synth 8-5544] ROM "x" won't be mapped to Block RAM because address size (3) smaller than threshold (5)
INFO: [Synth 8-5545] ROM "main_fsm_dividend" won't be mapped to RAM because address size (32) is larger than maximum supported(25)
INFO: [Synth 8-5545] ROM "quad_result1" won't be mapped to RAM because address size (32) is larger than maximum supported(25)
INFO: [Synth 8-5545] ROM "state" won't be mapped to RAM because address size (32) is larger than maximum supported(25)
INFO: [Synth 8-5545] ROM "state" won't be mapped to RAM because address size (32) is larger than maximum supported(25)
INFO: [Synth 8-5545] ROM "main_fsm_div_req" won't be mapped to RAM because address size (32) is larger than maximum supported(25)
INFO: [Synth 8-5544] ROM "x" won't be mapped to Block RAM because address size (1) smaller than threshold (5)
INFO: [Synth 8-5545] ROM "main_fsm_dividend" won't be mapped to RAM because address size (32) is larger than maximum supported(25)
INFO: [Synth 8-5545] ROM "quad_result1" won't be mapped to RAM because address size (32) is larger than maximum supported(25)
INFO: [Synth 8-5544] ROM "div_arb_state" won't be mapped to Block RAM because address size (1) smaller than threshold (5)
INFO: [Synth 8-5544] ROM "arb_timeout" won't be mapped to Block RAM because address size (2) smaller than threshold (5)
INFO: [Synth 8-5544] ROM "state" won't be mapped to Block RAM because address size (1) smaller than threshold (5)
INFO: [Synth 8-5544] ROM "state" won't be mapped to Block RAM because address size (1) smaller than threshold (5)
INFO: [Synth 8-5544] ROM "state" won't be mapped to Block RAM because address size (1) smaller than threshold (5)
INFO: [Synth 8-5544] ROM "state" won't be mapped to Block RAM because address size (1) smaller than threshold (5)
INFO: [Synth 8-5544] ROM "state" won't be mapped to Block RAM because address size (1) smaller than threshold (5)
INFO: [Synth 8-5544] ROM "state" won't be mapped to Block RAM because address size (1) smaller than threshold (5)
INFO: [Synth 8-5544] ROM "state" won't be mapped to Block RAM because address size (1) smaller than threshold (5)
INFO: [Synth 8-5544] ROM "state" won't be mapped to Block RAM because address size (1) smaller than threshold (5)
INFO: [Synth 8-5546] ROM "busy" won't be mapped to RAM because it is too sparse
INFO: [Synth 8-5546] ROM "sqrt_start" won't be mapped to RAM because it is too sparse
INFO: [Synth 8-5546] ROM "iter_count" won't be mapped to RAM because it is too sparse
INFO: [Synth 8-5546] ROM "is_small_coeff" won't be mapped to RAM because it is too sparse
INFO: [Synth 8-5546] ROM "is_balanced" won't be mapped to RAM because it is too sparse
INFO: [Synth 8-5546] ROM "pipe_mul_a" won't be mapped to RAM because it is too sparse
INFO: [Synth 8-5546] ROM "pipe_mul_b" won't be mapped to RAM because it is too sparse
INFO: [Synth 8-5546] ROM "pipe_mul_c" won't be mapped to RAM because it is too sparse
INFO: [Synth 8-5546] ROM "pipe_clip_a" won't be mapped to RAM because it is too sparse
INFO: [Synth 8-5546] ROM "pipe_clip_c" won't be mapped to RAM because it is too sparse
INFO: [Synth 8-5546] ROM "a" won't be mapped to RAM because it is too sparse
INFO: [Synth 8-5544] ROM "x" won't be mapped to Block RAM because address size (1) smaller than threshold (5)
INFO: [Synth 8-5546] ROM "x" won't be mapped to RAM because it is too sparse
INFO: [Synth 8-5546] ROM "x2" won't be mapped to RAM because it is too sparse
INFO: [Synth 8-5546] ROM "x3" won't be mapped to RAM because it is too sparse
INFO: [Synth 8-5546] ROM "fx" won't be mapped to RAM because it is too sparse
INFO: [Synth 8-5546] ROM "fpx" won't be mapped to RAM because it is too sparse
INFO: [Synth 8-5546] ROM "three_a" won't be mapped to RAM because it is too sparse
INFO: [Synth 8-5546] ROM "a2" won't be mapped to RAM because it is too sparse
INFO: [Synth 8-5546] ROM "b2" won't be mapped to RAM because it is too sparse
INFO: [Synth 8-5546] ROM "disc" won't be mapped to RAM because it is too sparse
INFO: [Synth 8-5546] ROM "neg_b2" won't be mapped to RAM because it is too sparse
INFO: [Synth 8-5546] ROM "fx_check" won't be mapped to RAM because it is too sparse
INFO: [Synth 8-5546] ROM "sqrt_input" won't be mapped to RAM because it is too sparse
INFO: [Synth 8-5546] ROM "num1" won't be mapped to RAM because it is too sparse
INFO: [Synth 8-5818] HDL ADVISOR - The operator resource <adder> is shared. To prevent sharing consider applying a KEEP on the output of the operator [C:/Users/xiang/ee2026_Project/consolidated_sources/sources/Top_Student/main.v:324]
INFO: [Synth 8-5544] ROM "poly_coeff_lengths_reg[0]" won't be mapped to Block RAM because address size (3) smaller than threshold (5)
INFO: [Synth 8-5544] ROM "poly_coeff_lengths_reg[1]" won't be mapped to Block RAM because address size (3) smaller than threshold (5)
INFO: [Synth 8-5544] ROM "poly_coeff_lengths_reg[2]" won't be mapped to Block RAM because address size (3) smaller than threshold (5)
INFO: [Synth 8-5544] ROM "poly_coeff_lengths_reg[3]" won't be mapped to Block RAM because address size (3) smaller than threshold (5)
INFO: [Synth 8-5544] ROM "shared_equation_buffer0" won't be mapped to Block RAM because address size (3) smaller than threshold (5)
---------------------------------------------------------------------------------------------------
                   State |                     New Encoding |                Previous Encoding 
---------------------------------------------------------------------------------------------------
                 PowerUp | 00000000100000000000000000000000 |                            00000
                   Reset | 00000000000100000000000000000000 |                            00001
            ReleaseReset | 00000000000000000000100000000000 |                            00011
            EnableDriver | 00000000000000000001000000000000 |                            00010
              DisplayOff | 00000000000000000100000000000000 |                            00110
   SetRemapDisplayFormat | 00000100000000000000000000000000 |                            00111
            SetStartLine | 00001000000000000000000000000000 |                            00101
               SetOffset | 10000000000000000000000000000000 |                            00100
        SetNormalDisplay | 00000000000000000000000010000000 |                            01100
       SetMultiplexRatio | 00000000000000000000000000100000 |                            01101
  SetMasterConfiguration | 00000000000000000000000001000000 |                            01111
        DisablePowerSave | 00000000000000000000000000000100 |                            01110
          SetPhaseAdjust | 00000000000000000000000000001000 |                            01010
         SetDisplayClock | 00000000001000000000000000000000 |                            01011
     SetSecondPrechargeA | 00000000010000000000000000000000 |                            01001
     SetSecondPrechargeB | 01000000000000000000000000000000 |                            01000
     SetSecondPrechargeC | 00000010000000000000000000000000 |                            11000
       SetPrechargeLevel | 00000001000000000000000000000000 |                            11001
                SetVCOMH | 00000000000000010000000000000000 |                            11011
        SetMasterCurrent | 00000000000000100000000000000000 |                            11010
            SetContrastA | 00000000000001000000000000000000 |                            11110
            SetContrastB | 00100000000000000000000000000000 |                            11111
            SetContrastC | 00000000000000000000000000000001 |                            11101
        DisableScrolling | 00000000000000000000000000000010 |                            11100
             ClearScreen | 00000000000000000000000000010000 |                            10100
                   VccEn | 00010000000000000000000000000000 |                            10101
               DisplayOn | 00000000000010000000000000000000 |                            10111
        PrepareNextFrame | 00000000000000001000000000000000 |                            10110
           SetColAddress | 00000000000000000000010000000000 |                            10010
           SetRowAddress | 00000000000000000000000100000000 |                            10011
           WaitNextFrame | 00000000000000000000001000000000 |                            10001
               SendPixel | 00000000000000000010000000000000 |                            10000
---------------------------------------------------------------------------------------------------
INFO: [Synth 8-3354] encoded FSM with state register 'state_reg' using encoding 'one-hot' in module 'Oled_Display'
---------------------------------------------------------------------------------------------------
                   State |                     New Encoding |                Previous Encoding 
---------------------------------------------------------------------------------------------------
                    IDLE |                               00 |                               00
                    INIT |                               01 |                               01
                DIV_WAIT |                               10 |                               10
                   CHECK |                               11 |                               11
---------------------------------------------------------------------------------------------------
INFO: [Synth 8-3354] encoded FSM with state register 'state_reg' using encoding 'sequential' in module 'sqrt_iterative'
---------------------------------------------------------------------------------
Finished RTL Optimization Phase 2 : Time (s): cpu = 00:00:15 ; elapsed = 00:00:17 . Memory (MB): peak = 891.648 ; gain = 604.766
---------------------------------------------------------------------------------

Report RTL Partitions: 
+------+----------------------+------------+----------+
|      |RTL Partition         |Replication |Instances |
+------+----------------------+------------+----------+
|1     |poly_drawer_vga__GB0  |           1|     18469|
|2     |poly_drawer_vga__GB1  |           1|     11564|
|3     |poly_mode_module__GC0 |           1|     18003|
|4     |Top_Student__GCB0     |           1|     44612|
|5     |Top_Student__GCB1     |           1|     21655|
|6     |Top_Student__GCB2     |           1|     14742|
|7     |Top_Student__GCB3     |           1|     20006|
+------+----------------------+------------+----------+
---------------------------------------------------------------------------------
Start RTL Component Statistics 
---------------------------------------------------------------------------------
Detailed RTL Component Info : 
+---Adders : 
	   2 Input     32 Bit       Adders := 54    
	   3 Input     32 Bit       Adders := 6     
	   2 Input     24 Bit       Adders := 4     
	   3 Input     24 Bit       Adders := 1     
	   3 Input     19 Bit       Adders := 1     
	   2 Input     17 Bit       Adders := 1     
	   2 Input     16 Bit       Adders := 1     
	   3 Input     14 Bit       Adders := 2     
	   2 Input     10 Bit       Adders := 4     
	   3 Input      9 Bit       Adders := 2     
	   2 Input      8 Bit       Adders := 30    
	   3 Input      8 Bit       Adders := 2     
	   2 Input      7 Bit       Adders := 18    
	   3 Input      7 Bit       Adders := 2     
	   2 Input      6 Bit       Adders := 2     
	   2 Input      5 Bit       Adders := 1     
	   2 Input      4 Bit       Adders := 9     
	   2 Input      3 Bit       Adders := 19    
	   2 Input      2 Bit       Adders := 6     
+---Registers : 
	              512 Bit    Registers := 1     
	               80 Bit    Registers := 4     
	               64 Bit    Registers := 6     
	               40 Bit    Registers := 1     
	               32 Bit    Registers := 34    
	               24 Bit    Registers := 11    
	               17 Bit    Registers := 1     
	               16 Bit    Registers := 2     
	               12 Bit    Registers := 6     
	               11 Bit    Registers := 1     
	               10 Bit    Registers := 8     
	                8 Bit    Registers := 8     
	                7 Bit    Registers := 3     
	                6 Bit    Registers := 2     
	                5 Bit    Registers := 4     
	                4 Bit    Registers := 25    
	                3 Bit    Registers := 22    
	                2 Bit    Registers := 5     
	                1 Bit    Registers := 55    
+---Multipliers : 
	                32x32  Multipliers := 3     
	                 4x32  Multipliers := 1     
	                 3x32  Multipliers := 1     
+---Muxes : 
	   2 Input    512 Bit        Muxes := 16    
	   9 Input    512 Bit        Muxes := 1     
	   4 Input    512 Bit        Muxes := 1     
	  10 Input    512 Bit        Muxes := 1     
	   4 Input     80 Bit        Muxes := 7     
	   2 Input     80 Bit        Muxes := 44    
	   2 Input     64 Bit        Muxes := 1     
	   2 Input     40 Bit        Muxes := 3     
	   2 Input     32 Bit        Muxes := 56    
	  32 Input     32 Bit        Muxes := 1     
	   4 Input     32 Bit        Muxes := 3     
	   7 Input     32 Bit        Muxes := 1     
	  48 Input     32 Bit        Muxes := 1     
	   4 Input     24 Bit        Muxes := 2     
	   2 Input     24 Bit        Muxes := 8     
	  30 Input     24 Bit        Muxes := 1     
	  32 Input     20 Bit        Muxes := 1     
	   2 Input     18 Bit        Muxes := 1     
	   2 Input     17 Bit        Muxes := 2     
	   6 Input     16 Bit        Muxes := 1     
	   2 Input     16 Bit        Muxes := 5     
	   3 Input     16 Bit        Muxes := 1     
	   4 Input     16 Bit        Muxes := 1     
	   2 Input     15 Bit        Muxes := 1     
	   2 Input     14 Bit        Muxes := 1     
	   2 Input     12 Bit        Muxes := 14    
	   3 Input     12 Bit        Muxes := 2     
	   2 Input      8 Bit        Muxes := 43    
	   8 Input      8 Bit        Muxes := 2     
	  24 Input      8 Bit        Muxes := 1     
	   4 Input      8 Bit        Muxes := 3     
	   7 Input      8 Bit        Muxes := 2     
	  11 Input      8 Bit        Muxes := 3     
	  25 Input      7 Bit        Muxes := 2     
	   2 Input      7 Bit        Muxes := 16    
	  27 Input      7 Bit        Muxes := 1     
	  10 Input      7 Bit        Muxes := 1     
	   4 Input      7 Bit        Muxes := 7     
	   2 Input      6 Bit        Muxes := 12    
	   4 Input      6 Bit        Muxes := 2     
	   7 Input      6 Bit        Muxes := 1     
	  32 Input      6 Bit        Muxes := 1     
	   2 Input      5 Bit        Muxes := 4     
	  29 Input      5 Bit        Muxes := 1     
	  31 Input      5 Bit        Muxes := 1     
	  32 Input      5 Bit        Muxes := 1     
	   4 Input      5 Bit        Muxes := 1     
	   2 Input      4 Bit        Muxes := 28    
	   3 Input      4 Bit        Muxes := 4     
	   4 Input      4 Bit        Muxes := 10    
	   9 Input      4 Bit        Muxes := 1     
	   8 Input      3 Bit        Muxes := 1     
	   2 Input      3 Bit        Muxes := 24    
	   4 Input      3 Bit        Muxes := 6     
	   5 Input      3 Bit        Muxes := 1     
	   7 Input      3 Bit        Muxes := 2     
	  48 Input      3 Bit        Muxes := 1     
	   4 Input      2 Bit        Muxes := 20    
	   2 Input      2 Bit        Muxes := 21    
	   3 Input      2 Bit        Muxes := 3     
	  30 Input      2 Bit        Muxes := 1     
	   9 Input      2 Bit        Muxes := 4     
	   5 Input      2 Bit        Muxes := 2     
	  48 Input      2 Bit        Muxes := 2     
	   2 Input      1 Bit        Muxes := 179   
	   4 Input      1 Bit        Muxes := 36    
	   3 Input      1 Bit        Muxes := 8     
	  30 Input      1 Bit        Muxes := 1     
	   5 Input      1 Bit        Muxes := 1     
	  48 Input      1 Bit        Muxes := 35    
---------------------------------------------------------------------------------
Finished RTL Component Statistics 
---------------------------------------------------------------------------------
---------------------------------------------------------------------------------
Start RTL Hierarchical Component Statistics 
---------------------------------------------------------------------------------
Hierarchical RTL Component report 
Module Top_Student 
Detailed RTL Component Info : 
+---Adders : 
	   2 Input     32 Bit       Adders := 1     
	   2 Input      8 Bit       Adders := 3     
	   2 Input      7 Bit       Adders := 5     
	   2 Input      4 Bit       Adders := 1     
	   2 Input      3 Bit       Adders := 1     
	   2 Input      2 Bit       Adders := 1     
+---Registers : 
	              512 Bit    Registers := 1     
	               12 Bit    Registers := 1     
	                7 Bit    Registers := 2     
	                5 Bit    Registers := 1     
	                4 Bit    Registers := 4     
	                3 Bit    Registers := 2     
	                1 Bit    Registers := 4     
+---Muxes : 
	   2 Input    512 Bit        Muxes := 16    
	   9 Input    512 Bit        Muxes := 1     
	   4 Input    512 Bit        Muxes := 1     
	  10 Input    512 Bit        Muxes := 1     
	   6 Input     16 Bit        Muxes := 1     
	   2 Input      7 Bit        Muxes := 3     
	   4 Input      7 Bit        Muxes := 1     
	   9 Input      4 Bit        Muxes := 1     
	   2 Input      4 Bit        Muxes := 1     
	   4 Input      4 Bit        Muxes := 1     
	   2 Input      3 Bit        Muxes := 2     
	   9 Input      2 Bit        Muxes := 4     
	   2 Input      1 Bit        Muxes := 26    
	   4 Input      1 Bit        Muxes := 2     
Module poly_drawer_vga 
Detailed RTL Component Info : 
+---Adders : 
	   2 Input     32 Bit       Adders := 24    
	   2 Input     24 Bit       Adders := 2     
	   2 Input      8 Bit       Adders := 25    
	   2 Input      7 Bit       Adders := 3     
	   2 Input      6 Bit       Adders := 1     
+---Registers : 
	               12 Bit    Registers := 3     
	               11 Bit    Registers := 1     
	                8 Bit    Registers := 1     
	                3 Bit    Registers := 2     
	                1 Bit    Registers := 1     
+---Muxes : 
	   4 Input     80 Bit        Muxes := 1     
	   2 Input     80 Bit        Muxes := 1     
	   2 Input     32 Bit        Muxes := 22    
	   4 Input     24 Bit        Muxes := 2     
	   2 Input     24 Bit        Muxes := 4     
	   2 Input     12 Bit        Muxes := 1     
	   2 Input      8 Bit        Muxes := 29    
	   8 Input      8 Bit        Muxes := 1     
	  24 Input      8 Bit        Muxes := 1     
	  25 Input      7 Bit        Muxes := 2     
	   2 Input      7 Bit        Muxes := 6     
	  27 Input      7 Bit        Muxes := 1     
	  10 Input      7 Bit        Muxes := 1     
	   2 Input      6 Bit        Muxes := 3     
	   2 Input      5 Bit        Muxes := 2     
	  29 Input      5 Bit        Muxes := 1     
	   2 Input      4 Bit        Muxes := 2     
	   8 Input      3 Bit        Muxes := 1     
Module poly_mode_module 
Detailed RTL Component Info : 
+---Adders : 
	   2 Input     32 Bit       Adders := 9     
	   3 Input     24 Bit       Adders := 1     
	   2 Input     24 Bit       Adders := 1     
	   3 Input     19 Bit       Adders := 1     
	   3 Input     14 Bit       Adders := 2     
	   3 Input      9 Bit       Adders := 2     
	   2 Input      4 Bit       Adders := 7     
	   2 Input      2 Bit       Adders := 2     
+---Registers : 
	               80 Bit    Registers := 4     
	               24 Bit    Registers := 4     
	                4 Bit    Registers := 18    
	                2 Bit    Registers := 1     
	                1 Bit    Registers := 4     
+---Muxes : 
	   2 Input     80 Bit        Muxes := 43    
	   4 Input     80 Bit        Muxes := 6     
	   2 Input     32 Bit        Muxes := 1     
	   2 Input     24 Bit        Muxes := 1     
	   2 Input      4 Bit        Muxes := 24    
	   3 Input      4 Bit        Muxes := 4     
	   4 Input      4 Bit        Muxes := 8     
	   4 Input      2 Bit        Muxes := 19    
	   2 Input      2 Bit        Muxes := 1     
	   2 Input      1 Bit        Muxes := 67    
	   4 Input      1 Bit        Muxes := 17    
	   3 Input      1 Bit        Muxes := 8     
Module key_to_ascii_converter 
Detailed RTL Component Info : 
+---Registers : 
	               24 Bit    Registers := 1     
	                8 Bit    Registers := 1     
	                3 Bit    Registers := 1     
	                1 Bit    Registers := 2     
+---Muxes : 
	  30 Input     24 Bit        Muxes := 1     
	   3 Input      2 Bit        Muxes := 1     
	  30 Input      2 Bit        Muxes := 1     
	   2 Input      1 Bit        Muxes := 1     
	  30 Input      1 Bit        Muxes := 1     
Module graph_mode_module 
Detailed RTL Component Info : 
+---Adders : 
	   2 Input     10 Bit       Adders := 1     
	   2 Input      3 Bit       Adders := 1     
+---Registers : 
	               10 Bit    Registers := 2     
+---Muxes : 
	   2 Input     12 Bit        Muxes := 1     
	   3 Input     12 Bit        Muxes := 1     
	   2 Input      8 Bit        Muxes := 1     
Module calc_mode_module 
Detailed RTL Component Info : 
+---Adders : 
	   2 Input     10 Bit       Adders := 1     
	   2 Input      3 Bit       Adders := 1     
+---Registers : 
	               10 Bit    Registers := 2     
+---Muxes : 
	   2 Input     12 Bit        Muxes := 2     
	   3 Input     12 Bit        Muxes := 1     
	   2 Input      8 Bit        Muxes := 1     
	   2 Input      1 Bit        Muxes := 1     
Module oled_keypad 
Detailed RTL Component Info : 
+---Adders : 
	   3 Input     32 Bit       Adders := 1     
	   2 Input     32 Bit       Adders := 2     
	   3 Input      8 Bit       Adders := 2     
	   2 Input      7 Bit       Adders := 10    
	   3 Input      7 Bit       Adders := 2     
	   2 Input      3 Bit       Adders := 12    
+---Registers : 
	               16 Bit    Registers := 1     
	                8 Bit    Registers := 2     
	                7 Bit    Registers := 1     
	                5 Bit    Registers := 2     
	                4 Bit    Registers := 2     
	                3 Bit    Registers := 13    
	                2 Bit    Registers := 1     
	                1 Bit    Registers := 15    
+---Multipliers : 
	                 4x32  Multipliers := 1     
+---Muxes : 
	   2 Input     32 Bit        Muxes := 1     
	   2 Input     16 Bit        Muxes := 3     
	   3 Input     16 Bit        Muxes := 1     
	   2 Input      8 Bit        Muxes := 8     
	   4 Input      8 Bit        Muxes := 1     
	   4 Input      7 Bit        Muxes := 6     
	   2 Input      7 Bit        Muxes := 7     
	   4 Input      6 Bit        Muxes := 2     
	  31 Input      5 Bit        Muxes := 1     
	   2 Input      4 Bit        Muxes := 1     
	   4 Input      3 Bit        Muxes := 5     
	   5 Input      3 Bit        Muxes := 1     
	   2 Input      3 Bit        Muxes := 22    
	   2 Input      2 Bit        Muxes := 14    
	   3 Input      2 Bit        Muxes := 2     
	   5 Input      2 Bit        Muxes := 1     
	   2 Input      1 Bit        Muxes := 39    
	   4 Input      1 Bit        Muxes := 1     
	   5 Input      1 Bit        Muxes := 1     
Module welcome_drawer_vga 
Detailed RTL Component Info : 
+---Adders : 
	   2 Input     32 Bit       Adders := 3     
	   2 Input      3 Bit       Adders := 3     
	   2 Input      2 Bit       Adders := 2     
+---Registers : 
	               12 Bit    Registers := 1     
	               10 Bit    Registers := 2     
	                8 Bit    Registers := 2     
	                3 Bit    Registers := 3     
	                2 Bit    Registers := 1     
	                1 Bit    Registers := 1     
+---Muxes : 
	   2 Input     12 Bit        Muxes := 9     
	   2 Input      8 Bit        Muxes := 3     
	   7 Input      8 Bit        Muxes := 2     
	  11 Input      8 Bit        Muxes := 3     
	   8 Input      8 Bit        Muxes := 1     
	   7 Input      6 Bit        Muxes := 1     
	   7 Input      3 Bit        Muxes := 2     
	   4 Input      3 Bit        Muxes := 1     
	   2 Input      2 Bit        Muxes := 3     
	   2 Input      1 Bit        Muxes := 7     
Module flexible_timer 
Detailed RTL Component Info : 
+---Adders : 
	   2 Input     32 Bit       Adders := 1     
+---Registers : 
	                1 Bit    Registers := 1     
+---Muxes : 
	   2 Input     32 Bit        Muxes := 1     
Module Oled_Display 
Detailed RTL Component Info : 
+---Adders : 
	   2 Input     17 Bit       Adders := 1     
	   2 Input      6 Bit       Adders := 1     
+---Registers : 
	               40 Bit    Registers := 1     
	               17 Bit    Registers := 1     
	                6 Bit    Registers := 1     
+---Muxes : 
	   2 Input     40 Bit        Muxes := 3     
	  32 Input     32 Bit        Muxes := 1     
	   2 Input     32 Bit        Muxes := 2     
	  32 Input     20 Bit        Muxes := 1     
	   2 Input     17 Bit        Muxes := 1     
	  32 Input      6 Bit        Muxes := 1     
	   2 Input      6 Bit        Muxes := 1     
	   2 Input      5 Bit        Muxes := 2     
	  32 Input      5 Bit        Muxes := 1     
	   2 Input      1 Bit        Muxes := 2     
Module vga_sync 
Detailed RTL Component Info : 
+---Adders : 
	   2 Input     10 Bit       Adders := 2     
	   2 Input      2 Bit       Adders := 1     
+---Registers : 
	               10 Bit    Registers := 2     
	                2 Bit    Registers := 1     
	                1 Bit    Registers := 2     
Module display_handler 
Detailed RTL Component Info : 
+---Registers : 
	               12 Bit    Registers := 1     
+---Muxes : 
	   2 Input     12 Bit        Muxes := 1     
Module sqrt_iterative 
Detailed RTL Component Info : 
+---Adders : 
	   3 Input     32 Bit       Adders := 1     
	   2 Input     32 Bit       Adders := 1     
	   2 Input      8 Bit       Adders := 1     
	   2 Input      4 Bit       Adders := 1     
+---Registers : 
	               64 Bit    Registers := 1     
	               32 Bit    Registers := 5     
	                8 Bit    Registers := 1     
	                4 Bit    Registers := 1     
	                1 Bit    Registers := 2     
+---Muxes : 
	   2 Input     32 Bit        Muxes := 3     
	   4 Input     32 Bit        Muxes := 3     
	   2 Input      8 Bit        Muxes := 1     
	   4 Input      8 Bit        Muxes := 1     
	   4 Input      4 Bit        Muxes := 1     
	   4 Input      2 Bit        Muxes := 1     
	   2 Input      2 Bit        Muxes := 3     
	   2 Input      1 Bit        Muxes := 6     
	   4 Input      1 Bit        Muxes := 11    
Module poly_solver 
Detailed RTL Component Info : 
+---Adders : 
	   2 Input     32 Bit       Adders := 13    
	   3 Input     32 Bit       Adders := 4     
	   2 Input     24 Bit       Adders := 1     
	   2 Input     16 Bit       Adders := 1     
	   2 Input      8 Bit       Adders := 1     
	   2 Input      5 Bit       Adders := 1     
	   2 Input      3 Bit       Adders := 1     
+---Registers : 
	               64 Bit    Registers := 5     
	               32 Bit    Registers := 29    
	               24 Bit    Registers := 6     
	               16 Bit    Registers := 1     
	                8 Bit    Registers := 1     
	                6 Bit    Registers := 1     
	                5 Bit    Registers := 1     
	                3 Bit    Registers := 1     
	                2 Bit    Registers := 1     
	                1 Bit    Registers := 8     
+---Multipliers : 
	                32x32  Multipliers := 3     
	                 3x32  Multipliers := 1     
+---Muxes : 
	   2 Input     64 Bit        Muxes := 1     
	   2 Input     32 Bit        Muxes := 26    
	   7 Input     32 Bit        Muxes := 1     
	  48 Input     32 Bit        Muxes := 1     
	   2 Input     24 Bit        Muxes := 3     
	   2 Input     18 Bit        Muxes := 1     
	   2 Input     17 Bit        Muxes := 1     
	   2 Input     16 Bit        Muxes := 2     
	   4 Input     16 Bit        Muxes := 1     
	   2 Input     15 Bit        Muxes := 1     
	   2 Input     14 Bit        Muxes := 1     
	   4 Input      8 Bit        Muxes := 1     
	   2 Input      6 Bit        Muxes := 8     
	   4 Input      5 Bit        Muxes := 1     
	  48 Input      3 Bit        Muxes := 1     
	  48 Input      2 Bit        Muxes := 2     
	   5 Input      2 Bit        Muxes := 1     
	   4 Input      1 Bit        Muxes := 5     
	  48 Input      1 Bit        Muxes := 35    
	   2 Input      1 Bit        Muxes := 30    
Module debouncer__1 
Detailed RTL Component Info : 
+---Registers : 
	                1 Bit    Registers := 3     
Module debouncer__2 
Detailed RTL Component Info : 
+---Registers : 
	                1 Bit    Registers := 3     
Module debouncer__3 
Detailed RTL Component Info : 
+---Registers : 
	                1 Bit    Registers := 3     
Module debouncer__4 
Detailed RTL Component Info : 
+---Registers : 
	                1 Bit    Registers := 3     
Module debouncer 
Detailed RTL Component Info : 
+---Registers : 
	                1 Bit    Registers := 3     
---------------------------------------------------------------------------------
Finished RTL Hierarchical Component Statistics
---------------------------------------------------------------------------------
---------------------------------------------------------------------------------
Start Part Resource Summary
---------------------------------------------------------------------------------
Part Resources:
DSPs: 90 (col length:60)
BRAMs: 100 (col length: RAMB18 60 RAMB36 30)
---------------------------------------------------------------------------------
Finished Part Resource Summary
---------------------------------------------------------------------------------
INFO: [Synth 8-5580] Multithreading enabled for synth_design using a maximum of 2 processes.
---------------------------------------------------------------------------------
Start Cross Boundary and Area Optimization
---------------------------------------------------------------------------------
WARNING: [Synth 8-3917] design Top_Student has port seg[7] driven by constant 1
WARNING: [Synth 8-3917] design Top_Student has port seg[6] driven by constant 1
WARNING: [Synth 8-3917] design Top_Student has port seg[5] driven by constant 1
WARNING: [Synth 8-3917] design Top_Student has port seg[4] driven by constant 1
WARNING: [Synth 8-3917] design Top_Student has port seg[3] driven by constant 1
WARNING: [Synth 8-3917] design Top_Student has port seg[2] driven by constant 1
WARNING: [Synth 8-3917] design Top_Student has port seg[1] driven by constant 1
WARNING: [Synth 8-3917] design Top_Student has port seg[0] driven by constant 1
WARNING: [Synth 8-3917] design Top_Student has port an[3] driven by constant 1
WARNING: [Synth 8-3917] design Top_Student has port an[2] driven by constant 1
WARNING: [Synth 8-3917] design Top_Student has port an[1] driven by constant 1
WARNING: [Synth 8-3917] design Top_Student has port an[0] driven by constant 1
INFO: [Synth 8-5587] ROM size for "char_code" is below threshold of ROM address width. It will be mapped to LUTs
INFO: [Synth 8-5587] ROM size for "char_code" is below threshold of ROM address width. It will be mapped to LUTs
INFO: [Synth 8-5587] ROM size for "char_code" is below threshold of ROM address width. It will be mapped to LUTs
INFO: [Synth 8-5587] ROM size for "char_code" is below threshold of ROM address width. It will be mapped to LUTs
INFO: [Synth 8-3886] merging instance 'fg_color_reg_reg[0]' (FD) to 'fg_color_reg_reg[1]'
INFO: [Synth 8-3886] merging instance 'bg_color_reg_reg[0]' (FDR) to 'bg_color_reg_reg[11]'
INFO: [Synth 8-3886] merging instance 'fg_color_reg_reg[1]' (FD) to 'fg_color_reg_reg[2]'
INFO: [Synth 8-3886] merging instance 'bg_color_reg_reg[1]' (FDR) to 'bg_color_reg_reg[11]'
INFO: [Synth 8-3886] merging instance 'fg_color_reg_reg[2]' (FD) to 'fg_color_reg_reg[3]'
INFO: [Synth 8-3886] merging instance 'bg_color_reg_reg[2]' (FDR) to 'bg_color_reg_reg[11]'
INFO: [Synth 8-3886] merging instance 'fg_color_reg_reg[3]' (FD) to 'fg_color_reg_reg[4]'
INFO: [Synth 8-3886] merging instance 'bg_color_reg_reg[3]' (FDR) to 'bg_color_reg_reg[11]'
INFO: [Synth 8-3886] merging instance 'fg_color_reg_reg[4]' (FD) to 'fg_color_reg_reg[5]'
INFO: [Synth 8-3886] merging instance 'bg_color_reg_reg[4]' (FDR) to 'bg_color_reg_reg[11]'
INFO: [Synth 8-3886] merging instance 'fg_color_reg_reg[5]' (FD) to 'fg_color_reg_reg[6]'
INFO: [Synth 8-3886] merging instance 'bg_color_reg_reg[5]' (FDR) to 'bg_color_reg_reg[11]'
INFO: [Synth 8-3886] merging instance 'fg_color_reg_reg[6]' (FD) to 'fg_color_reg_reg[7]'
INFO: [Synth 8-3886] merging instance 'bg_color_reg_reg[6]' (FDS) to 'bg_color_reg_reg[10]'
INFO: [Synth 8-3886] merging instance 'fg_color_reg_reg[7]' (FD) to 'fg_color_reg_reg[8]'
INFO: [Synth 8-3886] merging instance 'bg_color_reg_reg[7]' (FDR) to 'bg_color_reg_reg[11]'
INFO: [Synth 8-3886] merging instance 'fg_color_reg_reg[8]' (FD) to 'fg_color_reg_reg[9]'
INFO: [Synth 8-3886] merging instance 'bg_color_reg_reg[8]' (FDR) to 'bg_color_reg_reg[11]'
INFO: [Synth 8-3886] merging instance 'fg_color_reg_reg[9]' (FD) to 'fg_color_reg_reg[10]'
INFO: [Synth 8-3886] merging instance 'bg_color_reg_reg[9]' (FDR) to 'bg_color_reg_reg[11]'
INFO: [Synth 8-3886] merging instance 'fg_color_reg_reg[10]' (FD) to 'fg_color_reg_reg[11]'
INFO: [Synth 8-3333] propagating constant 1 across sequential element (\fg_color_reg_reg[11] )
INFO: [Synth 8-3333] propagating constant 0 across sequential element (\bg_color_reg_reg[11] )
INFO: [Synth 8-3886] merging instance 'vga_data_reg[0]' (FD) to 'vga_data_reg[1]'
INFO: [Synth 8-3886] merging instance 'vga_data_reg[1]' (FD) to 'vga_data_reg[2]'
INFO: [Synth 8-3886] merging instance 'vga_data_reg[2]' (FD) to 'vga_data_reg[3]'
INFO: [Synth 8-3886] merging instance 'vga_data_reg[3]' (FD) to 'vga_data_reg[4]'
INFO: [Synth 8-3886] merging instance 'vga_data_reg[4]' (FD) to 'vga_data_reg[5]'
INFO: [Synth 8-3886] merging instance 'vga_data_reg[5]' (FD) to 'vga_data_reg[7]'
INFO: [Synth 8-3886] merging instance 'vga_data_reg[6]' (FD) to 'vga_data_reg[10]'
INFO: [Synth 8-3886] merging instance 'vga_data_reg[7]' (FD) to 'vga_data_reg[8]'
INFO: [Synth 8-3886] merging instance 'vga_data_reg[8]' (FD) to 'vga_data_reg[9]'
INFO: [Synth 8-3886] merging instance 'vga_data_reg[9]' (FD) to 'vga_data_reg[11]'
INFO: [Synth 8-4471] merging register 'input_digit_index_reg[3:0]' into 'input_digit_index_reg[3:0]' [C:/Users/xiang/ee2026_Project/consolidated_sources/sources/features/polynomial/poly_mode_module.v:201]
WARNING: [Synth 8-6014] Unused sequential element input_digit_index_reg was removed.  [C:/Users/xiang/ee2026_Project/consolidated_sources/sources/features/polynomial/poly_mode_module.v:201]
INFO: [Synth 8-5546] ROM "delete_signal" won't be mapped to RAM because it is too sparse
INFO: [Synth 8-5546] ROM "clear_signal" won't be mapped to RAM because it is too sparse
INFO: [Synth 8-5546] ROM "equal_signal" won't be mapped to RAM because it is too sparse
INFO: [Synth 8-5545] ROM "has_dot_reg[1]" won't be mapped to RAM because address size (32) is larger than maximum supported(25)
INFO: [Synth 8-5546] ROM "has_dot" won't be mapped to RAM because it is too sparse
INFO: [Synth 8-5545] ROM "has_dot_reg[2]" won't be mapped to RAM because address size (32) is larger than maximum supported(25)
INFO: [Synth 8-5545] ROM "has_dot_reg[3]" won't be mapped to RAM because address size (32) is larger than maximum supported(25)
INFO: [Synth 8-3886] merging instance 'has_dot_reg[3][1]' (FDRE) to 'has_dot_reg[3][2]'
INFO: [Synth 8-3886] merging instance 'has_dot_reg[2][1]' (FDRE) to 'has_dot_reg[2][3]'
INFO: [Synth 8-3886] merging instance 'has_dot_reg[1][1]' (FDRE) to 'has_dot_reg[1][2]'
INFO: [Synth 8-3886] merging instance 'has_dot_reg[0][1]' (FDRE) to 'has_dot_reg[0][3]'
INFO: [Synth 8-3886] merging instance 'has_dot_reg[3][2]' (FDRE) to 'has_dot_reg[3][3]'
INFO: [Synth 8-3886] merging instance 'has_dot_reg[2][2]' (FDRE) to 'has_dot_reg[2][3]'
INFO: [Synth 8-3886] merging instance 'has_dot_reg[1][2]' (FDRE) to 'has_dot_reg[1][3]'
INFO: [Synth 8-3886] merging instance 'has_dot_reg[0][2]' (FDRE) to 'has_dot_reg[0][3]'
INFO: [Synth 8-3333] propagating constant 0 across sequential element (\has_dot_reg[3][3] )
INFO: [Synth 8-3333] propagating constant 0 across sequential element (\has_dot_reg[2][3] )
INFO: [Synth 8-3333] propagating constant 0 across sequential element (\has_dot_reg[1][3] )
INFO: [Synth 8-3333] propagating constant 0 across sequential element (\has_dot_reg[0][3] )
INFO: [Synth 8-3886] merging instance 'coeff_str_reg[3][6]' (FDRE) to 'coeff_str_reg[3][7]'
INFO: [Synth 8-3333] propagating constant 0 across sequential element (\coeff_str_reg[3][7] )
INFO: [Synth 8-3886] merging instance 'coeff_str_reg[3][14]' (FDRE) to 'coeff_str_reg[3][15]'
INFO: [Synth 8-3333] propagating constant 0 across sequential element (\coeff_str_reg[3][15] )
INFO: [Synth 8-3886] merging instance 'coeff_str_reg[3][22]' (FDRE) to 'coeff_str_reg[3][23]'
INFO: [Synth 8-3333] propagating constant 0 across sequential element (\coeff_str_reg[3][23] )
INFO: [Synth 8-3886] merging instance 'coeff_str_reg[3][30]' (FDRE) to 'coeff_str_reg[3][31]'
INFO: [Synth 8-3333] propagating constant 0 across sequential element (\coeff_str_reg[3][31] )
INFO: [Synth 8-3886] merging instance 'coeff_str_reg[3][38]' (FDRE) to 'coeff_str_reg[3][39]'
INFO: [Synth 8-3333] propagating constant 0 across sequential element (\coeff_str_reg[3][39] )
INFO: [Synth 8-3886] merging instance 'coeff_str_reg[3][46]' (FDRE) to 'coeff_str_reg[3][47]'
INFO: [Synth 8-3333] propagating constant 0 across sequential element (\coeff_str_reg[3][47] )
INFO: [Synth 8-3886] merging instance 'coeff_str_reg[3][54]' (FDRE) to 'coeff_str_reg[3][55]'
INFO: [Synth 8-3333] propagating constant 0 across sequential element (\coeff_str_reg[3][55] )
INFO: [Synth 8-3886] merging instance 'coeff_str_reg[3][62]' (FDRE) to 'coeff_str_reg[3][63]'
INFO: [Synth 8-3333] propagating constant 0 across sequential element (\coeff_str_reg[3][63] )
INFO: [Synth 8-3886] merging instance 'coeff_str_reg[3][70]' (FDRE) to 'coeff_str_reg[3][71]'
INFO: [Synth 8-3333] propagating constant 0 across sequential element (\coeff_str_reg[3][71] )
INFO: [Synth 8-3886] merging instance 'coeff_str_reg[3][78]' (FDRE) to 'coeff_str_reg[3][79]'
INFO: [Synth 8-3333] propagating constant 0 across sequential element (\coeff_str_reg[3][79] )
INFO: [Synth 8-3886] merging instance 'coeff_str_reg[2][6]' (FDRE) to 'coeff_str_reg[2][7]'
INFO: [Synth 8-3333] propagating constant 0 across sequential element (\coeff_str_reg[2][7] )
INFO: [Synth 8-3886] merging instance 'coeff_str_reg[2][14]' (FDRE) to 'coeff_str_reg[2][15]'
INFO: [Synth 8-3333] propagating constant 0 across sequential element (\coeff_str_reg[2][15] )
INFO: [Synth 8-3886] merging instance 'coeff_str_reg[2][22]' (FDRE) to 'coeff_str_reg[2][23]'
INFO: [Synth 8-3333] propagating constant 0 across sequential element (\coeff_str_reg[2][23] )
INFO: [Synth 8-3886] merging instance 'coeff_str_reg[2][30]' (FDRE) to 'coeff_str_reg[2][31]'
INFO: [Synth 8-3333] propagating constant 0 across sequential element (\coeff_str_reg[2][31] )
INFO: [Synth 8-3886] merging instance 'coeff_str_reg[2][38]' (FDRE) to 'coeff_str_reg[2][39]'
INFO: [Synth 8-3333] propagating constant 0 across sequential element (\coeff_str_reg[2][39] )
INFO: [Synth 8-3886] merging instance 'coeff_str_reg[2][46]' (FDRE) to 'coeff_str_reg[2][47]'
INFO: [Synth 8-3333] propagating constant 0 across sequential element (\coeff_str_reg[2][47] )
INFO: [Synth 8-3886] merging instance 'coeff_str_reg[2][54]' (FDRE) to 'coeff_str_reg[2][55]'
INFO: [Synth 8-3333] propagating constant 0 across sequential element (\coeff_str_reg[2][55] )
INFO: [Synth 8-3886] merging instance 'coeff_str_reg[2][62]' (FDRE) to 'coeff_str_reg[2][63]'
INFO: [Synth 8-3333] propagating constant 0 across sequential element (\coeff_str_reg[2][63] )
INFO: [Synth 8-3886] merging instance 'coeff_str_reg[2][70]' (FDRE) to 'coeff_str_reg[2][71]'
INFO: [Synth 8-3333] propagating constant 0 across sequential element (\coeff_str_reg[2][71] )
INFO: [Synth 8-3886] merging instance 'coeff_str_reg[2][78]' (FDRE) to 'coeff_str_reg[2][79]'
INFO: [Synth 8-3333] propagating constant 0 across sequential element (\coeff_str_reg[2][79] )
INFO: [Synth 8-3886] merging instance 'coeff_str_reg[1][6]' (FDRE) to 'coeff_str_reg[1][7]'
INFO: [Synth 8-3333] propagating constant 0 across sequential element (\coeff_str_reg[1][7] )
INFO: [Synth 8-3886] merging instance 'coeff_str_reg[1][14]' (FDRE) to 'coeff_str_reg[1][15]'
INFO: [Synth 8-3333] propagating constant 0 across sequential element (\coeff_str_reg[1][15] )
INFO: [Synth 8-3886] merging instance 'coeff_str_reg[1][22]' (FDRE) to 'coeff_str_reg[1][23]'
INFO: [Synth 8-3333] propagating constant 0 across sequential element (\coeff_str_reg[1][23] )
INFO: [Synth 8-3886] merging instance 'coeff_str_reg[1][30]' (FDRE) to 'coeff_str_reg[1][31]'
INFO: [Synth 8-3333] propagating constant 0 across sequential element (\coeff_str_reg[1][31] )
INFO: [Synth 8-3886] merging instance 'coeff_str_reg[1][38]' (FDRE) to 'coeff_str_reg[1][39]'
INFO: [Synth 8-3333] propagating constant 0 across sequential element (\coeff_str_reg[1][39] )
INFO: [Synth 8-3886] merging instance 'coeff_str_reg[1][46]' (FDRE) to 'coeff_str_reg[1][47]'
INFO: [Synth 8-3333] propagating constant 0 across sequential element (\coeff_str_reg[1][47] )
INFO: [Synth 8-3886] merging instance 'coeff_str_reg[1][54]' (FDRE) to 'coeff_str_reg[1][55]'
INFO: [Synth 8-3333] propagating constant 0 across sequential element (\coeff_str_reg[1][55] )
INFO: [Synth 8-3886] merging instance 'coeff_str_reg[1][62]' (FDRE) to 'coeff_str_reg[1][63]'
INFO: [Synth 8-3333] propagating constant 0 across sequential element (\coeff_str_reg[1][63] )
INFO: [Synth 8-3886] merging instance 'coeff_str_reg[1][70]' (FDRE) to 'coeff_str_reg[1][71]'
INFO: [Synth 8-3333] propagating constant 0 across sequential element (\coeff_str_reg[1][71] )
INFO: [Synth 8-3886] merging instance 'coeff_str_reg[1][78]' (FDRE) to 'coeff_str_reg[1][79]'
INFO: [Synth 8-3333] propagating constant 0 across sequential element (\coeff_str_reg[1][79] )
INFO: [Synth 8-3886] merging instance 'coeff_str_reg[0][6]' (FDRE) to 'coeff_str_reg[0][7]'
INFO: [Synth 8-3333] propagating constant 0 across sequential element (\coeff_str_reg[0][7] )
INFO: [Synth 8-3886] merging instance 'coeff_str_reg[0][14]' (FDRE) to 'coeff_str_reg[0][15]'
INFO: [Synth 8-3333] propagating constant 0 across sequential element (\coeff_str_reg[0][15] )
INFO: [Synth 8-3886] merging instance 'coeff_str_reg[0][22]' (FDRE) to 'coeff_str_reg[0][23]'
INFO: [Synth 8-3333] propagating constant 0 across sequential element (\coeff_str_reg[0][23] )
INFO: [Synth 8-3886] merging instance 'coeff_str_reg[0][30]' (FDRE) to 'coeff_str_reg[0][31]'
INFO: [Synth 8-3333] propagating constant 0 across sequential element (\coeff_str_reg[0][31] )
INFO: [Synth 8-3886] merging instance 'coeff_str_reg[0][38]' (FDRE) to 'coeff_str_reg[0][39]'
INFO: [Synth 8-3333] propagating constant 0 across sequential element (\coeff_str_reg[0][39] )
INFO: [Synth 8-3886] merging instance 'coeff_str_reg[0][46]' (FDRE) to 'coeff_str_reg[0][47]'
INFO: [Synth 8-3333] propagating constant 0 across sequential element (\coeff_str_reg[0][47] )
INFO: [Synth 8-3886] merging instance 'coeff_str_reg[0][54]' (FDRE) to 'coeff_str_reg[0][55]'
INFO: [Synth 8-3333] propagating constant 0 across sequential element (\coeff_str_reg[0][55] )
INFO: [Synth 8-3886] merging instance 'coeff_str_reg[0][62]' (FDRE) to 'coeff_str_reg[0][63]'
INFO: [Synth 8-3333] propagating constant 0 across sequential element (\coeff_str_reg[0][63] )
INFO: [Synth 8-3886] merging instance 'coeff_str_reg[0][70]' (FDRE) to 'coeff_str_reg[0][71]'
INFO: [Synth 8-3333] propagating constant 0 across sequential element (\coeff_str_reg[0][71] )
INFO: [Synth 8-3886] merging instance 'coeff_str_reg[0][78]' (FDRE) to 'coeff_str_reg[0][79]'
INFO: [Synth 8-3333] propagating constant 0 across sequential element (\coeff_str_reg[0][79] )
INFO: [Synth 8-4471] merging register 'poly_active_coeff_reg[2:0]' into 'poly_active_coeff_reg[2:0]' [C:/Users/xiang/ee2026_Project/consolidated_sources/sources/Top_Student/main.v:302]
WARNING: [Synth 8-6014] Unused sequential element poly_active_coeff_reg was removed.  [C:/Users/xiang/ee2026_Project/consolidated_sources/sources/Top_Student/main.v:302]
WARNING: [Synth 8-3917] design Top_Student__GCB0 has port P[10] driven by constant 0
WARNING: [Synth 8-3917] design Top_Student__GCB0 has port P[2] driven by constant 0
WARNING: [Synth 8-3917] design Top_Student__GCB0 has port P[1] driven by constant 0
WARNING: [Synth 8-3917] design Top_Student__GCB0 has port P[0] driven by constant 0
WARNING: [Synth 8-3917] design Top_Student__GCB0 has port O16[10] driven by constant 0
WARNING: [Synth 8-3917] design Top_Student__GCB0 has port O16[2] driven by constant 0
WARNING: [Synth 8-3917] design Top_Student__GCB0 has port O16[1] driven by constant 0
WARNING: [Synth 8-3917] design Top_Student__GCB0 has port O16[0] driven by constant 0
WARNING: [Synth 8-3332] Sequential element (is_multichar_reg) is unused and will be removed from module key_to_ascii_converter.
WARNING: [Synth 8-3332] Sequential element (char_count_reg[2]) is unused and will be removed from module key_to_ascii_converter.
WARNING: [Synth 8-3332] Sequential element (char_count_reg[1]) is unused and will be removed from module key_to_ascii_converter.
WARNING: [Synth 8-3332] Sequential element (char_count_reg[0]) is unused and will be removed from module key_to_ascii_converter.
WARNING: [Synth 8-3332] Sequential element (multichar_data_reg[23]) is unused and will be removed from module key_to_ascii_converter.
WARNING: [Synth 8-3332] Sequential element (multichar_data_reg[22]) is unused and will be removed from module key_to_ascii_converter.
WARNING: [Synth 8-3332] Sequential element (multichar_data_reg[21]) is unused and will be removed from module key_to_ascii_converter.
WARNING: [Synth 8-3332] Sequential element (multichar_data_reg[20]) is unused and will be removed from module key_to_ascii_converter.
WARNING: [Synth 8-3332] Sequential element (multichar_data_reg[19]) is unused and will be removed from module key_to_ascii_converter.
WARNING: [Synth 8-3332] Sequential element (multichar_data_reg[18]) is unused and will be removed from module key_to_ascii_converter.
WARNING: [Synth 8-3332] Sequential element (multichar_data_reg[17]) is unused and will be removed from module key_to_ascii_converter.
WARNING: [Synth 8-3332] Sequential element (multichar_data_reg[16]) is unused and will be removed from module key_to_ascii_converter.
WARNING: [Synth 8-3332] Sequential element (multichar_data_reg[15]) is unused and will be removed from module key_to_ascii_converter.
WARNING: [Synth 8-3332] Sequential element (multichar_data_reg[14]) is unused and will be removed from module key_to_ascii_converter.
WARNING: [Synth 8-3332] Sequential element (multichar_data_reg[13]) is unused and will be removed from module key_to_ascii_converter.
WARNING: [Synth 8-3332] Sequential element (multichar_data_reg[12]) is unused and will be removed from module key_to_ascii_converter.
WARNING: [Synth 8-3332] Sequential element (multichar_data_reg[11]) is unused and will be removed from module key_to_ascii_converter.
WARNING: [Synth 8-3332] Sequential element (multichar_data_reg[10]) is unused and will be removed from module key_to_ascii_converter.
WARNING: [Synth 8-3332] Sequential element (multichar_data_reg[9]) is unused and will be removed from module key_to_ascii_converter.
WARNING: [Synth 8-3332] Sequential element (multichar_data_reg[8]) is unused and will be removed from module key_to_ascii_converter.
WARNING: [Synth 8-3332] Sequential element (multichar_data_reg[7]) is unused and will be removed from module key_to_ascii_converter.
WARNING: [Synth 8-3332] Sequential element (multichar_data_reg[6]) is unused and will be removed from module key_to_ascii_converter.
WARNING: [Synth 8-3332] Sequential element (multichar_data_reg[5]) is unused and will be removed from module key_to_ascii_converter.
WARNING: [Synth 8-3332] Sequential element (multichar_data_reg[4]) is unused and will be removed from module key_to_ascii_converter.
WARNING: [Synth 8-3332] Sequential element (multichar_data_reg[3]) is unused and will be removed from module key_to_ascii_converter.
WARNING: [Synth 8-3332] Sequential element (multichar_data_reg[2]) is unused and will be removed from module key_to_ascii_converter.
WARNING: [Synth 8-3332] Sequential element (multichar_data_reg[1]) is unused and will be removed from module key_to_ascii_converter.
WARNING: [Synth 8-3332] Sequential element (multichar_data_reg[0]) is unused and will be removed from module key_to_ascii_converter.
INFO: [Synth 8-5546] ROM "fsm_next_state0" won't be mapped to RAM because it is too sparse
INFO: [Synth 8-5546] ROM "fsm_next_state0" won't be mapped to RAM because it is too sparse
INFO: [Synth 8-3333] propagating constant 0 across sequential element (welcome_mode_module_inst/\welcome_drawer_vga_inst/char_code_reg_reg[7] )
INFO: [Synth 8-3333] propagating constant 0 across sequential element (oled_keypad_inst/\s1_char_col_calc_reg[2] )
INFO: [Synth 8-5545] ROM "x" won't be mapped to RAM because address size (32) is larger than maximum supported(25)
INFO: [Synth 8-5545] ROM "x_new" won't be mapped to RAM because address size (32) is larger than maximum supported(25)
INFO: [Synth 8-5545] ROM "div_req" won't be mapped to RAM because address size (32) is larger than maximum supported(25)
INFO: [Synth 8-5545] ROM "div_dividend" won't be mapped to RAM because address size (32) is larger than maximum supported(25)
INFO: [Synth 8-5545] ROM "main_fsm_div_req" won't be mapped to RAM because address size (32) is larger than maximum supported(25)
INFO: [Synth 8-5545] ROM "state" won't be mapped to RAM because address size (32) is larger than maximum supported(25)
INFO: [Synth 8-5545] ROM "state" won't be mapped to RAM because address size (32) is larger than maximum supported(25)
INFO: [Synth 8-5545] ROM "quad_result1" won't be mapped to RAM because address size (32) is larger than maximum supported(25)
INFO: [Synth 8-5545] ROM "main_fsm_dividend" won't be mapped to RAM because address size (32) is larger than maximum supported(25)
INFO: [Synth 8-5845] Not enough pipeline registers after wide multiplier. Recommended levels of pipeline registers is 4 [C:/Users/xiang/ee2026_Project/consolidated_sources/sources/features/polynomial/poly_solver.v:347]
INFO: [Synth 8-5845] Not enough pipeline registers after wide multiplier. Recommended levels of pipeline registers is 4 [C:/Users/xiang/ee2026_Project/consolidated_sources/sources/features/polynomial/poly_solver.v:346]
INFO: [Synth 8-5845] Not enough pipeline registers after wide multiplier. Recommended levels of pipeline registers is 4 [C:/Users/xiang/ee2026_Project/consolidated_sources/sources/features/polynomial/poly_solver.v:436]
WARNING: [Synth 8-6014] Unused sequential element pipe_mul_c_reg was removed.  [C:/Users/xiang/ee2026_Project/consolidated_sources/sources/features/polynomial/poly_solver.v:277]
WARNING: [Synth 8-6014] Unused sequential element pipe_mul_a_reg was removed.  [C:/Users/xiang/ee2026_Project/consolidated_sources/sources/features/polynomial/poly_solver.v:275]
WARNING: [Synth 8-6014] Unused sequential element pipe_mul_b_reg was removed.  [C:/Users/xiang/ee2026_Project/consolidated_sources/sources/features/polynomial/poly_solver.v:276]
DSP Report: Generating DSP pipe_mul_a0, operation Mode is: A*B.
DSP Report: operator pipe_mul_a0 is absorbed into DSP pipe_mul_a0.
DSP Report: operator pipe_mul_a0 is absorbed into DSP pipe_mul_a0.
DSP Report: Generating DSP pipe_mul_a0, operation Mode is: (PCIN>>17)+A*B.
DSP Report: operator pipe_mul_a0 is absorbed into DSP pipe_mul_a0.
DSP Report: operator pipe_mul_a0 is absorbed into DSP pipe_mul_a0.
DSP Report: Generating DSP pipe_mul_a0, operation Mode is: A*B.
DSP Report: operator pipe_mul_a0 is absorbed into DSP pipe_mul_a0.
DSP Report: operator pipe_mul_a0 is absorbed into DSP pipe_mul_a0.
DSP Report: Generating DSP pipe_mul_a0, operation Mode is: (PCIN>>17)+A*B.
DSP Report: operator pipe_mul_a0 is absorbed into DSP pipe_mul_a0.
DSP Report: operator pipe_mul_a0 is absorbed into DSP pipe_mul_a0.
DSP Report: Generating DSP pipe_mul_b0, operation Mode is: A*B.
DSP Report: operator pipe_mul_b0 is absorbed into DSP pipe_mul_b0.
DSP Report: operator pipe_mul_b0 is absorbed into DSP pipe_mul_b0.
DSP Report: Generating DSP pipe_mul_b0, operation Mode is: (PCIN>>17)+A*B.
DSP Report: operator pipe_mul_b0 is absorbed into DSP pipe_mul_b0.
DSP Report: operator pipe_mul_b0 is absorbed into DSP pipe_mul_b0.
DSP Report: Generating DSP pipe_mul_b0, operation Mode is: A*B.
DSP Report: operator pipe_mul_b0 is absorbed into DSP pipe_mul_b0.
DSP Report: operator pipe_mul_b0 is absorbed into DSP pipe_mul_b0.
DSP Report: Generating DSP pipe_mul_b0, operation Mode is: (PCIN>>17)+A*B.
DSP Report: operator pipe_mul_b0 is absorbed into DSP pipe_mul_b0.
DSP Report: operator pipe_mul_b0 is absorbed into DSP pipe_mul_b0.
DSP Report: Generating DSP pipe_mul_c0, operation Mode is: A*B.
DSP Report: operator pipe_mul_c0 is absorbed into DSP pipe_mul_c0.
DSP Report: operator pipe_mul_c0 is absorbed into DSP pipe_mul_c0.
DSP Report: Generating DSP pipe_mul_c0, operation Mode is: (PCIN>>17)+A*B.
DSP Report: operator pipe_mul_c0 is absorbed into DSP pipe_mul_c0.
DSP Report: operator pipe_mul_c0 is absorbed into DSP pipe_mul_c0.
DSP Report: Generating DSP pipe_mul_c0, operation Mode is: A*B.
DSP Report: operator pipe_mul_c0 is absorbed into DSP pipe_mul_c0.
DSP Report: operator pipe_mul_c0 is absorbed into DSP pipe_mul_c0.
DSP Report: Generating DSP pipe_mul_c0, operation Mode is: (PCIN>>17)+A*B.
DSP Report: operator pipe_mul_c0 is absorbed into DSP pipe_mul_c0.
DSP Report: operator pipe_mul_c0 is absorbed into DSP pipe_mul_c0.
INFO: [Synth 8-3333] propagating constant 0 across sequential element (poly_solver_inst/\two_b_reg[0] )
INFO: [Synth 8-3886] merging instance 'poly_solver_inst/main_fsm_dividend_reg[0]' (FDE) to 'poly_solver_inst/main_fsm_dividend_reg[13]'
INFO: [Synth 8-3886] merging instance 'poly_solver_inst/sqrt_inst/div_dividend_reg[0]' (FDCE) to 'poly_solver_inst/sqrt_inst/div_dividend_reg[1]'
INFO: [Synth 8-3886] merging instance 'poly_solver_inst/main_fsm_dividend_reg[1]' (FDE) to 'poly_solver_inst/main_fsm_dividend_reg[13]'
INFO: [Synth 8-3886] merging instance 'poly_solver_inst/sqrt_inst/div_dividend_reg[1]' (FDCE) to 'poly_solver_inst/sqrt_inst/div_dividend_reg[2]'
INFO: [Synth 8-3886] merging instance 'poly_solver_inst/main_fsm_dividend_reg[2]' (FDE) to 'poly_solver_inst/main_fsm_dividend_reg[13]'
INFO: [Synth 8-3886] merging instance 'poly_solver_inst/sqrt_inst/div_dividend_reg[2]' (FDCE) to 'poly_solver_inst/sqrt_inst/div_dividend_reg[3]'
INFO: [Synth 8-3886] merging instance 'poly_solver_inst/main_fsm_dividend_reg[3]' (FDE) to 'poly_solver_inst/main_fsm_dividend_reg[13]'
INFO: [Synth 8-3886] merging instance 'poly_solver_inst/sqrt_inst/div_dividend_reg[3]' (FDCE) to 'poly_solver_inst/sqrt_inst/div_dividend_reg[4]'
INFO: [Synth 8-3886] merging instance 'poly_solver_inst/main_fsm_dividend_reg[4]' (FDE) to 'poly_solver_inst/main_fsm_dividend_reg[13]'
INFO: [Synth 8-3886] merging instance 'poly_solver_inst/sqrt_inst/div_dividend_reg[4]' (FDCE) to 'poly_solver_inst/sqrt_inst/div_dividend_reg[5]'
INFO: [Synth 8-3886] merging instance 'poly_solver_inst/main_fsm_dividend_reg[5]' (FDE) to 'poly_solver_inst/main_fsm_dividend_reg[13]'
INFO: [Synth 8-3886] merging instance 'poly_solver_inst/sqrt_inst/div_dividend_reg[5]' (FDCE) to 'poly_solver_inst/sqrt_inst/div_dividend_reg[6]'
INFO: [Synth 8-3886] merging instance 'poly_solver_inst/main_fsm_dividend_reg[6]' (FDE) to 'poly_solver_inst/main_fsm_dividend_reg[13]'
INFO: [Synth 8-3886] merging instance 'poly_solver_inst/sqrt_inst/div_dividend_reg[6]' (FDCE) to 'poly_solver_inst/sqrt_inst/div_dividend_reg[7]'
INFO: [Synth 8-3886] merging instance 'poly_solver_inst/main_fsm_dividend_reg[7]' (FDE) to 'poly_solver_inst/main_fsm_dividend_reg[13]'
INFO: [Synth 8-3886] merging instance 'poly_solver_inst/sqrt_inst/div_dividend_reg[7]' (FDCE) to 'poly_solver_inst/sqrt_inst/div_dividend_reg[8]'
INFO: [Synth 8-3886] merging instance 'poly_solver_inst/main_fsm_dividend_reg[8]' (FDE) to 'poly_solver_inst/main_fsm_dividend_reg[13]'
INFO: [Synth 8-3886] merging instance 'poly_solver_inst/sqrt_inst/div_dividend_reg[8]' (FDCE) to 'poly_solver_inst/sqrt_inst/div_dividend_reg[9]'
INFO: [Synth 8-3886] merging instance 'poly_solver_inst/main_fsm_dividend_reg[9]' (FDE) to 'poly_solver_inst/main_fsm_dividend_reg[13]'
INFO: [Synth 8-3886] merging instance 'poly_solver_inst/sqrt_inst/div_dividend_reg[9]' (FDCE) to 'poly_solver_inst/sqrt_inst/div_dividend_reg[10]'
INFO: [Synth 8-3886] merging instance 'poly_solver_inst/main_fsm_dividend_reg[10]' (FDE) to 'poly_solver_inst/main_fsm_dividend_reg[13]'
INFO: [Common 17-14] Message 'Synth 8-3886' appears 100 times and further instances of the messages will be disabled. Use the Tcl command set_msg_config to change the current settings.
INFO: [Synth 8-3333] propagating constant 0 across sequential element (poly_solver_inst/\main_fsm_dividend_reg[13] )
INFO: [Synth 8-3333] propagating constant 0 across sequential element (poly_solver_inst/sqrt_inst/\div_dividend_reg[13] )
INFO: [Synth 8-3333] propagating constant 0 across sequential element (poly_solver_inst/\two_a2_reg[0] )
INFO: [Synth 8-3333] propagating constant 0 across sequential element (poly_solver_inst/\root1_imag_reg[23] )
INFO: [Common 17-14] Message 'Synth 8-3886' appears 100 times and further instances of the messages will be disabled. Use the Tcl command set_msg_config to change the current settings.
WARNING: [Synth 8-3332] Sequential element (div_dividend_reg[13]) is unused and will be removed from module sqrt_iterative.
WARNING: [Synth 8-3332] Sequential element (a2_reg[31]) is unused and will be removed from module poly_solver.
WARNING: [Synth 8-3332] Sequential element (two_a2_reg[0]) is unused and will be removed from module poly_solver.
WARNING: [Synth 8-3332] Sequential element (pipe_mul_a_reg[47]) is unused and will be removed from module poly_solver.
WARNING: [Synth 8-3332] Sequential element (pipe_mul_a_reg[46]) is unused and will be removed from module poly_solver.
WARNING: [Synth 8-3332] Sequential element (pipe_mul_a_reg[45]) is unused and will be removed from module poly_solver.
WARNING: [Synth 8-3332] Sequential element (pipe_mul_a_reg[44]) is unused and will be removed from module poly_solver.
WARNING: [Synth 8-3332] Sequential element (pipe_mul_a_reg[43]) is unused and will be removed from module poly_solver.
WARNING: [Synth 8-3332] Sequential element (pipe_mul_a_reg[42]) is unused and will be removed from module poly_solver.
WARNING: [Synth 8-3332] Sequential element (pipe_mul_a_reg[41]) is unused and will be removed from module poly_solver.
WARNING: [Synth 8-3332] Sequential element (pipe_mul_a_reg[40]) is unused and will be removed from module poly_solver.
WARNING: [Synth 8-3332] Sequential element (pipe_mul_a_reg[39]) is unused and will be removed from module poly_solver.
WARNING: [Synth 8-3332] Sequential element (pipe_mul_a_reg[38]) is unused and will be removed from module poly_solver.
WARNING: [Synth 8-3332] Sequential element (pipe_mul_a_reg[37]) is unused and will be removed from module poly_solver.
WARNING: [Synth 8-3332] Sequential element (pipe_mul_a_reg[36]) is unused and will be removed from module poly_solver.
WARNING: [Synth 8-3332] Sequential element (pipe_mul_a_reg[35]) is unused and will be removed from module poly_solver.
WARNING: [Synth 8-3332] Sequential element (pipe_mul_a_reg[34]) is unused and will be removed from module poly_solver.
WARNING: [Synth 8-3332] Sequential element (pipe_mul_a_reg[33]) is unused and will be removed from module poly_solver.
WARNING: [Synth 8-3332] Sequential element (pipe_mul_a_reg[32]) is unused and will be removed from module poly_solver.
WARNING: [Synth 8-3332] Sequential element (pipe_mul_a_reg[31]) is unused and will be removed from module poly_solver.
WARNING: [Synth 8-3332] Sequential element (pipe_mul_a_reg[30]) is unused and will be removed from module poly_solver.
WARNING: [Synth 8-3332] Sequential element (pipe_mul_a_reg[29]) is unused and will be removed from module poly_solver.
WARNING: [Synth 8-3332] Sequential element (pipe_mul_a_reg[28]) is unused and will be removed from module poly_solver.
WARNING: [Synth 8-3332] Sequential element (pipe_mul_a_reg[27]) is unused and will be removed from module poly_solver.
WARNING: [Synth 8-3332] Sequential element (pipe_mul_a_reg[26]) is unused and will be removed from module poly_solver.
WARNING: [Synth 8-3332] Sequential element (pipe_mul_a_reg[25]) is unused and will be removed from module poly_solver.
WARNING: [Synth 8-3332] Sequential element (pipe_mul_a_reg[24]) is unused and will be removed from module poly_solver.
WARNING: [Synth 8-3332] Sequential element (pipe_mul_a_reg[23]) is unused and will be removed from module poly_solver.
WARNING: [Synth 8-3332] Sequential element (pipe_mul_a_reg[22]) is unused and will be removed from module poly_solver.
WARNING: [Synth 8-3332] Sequential element (pipe_mul_a_reg[21]) is unused and will be removed from module poly_solver.
WARNING: [Synth 8-3332] Sequential element (pipe_mul_a_reg[20]) is unused and will be removed from module poly_solver.
WARNING: [Synth 8-3332] Sequential element (pipe_mul_a_reg[19]) is unused and will be removed from module poly_solver.
WARNING: [Synth 8-3332] Sequential element (pipe_mul_a_reg[18]) is unused and will be removed from module poly_solver.
WARNING: [Synth 8-3332] Sequential element (pipe_mul_a_reg[17]) is unused and will be removed from module poly_solver.
WARNING: [Synth 8-3332] Sequential element (pipe_mul_a_reg[47]__0) is unused and will be removed from module poly_solver.
WARNING: [Synth 8-3332] Sequential element (pipe_mul_a_reg[46]__0) is unused and will be removed from module poly_solver.
WARNING: [Synth 8-3332] Sequential element (pipe_mul_a_reg[45]__0) is unused and will be removed from module poly_solver.
WARNING: [Synth 8-3332] Sequential element (pipe_mul_a_reg[44]__0) is unused and will be removed from module poly_solver.
WARNING: [Synth 8-3332] Sequential element (pipe_mul_a_reg[43]__0) is unused and will be removed from module poly_solver.
WARNING: [Synth 8-3332] Sequential element (pipe_mul_a_reg[42]__0) is unused and will be removed from module poly_solver.
WARNING: [Synth 8-3332] Sequential element (pipe_mul_a_reg[41]__0) is unused and will be removed from module poly_solver.
WARNING: [Synth 8-3332] Sequential element (pipe_mul_a_reg[40]__0) is unused and will be removed from module poly_solver.
WARNING: [Synth 8-3332] Sequential element (pipe_mul_a_reg[39]__0) is unused and will be removed from module poly_solver.
WARNING: [Synth 8-3332] Sequential element (pipe_mul_a_reg[38]__0) is unused and will be removed from module poly_solver.
WARNING: [Synth 8-3332] Sequential element (pipe_mul_a_reg[37]__0) is unused and will be removed from module poly_solver.
WARNING: [Synth 8-3332] Sequential element (pipe_mul_a_reg[36]__0) is unused and will be removed from module poly_solver.
WARNING: [Synth 8-3332] Sequential element (pipe_mul_a_reg[35]__0) is unused and will be removed from module poly_solver.
WARNING: [Synth 8-3332] Sequential element (pipe_mul_a_reg[34]__0) is unused and will be removed from module poly_solver.
WARNING: [Synth 8-3332] Sequential element (pipe_mul_a_reg[33]__0) is unused and will be removed from module poly_solver.
WARNING: [Synth 8-3332] Sequential element (pipe_mul_a_reg[32]__0) is unused and will be removed from module poly_solver.
WARNING: [Synth 8-3332] Sequential element (pipe_mul_a_reg[31]__0) is unused and will be removed from module poly_solver.
WARNING: [Synth 8-3332] Sequential element (pipe_mul_a_reg[30]__0) is unused and will be removed from module poly_solver.
WARNING: [Synth 8-3332] Sequential element (pipe_mul_a_reg[47]__1) is unused and will be removed from module poly_solver.
WARNING: [Synth 8-3332] Sequential element (pipe_mul_a_reg[46]__1) is unused and will be removed from module poly_solver.
WARNING: [Synth 8-3332] Sequential element (pipe_mul_a_reg[45]__1) is unused and will be removed from module poly_solver.
WARNING: [Synth 8-3332] Sequential element (pipe_mul_a_reg[44]__1) is unused and will be removed from module poly_solver.
WARNING: [Synth 8-3332] Sequential element (pipe_mul_a_reg[43]__1) is unused and will be removed from module poly_solver.
WARNING: [Synth 8-3332] Sequential element (pipe_mul_a_reg[42]__1) is unused and will be removed from module poly_solver.
WARNING: [Synth 8-3332] Sequential element (pipe_mul_a_reg[41]__1) is unused and will be removed from module poly_solver.
WARNING: [Synth 8-3332] Sequential element (pipe_mul_a_reg[40]__1) is unused and will be removed from module poly_solver.
WARNING: [Synth 8-3332] Sequential element (pipe_mul_a_reg[39]__1) is unused and will be removed from module poly_solver.
WARNING: [Synth 8-3332] Sequential element (pipe_mul_a_reg[38]__1) is unused and will be removed from module poly_solver.
WARNING: [Synth 8-3332] Sequential element (pipe_mul_a_reg[37]__1) is unused and will be removed from module poly_solver.
WARNING: [Synth 8-3332] Sequential element (pipe_mul_a_reg[36]__1) is unused and will be removed from module poly_solver.
WARNING: [Synth 8-3332] Sequential element (pipe_mul_a_reg[35]__1) is unused and will be removed from module poly_solver.
WARNING: [Synth 8-3332] Sequential element (pipe_mul_a_reg[34]__1) is unused and will be removed from module poly_solver.
WARNING: [Synth 8-3332] Sequential element (pipe_mul_a_reg[33]__1) is unused and will be removed from module poly_solver.
WARNING: [Synth 8-3332] Sequential element (pipe_mul_a_reg[32]__1) is unused and will be removed from module poly_solver.
WARNING: [Synth 8-3332] Sequential element (pipe_mul_a_reg[31]__1) is unused and will be removed from module poly_solver.
WARNING: [Synth 8-3332] Sequential element (pipe_mul_a_reg[30]__1) is unused and will be removed from module poly_solver.
WARNING: [Synth 8-3332] Sequential element (pipe_mul_a_reg[29]__1) is unused and will be removed from module poly_solver.
WARNING: [Synth 8-3332] Sequential element (pipe_mul_a_reg[28]__1) is unused and will be removed from module poly_solver.
INFO: [Common 17-14] Message 'Synth 8-3332' appears 100 times and further instances of the messages will be disabled. Use the Tcl command set_msg_config to change the current settings.
INFO: [Common 17-14] Message 'Synth 8-3332' appears 100 times and further instances of the messages will be disabled. Use the Tcl command set_msg_config to change the current settings.
---------------------------------------------------------------------------------
Finished Cross Boundary and Area Optimization : Time (s): cpu = 00:00:38 ; elapsed = 00:00:58 . Memory (MB): peak = 891.648 ; gain = 604.766
---------------------------------------------------------------------------------
---------------------------------------------------------------------------------
Start ROM, RAM, DSP and Shift Register Reporting
---------------------------------------------------------------------------------

ROM:
+-----------------------+------------+---------------+----------------+
|Module Name            | RTL Object | Depth x Width | Implemented As | 
+-----------------------+------------+---------------+----------------+
|key_to_ascii_converter | ascii_char | 32x8          | LUT            | 
|poly_drawer_vga        | char_code  | 128x7         | LUT            | 
|poly_drawer_vga        | char_code  | 128x7         | LUT            | 
+-----------------------+------------+---------------+----------------+


DSP: Preliminary Mapping  Report (see note below)
+------------+----------------+--------+--------+--------+--------+--------+------+------+------+------+-------+------+------+
|Module Name | DSP Mapping    | A Size | B Size | C Size | D Size | P Size | AREG | BREG | CREG | DREG | ADREG | MREG | PREG | 
+------------+----------------+--------+--------+--------+--------+--------+------+------+------+------+-------+------+------+
|poly_solver | A*B            | 18     | 15     | -      | -      | 48     | 0    | 0    | -    | -    | -     | 0    | 0    | 
|poly_solver | (PCIN>>17)+A*B | 15     | 15     | -      | -      | 48     | 0    | 0    | -    | -    | -     | 0    | 0    | 
|poly_solver | A*B            | 18     | 18     | -      | -      | 48     | 0    | 0    | -    | -    | -     | 0    | 0    | 
|poly_solver | (PCIN>>17)+A*B | 18     | 15     | -      | -      | 48     | 0    | 0    | -    | -    | -     | 0    | 0    | 
|poly_solver | A*B            | 18     | 15     | -      | -      | 48     | 0    | 0    | -    | -    | -     | 0    | 0    | 
|poly_solver | (PCIN>>17)+A*B | 15     | 15     | -      | -      | 48     | 0    | 0    | -    | -    | -     | 0    | 0    | 
|poly_solver | A*B            | 18     | 18     | -      | -      | 48     | 0    | 0    | -    | -    | -     | 0    | 0    | 
|poly_solver | (PCIN>>17)+A*B | 18     | 15     | -      | -      | 48     | 0    | 0    | -    | -    | -     | 0    | 0    | 
|poly_solver | A*B            | 18     | 15     | -      | -      | 48     | 0    | 0    | -    | -    | -     | 0    | 0    | 
|poly_solver | (PCIN>>17)+A*B | 15     | 15     | -      | -      | 48     | 0    | 0    | -    | -    | -     | 0    | 0    | 
|poly_solver | A*B            | 18     | 18     | -      | -      | 48     | 0    | 0    | -    | -    | -     | 0    | 0    | 
|poly_solver | (PCIN>>17)+A*B | 18     | 15     | -      | -      | 48     | 0    | 0    | -    | -    | -     | 0    | 0    | 
+------------+----------------+--------+--------+--------+--------+--------+------+------+------+------+-------+------+------+

Note: The table above is a preliminary report that shows the DSPs inferred at the current stage of the synthesis flow. Some DSP may be reimplemented as non DSP primitives later in the synthesis flow. Multiple instantiated DSPs are reported only once.
---------------------------------------------------------------------------------
Finished ROM, RAM, DSP and Shift Register Reporting
---------------------------------------------------------------------------------

Report RTL Partitions: 
+------+----------------------+------------+----------+
|      |RTL Partition         |Replication |Instances |
+------+----------------------+------------+----------+
|1     |poly_drawer_vga__GB0  |           1|     13528|
|2     |poly_drawer_vga__GB1  |           1|      9836|
|3     |poly_mode_module__GC0 |           1|      3015|
|4     |Top_Student__GCB0     |           1|      7407|
|5     |Top_Student__GCB1     |           1|      9285|
|6     |Top_Student__GCB2     |           1|      5373|
|7     |Top_Student__GCB3     |           1|      8492|
+------+----------------------+------------+----------+
---------------------------------------------------------------------------------
Start Applying XDC Timing Constraints
---------------------------------------------------------------------------------
---------------------------------------------------------------------------------
Finished Applying XDC Timing Constraints : Time (s): cpu = 00:00:45 ; elapsed = 00:01:08 . Memory (MB): peak = 891.648 ; gain = 604.766
---------------------------------------------------------------------------------
---------------------------------------------------------------------------------
Start Timing Optimization
---------------------------------------------------------------------------------
info: optimization accepted worst group hill climbing move (-28544.0/oG. 1391.0ps)
INFO: [Synth 8-3333] propagating constant 0 across sequential element (i_2/\poly_mode_inst/poly_vga_inst/char_code_reg_reg[7] )
INFO: [Synth 8-3333] propagating constant 0 across sequential element (i_2/\poly_mode_inst/poly_vga_inst/font_addr_reg[10] )
---------------------------------------------------------------------------------
Finished Timing Optimization : Time (s): cpu = 00:01:08 ; elapsed = 00:01:31 . Memory (MB): peak = 1142.391 ; gain = 855.508
---------------------------------------------------------------------------------

Report RTL Partitions: 
+------+----------------------+------------+----------+
|      |RTL Partition         |Replication |Instances |
+------+----------------------+------------+----------+
|1     |poly_drawer_vga__GB1  |           1|      9836|
|2     |poly_mode_module__GC0 |           1|      3008|
|3     |Top_Student__GCB0     |           1|      7407|
|4     |Top_Student__GCB1     |           1|      3721|
|5     |Top_Student__GCB3     |           1|      8492|
|6     |Top_Student_GT0       |           1|     18523|
+------+----------------------+------------+----------+
---------------------------------------------------------------------------------
Start Technology Mapping
---------------------------------------------------------------------------------
INFO: [Synth 8-5844] Detected registers with asynchronous reset at DSP/BRAM block boundary. Consider using synchronous reset for optimal packing [C:/Users/xiang/ee2026_Project/consolidated_sources/sources/features/polynomial/poly_solver.v:275]
INFO: [Synth 8-5844] Detected registers with asynchronous reset at DSP/BRAM block boundary. Consider using synchronous reset for optimal packing [C:/Users/xiang/ee2026_Project/consolidated_sources/sources/features/polynomial/poly_solver.v:275]
INFO: [Synth 8-5844] Detected registers with asynchronous reset at DSP/BRAM block boundary. Consider using synchronous reset for optimal packing [C:/Users/xiang/ee2026_Project/consolidated_sources/sources/features/polynomial/poly_solver.v:276]
INFO: [Synth 8-5844] Detected registers with asynchronous reset at DSP/BRAM block boundary. Consider using synchronous reset for optimal packing [C:/Users/xiang/ee2026_Project/consolidated_sources/sources/features/polynomial/poly_solver.v:276]
INFO: [Synth 8-5844] Detected registers with asynchronous reset at DSP/BRAM block boundary. Consider using synchronous reset for optimal packing [C:/Users/xiang/ee2026_Project/consolidated_sources/sources/features/polynomial/poly_solver.v:277]
INFO: [Synth 8-5844] Detected registers with asynchronous reset at DSP/BRAM block boundary. Consider using synchronous reset for optimal packing [C:/Users/xiang/ee2026_Project/consolidated_sources/sources/features/polynomial/poly_solver.v:277]
---------------------------------------------------------------------------------
Finished Technology Mapping : Time (s): cpu = 00:01:15 ; elapsed = 00:01:48 . Memory (MB): peak = 1142.391 ; gain = 855.508
---------------------------------------------------------------------------------

Report RTL Partitions: 
+------+----------------------+------------+----------+
|      |RTL Partition         |Replication |Instances |
+------+----------------------+------------+----------+
|1     |poly_drawer_vga__GB1  |           1|      4298|
|2     |poly_mode_module__GC0 |           1|      1335|
|3     |Top_Student__GCB0     |           1|      2360|
|4     |Top_Student__GCB1     |           1|      1680|
|5     |Top_Student__GCB3     |           1|      5127|
|6     |Top_Student_GT0       |           1|      7470|
+------+----------------------+------------+----------+
---------------------------------------------------------------------------------
Start IO Insertion
---------------------------------------------------------------------------------
---------------------------------------------------------------------------------
Start Flattening Before IO Insertion
---------------------------------------------------------------------------------
---------------------------------------------------------------------------------
Finished Flattening Before IO Insertion
---------------------------------------------------------------------------------
---------------------------------------------------------------------------------
Start Final Netlist Cleanup
---------------------------------------------------------------------------------
---------------------------------------------------------------------------------
Finished Final Netlist Cleanup
---------------------------------------------------------------------------------
CRITICAL WARNING: [Synth 8-4442] BlackBox module \welcome_mode_module_inst/welcome_drawer_vga_inst/font_rom_inst  has unconnected pin wea[0]
CRITICAL WARNING: [Synth 8-4442] BlackBox module \welcome_mode_module_inst/welcome_drawer_vga_inst/font_rom_inst  has unconnected pin dina[7]
CRITICAL WARNING: [Synth 8-4442] BlackBox module \welcome_mode_module_inst/welcome_drawer_vga_inst/font_rom_inst  has unconnected pin dina[6]
CRITICAL WARNING: [Synth 8-4442] BlackBox module \welcome_mode_module_inst/welcome_drawer_vga_inst/font_rom_inst  has unconnected pin dina[5]
CRITICAL WARNING: [Synth 8-4442] BlackBox module \welcome_mode_module_inst/welcome_drawer_vga_inst/font_rom_inst  has unconnected pin dina[4]
CRITICAL WARNING: [Synth 8-4442] BlackBox module \welcome_mode_module_inst/welcome_drawer_vga_inst/font_rom_inst  has unconnected pin dina[3]
CRITICAL WARNING: [Synth 8-4442] BlackBox module \welcome_mode_module_inst/welcome_drawer_vga_inst/font_rom_inst  has unconnected pin dina[2]
CRITICAL WARNING: [Synth 8-4442] BlackBox module \welcome_mode_module_inst/welcome_drawer_vga_inst/font_rom_inst  has unconnected pin dina[1]
CRITICAL WARNING: [Synth 8-4442] BlackBox module \welcome_mode_module_inst/welcome_drawer_vga_inst/font_rom_inst  has unconnected pin dina[0]
---------------------------------------------------------------------------------
Finished IO Insertion : Time (s): cpu = 00:01:18 ; elapsed = 00:01:51 . Memory (MB): peak = 1142.391 ; gain = 855.508
---------------------------------------------------------------------------------

Report Check Netlist: 
+------+------------------+-------+---------+-------+------------------+
|      |Item              |Errors |Warnings |Status |Description       |
+------+------------------+-------+---------+-------+------------------+
|1     |multi_driven_nets |      0|        0|Passed |Multi driven nets |
+------+------------------+-------+---------+-------+------------------+
---------------------------------------------------------------------------------
Start Renaming Generated Instances
---------------------------------------------------------------------------------
---------------------------------------------------------------------------------
Finished Renaming Generated Instances : Time (s): cpu = 00:01:18 ; elapsed = 00:01:51 . Memory (MB): peak = 1142.391 ; gain = 855.508
---------------------------------------------------------------------------------

Report RTL Partitions: 
+-+--------------+------------+----------+
| |RTL Partition |Replication |Instances |
+-+--------------+------------+----------+
+-+--------------+------------+----------+
---------------------------------------------------------------------------------
Start Rebuilding User Hierarchy
---------------------------------------------------------------------------------
---------------------------------------------------------------------------------
Finished Rebuilding User Hierarchy : Time (s): cpu = 00:01:21 ; elapsed = 00:01:54 . Memory (MB): peak = 1142.391 ; gain = 855.508
---------------------------------------------------------------------------------
---------------------------------------------------------------------------------
Start Renaming Generated Ports
---------------------------------------------------------------------------------
---------------------------------------------------------------------------------
Finished Renaming Generated Ports : Time (s): cpu = 00:01:22 ; elapsed = 00:01:55 . Memory (MB): peak = 1142.391 ; gain = 855.508
---------------------------------------------------------------------------------
---------------------------------------------------------------------------------
Start Handling Custom Attributes
---------------------------------------------------------------------------------
---------------------------------------------------------------------------------
Finished Handling Custom Attributes : Time (s): cpu = 00:01:22 ; elapsed = 00:01:55 . Memory (MB): peak = 1142.391 ; gain = 855.508
---------------------------------------------------------------------------------
---------------------------------------------------------------------------------
Start Renaming Generated Nets
---------------------------------------------------------------------------------
---------------------------------------------------------------------------------
Finished Renaming Generated Nets : Time (s): cpu = 00:01:22 ; elapsed = 00:01:55 . Memory (MB): peak = 1142.391 ; gain = 855.508
---------------------------------------------------------------------------------
---------------------------------------------------------------------------------
Start Writing Synthesis Report
---------------------------------------------------------------------------------

Report BlackBoxes: 
+------+--------------------+----------+
|      |BlackBox name       |Instances |
+------+--------------------+----------+
|1     |blk_mem_gen_font    |         5|
|2     |divider_generator_0 |         1|
+------+--------------------+----------+

Report Cell Usage: 
+------+--------------------+------+
|      |Cell                |Count |
+------+--------------------+------+
|1     |blk_mem_gen_font    |     1|
|2     |blk_mem_gen_font__1 |     1|
|3     |blk_mem_gen_font__2 |     1|
|4     |blk_mem_gen_font__3 |     1|
|5     |blk_mem_gen_font__4 |     1|
|6     |divider_generator_0 |     1|
|7     |BUFG                |     2|
|8     |CARRY4              |  1850|
|9     |DSP48E1             |    12|
|10    |LUT1                |   518|
|11    |LUT2                |  2153|
|12    |LUT3                |  3005|
|13    |LUT4                |  2374|
|14    |LUT5                |  2364|
|15    |LUT6                |  7199|
|16    |MUXF7               |   252|
|17    |MUXF8               |    39|
|18    |FDCE                |  1179|
|19    |FDE_1               |    32|
|20    |FDRE                |  1710|
|21    |FDSE                |    46|
|22    |IBUF                |     7|
|23    |OBUF                |    50|
|24    |OBUFT               |     1|
+------+--------------------+------+

Report Instance Areas: 
+------+------------------------------+-----------------------+------+
|      |Instance                      |Module                 |Cells |
+------+------------------------------+-----------------------+------+
|1     |top                           |                       | 22930|
|2     |  ascii_converter_inst        |key_to_ascii_converter |  2484|
|3     |  button_debouncer_array_inst |button_debouncer_array |   222|
|4     |    debouncer_inst_0          |debouncer              |    44|
|5     |    debouncer_inst_1          |debouncer_0            |    45|
|6     |    debouncer_inst_2          |debouncer_1            |    44|
|7     |    debouncer_inst_3          |debouncer_2            |    45|
|8     |    debouncer_inst_4          |debouncer_3            |    44|
|9     |  calc_mode_module_inst       |calc_mode_module       |   612|
|10    |  display_handler_inst        |display_handler        |  8405|
|11    |    clk_6p25m                 |flexible_timer         |    57|
|12    |    oled_display_inst         |Oled_Display           |   474|
|13    |    vga_sync_unit             |vga_sync               |  7866|
|14    |  graph_mode_module_inst      |graph_mode_module      |    47|
|15    |  oled_keypad_inst            |oled_keypad            |   771|
|16    |  poly_mode_inst              |poly_mode_module       |  1711|
|17    |    poly_vga_inst             |poly_drawer_vga        |   219|
|18    |  poly_solver_inst            |poly_solver            |  4605|
|19    |    sqrt_inst                 |sqrt_iterative         |   634|
|20    |  welcome_mode_module_inst    |welcome_mode_module    |   100|
|21    |    welcome_drawer_vga_inst   |welcome_drawer_vga     |   100|
+------+------------------------------+-----------------------+------+
---------------------------------------------------------------------------------
Finished Writing Synthesis Report : Time (s): cpu = 00:01:22 ; elapsed = 00:01:55 . Memory (MB): peak = 1142.391 ; gain = 855.508
---------------------------------------------------------------------------------
Synthesis finished with 0 errors, 9 critical warnings and 234 warnings.
Synthesis Optimization Runtime : Time (s): cpu = 00:01:13 ; elapsed = 00:01:49 . Memory (MB): peak = 1142.391 ; gain = 465.145
Synthesis Optimization Complete : Time (s): cpu = 00:01:22 ; elapsed = 00:01:56 . Memory (MB): peak = 1142.391 ; gain = 855.508
INFO: [Project 1-571] Translating synthesized netlist
INFO: [Netlist 29-17] Analyzing 2192 Unisim elements for replacement
INFO: [Netlist 29-28] Unisim Transformation completed in 0 CPU seconds
INFO: [Project 1-570] Preparing netlist for logic optimization
INFO: [Opt 31-138] Pushed 0 inverter(s) to 0 load pin(s).
INFO: [Project 1-111] Unisim Transformation Summary:
  A total of 32 instances were transformed.
  FDE_1 => FDRE (inverted pins: C): 32 instances

INFO: [Common 17-83] Releasing license: Synthesis
388 Infos, 272 Warnings, 9 Critical Warnings and 0 Errors encountered.
synth_design completed successfully
synth_design: Time (s): cpu = 00:01:26 ; elapsed = 00:02:01 . Memory (MB): peak = 1142.391 ; gain = 866.988
WARNING: [Constraints 18-5210] No constraint will be written out.
INFO: [Common 17-1381] The checkpoint 'C:/Users/xiang/ee2026_Project/project_gner/project_gner.runs/synth_1/Top_Student.dcp' has been generated.
INFO: [runtcl-4] Executing : report_utilization -file Top_Student_utilization_synth.rpt -pb Top_Student_utilization_synth.pb
report_utilization: Time (s): cpu = 00:00:00 ; elapsed = 00:00:00.103 . Memory (MB): peak = 1142.391 ; gain = 0.000
INFO: [Common 17-206] Exiting Vivado at Sun Nov  9 01:36:45 2025...
